<?xml version="1.0" encoding="UTF-8"?>
<kml xmlns="http://www.opengis.net/kml/2.2">
<Document>
<Placemark>
  <ExtendedData>
    <Data name='ag'>
      <value>1</value>
    </Data>
    <Data name='system:index'>
      <value>0</value>
    </Data>
  </ExtendedData>
  <Point>
    <coordinates>86.93935743896515,27.137430996787657 </coordinates>
  </Point>
</Placemark><Placemark>
  <ExtendedData>
    <Data name='ag'>
      <value>1</value>
    </Data>
    <Data name='system:index'>
      <value>1</value>
    </Data>
  </ExtendedData>
  <Point>
    <coordinates>85.1358996745668,27.913036413096453 </coordinates>
  </Point>
</Placemark><Placemark>
  <ExtendedData>
    <Data name='ag'>
      <value>1</value>
    </Data>
    <Data name='system:index'>
      <value>2</value>
    </Data>
  </ExtendedData>
  <Point>
    <coordinates>84.92165147930429,27.13284958883865 </coordinates>
  </Point>
</Placemark><Placemark>
  <ExtendedData>
    <Data name='ag'>
      <value>1</value>
    </Data>
    <Data name='system:index'>
      <value>3</value>
    </Data>
  </ExtendedData>
  <Point>
    <coordinates>82.34690021196093,28.574915114435715 </coordinates>
  </Point>
</Placemark><Placemark>
  <ExtendedData>
    <Data name='ag'>
      <value>1</value>
    </Data>
    <Data name='system:index'>
      <value>5</value>
    </Data>
  </ExtendedData>
  <Point>
    <coordinates>83.31977566466236,27.960467460097963 </coordinates>
  </Point>
</Placemark><Placemark>
  <ExtendedData>
    <Data name='ag'>
      <value>1</value>
    </Data>
    <Data name='system:index'>
      <value>6</value>
    </Data>
  </ExtendedData>
  <Point>
    <coordinates>82.53878035664886,27.832727026696165 </coordinates>
  </Point>
</Placemark><Placemark>
  <ExtendedData>
    <Data name='ag'>
      <value>1</value>
    </Data>
    <Data name='system:index'>
      <value>7</value>
    </Data>
  </ExtendedData>
  <Point>
    <coordinates>85.39757891683081,26.81215103240798 </coordinates>
  </Point>
</Placemark><Placemark>
  <ExtendedData>
    <Data name='ag'>
      <value>1</value>
    </Data>
    <Data name='system:index'>
      <value>8</value>
    </Data>
  </ExtendedData>
  <Point>
    <coordinates>80.41651049791648,28.92256312938997 </coordinates>
  </Point>
</Placemark><Placemark>
  <ExtendedData>
    <Data name='ag'>
      <value>1</value>
    </Data>
    <Data name='system:index'>
      <value>9</value>
    </Data>
  </ExtendedData>
  <Point>
    <coordinates>82.82633107909551,27.609046520950407 </coordinates>
  </Point>
</Placemark><Placemark>
  <ExtendedData>
    <Data name='ag'>
      <value>1</value>
    </Data>
    <Data name='system:index'>
      <value>10</value>
    </Data>
  </ExtendedData>
  <Point>
    <coordinates>80.78356212300771,29.26266529595762 </coordinates>
  </Point>
</Placemark><Placemark>
  <ExtendedData>
    <Data name='ag'>
      <value>1</value>
    </Data>
    <Data name='system:index'>
      <value>11</value>
    </Data>
  </ExtendedData>
  <Point>
    <coordinates>82.81582079027132,27.537360961277667 </coordinates>
  </Point>
</Placemark><Placemark>
  <ExtendedData>
    <Data name='ag'>
      <value>1</value>
    </Data>
    <Data name='system:index'>
      <value>12</value>
    </Data>
  </ExtendedData>
  <Point>
    <coordinates>80.60812114801918,28.72367612548591 </coordinates>
  </Point>
</Placemark><Placemark>
  <ExtendedData>
    <Data name='ag'>
      <value>1</value>
    </Data>
    <Data name='system:index'>
      <value>13</value>
    </Data>
  </ExtendedData>
  <Point>
    <coordinates>80.7563431698989,28.669507713853502 </coordinates>
  </Point>
</Placemark><Placemark>
  <ExtendedData>
    <Data name='ag'>
      <value>1</value>
    </Data>
    <Data name='system:index'>
      <value>14</value>
    </Data>
  </ExtendedData>
  <Point>
    <coordinates>87.50179263835238,26.75151475072991 </coordinates>
  </Point>
</Placemark><Placemark>
  <ExtendedData>
    <Data name='ag'>
      <value>1</value>
    </Data>
    <Data name='system:index'>
      <value>15</value>
    </Data>
  </ExtendedData>
  <Point>
    <coordinates>84.84430653334161,27.48454002257144 </coordinates>
  </Point>
</Placemark><Placemark>
  <ExtendedData>
    <Data name='ag'>
      <value>1</value>
    </Data>
    <Data name='system:index'>
      <value>16</value>
    </Data>
  </ExtendedData>
  <Point>
    <coordinates>87.15818704217666,26.590626483344103 </coordinates>
  </Point>
</Placemark><Placemark>
  <ExtendedData>
    <Data name='ag'>
      <value>1</value>
    </Data>
    <Data name='system:index'>
      <value>17</value>
    </Data>
  </ExtendedData>
  <Point>
    <coordinates>82.39163631311007,28.804524501056665 </coordinates>
  </Point>
</Placemark><Placemark>
  <ExtendedData>
    <Data name='ag'>
      <value>1</value>
    </Data>
    <Data name='system:index'>
      <value>18</value>
    </Data>
  </ExtendedData>
  <Point>
    <coordinates>80.51218107567522,28.88429489828648 </coordinates>
  </Point>
</Placemark><Placemark>
  <ExtendedData>
    <Data name='ag'>
      <value>1</value>
    </Data>
    <Data name='system:index'>
      <value>19</value>
    </Data>
  </ExtendedData>
  <Point>
    <coordinates>80.75283974029082,28.594318724572698 </coordinates>
  </Point>
</Placemark><Placemark>
  <ExtendedData>
    <Data name='ag'>
      <value>1</value>
    </Data>
    <Data name='system:index'>
      <value>20</value>
    </Data>
  </ExtendedData>
  <Point>
    <coordinates>83.32839949138992,27.694745799055408 </coordinates>
  </Point>
</Placemark><Placemark>
  <ExtendedData>
    <Data name='ag'>
      <value>1</value>
    </Data>
    <Data name='system:index'>
      <value>21</value>
    </Data>
  </ExtendedData>
  <Point>
    <coordinates>86.77092332319275,26.528642728739857 </coordinates>
  </Point>
</Placemark><Placemark>
  <ExtendedData>
    <Data name='ag'>
      <value>1</value>
    </Data>
    <Data name='system:index'>
      <value>22</value>
    </Data>
  </ExtendedData>
  <Point>
    <coordinates>81.41013703368108,29.485537317947674 </coordinates>
  </Point>
</Placemark><Placemark>
  <ExtendedData>
    <Data name='ag'>
      <value>1</value>
    </Data>
    <Data name='system:index'>
      <value>23</value>
    </Data>
  </ExtendedData>
  <Point>
    <coordinates>84.78906014336825,28.087129915158815 </coordinates>
  </Point>
</Placemark><Placemark>
  <ExtendedData>
    <Data name='ag'>
      <value>1</value>
    </Data>
    <Data name='system:index'>
      <value>24</value>
    </Data>
  </ExtendedData>
  <Point>
    <coordinates>84.7300408292016,27.99442377783768 </coordinates>
  </Point>
</Placemark><Placemark>
  <ExtendedData>
    <Data name='ag'>
      <value>1</value>
    </Data>
    <Data name='system:index'>
      <value>25</value>
    </Data>
  </ExtendedData>
  <Point>
    <coordinates>82.30458956207889,28.09521475271589 </coordinates>
  </Point>
</Placemark><Placemark>
  <ExtendedData>
    <Data name='ag'>
      <value>1</value>
    </Data>
    <Data name='system:index'>
      <value>26</value>
    </Data>
  </ExtendedData>
  <Point>
    <coordinates>83.52135761441879,28.411062406612317 </coordinates>
  </Point>
</Placemark><Placemark>
  <ExtendedData>
    <Data name='ag'>
      <value>1</value>
    </Data>
    <Data name='system:index'>
      <value>27</value>
    </Data>
  </ExtendedData>
  <Point>
    <coordinates>87.38564047211572,26.665545978039674 </coordinates>
  </Point>
</Placemark><Placemark>
  <ExtendedData>
    <Data name='ag'>
      <value>1</value>
    </Data>
    <Data name='system:index'>
      <value>28</value>
    </Data>
  </ExtendedData>
  <Point>
    <coordinates>81.65402963331954,28.14992215351877 </coordinates>
  </Point>
</Placemark><Placemark>
  <ExtendedData>
    <Data name='ag'>
      <value>1</value>
    </Data>
    <Data name='system:index'>
      <value>29</value>
    </Data>
  </ExtendedData>
  <Point>
    <coordinates>87.87962404685305,26.53618857712646 </coordinates>
  </Point>
</Placemark><Placemark>
  <ExtendedData>
    <Data name='ag'>
      <value>1</value>
    </Data>
    <Data name='system:index'>
      <value>30</value>
    </Data>
  </ExtendedData>
  <Point>
    <coordinates>81.91166645680501,28.847374140109167 </coordinates>
  </Point>
</Placemark><Placemark>
  <ExtendedData>
    <Data name='ag'>
      <value>1</value>
    </Data>
    <Data name='system:index'>
      <value>32</value>
    </Data>
  </ExtendedData>
  <Point>
    <coordinates>87.28727494850465,26.608682620554905 </coordinates>
  </Point>
</Placemark><Placemark>
  <ExtendedData>
    <Data name='ag'>
      <value>1</value>
    </Data>
    <Data name='system:index'>
      <value>33</value>
    </Data>
  </ExtendedData>
  <Point>
    <coordinates>81.23200111284018,29.034403382262852 </coordinates>
  </Point>
</Placemark><Placemark>
  <ExtendedData>
    <Data name='ag'>
      <value>1</value>
    </Data>
    <Data name='system:index'>
      <value>34</value>
    </Data>
  </ExtendedData>
  <Point>
    <coordinates>81.71655237709426,29.493352660919513 </coordinates>
  </Point>
</Placemark><Placemark>
  <ExtendedData>
    <Data name='ag'>
      <value>1</value>
    </Data>
    <Data name='system:index'>
      <value>35</value>
    </Data>
  </ExtendedData>
  <Point>
    <coordinates>84.2842967852215,28.00816800168471 </coordinates>
  </Point>
</Placemark><Placemark>
  <ExtendedData>
    <Data name='ag'>
      <value>1</value>
    </Data>
    <Data name='system:index'>
      <value>36</value>
    </Data>
  </ExtendedData>
  <Point>
    <coordinates>87.6958287397222,26.748011321121844 </coordinates>
  </Point>
</Placemark><Placemark>
  <ExtendedData>
    <Data name='ag'>
      <value>1</value>
    </Data>
    <Data name='system:index'>
      <value>37</value>
    </Data>
  </ExtendedData>
  <Point>
    <coordinates>85.70615021692588,27.07275229633105 </coordinates>
  </Point>
</Placemark><Placemark>
  <ExtendedData>
    <Data name='ag'>
      <value>1</value>
    </Data>
    <Data name='system:index'>
      <value>38</value>
    </Data>
  </ExtendedData>
  <Point>
    <coordinates>86.90486213205496,26.582272151201792 </coordinates>
  </Point>
</Placemark><Placemark>
  <ExtendedData>
    <Data name='ag'>
      <value>1</value>
    </Data>
    <Data name='system:index'>
      <value>39</value>
    </Data>
  </ExtendedData>
  <Point>
    <coordinates>83.81968812027488,27.672647243066066 </coordinates>
  </Point>
</Placemark><Placemark>
  <ExtendedData>
    <Data name='ag'>
      <value>1</value>
    </Data>
    <Data name='system:index'>
      <value>40</value>
    </Data>
  </ExtendedData>
  <Point>
    <coordinates>86.38123415294169,27.25681709804714 </coordinates>
  </Point>
</Placemark><Placemark>
  <ExtendedData>
    <Data name='ag'>
      <value>1</value>
    </Data>
    <Data name='system:index'>
      <value>41</value>
    </Data>
  </ExtendedData>
  <Point>
    <coordinates>81.33360057147411,28.28332197321052 </coordinates>
  </Point>
</Placemark><Placemark>
  <ExtendedData>
    <Data name='ag'>
      <value>1</value>
    </Data>
    <Data name='system:index'>
      <value>42</value>
    </Data>
  </ExtendedData>
  <Point>
    <coordinates>83.6259215134903,27.579941105744933 </coordinates>
  </Point>
</Placemark><Placemark>
  <ExtendedData>
    <Data name='ag'>
      <value>1</value>
    </Data>
    <Data name='system:index'>
      <value>43</value>
    </Data>
  </ExtendedData>
  <Point>
    <coordinates>87.35276213271696,26.568527927354765 </coordinates>
  </Point>
</Placemark><Placemark>
  <ExtendedData>
    <Data name='ag'>
      <value>1</value>
    </Data>
    <Data name='system:index'>
      <value>44</value>
    </Data>
  </ExtendedData>
  <Point>
    <coordinates>80.6706438917939,29.919962589347875 </coordinates>
  </Point>
</Placemark><Placemark>
  <ExtendedData>
    <Data name='ag'>
      <value>1</value>
    </Data>
    <Data name='system:index'>
      <value>45</value>
    </Data>
  </ExtendedData>
  <Point>
    <coordinates>82.97158866053763,27.63033659318404 </coordinates>
  </Point>
</Placemark><Placemark>
  <ExtendedData>
    <Data name='ag'>
      <value>1</value>
    </Data>
    <Data name='system:index'>
      <value>46</value>
    </Data>
  </ExtendedData>
  <Point>
    <coordinates>82.11782981451044,28.21945175650962 </coordinates>
  </Point>
</Placemark><Placemark>
  <ExtendedData>
    <Data name='ag'>
      <value>1</value>
    </Data>
    <Data name='system:index'>
      <value>47</value>
    </Data>
  </ExtendedData>
  <Point>
    <coordinates>82.75222006815565,27.671569264725125 </coordinates>
  </Point>
</Placemark><Placemark>
  <ExtendedData>
    <Data name='ag'>
      <value>1</value>
    </Data>
    <Data name='system:index'>
      <value>49</value>
    </Data>
  </ExtendedData>
  <Point>
    <coordinates>84.85293036006915,27.046611321563173 </coordinates>
  </Point>
</Placemark><Placemark>
  <ExtendedData>
    <Data name='ag'>
      <value>1</value>
    </Data>
    <Data name='system:index'>
      <value>50</value>
    </Data>
  </ExtendedData>
  <Point>
    <coordinates>84.97905382595953,26.97600374023138 </coordinates>
  </Point>
</Placemark><Placemark>
  <ExtendedData>
    <Data name='ag'>
      <value>1</value>
    </Data>
    <Data name='system:index'>
      <value>52</value>
    </Data>
  </ExtendedData>
  <Point>
    <coordinates>86.74936375637387,27.159529552777 </coordinates>
  </Point>
</Placemark><Placemark>
  <ExtendedData>
    <Data name='ag'>
      <value>1</value>
    </Data>
    <Data name='system:index'>
      <value>53</value>
    </Data>
  </ExtendedData>
  <Point>
    <coordinates>82.43286898465117,28.898308616718744 </coordinates>
  </Point>
</Placemark><Placemark>
  <ExtendedData>
    <Data name='ag'>
      <value>1</value>
    </Data>
    <Data name='system:index'>
      <value>54</value>
    </Data>
  </ExtendedData>
  <Point>
    <coordinates>81.67612818930887,28.01975626884985 </coordinates>
  </Point>
</Placemark><Placemark>
  <ExtendedData>
    <Data name='ag'>
      <value>1</value>
    </Data>
    <Data name='system:index'>
      <value>55</value>
    </Data>
  </ExtendedData>
  <Point>
    <coordinates>86.95256267364171,27.1918689030053 </coordinates>
  </Point>
</Placemark><Placemark>
  <ExtendedData>
    <Data name='ag'>
      <value>1</value>
    </Data>
    <Data name='system:index'>
      <value>56</value>
    </Data>
  </ExtendedData>
  <Point>
    <coordinates>81.39774028276024,29.192596703796298 </coordinates>
  </Point>
</Placemark><Placemark>
  <ExtendedData>
    <Data name='ag'>
      <value>1</value>
    </Data>
    <Data name='system:index'>
      <value>57</value>
    </Data>
  </ExtendedData>
  <Point>
    <coordinates>84.84807945753491,27.685313488572152 </coordinates>
  </Point>
</Placemark><Placemark>
  <ExtendedData>
    <Data name='ag'>
      <value>1</value>
    </Data>
    <Data name='system:index'>
      <value>58</value>
    </Data>
  </ExtendedData>
  <Point>
    <coordinates>86.50062025420118,27.22366926406313 </coordinates>
  </Point>
</Placemark><Placemark>
  <ExtendedData>
    <Data name='ag'>
      <value>1</value>
    </Data>
    <Data name='system:index'>
      <value>59</value>
    </Data>
  </ExtendedData>
  <Point>
    <coordinates>87.32015328790342,26.673361321011512 </coordinates>
  </Point>
</Placemark><Placemark>
  <ExtendedData>
    <Data name='ag'>
      <value>1</value>
    </Data>
    <Data name='system:index'>
      <value>60</value>
    </Data>
  </ExtendedData>
  <Point>
    <coordinates>86.70166321478713,26.519210418256602 </coordinates>
  </Point>
</Placemark><Placemark>
  <ExtendedData>
    <Data name='ag'>
      <value>1</value>
    </Data>
    <Data name='system:index'>
      <value>61</value>
    </Data>
  </ExtendedData>
  <Point>
    <coordinates>84.0813673625389,27.605273596757105 </coordinates>
  </Point>
</Placemark><Placemark>
  <ExtendedData>
    <Data name='ag'>
      <value>1</value>
    </Data>
    <Data name='system:index'>
      <value>62</value>
    </Data>
  </ExtendedData>
  <Point>
    <coordinates>83.31761970798047,27.37404724262474 </coordinates>
  </Point>
</Placemark><Placemark>
  <ExtendedData>
    <Data name='ag'>
      <value>1</value>
    </Data>
    <Data name='system:index'>
      <value>63</value>
    </Data>
  </ExtendedData>
  <Point>
    <coordinates>81.28724750281353,29.04626114401323 </coordinates>
  </Point>
</Placemark><Placemark>
  <ExtendedData>
    <Data name='ag'>
      <value>1</value>
    </Data>
    <Data name='system:index'>
      <value>64</value>
    </Data>
  </ExtendedData>
  <Point>
    <coordinates>80.67037439720866,29.32141511553904 </coordinates>
  </Point>
</Placemark><Placemark>
  <ExtendedData>
    <Data name='ag'>
      <value>1</value>
    </Data>
    <Data name='system:index'>
      <value>65</value>
    </Data>
  </ExtendedData>
  <Point>
    <coordinates>87.56862729549087,26.421383883815988 </coordinates>
  </Point>
</Placemark><Placemark>
  <ExtendedData>
    <Data name='ag'>
      <value>1</value>
    </Data>
    <Data name='system:index'>
      <value>66</value>
    </Data>
  </ExtendedData>
  <Point>
    <coordinates>87.45786502095893,26.57203135696283 </coordinates>
  </Point>
</Placemark><Placemark>
  <ExtendedData>
    <Data name='ag'>
      <value>1</value>
    </Data>
    <Data name='system:index'>
      <value>67</value>
    </Data>
  </ExtendedData>
  <Point>
    <coordinates>81.74215436269166,28.70535049368987 </coordinates>
  </Point>
</Placemark><Placemark>
  <ExtendedData>
    <Data name='ag'>
      <value>1</value>
    </Data>
    <Data name='system:index'>
      <value>70</value>
    </Data>
  </ExtendedData>
  <Point>
    <coordinates>83.06779822746684,28.249904644641273 </coordinates>
  </Point>
</Placemark><Placemark>
  <ExtendedData>
    <Data name='ag'>
      <value>1</value>
    </Data>
    <Data name='system:index'>
      <value>71</value>
    </Data>
  </ExtendedData>
  <Point>
    <coordinates>81.98928089735294,28.315930818024057 </coordinates>
  </Point>
</Placemark><Placemark>
  <ExtendedData>
    <Data name='ag'>
      <value>1</value>
    </Data>
    <Data name='system:index'>
      <value>72</value>
    </Data>
  </ExtendedData>
  <Point>
    <coordinates>83.08747133218905,27.5443678204938 </coordinates>
  </Point>
</Placemark><Placemark>
  <ExtendedData>
    <Data name='ag'>
      <value>1</value>
    </Data>
    <Data name='system:index'>
      <value>73</value>
    </Data>
  </ExtendedData>
  <Point>
    <coordinates>83.96467620713177,27.7615804561939 </coordinates>
  </Point>
</Placemark><Placemark>
  <ExtendedData>
    <Data name='ag'>
      <value>1</value>
    </Data>
    <Data name='system:index'>
      <value>74</value>
    </Data>
  </ExtendedData>
  <Point>
    <coordinates>86.10931411643871,26.866588938625622 </coordinates>
  </Point>
</Placemark><Placemark>
  <ExtendedData>
    <Data name='ag'>
      <value>1</value>
    </Data>
    <Data name='system:index'>
      <value>75</value>
    </Data>
  </ExtendedData>
  <Point>
    <coordinates>81.74538829771448,27.978523597308765 </coordinates>
  </Point>
</Placemark><Placemark>
  <ExtendedData>
    <Data name='ag'>
      <value>1</value>
    </Data>
    <Data name='system:index'>
      <value>76</value>
    </Data>
  </ExtendedData>
  <Point>
    <coordinates>86.12171086735957,26.771996339207835 </coordinates>
  </Point>
</Placemark><Placemark>
  <ExtendedData>
    <Data name='ag'>
      <value>1</value>
    </Data>
    <Data name='system:index'>
      <value>78</value>
    </Data>
  </ExtendedData>
  <Point>
    <coordinates>86.03735906218074,27.508794535242668 </coordinates>
  </Point>
</Placemark><Placemark>
  <ExtendedData>
    <Data name='ag'>
      <value>1</value>
    </Data>
    <Data name='system:index'>
      <value>79</value>
    </Data>
  </ExtendedData>
  <Point>
    <coordinates>87.265984876271,27.21019453480134 </coordinates>
  </Point>
</Placemark><Placemark>
  <ExtendedData>
    <Data name='ag'>
      <value>1</value>
    </Data>
    <Data name='system:index'>
      <value>80</value>
    </Data>
  </ExtendedData>
  <Point>
    <coordinates>80.82209984869644,28.593779735402226 </coordinates>
  </Point>
</Placemark><Placemark>
  <ExtendedData>
    <Data name='ag'>
      <value>1</value>
    </Data>
    <Data name='system:index'>
      <value>82</value>
    </Data>
  </ExtendedData>
  <Point>
    <coordinates>82.26308739595257,28.102760601102496 </coordinates>
  </Point>
</Placemark><Placemark>
  <ExtendedData>
    <Data name='ag'>
      <value>1</value>
    </Data>
    <Data name='system:index'>
      <value>83</value>
    </Data>
  </ExtendedData>
  <Point>
    <coordinates>85.34691393480648,26.970074859356192 </coordinates>
  </Point>
</Placemark><Placemark>
  <ExtendedData>
    <Data name='ag'>
      <value>1</value>
    </Data>
    <Data name='system:index'>
      <value>84</value>
    </Data>
  </ExtendedData>
  <Point>
    <coordinates>87.595037764844,26.427582259276413 </coordinates>
  </Point>
</Placemark><Placemark>
  <ExtendedData>
    <Data name='ag'>
      <value>1</value>
    </Data>
    <Data name='system:index'>
      <value>85</value>
    </Data>
  </ExtendedData>
  <Point>
    <coordinates>80.6962458773913,29.72134508002905 </coordinates>
  </Point>
</Placemark><Placemark>
  <ExtendedData>
    <Data name='ag'>
      <value>1</value>
    </Data>
    <Data name='system:index'>
      <value>86</value>
    </Data>
  </ExtendedData>
  <Point>
    <coordinates>87.18890942489355,26.645333884146982 </coordinates>
  </Point>
</Placemark><Placemark>
  <ExtendedData>
    <Data name='ag'>
      <value>1</value>
    </Data>
    <Data name='system:index'>
      <value>88</value>
    </Data>
  </ExtendedData>
  <Point>
    <coordinates>83.53887476245912,28.100335149835374 </coordinates>
  </Point>
</Placemark><Placemark>
  <ExtendedData>
    <Data name='ag'>
      <value>1</value>
    </Data>
    <Data name='system:index'>
      <value>89</value>
    </Data>
  </ExtendedData>
  <Point>
    <coordinates>81.1487272860023,28.836324862114495 </coordinates>
  </Point>
</Placemark><Placemark>
  <ExtendedData>
    <Data name='ag'>
      <value>1</value>
    </Data>
    <Data name='system:index'>
      <value>90</value>
    </Data>
  </ExtendedData>
  <Point>
    <coordinates>85.27738433181563,28.12324218958042 </coordinates>
  </Point>
</Placemark><Placemark>
  <ExtendedData>
    <Data name='ag'>
      <value>1</value>
    </Data>
    <Data name='system:index'>
      <value>91</value>
    </Data>
  </ExtendedData>
  <Point>
    <coordinates>83.00338902159547,27.47807215252578 </coordinates>
  </Point>
</Placemark><Placemark>
  <ExtendedData>
    <Data name='ag'>
      <value>1</value>
    </Data>
    <Data name='system:index'>
      <value>92</value>
    </Data>
  </ExtendedData>
  <Point>
    <coordinates>83.11603775822405,28.245592731277497 </coordinates>
  </Point>
</Placemark><Placemark>
  <ExtendedData>
    <Data name='ag'>
      <value>1</value>
    </Data>
    <Data name='system:index'>
      <value>93</value>
    </Data>
  </ExtendedData>
  <Point>
    <coordinates>86.80838307054053,26.52837323415462 </coordinates>
  </Point>
</Placemark><Placemark>
  <ExtendedData>
    <Data name='ag'>
      <value>1</value>
    </Data>
    <Data name='system:index'>
      <value>95</value>
    </Data>
  </ExtendedData>
  <Point>
    <coordinates>80.66525400008918,29.431368906315267 </coordinates>
  </Point>
</Placemark><Placemark>
  <ExtendedData>
    <Data name='ag'>
      <value>1</value>
    </Data>
    <Data name='system:index'>
      <value>96</value>
    </Data>
  </ExtendedData>
  <Point>
    <coordinates>86.6916919151334,26.524869804546555 </coordinates>
  </Point>
</Placemark><Placemark>
  <ExtendedData>
    <Data name='ag'>
      <value>1</value>
    </Data>
    <Data name='system:index'>
      <value>97</value>
    </Data>
  </ExtendedData>
  <Point>
    <coordinates>86.28071267264872,26.963337494725295 </coordinates>
  </Point>
</Placemark><Placemark>
  <ExtendedData>
    <Data name='ag'>
      <value>1</value>
    </Data>
    <Data name='system:index'>
      <value>98</value>
    </Data>
  </ExtendedData>
  <Point>
    <coordinates>80.48604010090733,28.636090385284255 </coordinates>
  </Point>
</Placemark><Placemark>
  <ExtendedData>
    <Data name='ag'>
      <value>1</value>
    </Data>
    <Data name='system:index'>
      <value>99</value>
    </Data>
  </ExtendedData>
  <Point>
    <coordinates>83.36019985244774,27.379706628914693 </coordinates>
  </Point>
</Placemark><Placemark>
  <ExtendedData>
    <Data name='ag'>
      <value>1</value>
    </Data>
    <Data name='system:index'>
      <value>100</value>
    </Data>
  </ExtendedData>
  <Point>
    <coordinates>86.82563072399562,26.747741826536608 </coordinates>
  </Point>
</Placemark><Placemark>
  <ExtendedData>
    <Data name='ag'>
      <value>1</value>
    </Data>
    <Data name='system:index'>
      <value>101</value>
    </Data>
  </ExtendedData>
  <Point>
    <coordinates>81.12285580581967,29.631064393975038 </coordinates>
  </Point>
</Placemark><Placemark>
  <ExtendedData>
    <Data name='ag'>
      <value>1</value>
    </Data>
    <Data name='system:index'>
      <value>102</value>
    </Data>
  </ExtendedData>
  <Point>
    <coordinates>85.34529696729506,28.204090565151176 </coordinates>
  </Point>
</Placemark><Placemark>
  <ExtendedData>
    <Data name='ag'>
      <value>1</value>
    </Data>
    <Data name='system:index'>
      <value>103</value>
    </Data>
  </ExtendedData>
  <Point>
    <coordinates>83.89945851750468,27.969630275995982 </coordinates>
  </Point>
</Placemark><Placemark>
  <ExtendedData>
    <Data name='ag'>
      <value>1</value>
    </Data>
    <Data name='system:index'>
      <value>104</value>
    </Data>
  </ExtendedData>
  <Point>
    <coordinates>82.71098739661457,27.845662766787488 </coordinates>
  </Point>
</Placemark><Placemark>
  <ExtendedData>
    <Data name='ag'>
      <value>1</value>
    </Data>
    <Data name='system:index'>
      <value>106</value>
    </Data>
  </ExtendedData>
  <Point>
    <coordinates>87.16088198802903,26.68845301778472 </coordinates>
  </Point>
</Placemark><Placemark>
  <ExtendedData>
    <Data name='ag'>
      <value>1</value>
    </Data>
    <Data name='system:index'>
      <value>107</value>
    </Data>
  </ExtendedData>
  <Point>
    <coordinates>85.6589886645096,27.605812585927577 </coordinates>
  </Point>
</Placemark><Placemark>
  <ExtendedData>
    <Data name='ag'>
      <value>1</value>
    </Data>
    <Data name='system:index'>
      <value>108</value>
    </Data>
  </ExtendedData>
  <Point>
    <coordinates>81.98092656521062,29.246765115428705 </coordinates>
  </Point>
</Placemark><Placemark>
  <ExtendedData>
    <Data name='ag'>
      <value>1</value>
    </Data>
    <Data name='system:index'>
      <value>109</value>
    </Data>
  </ExtendedData>
  <Point>
    <coordinates>87.47942458777781,26.99998875831737 </coordinates>
  </Point>
</Placemark><Placemark>
  <ExtendedData>
    <Data name='ag'>
      <value>1</value>
    </Data>
    <Data name='system:index'>
      <value>111</value>
    </Data>
  </ExtendedData>
  <Point>
    <coordinates>86.5744617705558,26.60194525592401 </coordinates>
  </Point>
</Placemark><Placemark>
  <ExtendedData>
    <Data name='ag'>
      <value>1</value>
    </Data>
    <Data name='system:index'>
      <value>112</value>
    </Data>
  </ExtendedData>
  <Point>
    <coordinates>87.20238415415535,27.10724760324124 </coordinates>
  </Point>
</Placemark><Placemark>
  <ExtendedData>
    <Data name='ag'>
      <value>1</value>
    </Data>
    <Data name='system:index'>
      <value>113</value>
    </Data>
  </ExtendedData>
  <Point>
    <coordinates>87.83003704316965,26.49792034602297 </coordinates>
  </Point>
</Placemark><Placemark>
  <ExtendedData>
    <Data name='ag'>
      <value>1</value>
    </Data>
    <Data name='system:index'>
      <value>114</value>
    </Data>
  </ExtendedData>
  <Point>
    <coordinates>86.49307440581457,26.668240923892032 </coordinates>
  </Point>
</Placemark><Placemark>
  <ExtendedData>
    <Data name='ag'>
      <value>1</value>
    </Data>
    <Data name='system:index'>
      <value>115</value>
    </Data>
  </ExtendedData>
  <Point>
    <coordinates>83.85930382430455,28.266613308925894 </coordinates>
  </Point>
</Placemark><Placemark>
  <ExtendedData>
    <Data name='ag'>
      <value>1</value>
    </Data>
    <Data name='system:index'>
      <value>116</value>
    </Data>
  </ExtendedData>
  <Point>
    <coordinates>87.32958559838667,27.386174498960354 </coordinates>
  </Point>
</Placemark><Placemark>
  <ExtendedData>
    <Data name='ag'>
      <value>1</value>
    </Data>
    <Data name='system:index'>
      <value>117</value>
    </Data>
  </ExtendedData>
  <Point>
    <coordinates>83.11603775822405,27.92758912069919 </coordinates>
  </Point>
</Placemark><Placemark>
  <ExtendedData>
    <Data name='ag'>
      <value>1</value>
    </Data>
    <Data name='system:index'>
      <value>118</value>
    </Data>
  </ExtendedData>
  <Point>
    <coordinates>86.77523523655651,27.24765428214912 </coordinates>
  </Point>
</Placemark><Placemark>
  <ExtendedData>
    <Data name='ag'>
      <value>1</value>
    </Data>
    <Data name='system:index'>
      <value>119</value>
    </Data>
  </ExtendedData>
  <Point>
    <coordinates>84.47186501654565,28.128093092114664 </coordinates>
  </Point>
</Placemark><Placemark>
  <ExtendedData>
    <Data name='ag'>
      <value>1</value>
    </Data>
    <Data name='system:index'>
      <value>120</value>
    </Data>
  </ExtendedData>
  <Point>
    <coordinates>81.70819804495194,29.427056992951492 </coordinates>
  </Point>
</Placemark><Placemark>
  <ExtendedData>
    <Data name='ag'>
      <value>1</value>
    </Data>
    <Data name='system:index'>
      <value>121</value>
    </Data>
  </ExtendedData>
  <Point>
    <coordinates>80.63345363903134,29.7412876793365 </coordinates>
  </Point>
</Placemark><Placemark>
  <ExtendedData>
    <Data name='ag'>
      <value>1</value>
    </Data>
    <Data name='system:index'>
      <value>122</value>
    </Data>
  </ExtendedData>
  <Point>
    <coordinates>87.14255635623299,26.582002656616556 </coordinates>
  </Point>
</Placemark><Placemark>
  <ExtendedData>
    <Data name='ag'>
      <value>1</value>
    </Data>
    <Data name='system:index'>
      <value>123</value>
    </Data>
  </ExtendedData>
  <Point>
    <coordinates>82.23748541035516,28.645253201182275 </coordinates>
  </Point>
</Placemark><Placemark>
  <ExtendedData>
    <Data name='ag'>
      <value>1</value>
    </Data>
    <Data name='system:index'>
      <value>124</value>
    </Data>
  </ExtendedData>
  <Point>
    <coordinates>83.37610003297665,27.55164417429517 </coordinates>
  </Point>
</Placemark><Placemark>
  <ExtendedData>
    <Data name='ag'>
      <value>1</value>
    </Data>
    <Data name='system:index'>
      <value>125</value>
    </Data>
  </ExtendedData>
  <Point>
    <coordinates>80.46232457740658,29.4526589785489 </coordinates>
  </Point>
</Placemark><Placemark>
  <ExtendedData>
    <Data name='ag'>
      <value>1</value>
    </Data>
    <Data name='system:index'>
      <value>126</value>
    </Data>
  </ExtendedData>
  <Point>
    <coordinates>84.26192873464692,27.601770167149038 </coordinates>
  </Point>
</Placemark><Placemark>
  <ExtendedData>
    <Data name='ag'>
      <value>1</value>
    </Data>
    <Data name='system:index'>
      <value>127</value>
    </Data>
  </ExtendedData>
  <Point>
    <coordinates>81.90115616798082,28.00628153958806 </coordinates>
  </Point>
</Placemark><Placemark>
  <ExtendedData>
    <Data name='ag'>
      <value>1</value>
    </Data>
    <Data name='system:index'>
      <value>128</value>
    </Data>
  </ExtendedData>
  <Point>
    <coordinates>87.0441908326219,26.787088035981043 </coordinates>
  </Point>
</Placemark><Placemark>
  <ExtendedData>
    <Data name='ag'>
      <value>1</value>
    </Data>
    <Data name='system:index'>
      <value>129</value>
    </Data>
  </ExtendedData>
  <Point>
    <coordinates>87.58560545436073,26.41222106791797 </coordinates>
  </Point>
</Placemark><Placemark>
  <ExtendedData>
    <Data name='ag'>
      <value>1</value>
    </Data>
    <Data name='system:index'>
      <value>131</value>
    </Data>
  </ExtendedData>
  <Point>
    <coordinates>82.87618757736415,27.56646637648314 </coordinates>
  </Point>
</Placemark><Placemark>
  <ExtendedData>
    <Data name='ag'>
      <value>1</value>
    </Data>
    <Data name='system:index'>
      <value>133</value>
    </Data>
  </ExtendedData>
  <Point>
    <coordinates>82.20002566300738,28.863813309808553 </coordinates>
  </Point>
</Placemark><Placemark>
  <ExtendedData>
    <Data name='ag'>
      <value>1</value>
    </Data>
    <Data name='system:index'>
      <value>134</value>
    </Data>
  </ExtendedData>
  <Point>
    <coordinates>82.25446356922502,28.63501240694331 </coordinates>
  </Point>
</Placemark><Placemark>
  <ExtendedData>
    <Data name='ag'>
      <value>1</value>
    </Data>
    <Data name='system:index'>
      <value>135</value>
    </Data>
  </ExtendedData>
  <Point>
    <coordinates>85.46683902523644,26.886262043347838 </coordinates>
  </Point>
</Placemark><Placemark>
  <ExtendedData>
    <Data name='ag'>
      <value>1</value>
    </Data>
    <Data name='system:index'>
      <value>136</value>
    </Data>
  </ExtendedData>
  <Point>
    <coordinates>84.98444371766425,27.410429011631578 </coordinates>
  </Point>
</Placemark><Placemark>
  <ExtendedData>
    <Data name='ag'>
      <value>1</value>
    </Data>
    <Data name='system:index'>
      <value>137</value>
    </Data>
  </ExtendedData>
  <Point>
    <coordinates>84.81978252608513,28.039698868157306 </coordinates>
  </Point>
</Placemark><Placemark>
  <ExtendedData>
    <Data name='ag'>
      <value>1</value>
    </Data>
    <Data name='system:index'>
      <value>138</value>
    </Data>
  </ExtendedData>
  <Point>
    <coordinates>87.70472206103499,26.428660237617354 </coordinates>
  </Point>
</Placemark><Placemark>
  <ExtendedData>
    <Data name='ag'>
      <value>1</value>
    </Data>
    <Data name='system:index'>
      <value>139</value>
    </Data>
  </ExtendedData>
  <Point>
    <coordinates>84.32094804881358,27.564849408971725 </coordinates>
  </Point>
</Placemark><Placemark>
  <ExtendedData>
    <Data name='ag'>
      <value>1</value>
    </Data>
    <Data name='system:index'>
      <value>140</value>
    </Data>
  </ExtendedData>
  <Point>
    <coordinates>86.03601158925456,27.07275229633105 </coordinates>
  </Point>
</Placemark><Placemark>
  <ExtendedData>
    <Data name='ag'>
      <value>1</value>
    </Data>
    <Data name='system:index'>
      <value>141</value>
    </Data>
  </ExtendedData>
  <Point>
    <coordinates>85.38167873630191,26.95579164633869 </coordinates>
  </Point>
</Placemark><Placemark>
  <ExtendedData>
    <Data name='ag'>
      <value>1</value>
    </Data>
    <Data name='system:index'>
      <value>142</value>
    </Data>
  </ExtendedData>
  <Point>
    <coordinates>80.53778306127262,29.455084429816022 </coordinates>
  </Point>
</Placemark><Placemark>
  <ExtendedData>
    <Data name='ag'>
      <value>1</value>
    </Data>
    <Data name='system:index'>
      <value>143</value>
    </Data>
  </ExtendedData>
  <Point>
    <coordinates>80.94013847702975,29.339471252749842 </coordinates>
  </Point>
</Placemark><Placemark>
  <ExtendedData>
    <Data name='ag'>
      <value>1</value>
    </Data>
    <Data name='system:index'>
      <value>144</value>
    </Data>
  </ExtendedData>
  <Point>
    <coordinates>85.01220165994354,26.93504056327553 </coordinates>
  </Point>
</Placemark><Placemark>
  <ExtendedData>
    <Data name='ag'>
      <value>1</value>
    </Data>
    <Data name='system:index'>
      <value>145</value>
    </Data>
  </ExtendedData>
  <Point>
    <coordinates>83.47177061073539,27.489390925105685 </coordinates>
  </Point>
</Placemark><Placemark>
  <ExtendedData>
    <Data name='ag'>
      <value>1</value>
    </Data>
    <Data name='system:index'>
      <value>146</value>
    </Data>
  </ExtendedData>
  <Point>
    <coordinates>86.3933614092773,26.889226483785432 </coordinates>
  </Point>
</Placemark><Placemark>
  <ExtendedData>
    <Data name='ag'>
      <value>1</value>
    </Data>
    <Data name='system:index'>
      <value>147</value>
    </Data>
  </ExtendedData>
  <Point>
    <coordinates>81.6860994889626,28.136986413427447 </coordinates>
  </Point>
</Placemark><Placemark>
  <ExtendedData>
    <Data name='ag'>
      <value>1</value>
    </Data>
    <Data name='system:index'>
      <value>148</value>
    </Data>
  </ExtendedData>
  <Point>
    <coordinates>80.35641320540888,28.657110962932652 </coordinates>
  </Point>
</Placemark><Placemark>
  <ExtendedData>
    <Data name='ag'>
      <value>1</value>
    </Data>
    <Data name='system:index'>
      <value>149</value>
    </Data>
  </ExtendedData>
  <Point>
    <coordinates>85.10194335682708,27.910341467244095 </coordinates>
  </Point>
</Placemark><Placemark>
  <ExtendedData>
    <Data name='ag'>
      <value>1</value>
    </Data>
    <Data name='system:index'>
      <value>150</value>
    </Data>
  </ExtendedData>
  <Point>
    <coordinates>86.0581101452439,26.6717443535001 </coordinates>
  </Point>
</Placemark><Placemark>
  <ExtendedData>
    <Data name='ag'>
      <value>1</value>
    </Data>
    <Data name='system:index'>
      <value>151</value>
    </Data>
  </ExtendedData>
  <Point>
    <coordinates>86.2144170046807,26.641830454538916 </coordinates>
  </Point>
</Placemark><Placemark>
  <ExtendedData>
    <Data name='ag'>
      <value>1</value>
    </Data>
    <Data name='system:index'>
      <value>152</value>
    </Data>
  </ExtendedData>
  <Point>
    <coordinates>87.07221826948643,27.131232621327232 </coordinates>
  </Point>
</Placemark><Placemark>
  <ExtendedData>
    <Data name='ag'>
      <value>1</value>
    </Data>
    <Data name='system:index'>
      <value>153</value>
    </Data>
  </ExtendedData>
  <Point>
    <coordinates>86.01121808741286,26.908091104751943 </coordinates>
  </Point>
</Placemark><Placemark>
  <ExtendedData>
    <Data name='ag'>
      <value>1</value>
    </Data>
    <Data name='system:index'>
      <value>154</value>
    </Data>
  </ExtendedData>
  <Point>
    <coordinates>84.3241819838364,27.57940211657446 </coordinates>
  </Point>
</Placemark><Placemark>
  <ExtendedData>
    <Data name='ag'>
      <value>1</value>
    </Data>
    <Data name='system:index'>
      <value>155</value>
    </Data>
  </ExtendedData>
  <Point>
    <coordinates>80.83800002922536,29.340279736505547 </coordinates>
  </Point>
</Placemark><Placemark>
  <ExtendedData>
    <Data name='ag'>
      <value>1</value>
    </Data>
    <Data name='system:index'>
      <value>156</value>
    </Data>
  </ExtendedData>
  <Point>
    <coordinates>86.69250039888911,27.115332440798316 </coordinates>
  </Point>
</Placemark><Placemark>
  <ExtendedData>
    <Data name='ag'>
      <value>1</value>
    </Data>
    <Data name='system:index'>
      <value>157</value>
    </Data>
  </ExtendedData>
  <Point>
    <coordinates>80.17719930622704,28.996404645744594 </coordinates>
  </Point>
</Placemark><Placemark>
  <ExtendedData>
    <Data name='ag'>
      <value>1</value>
    </Data>
    <Data name='system:index'>
      <value>158</value>
    </Data>
  </ExtendedData>
  <Point>
    <coordinates>86.20525418878267,26.784932079299157 </coordinates>
  </Point>
</Placemark><Placemark>
  <ExtendedData>
    <Data name='ag'>
      <value>1</value>
    </Data>
    <Data name='system:index'>
      <value>159</value>
    </Data>
  </ExtendedData>
  <Point>
    <coordinates>82.13938938132931,28.11273190075622 </coordinates>
  </Point>
</Placemark><Placemark>
  <ExtendedData>
    <Data name='ag'>
      <value>1</value>
    </Data>
    <Data name='system:index'>
      <value>160</value>
    </Data>
  </ExtendedData>
  <Point>
    <coordinates>86.40117675224914,26.66689345096585 </coordinates>
  </Point>
</Placemark><Placemark>
  <ExtendedData>
    <Data name='ag'>
      <value>1</value>
    </Data>
    <Data name='system:index'>
      <value>162</value>
    </Data>
  </ExtendedData>
  <Point>
    <coordinates>86.22088487472635,26.616767458111983 </coordinates>
  </Point>
</Placemark><Placemark>
  <ExtendedData>
    <Data name='ag'>
      <value>1</value>
    </Data>
    <Data name='system:index'>
      <value>163</value>
    </Data>
  </ExtendedData>
  <Point>
    <coordinates>86.7194498574127,27.570508795261677 </coordinates>
  </Point>
</Placemark><Placemark>
  <ExtendedData>
    <Data name='ag'>
      <value>1</value>
    </Data>
    <Data name='system:index'>
      <value>164</value>
    </Data>
  </ExtendedData>
  <Point>
    <coordinates>85.1539558117776,26.929381176985576 </coordinates>
  </Point>
</Placemark><Placemark>
  <ExtendedData>
    <Data name='ag'>
      <value>1</value>
    </Data>
    <Data name='system:index'>
      <value>165</value>
    </Data>
  </ExtendedData>
  <Point>
    <coordinates>81.71143197997478,29.376931000097624 </coordinates>
  </Point>
</Placemark><Placemark>
  <ExtendedData>
    <Data name='ag'>
      <value>1</value>
    </Data>
    <Data name='system:index'>
      <value>166</value>
    </Data>
  </ExtendedData>
  <Point>
    <coordinates>80.65231825999786,29.09288370725903 </coordinates>
  </Point>
</Placemark><Placemark>
  <ExtendedData>
    <Data name='ag'>
      <value>1</value>
    </Data>
    <Data name='system:index'>
      <value>167</value>
    </Data>
  </ExtendedData>
  <Point>
    <coordinates>87.26706285461195,27.267057892286104 </coordinates>
  </Point>
</Placemark><Placemark>
  <ExtendedData>
    <Data name='ag'>
      <value>1</value>
    </Data>
    <Data name='system:index'>
      <value>168</value>
    </Data>
  </ExtendedData>
  <Point>
    <coordinates>82.2461092370827,28.390041828963916 </coordinates>
  </Point>
</Placemark><Placemark>
  <ExtendedData>
    <Data name='ag'>
      <value>1</value>
    </Data>
    <Data name='system:index'>
      <value>169</value>
    </Data>
  </ExtendedData>
  <Point>
    <coordinates>83.42811248792718,27.57104778443215 </coordinates>
  </Point>
</Placemark><Placemark>
  <ExtendedData>
    <Data name='ag'>
      <value>1</value>
    </Data>
    <Data name='system:index'>
      <value>170</value>
    </Data>
  </ExtendedData>
  <Point>
    <coordinates>82.78455941838395,29.039523779382332 </coordinates>
  </Point>
</Placemark><Placemark>
  <ExtendedData>
    <Data name='ag'>
      <value>1</value>
    </Data>
    <Data name='system:index'>
      <value>172</value>
    </Data>
  </ExtendedData>
  <Point>
    <coordinates>80.43591410805347,28.669777208438738 </coordinates>
  </Point>
</Placemark><Placemark>
  <ExtendedData>
    <Data name='ag'>
      <value>1</value>
    </Data>
    <Data name='system:index'>
      <value>173</value>
    </Data>
  </ExtendedData>
  <Point>
    <coordinates>87.93648740433783,26.57984669993467 </coordinates>
  </Point>
</Placemark><Placemark>
  <ExtendedData>
    <Data name='ag'>
      <value>1</value>
    </Data>
    <Data name='system:index'>
      <value>174</value>
    </Data>
  </ExtendedData>
  <Point>
    <coordinates>84.17488198361573,27.81170644904777 </coordinates>
  </Point>
</Placemark><Placemark>
  <ExtendedData>
    <Data name='ag'>
      <value>1</value>
    </Data>
    <Data name='system:index'>
      <value>175</value>
    </Data>
  </ExtendedData>
  <Point>
    <coordinates>82.05934948951426,29.150286053914268 </coordinates>
  </Point>
</Placemark><Placemark>
  <ExtendedData>
    <Data name='ag'>
      <value>1</value>
    </Data>
    <Data name='system:index'>
      <value>176</value>
    </Data>
  </ExtendedData>
  <Point>
    <coordinates>83.34241320982217,27.639499409082056 </coordinates>
  </Point>
</Placemark><Placemark>
  <ExtendedData>
    <Data name='ag'>
      <value>1</value>
    </Data>
    <Data name='system:index'>
      <value>177</value>
    </Data>
  </ExtendedData>
  <Point>
    <coordinates>80.52161338615846,29.354293454937814 </coordinates>
  </Point>
</Placemark><Placemark>
  <ExtendedData>
    <Data name='ag'>
      <value>1</value>
    </Data>
    <Data name='system:index'>
      <value>178</value>
    </Data>
  </ExtendedData>
  <Point>
    <coordinates>80.73208865722766,28.706967461201284 </coordinates>
  </Point>
</Placemark><Placemark>
  <ExtendedData>
    <Data name='ag'>
      <value>1</value>
    </Data>
    <Data name='system:index'>
      <value>180</value>
    </Data>
  </ExtendedData>
  <Point>
    <coordinates>87.75915996725263,26.60059778299783 </coordinates>
  </Point>
</Placemark><Placemark>
  <ExtendedData>
    <Data name='ag'>
      <value>1</value>
    </Data>
    <Data name='system:index'>
      <value>181</value>
    </Data>
  </ExtendedData>
  <Point>
    <coordinates>87.25736104954346,26.704353198313637 </coordinates>
  </Point>
</Placemark><Placemark>
  <ExtendedData>
    <Data name='ag'>
      <value>1</value>
    </Data>
    <Data name='system:index'>
      <value>182</value>
    </Data>
  </ExtendedData>
  <Point>
    <coordinates>86.71055653609992,27.10158821695129 </coordinates>
  </Point>
</Placemark><Placemark>
  <ExtendedData>
    <Data name='ag'>
      <value>1</value>
    </Data>
    <Data name='system:index'>
      <value>183</value>
    </Data>
  </ExtendedData>
  <Point>
    <coordinates>81.9386159153286,29.641305188213998 </coordinates>
  </Point>
</Placemark><Placemark>
  <ExtendedData>
    <Data name='ag'>
      <value>1</value>
    </Data>
    <Data name='system:index'>
      <value>184</value>
    </Data>
  </ExtendedData>
  <Point>
    <coordinates>82.65358504995933,28.062875402487588 </coordinates>
  </Point>
</Placemark><Placemark>
  <ExtendedData>
    <Data name='ag'>
      <value>1</value>
    </Data>
    <Data name='system:index'>
      <value>185</value>
    </Data>
  </ExtendedData>
  <Point>
    <coordinates>80.40600020909228,29.352676487426397 </coordinates>
  </Point>
</Placemark><Placemark>
  <ExtendedData>
    <Data name='ag'>
      <value>1</value>
    </Data>
    <Data name='system:index'>
      <value>186</value>
    </Data>
  </ExtendedData>
  <Point>
    <coordinates>81.96987728721597,28.64821764161987 </coordinates>
  </Point>
</Placemark><Placemark>
  <ExtendedData>
    <Data name='ag'>
      <value>1</value>
    </Data>
    <Data name='system:index'>
      <value>187</value>
    </Data>
  </ExtendedData>
  <Point>
    <coordinates>81.73541699806076,29.42274507958772 </coordinates>
  </Point>
</Placemark><Placemark>
  <ExtendedData>
    <Data name='ag'>
      <value>1</value>
    </Data>
    <Data name='system:index'>
      <value>188</value>
    </Data>
  </ExtendedData>
  <Point>
    <coordinates>83.52809497904968,27.61847883143366 </coordinates>
  </Point>
</Placemark><Placemark>
  <ExtendedData>
    <Data name='ag'>
      <value>1</value>
    </Data>
    <Data name='system:index'>
      <value>189</value>
    </Data>
  </ExtendedData>
  <Point>
    <coordinates>86.01795545204376,27.168153379504545 </coordinates>
  </Point>
</Placemark><Placemark>
  <ExtendedData>
    <Data name='ag'>
      <value>1</value>
    </Data>
    <Data name='system:index'>
      <value>190</value>
    </Data>
  </ExtendedData>
  <Point>
    <coordinates>81.2403554449825,28.379801034724956 </coordinates>
  </Point>
</Placemark><Placemark>
  <ExtendedData>
    <Data name='ag'>
      <value>1</value>
    </Data>
    <Data name='system:index'>
      <value>191</value>
    </Data>
  </ExtendedData>
  <Point>
    <coordinates>83.44374317387086,28.204090565151176 </coordinates>
  </Point>
</Placemark><Placemark>
  <ExtendedData>
    <Data name='ag'>
      <value>1</value>
    </Data>
    <Data name='system:index'>
      <value>192</value>
    </Data>
  </ExtendedData>
  <Point>
    <coordinates>83.93125887856252,27.766431358728145 </coordinates>
  </Point>
</Placemark><Placemark>
  <ExtendedData>
    <Data name='ag'>
      <value>1</value>
    </Data>
    <Data name='system:index'>
      <value>193</value>
    </Data>
  </ExtendedData>
  <Point>
    <coordinates>84.73327476422443,27.056313126631665 </coordinates>
  </Point>
</Placemark><Placemark>
  <ExtendedData>
    <Data name='ag'>
      <value>1</value>
    </Data>
    <Data name='system:index'>
      <value>194</value>
    </Data>
  </ExtendedData>
  <Point>
    <coordinates>86.47178433358094,27.241186412103463 </coordinates>
  </Point>
</Placemark><Placemark>
  <ExtendedData>
    <Data name='ag'>
      <value>1</value>
    </Data>
    <Data name='system:index'>
      <value>195</value>
    </Data>
  </ExtendedData>
  <Point>
    <coordinates>87.10186267386237,26.57796023783802 </coordinates>
  </Point>
</Placemark><Placemark>
  <ExtendedData>
    <Data name='ag'>
      <value>1</value>
    </Data>
    <Data name='system:index'>
      <value>197</value>
    </Data>
  </ExtendedData>
  <Point>
    <coordinates>81.22068234026028,29.091536234332853 </coordinates>
  </Point>
</Placemark><Placemark>
  <ExtendedData>
    <Data name='ag'>
      <value>1</value>
    </Data>
    <Data name='system:index'>
      <value>198</value>
    </Data>
  </ExtendedData>
  <Point>
    <coordinates>82.5767790931671,28.37818406721354 </coordinates>
  </Point>
</Placemark><Placemark>
  <ExtendedData>
    <Data name='ag'>
      <value>1</value>
    </Data>
    <Data name='system:index'>
      <value>199</value>
    </Data>
  </ExtendedData>
  <Point>
    <coordinates>83.71889714539667,28.207593994759243 </coordinates>
  </Point>
</Placemark><Placemark>
  <ExtendedData>
    <Data name='ag'>
      <value>1</value>
    </Data>
    <Data name='system:index'>
      <value>200</value>
    </Data>
  </ExtendedData>
  <Point>
    <coordinates>86.20956610214645,27.365153921311954 </coordinates>
  </Point>
</Placemark><Placemark>
  <ExtendedData>
    <Data name='ag'>
      <value>1</value>
    </Data>
    <Data name='system:index'>
      <value>201</value>
    </Data>
  </ExtendedData>
  <Point>
    <coordinates>87.85321357749994,26.53618857712646 </coordinates>
  </Point>
</Placemark><Placemark>
  <ExtendedData>
    <Data name='ag'>
      <value>1</value>
    </Data>
    <Data name='system:index'>
      <value>202</value>
    </Data>
  </ExtendedData>
  <Point>
    <coordinates>84.14847151426262,27.886895438328573 </coordinates>
  </Point>
</Placemark><Placemark>
  <ExtendedData>
    <Data name='ag'>
      <value>1</value>
    </Data>
    <Data name='system:index'>
      <value>203</value>
    </Data>
  </ExtendedData>
  <Point>
    <coordinates>84.7052473273599,28.012479915048484 </coordinates>
  </Point>
</Placemark><Placemark>
  <ExtendedData>
    <Data name='ag'>
      <value>1</value>
    </Data>
    <Data name='system:index'>
      <value>204</value>
    </Data>
  </ExtendedData>
  <Point>
    <coordinates>84.2880697094148,27.461363488241158 </coordinates>
  </Point>
</Placemark><Placemark>
  <ExtendedData>
    <Data name='ag'>
      <value>1</value>
    </Data>
    <Data name='system:index'>
      <value>206</value>
    </Data>
  </ExtendedData>
  <Point>
    <coordinates>82.30863198085743,28.125398146262306 </coordinates>
  </Point>
</Placemark><Placemark>
  <ExtendedData>
    <Data name='ag'>
      <value>1</value>
    </Data>
    <Data name='system:index'>
      <value>207</value>
    </Data>
  </ExtendedData>
  <Point>
    <coordinates>80.74502439731899,29.448886054355597 </coordinates>
  </Point>
</Placemark><Placemark>
  <ExtendedData>
    <Data name='ag'>
      <value>1</value>
    </Data>
    <Data name='system:index'>
      <value>208</value>
    </Data>
  </ExtendedData>
  <Point>
    <coordinates>84.80280436721529,27.159529552777 </coordinates>
  </Point>
</Placemark><Placemark>
  <ExtendedData>
    <Data name='ag'>
      <value>1</value>
    </Data>
    <Data name='system:index'>
      <value>209</value>
    </Data>
  </ExtendedData>
  <Point>
    <coordinates>83.63319786729167,27.550027206783753 </coordinates>
  </Point>
</Placemark><Placemark>
  <ExtendedData>
    <Data name='ag'>
      <value>1</value>
    </Data>
    <Data name='system:index'>
      <value>212</value>
    </Data>
  </ExtendedData>
  <Point>
    <coordinates>86.22465779891967,26.641830454538916 </coordinates>
  </Point>
</Placemark><Placemark>
  <ExtendedData>
    <Data name='ag'>
      <value>1</value>
    </Data>
    <Data name='system:index'>
      <value>213</value>
    </Data>
  </ExtendedData>
  <Point>
    <coordinates>86.19797783498132,26.803257711095196 </coordinates>
  </Point>
</Placemark><Placemark>
  <ExtendedData>
    <Data name='ag'>
      <value>1</value>
    </Data>
    <Data name='system:index'>
      <value>214</value>
    </Data>
  </ExtendedData>
  <Point>
    <coordinates>80.7240038196706,28.605368002567367 </coordinates>
  </Point>
</Placemark><Placemark>
  <ExtendedData>
    <Data name='ag'>
      <value>1</value>
    </Data>
    <Data name='system:index'>
      <value>215</value>
    </Data>
  </ExtendedData>
  <Point>
    <coordinates>81.53976392917953,28.232926485771415 </coordinates>
  </Point>
</Placemark><Placemark>
  <ExtendedData>
    <Data name='ag'>
      <value>1</value>
    </Data>
    <Data name='system:index'>
      <value>216</value>
    </Data>
  </ExtendedData>
  <Point>
    <coordinates>82.75141158439995,28.364170348781276 </coordinates>
  </Point>
</Placemark><Placemark>
  <ExtendedData>
    <Data name='ag'>
      <value>1</value>
    </Data>
    <Data name='system:index'>
      <value>217</value>
    </Data>
  </ExtendedData>
  <Point>
    <coordinates>87.62845509341324,26.571761862377596 </coordinates>
  </Point>
</Placemark><Placemark>
  <ExtendedData>
    <Data name='ag'>
      <value>1</value>
    </Data>
    <Data name='system:index'>
      <value>218</value>
    </Data>
  </ExtendedData>
  <Point>
    <coordinates>83.44131772260373,27.672377748480834 </coordinates>
  </Point>
</Placemark><Placemark>
  <ExtendedData>
    <Data name='ag'>
      <value>1</value>
    </Data>
    <Data name='system:index'>
      <value>219</value>
    </Data>
  </ExtendedData>
  <Point>
    <coordinates>86.40656664395387,26.626469263180475 </coordinates>
  </Point>
</Placemark><Placemark>
  <ExtendedData>
    <Data name='ag'>
      <value>1</value>
    </Data>
    <Data name='system:index'>
      <value>220</value>
    </Data>
  </ExtendedData>
  <Point>
    <coordinates>87.32500419043767,26.651532259607407 </coordinates>
  </Point>
</Placemark><Placemark>
  <ExtendedData>
    <Data name='ag'>
      <value>1</value>
    </Data>
    <Data name='system:index'>
      <value>221</value>
    </Data>
  </ExtendedData>
  <Point>
    <coordinates>87.22556068848563,26.6507237758517 </coordinates>
  </Point>
</Placemark><Placemark>
  <ExtendedData>
    <Data name='ag'>
      <value>1</value>
    </Data>
    <Data name='system:index'>
      <value>222</value>
    </Data>
  </ExtendedData>
  <Point>
    <coordinates>82.37411916506974,28.668429735512557 </coordinates>
  </Point>
</Placemark><Placemark>
  <ExtendedData>
    <Data name='ag'>
      <value>1</value>
    </Data>
    <Data name='system:index'>
      <value>223</value>
    </Data>
  </ExtendedData>
  <Point>
    <coordinates>82.96673775800339,27.54194236922668 </coordinates>
  </Point>
</Placemark><Placemark>
  <ExtendedData>
    <Data name='ag'>
      <value>1</value>
    </Data>
    <Data name='system:index'>
      <value>224</value>
    </Data>
  </ExtendedData>
  <Point>
    <coordinates>87.38159805333719,26.59035698875887 </coordinates>
  </Point>
</Placemark><Placemark>
  <ExtendedData>
    <Data name='ag'>
      <value>1</value>
    </Data>
    <Data name='system:index'>
      <value>227</value>
    </Data>
  </ExtendedData>
  <Point>
    <coordinates>81.71628288250902,28.704542009934162 </coordinates>
  </Point>
</Placemark><Placemark>
  <ExtendedData>
    <Data name='ag'>
      <value>1</value>
    </Data>
    <Data name='system:index'>
      <value>228</value>
    </Data>
  </ExtendedData>
  <Point>
    <coordinates>82.61639479719678,27.799579192712155 </coordinates>
  </Point>
</Placemark><Placemark>
  <ExtendedData>
    <Data name='ag'>
      <value>1</value>
    </Data>
    <Data name='system:index'>
      <value>229</value>
    </Data>
  </ExtendedData>
  <Point>
    <coordinates>81.2231077915274,29.27317558478182 </coordinates>
  </Point>
</Placemark><Placemark>
  <ExtendedData>
    <Data name='ag'>
      <value>1</value>
    </Data>
    <Data name='system:index'>
      <value>230</value>
    </Data>
  </ExtendedData>
  <Point>
    <coordinates>82.09653974227682,28.677592551410577 </coordinates>
  </Point>
</Placemark><Placemark>
  <ExtendedData>
    <Data name='ag'>
      <value>1</value>
    </Data>
    <Data name='system:index'>
      <value>231</value>
    </Data>
  </ExtendedData>
  <Point>
    <coordinates>82.21835129480341,28.35931944624703 </coordinates>
  </Point>
</Placemark><Placemark>
  <ExtendedData>
    <Data name='ag'>
      <value>1</value>
    </Data>
    <Data name='system:index'>
      <value>232</value>
    </Data>
  </ExtendedData>
  <Point>
    <coordinates>85.2854691693727,27.611741466802766 </coordinates>
  </Point>
</Placemark><Placemark>
  <ExtendedData>
    <Data name='ag'>
      <value>1</value>
    </Data>
    <Data name='system:index'>
      <value>233</value>
    </Data>
  </ExtendedData>
  <Point>
    <coordinates>87.73463595999617,26.980315653595152 </coordinates>
  </Point>
</Placemark><Placemark>
  <ExtendedData>
    <Data name='ag'>
      <value>1</value>
    </Data>
    <Data name='system:index'>
      <value>234</value>
    </Data>
  </ExtendedData>
  <Point>
    <coordinates>83.76983162200624,28.12593713543278 </coordinates>
  </Point>
</Placemark><Placemark>
  <ExtendedData>
    <Data name='ag'>
      <value>1</value>
    </Data>
    <Data name='system:index'>
      <value>235</value>
    </Data>
  </ExtendedData>
  <Point>
    <coordinates>87.55326610413243,27.078411682621006 </coordinates>
  </Point>
</Placemark><Placemark>
  <ExtendedData>
    <Data name='ag'>
      <value>1</value>
    </Data>
    <Data name='system:index'>
      <value>236</value>
    </Data>
  </ExtendedData>
  <Point>
    <coordinates>83.3208536430033,27.67884561852649 </coordinates>
  </Point>
</Placemark><Placemark>
  <ExtendedData>
    <Data name='ag'>
      <value>1</value>
    </Data>
    <Data name='system:index'>
      <value>237</value>
    </Data>
  </ExtendedData>
  <Point>
    <coordinates>84.7480969664124,27.59503280251814 </coordinates>
  </Point>
</Placemark><Placemark>
  <ExtendedData>
    <Data name='ag'>
      <value>1</value>
    </Data>
    <Data name='system:index'>
      <value>238</value>
    </Data>
  </ExtendedData>
  <Point>
    <coordinates>81.79093288261934,29.117946703685966 </coordinates>
  </Point>
</Placemark><Placemark>
  <ExtendedData>
    <Data name='ag'>
      <value>1</value>
    </Data>
    <Data name='system:index'>
      <value>239</value>
    </Data>
  </ExtendedData>
  <Point>
    <coordinates>86.666089929536,26.583350129542737 </coordinates>
  </Point>
</Placemark><Placemark>
  <ExtendedData>
    <Data name='ag'>
      <value>1</value>
    </Data>
    <Data name='system:index'>
      <value>240</value>
    </Data>
  </ExtendedData>
  <Point>
    <coordinates>87.30694805322686,27.082993090570014 </coordinates>
  </Point>
</Placemark><Placemark>
  <ExtendedData>
    <Data name='ag'>
      <value>1</value>
    </Data>
    <Data name='system:index'>
      <value>241</value>
    </Data>
  </ExtendedData>
  <Point>
    <coordinates>86.28825852103532,26.84583785556246 </coordinates>
  </Point>
</Placemark><Placemark>
  <ExtendedData>
    <Data name='ag'>
      <value>1</value>
    </Data>
    <Data name='system:index'>
      <value>242</value>
    </Data>
  </ExtendedData>
  <Point>
    <coordinates>82.43259949006593,28.712896342076473 </coordinates>
  </Point>
</Placemark><Placemark>
  <ExtendedData>
    <Data name='ag'>
      <value>1</value>
    </Data>
    <Data name='system:index'>
      <value>243</value>
    </Data>
  </ExtendedData>
  <Point>
    <coordinates>84.08810472716979,28.108150492807212 </coordinates>
  </Point>
</Placemark><Placemark>
  <ExtendedData>
    <Data name='ag'>
      <value>1</value>
    </Data>
    <Data name='system:index'>
      <value>244</value>
    </Data>
  </ExtendedData>
  <Point>
    <coordinates>85.15961519806756,26.88491457042166 </coordinates>
  </Point>
</Placemark><Placemark>
  <ExtendedData>
    <Data name='ag'>
      <value>1</value>
    </Data>
    <Data name='system:index'>
      <value>245</value>
    </Data>
  </ExtendedData>
  <Point>
    <coordinates>86.19285743786183,26.823200310402648 </coordinates>
  </Point>
</Placemark><Placemark>
  <ExtendedData>
    <Data name='ag'>
      <value>1</value>
    </Data>
    <Data name='system:index'>
      <value>246</value>
    </Data>
  </ExtendedData>
  <Point>
    <coordinates>81.90115616798082,29.216312227297053 </coordinates>
  </Point>
</Placemark><Placemark>
  <ExtendedData>
    <Data name='ag'>
      <value>1</value>
    </Data>
    <Data name='system:index'>
      <value>247</value>
    </Data>
  </ExtendedData>
  <Point>
    <coordinates>82.83764985167542,27.826798145820977 </coordinates>
  </Point>
</Placemark><Placemark>
  <ExtendedData>
    <Data name='ag'>
      <value>1</value>
    </Data>
    <Data name='system:index'>
      <value>248</value>
    </Data>
  </ExtendedData>
  <Point>
    <coordinates>84.65000093738655,27.067901393796806 </coordinates>
  </Point>
</Placemark><Placemark>
  <ExtendedData>
    <Data name='ag'>
      <value>1</value>
    </Data>
    <Data name='system:index'>
      <value>249</value>
    </Data>
  </ExtendedData>
  <Point>
    <coordinates>85.9619005783147,26.6935734149042 </coordinates>
  </Point>
</Placemark><Placemark>
  <ExtendedData>
    <Data name='ag'>
      <value>1</value>
    </Data>
    <Data name='system:index'>
      <value>250</value>
    </Data>
  </ExtendedData>
  <Point>
    <coordinates>82.12375869538563,28.190076846718913 </coordinates>
  </Point>
</Placemark><Placemark>
  <ExtendedData>
    <Data name='ag'>
      <value>1</value>
    </Data>
    <Data name='system:index'>
      <value>251</value>
    </Data>
  </ExtendedData>
  <Point>
    <coordinates>85.9581276541214,26.7040837037284 </coordinates>
  </Point>
</Placemark><Placemark>
  <ExtendedData>
    <Data name='ag'>
      <value>1</value>
    </Data>
    <Data name='system:index'>
      <value>252</value>
    </Data>
  </ExtendedData>
  <Point>
    <coordinates>88.03512242253414,26.99810229622072 </coordinates>
  </Point>
</Placemark><Placemark>
  <ExtendedData>
    <Data name='ag'>
      <value>1</value>
    </Data>
    <Data name='system:index'>
      <value>253</value>
    </Data>
  </ExtendedData>
  <Point>
    <coordinates>83.1313989495825,28.06799579960707 </coordinates>
  </Point>
</Placemark><Placemark>
  <ExtendedData>
    <Data name='ag'>
      <value>1</value>
    </Data>
    <Data name='system:index'>
      <value>254</value>
    </Data>
  </ExtendedData>
  <Point>
    <coordinates>86.40602765478339,27.095928830661336 </coordinates>
  </Point>
</Placemark><Placemark>
  <ExtendedData>
    <Data name='ag'>
      <value>1</value>
    </Data>
    <Data name='system:index'>
      <value>255</value>
    </Data>
  </ExtendedData>
  <Point>
    <coordinates>85.52558884481785,27.84620175595796 </coordinates>
  </Point>
</Placemark><Placemark>
  <ExtendedData>
    <Data name='ag'>
      <value>1</value>
    </Data>
    <Data name='system:index'>
      <value>256</value>
    </Data>
  </ExtendedData>
  <Point>
    <coordinates>83.51111682017982,27.837577929230413 </coordinates>
  </Point>
</Placemark><Placemark>
  <ExtendedData>
    <Data name='ag'>
      <value>1</value>
    </Data>
    <Data name='system:index'>
      <value>257</value>
    </Data>
  </ExtendedData>
  <Point>
    <coordinates>87.29320382937983,27.108325581582186 </coordinates>
  </Point>
</Placemark><Placemark>
  <ExtendedData>
    <Data name='ag'>
      <value>1</value>
    </Data>
    <Data name='system:index'>
      <value>258</value>
    </Data>
  </ExtendedData>
  <Point>
    <coordinates>82.7713541837074,27.633570528206867 </coordinates>
  </Point>
</Placemark><Placemark>
  <ExtendedData>
    <Data name='ag'>
      <value>1</value>
    </Data>
    <Data name='system:index'>
      <value>259</value>
    </Data>
  </ExtendedData>
  <Point>
    <coordinates>80.33054172522624,28.685407894382415 </coordinates>
  </Point>
</Placemark><Placemark>
  <ExtendedData>
    <Data name='ag'>
      <value>1</value>
    </Data>
    <Data name='system:index'>
      <value>260</value>
    </Data>
  </ExtendedData>
  <Point>
    <coordinates>81.92541068065204,28.46091890488095 </coordinates>
  </Point>
</Placemark><Placemark>
  <ExtendedData>
    <Data name='ag'>
      <value>1</value>
    </Data>
    <Data name='system:index'>
      <value>261</value>
    </Data>
  </ExtendedData>
  <Point>
    <coordinates>81.35677710580438,28.277932081505803 </coordinates>
  </Point>
</Placemark><Placemark>
  <ExtendedData>
    <Data name='ag'>
      <value>1</value>
    </Data>
    <Data name='system:index'>
      <value>262</value>
    </Data>
  </ExtendedData>
  <Point>
    <coordinates>81.84456230508128,28.855189483081006 </coordinates>
  </Point>
</Placemark><Placemark>
  <ExtendedData>
    <Data name='ag'>
      <value>1</value>
    </Data>
    <Data name='system:index'>
      <value>263</value>
    </Data>
  </ExtendedData>
  <Point>
    <coordinates>80.61485851265007,29.073210602536815 </coordinates>
  </Point>
</Placemark><Placemark>
  <ExtendedData>
    <Data name='ag'>
      <value>1</value>
    </Data>
    <Data name='system:index'>
      <value>264</value>
    </Data>
  </ExtendedData>
  <Point>
    <coordinates>83.68628830058313,27.750261683613996 </coordinates>
  </Point>
</Placemark><Placemark>
  <ExtendedData>
    <Data name='ag'>
      <value>1</value>
    </Data>
    <Data name='system:index'>
      <value>265</value>
    </Data>
  </ExtendedData>
  <Point>
    <coordinates>82.10004317188488,29.12818749792493 </coordinates>
  </Point>
</Placemark><Placemark>
  <ExtendedData>
    <Data name='ag'>
      <value>1</value>
    </Data>
    <Data name='system:index'>
      <value>267</value>
    </Data>
  </ExtendedData>
  <Point>
    <coordinates>85.55900617338709,27.518226845725923 </coordinates>
  </Point>
</Placemark><Placemark>
  <ExtendedData>
    <Data name='ag'>
      <value>1</value>
    </Data>
    <Data name='system:index'>
      <value>268</value>
    </Data>
  </ExtendedData>
  <Point>
    <coordinates>84.5241469660814,28.004125582906173 </coordinates>
  </Point>
</Placemark><Placemark>
  <ExtendedData>
    <Data name='ag'>
      <value>1</value>
    </Data>
    <Data name='system:index'>
      <value>269</value>
    </Data>
  </ExtendedData>
  <Point>
    <coordinates>86.02846574086796,26.750436772388966 </coordinates>
  </Point>
</Placemark><Placemark>
  <ExtendedData>
    <Data name='ag'>
      <value>1</value>
    </Data>
    <Data name='system:index'>
      <value>270</value>
    </Data>
  </ExtendedData>
  <Point>
    <coordinates>84.74594100973052,27.814401394900127 </coordinates>
  </Point>
</Placemark><Placemark>
  <ExtendedData>
    <Data name='ag'>
      <value>1</value>
    </Data>
    <Data name='system:index'>
      <value>271</value>
    </Data>
  </ExtendedData>
  <Point>
    <coordinates>82.70182458071655,28.26580482517019 </coordinates>
  </Point>
</Placemark><Placemark>
  <ExtendedData>
    <Data name='ag'>
      <value>1</value>
    </Data>
    <Data name='system:index'>
      <value>272</value>
    </Data>
  </ExtendedData>
  <Point>
    <coordinates>81.38210959681656,29.525422516562582 </coordinates>
  </Point>
</Placemark><Placemark>
  <ExtendedData>
    <Data name='ag'>
      <value>1</value>
    </Data>
    <Data name='system:index'>
      <value>273</value>
    </Data>
  </ExtendedData>
  <Point>
    <coordinates>87.21019949712719,26.806491646118026 </coordinates>
  </Point>
</Placemark><Placemark>
  <ExtendedData>
    <Data name='ag'>
      <value>1</value>
    </Data>
    <Data name='system:index'>
      <value>275</value>
    </Data>
  </ExtendedData>
  <Point>
    <coordinates>82.83414642206735,27.928936593625366 </coordinates>
  </Point>
</Placemark><Placemark>
  <ExtendedData>
    <Data name='ag'>
      <value>1</value>
    </Data>
    <Data name='system:index'>
      <value>276</value>
    </Data>
  </ExtendedData>
  <Point>
    <coordinates>83.37663902214713,27.78179255008659 </coordinates>
  </Point>
</Placemark><Placemark>
  <ExtendedData>
    <Data name='ag'>
      <value>1</value>
    </Data>
    <Data name='system:index'>
      <value>277</value>
    </Data>
  </ExtendedData>
  <Point>
    <coordinates>81.22634172655023,29.019311685489644 </coordinates>
  </Point>
</Placemark><Placemark>
  <ExtendedData>
    <Data name='ag'>
      <value>1</value>
    </Data>
    <Data name='system:index'>
      <value>278</value>
    </Data>
  </ExtendedData>
  <Point>
    <coordinates>87.63384498511796,26.732919624348636 </coordinates>
  </Point>
</Placemark><Placemark>
  <ExtendedData>
    <Data name='ag'>
      <value>1</value>
    </Data>
    <Data name='system:index'>
      <value>279</value>
    </Data>
  </ExtendedData>
  <Point>
    <coordinates>87.25062368491257,26.58820103207698 </coordinates>
  </Point>
</Placemark><Placemark>
  <ExtendedData>
    <Data name='ag'>
      <value>1</value>
    </Data>
    <Data name='system:index'>
      <value>280</value>
    </Data>
  </ExtendedData>
  <Point>
    <coordinates>81.96529587926695,29.708678834522964 </coordinates>
  </Point>
</Placemark><Placemark>
  <ExtendedData>
    <Data name='ag'>
      <value>1</value>
    </Data>
    <Data name='system:index'>
      <value>281</value>
    </Data>
  </ExtendedData>
  <Point>
    <coordinates>86.19204895410613,27.130154642986287 </coordinates>
  </Point>
</Placemark><Placemark>
  <ExtendedData>
    <Data name='ag'>
      <value>1</value>
    </Data>
    <Data name='system:index'>
      <value>282</value>
    </Data>
  </ExtendedData>
  <Point>
    <coordinates>86.08937151713126,26.659617097164485 </coordinates>
  </Point>
</Placemark><Placemark>
  <ExtendedData>
    <Data name='ag'>
      <value>1</value>
    </Data>
    <Data name='system:index'>
      <value>283</value>
    </Data>
  </ExtendedData>
  <Point>
    <coordinates>85.6568327078277,26.86524146569944 </coordinates>
  </Point>
</Placemark><Placemark>
  <ExtendedData>
    <Data name='ag'>
      <value>1</value>
    </Data>
    <Data name='system:index'>
      <value>284</value>
    </Data>
  </ExtendedData>
  <Point>
    <coordinates>82.8608263860057,27.557303560585122 </coordinates>
  </Point>
</Placemark><Placemark>
  <ExtendedData>
    <Data name='ag'>
      <value>1</value>
    </Data>
    <Data name='system:index'>
      <value>285</value>
    </Data>
  </ExtendedData>
  <Point>
    <coordinates>87.89687170030815,26.601136772168303 </coordinates>
  </Point>
</Placemark><Placemark>
  <ExtendedData>
    <Data name='ag'>
      <value>1</value>
    </Data>
    <Data name='system:index'>
      <value>286</value>
    </Data>
  </ExtendedData>
  <Point>
    <coordinates>85.0119321653583,26.921565834013737 </coordinates>
  </Point>
</Placemark><Placemark>
  <ExtendedData>
    <Data name='ag'>
      <value>1</value>
    </Data>
    <Data name='system:index'>
      <value>287</value>
    </Data>
  </ExtendedData>
  <Point>
    <coordinates>85.0539733206551,26.91887088816138 </coordinates>
  </Point>
</Placemark><Placemark>
  <ExtendedData>
    <Data name='ag'>
      <value>1</value>
    </Data>
    <Data name='system:index'>
      <value>288</value>
    </Data>
  </ExtendedData>
  <Point>
    <coordinates>81.28536104071688,28.361744897514154 </coordinates>
  </Point>
</Placemark><Placemark>
  <ExtendedData>
    <Data name='ag'>
      <value>1</value>
    </Data>
    <Data name='system:index'>
      <value>289</value>
    </Data>
  </ExtendedData>
  <Point>
    <coordinates>82.27494515770294,29.59441313038296 </coordinates>
  </Point>
</Placemark><Placemark>
  <ExtendedData>
    <Data name='ag'>
      <value>1</value>
    </Data>
    <Data name='system:index'>
      <value>290</value>
    </Data>
  </ExtendedData>
  <Point>
    <coordinates>85.92740527140451,26.702197241631747 </coordinates>
  </Point>
</Placemark><Placemark>
  <ExtendedData>
    <Data name='ag'>
      <value>1</value>
    </Data>
    <Data name='system:index'>
      <value>291</value>
    </Data>
  </ExtendedData>
  <Point>
    <coordinates>87.67669462417045,26.675517277693398 </coordinates>
  </Point>
</Placemark><Placemark>
  <ExtendedData>
    <Data name='ag'>
      <value>1</value>
    </Data>
    <Data name='system:index'>
      <value>292</value>
    </Data>
  </ExtendedData>
  <Point>
    <coordinates>82.75599299234895,27.952652117126124 </coordinates>
  </Point>
</Placemark><Placemark>
  <ExtendedData>
    <Data name='ag'>
      <value>1</value>
    </Data>
    <Data name='system:index'>
      <value>293</value>
    </Data>
  </ExtendedData>
  <Point>
    <coordinates>87.83758289155627,27.299666737099642 </coordinates>
  </Point>
</Placemark><Placemark>
  <ExtendedData>
    <Data name='ag'>
      <value>1</value>
    </Data>
    <Data name='system:index'>
      <value>294</value>
    </Data>
  </ExtendedData>
  <Point>
    <coordinates>85.40889768941072,26.85688713355713 </coordinates>
  </Point>
</Placemark><Placemark>
  <ExtendedData>
    <Data name='ag'>
      <value>1</value>
    </Data>
    <Data name='system:index'>
      <value>295</value>
    </Data>
  </ExtendedData>
  <Point>
    <coordinates>83.11495977988311,28.39839616110623 </coordinates>
  </Point>
</Placemark><Placemark>
  <ExtendedData>
    <Data name='ag'>
      <value>1</value>
    </Data>
    <Data name='system:index'>
      <value>297</value>
    </Data>
  </ExtendedData>
  <Point>
    <coordinates>85.49271050541907,26.831285147959726 </coordinates>
  </Point>
</Placemark><Placemark>
  <ExtendedData>
    <Data name='ag'>
      <value>1</value>
    </Data>
    <Data name='system:index'>
      <value>298</value>
    </Data>
  </ExtendedData>
  <Point>
    <coordinates>85.64039353812832,27.305326123389595 </coordinates>
  </Point>
</Placemark><Placemark>
  <ExtendedData>
    <Data name='ag'>
      <value>1</value>
    </Data>
    <Data name='system:index'>
      <value>299</value>
    </Data>
  </ExtendedData>
  <Point>
    <coordinates>83.35615743366921,28.359588940832268 </coordinates>
  </Point>
</Placemark><Placemark>
  <ExtendedData>
    <Data name='ag'>
      <value>1</value>
    </Data>
    <Data name='system:index'>
      <value>300</value>
    </Data>
  </ExtendedData>
  <Point>
    <coordinates>83.37529154922095,27.425520708404786 </coordinates>
  </Point>
</Placemark><Placemark>
  <ExtendedData>
    <Data name='ag'>
      <value>1</value>
    </Data>
    <Data name='system:index'>
      <value>301</value>
    </Data>
  </ExtendedData>
  <Point>
    <coordinates>81.64298035532487,28.181722514576602 </coordinates>
  </Point>
</Placemark><Placemark>
  <ExtendedData>
    <Data name='ag'>
      <value>1</value>
    </Data>
    <Data name='system:index'>
      <value>302</value>
    </Data>
  </ExtendedData>
  <Point>
    <coordinates>84.9569552699702,27.04930626741553 </coordinates>
  </Point>
</Placemark><Placemark>
  <ExtendedData>
    <Data name='ag'>
      <value>1</value>
    </Data>
    <Data name='system:index'>
      <value>303</value>
    </Data>
  </ExtendedData>
  <Point>
    <coordinates>84.87368144313231,27.18782648422676 </coordinates>
  </Point>
</Placemark><Placemark>
  <ExtendedData>
    <Data name='ag'>
      <value>1</value>
    </Data>
    <Data name='system:index'>
      <value>304</value>
    </Data>
  </ExtendedData>
  <Point>
    <coordinates>82.75518450859325,28.059102478294285 </coordinates>
  </Point>
</Placemark><Placemark>
  <ExtendedData>
    <Data name='ag'>
      <value>1</value>
    </Data>
    <Data name='system:index'>
      <value>305</value>
    </Data>
  </ExtendedData>
  <Point>
    <coordinates>80.63075869317899,29.036020349774265 </coordinates>
  </Point>
</Placemark><Placemark>
  <ExtendedData>
    <Data name='ag'>
      <value>1</value>
    </Data>
    <Data name='system:index'>
      <value>306</value>
    </Data>
  </ExtendedData>
  <Point>
    <coordinates>86.92210978551006,27.10724760324124 </coordinates>
  </Point>
</Placemark><Placemark>
  <ExtendedData>
    <Data name='ag'>
      <value>1</value>
    </Data>
    <Data name='system:index'>
      <value>307</value>
    </Data>
  </ExtendedData>
  <Point>
    <coordinates>81.76479190785147,27.98876439154773 </coordinates>
  </Point>
</Placemark><Placemark>
  <ExtendedData>
    <Data name='ag'>
      <value>1</value>
    </Data>
    <Data name='system:index'>
      <value>308</value>
    </Data>
  </ExtendedData>
  <Point>
    <coordinates>87.69528975055172,27.06682341545586 </coordinates>
  </Point>
</Placemark><Placemark>
  <ExtendedData>
    <Data name='ag'>
      <value>1</value>
    </Data>
    <Data name='system:index'>
      <value>309</value>
    </Data>
  </ExtendedData>
  <Point>
    <coordinates>83.2674937151266,28.159893453172497 </coordinates>
  </Point>
</Placemark><Placemark>
  <ExtendedData>
    <Data name='ag'>
      <value>1</value>
    </Data>
    <Data name='system:index'>
      <value>310</value>
    </Data>
  </ExtendedData>
  <Point>
    <coordinates>85.84305346622568,26.703275219972692 </coordinates>
  </Point>
</Placemark><Placemark>
  <ExtendedData>
    <Data name='ag'>
      <value>1</value>
    </Data>
    <Data name='system:index'>
      <value>311</value>
    </Data>
  </ExtendedData>
  <Point>
    <coordinates>80.65204876541262,28.860848869370958 </coordinates>
  </Point>
</Placemark><Placemark>
  <ExtendedData>
    <Data name='ag'>
      <value>1</value>
    </Data>
    <Data name='system:index'>
      <value>312</value>
    </Data>
  </ExtendedData>
  <Point>
    <coordinates>82.81339533900419,28.450678110641984 </coordinates>
  </Point>
</Placemark><Placemark>
  <ExtendedData>
    <Data name='ag'>
      <value>1</value>
    </Data>
    <Data name='system:index'>
      <value>313</value>
    </Data>
  </ExtendedData>
  <Point>
    <coordinates>87.9777200758789,26.42569579717976 </coordinates>
  </Point>
</Placemark><Placemark>
  <ExtendedData>
    <Data name='ag'>
      <value>1</value>
    </Data>
    <Data name='system:index'>
      <value>314</value>
    </Data>
  </ExtendedData>
  <Point>
    <coordinates>81.27485075189269,28.461996883221893 </coordinates>
  </Point>
</Placemark><Placemark>
  <ExtendedData>
    <Data name='ag'>
      <value>1</value>
    </Data>
    <Data name='system:index'>
      <value>315</value>
    </Data>
  </ExtendedData>
  <Point>
    <coordinates>87.52011827014842,26.553705725166793 </coordinates>
  </Point>
</Placemark><Placemark>
  <ExtendedData>
    <Data name='ag'>
      <value>1</value>
    </Data>
    <Data name='system:index'>
      <value>317</value>
    </Data>
  </ExtendedData>
  <Point>
    <coordinates>83.34780310152689,27.561345979363658 </coordinates>
  </Point>
</Placemark><Placemark>
  <ExtendedData>
    <Data name='ag'>
      <value>1</value>
    </Data>
    <Data name='system:index'>
      <value>319</value>
    </Data>
  </ExtendedData>
  <Point>
    <coordinates>84.37107404166744,27.59179886749531 </coordinates>
  </Point>
</Placemark><Placemark>
  <ExtendedData>
    <Data name='ag'>
      <value>1</value>
    </Data>
    <Data name='system:index'>
      <value>321</value>
    </Data>
  </ExtendedData>
  <Point>
    <coordinates>83.77576050288144,28.030805546844523 </coordinates>
  </Point>
</Placemark><Placemark>
  <ExtendedData>
    <Data name='ag'>
      <value>1</value>
    </Data>
    <Data name='system:index'>
      <value>322</value>
    </Data>
  </ExtendedData>
  <Point>
    <coordinates>81.01290201504344,29.250538039622008 </coordinates>
  </Point>
</Placemark><Placemark>
  <ExtendedData>
    <Data name='ag'>
      <value>1</value>
    </Data>
    <Data name='system:index'>
      <value>323</value>
    </Data>
  </ExtendedData>
  <Point>
    <coordinates>84.18862620746276,27.677228651015078 </coordinates>
  </Point>
</Placemark><Placemark>
  <ExtendedData>
    <Data name='ag'>
      <value>1</value>
    </Data>
    <Data name='system:index'>
      <value>325</value>
    </Data>
  </ExtendedData>
  <Point>
    <coordinates>80.99565436158834,28.622885150607697 </coordinates>
  </Point>
</Placemark><Placemark>
  <ExtendedData>
    <Data name='ag'>
      <value>1</value>
    </Data>
    <Data name='system:index'>
      <value>326</value>
    </Data>
  </ExtendedData>
  <Point>
    <coordinates>87.56916628466135,27.31933984182186 </coordinates>
  </Point>
</Placemark><Placemark>
  <ExtendedData>
    <Data name='ag'>
      <value>1</value>
    </Data>
    <Data name='system:index'>
      <value>328</value>
    </Data>
  </ExtendedData>
  <Point>
    <coordinates>87.2907783781127,26.48175067090882 </coordinates>
  </Point>
</Placemark><Placemark>
  <ExtendedData>
    <Data name='ag'>
      <value>1</value>
    </Data>
    <Data name='system:index'>
      <value>329</value>
    </Data>
  </ExtendedData>
  <Point>
    <coordinates>84.89739696663307,28.083087496380276 </coordinates>
  </Point>
</Placemark><Placemark>
  <ExtendedData>
    <Data name='ag'>
      <value>1</value>
    </Data>
    <Data name='system:index'>
      <value>330</value>
    </Data>
  </ExtendedData>
  <Point>
    <coordinates>80.47418233915695,28.646061684937983 </coordinates>
  </Point>
</Placemark><Placemark>
  <ExtendedData>
    <Data name='ag'>
      <value>1</value>
    </Data>
    <Data name='system:index'>
      <value>331</value>
    </Data>
  </ExtendedData>
  <Point>
    <coordinates>85.61074913375238,27.028285689767134 </coordinates>
  </Point>
</Placemark><Placemark>
  <ExtendedData>
    <Data name='ag'>
      <value>1</value>
    </Data>
    <Data name='system:index'>
      <value>332</value>
    </Data>
  </ExtendedData>
  <Point>
    <coordinates>86.41869390028948,26.64290843287986 </coordinates>
  </Point>
</Placemark><Placemark>
  <ExtendedData>
    <Data name='ag'>
      <value>1</value>
    </Data>
    <Data name='system:index'>
      <value>333</value>
    </Data>
  </ExtendedData>
  <Point>
    <coordinates>85.79858685966177,26.62727774693618 </coordinates>
  </Point>
</Placemark><Placemark>
  <ExtendedData>
    <Data name='ag'>
      <value>1</value>
    </Data>
    <Data name='system:index'>
      <value>334</value>
    </Data>
  </ExtendedData>
  <Point>
    <coordinates>85.20893270716572,27.90010067300513 </coordinates>
  </Point>
</Placemark><Placemark>
  <ExtendedData>
    <Data name='ag'>
      <value>1</value>
    </Data>
    <Data name='system:index'>
      <value>335</value>
    </Data>
  </ExtendedData>
  <Point>
    <coordinates>87.76589733188352,26.623774317328113 </coordinates>
  </Point>
</Placemark><Placemark>
  <ExtendedData>
    <Data name='ag'>
      <value>1</value>
    </Data>
    <Data name='system:index'>
      <value>336</value>
    </Data>
  </ExtendedData>
  <Point>
    <coordinates>81.85426411014977,29.794647607213204 </coordinates>
  </Point>
</Placemark><Placemark>
  <ExtendedData>
    <Data name='ag'>
      <value>1</value>
    </Data>
    <Data name='system:index'>
      <value>337</value>
    </Data>
  </ExtendedData>
  <Point>
    <coordinates>83.00473649452165,27.505830094805074 </coordinates>
  </Point>
</Placemark><Placemark>
  <ExtendedData>
    <Data name='ag'>
      <value>1</value>
    </Data>
    <Data name='system:index'>
      <value>338</value>
    </Data>
  </ExtendedData>
  <Point>
    <coordinates>85.00223036028981,28.05236511366339 </coordinates>
  </Point>
</Placemark><Placemark>
  <ExtendedData>
    <Data name='ag'>
      <value>1</value>
    </Data>
    <Data name='system:index'>
      <value>339</value>
    </Data>
  </ExtendedData>
  <Point>
    <coordinates>85.10086537848613,26.98570554529987 </coordinates>
  </Point>
</Placemark><Placemark>
  <ExtendedData>
    <Data name='ag'>
      <value>1</value>
    </Data>
    <Data name='system:index'>
      <value>340</value>
    </Data>
  </ExtendedData>
  <Point>
    <coordinates>86.52271881019051,27.0317891193752 </coordinates>
  </Point>
</Placemark><Placemark>
  <ExtendedData>
    <Data name='ag'>
      <value>1</value>
    </Data>
    <Data name='system:index'>
      <value>341</value>
    </Data>
  </ExtendedData>
  <Point>
    <coordinates>85.30675924160633,26.91159453436001 </coordinates>
  </Point>
</Placemark><Placemark>
  <ExtendedData>
    <Data name='ag'>
      <value>1</value>
    </Data>
    <Data name='system:index'>
      <value>342</value>
    </Data>
  </ExtendedData>
  <Point>
    <coordinates>83.12277512285495,27.641116376593473 </coordinates>
  </Point>
</Placemark><Placemark>
  <ExtendedData>
    <Data name='ag'>
      <value>1</value>
    </Data>
    <Data name='system:index'>
      <value>343</value>
    </Data>
  </ExtendedData>
  <Point>
    <coordinates>82.0709377566794,29.20229850886479 </coordinates>
  </Point>
</Placemark><Placemark>
  <ExtendedData>
    <Data name='ag'>
      <value>1</value>
    </Data>
    <Data name='system:index'>
      <value>344</value>
    </Data>
  </ExtendedData>
  <Point>
    <coordinates>83.48066393204817,27.55029670136899 </coordinates>
  </Point>
</Placemark><Placemark>
  <ExtendedData>
    <Data name='ag'>
      <value>1</value>
    </Data>
    <Data name='system:index'>
      <value>346</value>
    </Data>
  </ExtendedData>
  <Point>
    <coordinates>85.32319841130573,27.008073595874446 </coordinates>
  </Point>
</Placemark><Placemark>
  <ExtendedData>
    <Data name='ag'>
      <value>1</value>
    </Data>
    <Data name='system:index'>
      <value>347</value>
    </Data>
  </ExtendedData>
  <Point>
    <coordinates>85.46630003606596,27.057121610387373 </coordinates>
  </Point>
</Placemark><Placemark>
  <ExtendedData>
    <Data name='ag'>
      <value>1</value>
    </Data>
    <Data name='system:index'>
      <value>348</value>
    </Data>
  </ExtendedData>
  <Point>
    <coordinates>85.1787493136193,26.920487855672793 </coordinates>
  </Point>
</Placemark><Placemark>
  <ExtendedData>
    <Data name='ag'>
      <value>1</value>
    </Data>
    <Data name='system:index'>
      <value>349</value>
    </Data>
  </ExtendedData>
  <Point>
    <coordinates>81.93295652903865,29.787910242582306 </coordinates>
  </Point>
</Placemark><Placemark>
  <ExtendedData>
    <Data name='ag'>
      <value>1</value>
    </Data>
    <Data name='system:index'>
      <value>350</value>
    </Data>
  </ExtendedData>
  <Point>
    <coordinates>83.60382295750095,27.83649995088947 </coordinates>
  </Point>
</Placemark><Placemark>
  <ExtendedData>
    <Data name='ag'>
      <value>1</value>
    </Data>
    <Data name='system:index'>
      <value>351</value>
    </Data>
  </ExtendedData>
  <Point>
    <coordinates>86.56260400880542,26.675517277693398 </coordinates>
  </Point>
</Placemark><Placemark>
  <ExtendedData>
    <Data name='ag'>
      <value>1</value>
    </Data>
    <Data name='system:index'>
      <value>352</value>
    </Data>
  </ExtendedData>
  <Point>
    <coordinates>87.77964155573055,26.50896962401764 </coordinates>
  </Point>
</Placemark><Placemark>
  <ExtendedData>
    <Data name='ag'>
      <value>1</value>
    </Data>
    <Data name='system:index'>
      <value>353</value>
    </Data>
  </ExtendedData>
  <Point>
    <coordinates>82.39001934559866,28.044010781521077 </coordinates>
  </Point>
</Placemark><Placemark>
  <ExtendedData>
    <Data name='ag'>
      <value>1</value>
    </Data>
    <Data name='system:index'>
      <value>354</value>
    </Data>
  </ExtendedData>
  <Point>
    <coordinates>86.98005112133576,27.217470888602705 </coordinates>
  </Point>
</Placemark><Placemark>
  <ExtendedData>
    <Data name='ag'>
      <value>1</value>
    </Data>
    <Data name='system:index'>
      <value>355</value>
    </Data>
  </ExtendedData>
  <Point>
    <coordinates>81.27997114901217,28.34503623322953 </coordinates>
  </Point>
</Placemark><Placemark>
  <ExtendedData>
    <Data name='ag'>
      <value>1</value>
    </Data>
    <Data name='system:index'>
      <value>356</value>
    </Data>
  </ExtendedData>
  <Point>
    <coordinates>85.0434630318309,27.40773406577922 </coordinates>
  </Point>
</Placemark><Placemark>
  <ExtendedData>
    <Data name='ag'>
      <value>1</value>
    </Data>
    <Data name='system:index'>
      <value>357</value>
    </Data>
  </ExtendedData>
  <Point>
    <coordinates>87.54140834238206,26.599789299242122 </coordinates>
  </Point>
</Placemark><Placemark>
  <ExtendedData>
    <Data name='ag'>
      <value>1</value>
    </Data>
    <Data name='system:index'>
      <value>358</value>
    </Data>
  </ExtendedData>
  <Point>
    <coordinates>85.44716592051421,27.75915500492678 </coordinates>
  </Point>
</Placemark><Placemark>
  <ExtendedData>
    <Data name='ag'>
      <value>1</value>
    </Data>
    <Data name='system:index'>
      <value>360</value>
    </Data>
  </ExtendedData>
  <Point>
    <coordinates>83.36316429288533,27.862371431072113 </coordinates>
  </Point>
</Placemark><Placemark>
  <ExtendedData>
    <Data name='ag'>
      <value>1</value>
    </Data>
    <Data name='system:index'>
      <value>361</value>
    </Data>
  </ExtendedData>
  <Point>
    <coordinates>81.39962674485689,28.854111504740064 </coordinates>
  </Point>
</Placemark><Placemark>
  <ExtendedData>
    <Data name='ag'>
      <value>1</value>
    </Data>
    <Data name='system:index'>
      <value>362</value>
    </Data>
  </ExtendedData>
  <Point>
    <coordinates>81.85507259390549,28.51670428402477 </coordinates>
  </Point>
</Placemark><Placemark>
  <ExtendedData>
    <Data name='ag'>
      <value>1</value>
    </Data>
    <Data name='system:index'>
      <value>363</value>
    </Data>
  </ExtendedData>
  <Point>
    <coordinates>80.90860761055715,29.533776848704893 </coordinates>
  </Point>
</Placemark><Placemark>
  <ExtendedData>
    <Data name='ag'>
      <value>1</value>
    </Data>
    <Data name='system:index'>
      <value>364</value>
    </Data>
  </ExtendedData>
  <Point>
    <coordinates>86.21792043428876,27.41501041958059 </coordinates>
  </Point>
</Placemark><Placemark>
  <ExtendedData>
    <Data name='ag'>
      <value>1</value>
    </Data>
    <Data name='system:index'>
      <value>365</value>
    </Data>
  </ExtendedData>
  <Point>
    <coordinates>80.66363703257777,29.075636053803937 </coordinates>
  </Point>
</Placemark><Placemark>
  <ExtendedData>
    <Data name='ag'>
      <value>1</value>
    </Data>
    <Data name='system:index'>
      <value>366</value>
    </Data>
  </ExtendedData>
  <Point>
    <coordinates>83.16266032146986,28.012210420463248 </coordinates>
  </Point>
</Placemark><Placemark>
  <ExtendedData>
    <Data name='ag'>
      <value>1</value>
    </Data>
    <Data name='system:index'>
      <value>367</value>
    </Data>
  </ExtendedData>
  <Point>
    <coordinates>87.32527368502289,26.631589660299955 </coordinates>
  </Point>
</Placemark><Placemark>
  <ExtendedData>
    <Data name='ag'>
      <value>1</value>
    </Data>
    <Data name='system:index'>
      <value>368</value>
    </Data>
  </ExtendedData>
  <Point>
    <coordinates>87.34090437096658,26.365329010086928 </coordinates>
  </Point>
</Placemark><Placemark>
  <ExtendedData>
    <Data name='ag'>
      <value>1</value>
    </Data>
    <Data name='system:index'>
      <value>369</value>
    </Data>
  </ExtendedData>
  <Point>
    <coordinates>84.71414064867268,27.928397604454897 </coordinates>
  </Point>
</Placemark><Placemark>
  <ExtendedData>
    <Data name='ag'>
      <value>1</value>
    </Data>
    <Data name='system:index'>
      <value>371</value>
    </Data>
  </ExtendedData>
  <Point>
    <coordinates>85.11622656984459,27.65890301921904 </coordinates>
  </Point>
</Placemark><Placemark>
  <ExtendedData>
    <Data name='ag'>
      <value>1</value>
    </Data>
    <Data name='system:index'>
      <value>372</value>
    </Data>
  </ExtendedData>
  <Point>
    <coordinates>87.06575039944077,26.61110807182203 </coordinates>
  </Point>
</Placemark><Placemark>
  <ExtendedData>
    <Data name='ag'>
      <value>1</value>
    </Data>
    <Data name='system:index'>
      <value>373</value>
    </Data>
  </ExtendedData>
  <Point>
    <coordinates>86.27586177011447,27.34089940864073 </coordinates>
  </Point>
</Placemark><Placemark>
  <ExtendedData>
    <Data name='ag'>
      <value>1</value>
    </Data>
    <Data name='system:index'>
      <value>375</value>
    </Data>
  </ExtendedData>
  <Point>
    <coordinates>85.9047677262447,26.809725581140857 </coordinates>
  </Point>
</Placemark><Placemark>
  <ExtendedData>
    <Data name='ag'>
      <value>1</value>
    </Data>
    <Data name='system:index'>
      <value>376</value>
    </Data>
  </ExtendedData>
  <Point>
    <coordinates>82.78375093462824,27.645158795372012 </coordinates>
  </Point>
</Placemark><Placemark>
  <ExtendedData>
    <Data name='ag'>
      <value>1</value>
    </Data>
    <Data name='system:index'>
      <value>378</value>
    </Data>
  </ExtendedData>
  <Point>
    <coordinates>87.17920761982506,26.60571818011731 </coordinates>
  </Point>
</Placemark><Placemark>
  <ExtendedData>
    <Data name='ag'>
      <value>1</value>
    </Data>
    <Data name='system:index'>
      <value>379</value>
    </Data>
  </ExtendedData>
  <Point>
    <coordinates>82.10166013939629,28.128632081285136 </coordinates>
  </Point>
</Placemark><Placemark>
  <ExtendedData>
    <Data name='ag'>
      <value>1</value>
    </Data>
    <Data name='system:index'>
      <value>380</value>
    </Data>
  </ExtendedData>
  <Point>
    <coordinates>87.71415437151823,26.71189904670024 </coordinates>
  </Point>
</Placemark><Placemark>
  <ExtendedData>
    <Data name='ag'>
      <value>1</value>
    </Data>
    <Data name='system:index'>
      <value>381</value>
    </Data>
  </ExtendedData>
  <Point>
    <coordinates>85.99962982024772,26.746933342780903 </coordinates>
  </Point>
</Placemark><Placemark>
  <ExtendedData>
    <Data name='ag'>
      <value>1</value>
    </Data>
    <Data name='system:index'>
      <value>382</value>
    </Data>
  </ExtendedData>
  <Point>
    <coordinates>87.45759552637371,27.032058613960437 </coordinates>
  </Point>
</Placemark><Placemark>
  <ExtendedData>
    <Data name='ag'>
      <value>1</value>
    </Data>
    <Data name='system:index'>
      <value>384</value>
    </Data>
  </ExtendedData>
  <Point>
    <coordinates>85.2719944401109,27.279993632377426 </coordinates>
  </Point>
</Placemark><Placemark>
  <ExtendedData>
    <Data name='ag'>
      <value>1</value>
    </Data>
    <Data name='system:index'>
      <value>385</value>
    </Data>
  </ExtendedData>
  <Point>
    <coordinates>86.61596393668212,27.18270608710728 </coordinates>
  </Point>
</Placemark><Placemark>
  <ExtendedData>
    <Data name='ag'>
      <value>1</value>
    </Data>
    <Data name='system:index'>
      <value>386</value>
    </Data>
  </ExtendedData>
  <Point>
    <coordinates>87.50583505713092,27.17219579828308 </coordinates>
  </Point>
</Placemark><Placemark>
  <ExtendedData>
    <Data name='ag'>
      <value>1</value>
    </Data>
    <Data name='system:index'>
      <value>387</value>
    </Data>
  </ExtendedData>
  <Point>
    <coordinates>82.79048829925914,27.628450131087387 </coordinates>
  </Point>
</Placemark><Placemark>
  <ExtendedData>
    <Data name='ag'>
      <value>1</value>
    </Data>
    <Data name='system:index'>
      <value>389</value>
    </Data>
  </ExtendedData>
  <Point>
    <coordinates>86.62135382838684,26.525408793717027 </coordinates>
  </Point>
</Placemark><Placemark>
  <ExtendedData>
    <Data name='ag'>
      <value>1</value>
    </Data>
    <Data name='system:index'>
      <value>390</value>
    </Data>
  </ExtendedData>
  <Point>
    <coordinates>86.04301844847069,27.547332260931395 </coordinates>
  </Point>
</Placemark><Placemark>
  <ExtendedData>
    <Data name='ag'>
      <value>1</value>
    </Data>
    <Data name='system:index'>
      <value>392</value>
    </Data>
  </ExtendedData>
  <Point>
    <coordinates>80.64153847658842,29.324110061391398 </coordinates>
  </Point>
</Placemark><Placemark>
  <ExtendedData>
    <Data name='ag'>
      <value>1</value>
    </Data>
    <Data name='system:index'>
      <value>393</value>
    </Data>
  </ExtendedData>
  <Point>
    <coordinates>81.17567674452589,29.090188761406672 </coordinates>
  </Point>
</Placemark><Placemark>
  <ExtendedData>
    <Data name='ag'>
      <value>1</value>
    </Data>
    <Data name='system:index'>
      <value>394</value>
    </Data>
  </ExtendedData>
  <Point>
    <coordinates>82.99719064613504,28.39435374232769 </coordinates>
  </Point>
</Placemark><Placemark>
  <ExtendedData>
    <Data name='ag'>
      <value>1</value>
    </Data>
    <Data name='system:index'>
      <value>395</value>
    </Data>
  </ExtendedData>
  <Point>
    <coordinates>82.55899245054154,28.110575944074334 </coordinates>
  </Point>
</Placemark><Placemark>
  <ExtendedData>
    <Data name='ag'>
      <value>1</value>
    </Data>
    <Data name='system:index'>
      <value>396</value>
    </Data>
  </ExtendedData>
  <Point>
    <coordinates>82.31806429134069,28.415104825390852 </coordinates>
  </Point>
</Placemark><Placemark>
  <ExtendedData>
    <Data name='ag'>
      <value>1</value>
    </Data>
    <Data name='system:index'>
      <value>397</value>
    </Data>
  </ExtendedData>
  <Point>
    <coordinates>83.19715562838005,27.614436412655124 </coordinates>
  </Point>
</Placemark><Placemark>
  <ExtendedData>
    <Data name='ag'>
      <value>1</value>
    </Data>
    <Data name='system:index'>
      <value>398</value>
    </Data>
  </ExtendedData>
  <Point>
    <coordinates>87.25304913617968,27.11910536499162 </coordinates>
  </Point>
</Placemark><Placemark>
  <ExtendedData>
    <Data name='ag'>
      <value>1</value>
    </Data>
    <Data name='system:index'>
      <value>399</value>
    </Data>
  </ExtendedData>
  <Point>
    <coordinates>87.52119624848936,27.247115292978652 </coordinates>
  </Point>
</Placemark><Placemark>
  <ExtendedData>
    <Data name='ag'>
      <value>1</value>
    </Data>
    <Data name='system:index'>
      <value>400</value>
    </Data>
  </ExtendedData>
  <Point>
    <coordinates>82.4902713313064,28.397857171935758 </coordinates>
  </Point>
</Placemark><Placemark>
  <ExtendedData>
    <Data name='ag'>
      <value>1</value>
    </Data>
    <Data name='system:index'>
      <value>401</value>
    </Data>
  </ExtendedData>
  <Point>
    <coordinates>86.37692223957792,26.976812223987086 </coordinates>
  </Point>
</Placemark><Placemark>
  <ExtendedData>
    <Data name='ag'>
      <value>1</value>
    </Data>
    <Data name='system:index'>
      <value>402</value>
    </Data>
  </ExtendedData>
  <Point>
    <coordinates>81.60848504841468,28.56440482561152 </coordinates>
  </Point>
</Placemark><Placemark>
  <ExtendedData>
    <Data name='ag'>
      <value>1</value>
    </Data>
    <Data name='system:index'>
      <value>403</value>
    </Data>
  </ExtendedData>
  <Point>
    <coordinates>84.53600472783178,28.002508615394756 </coordinates>
  </Point>
</Placemark><Placemark>
  <ExtendedData>
    <Data name='ag'>
      <value>1</value>
    </Data>
    <Data name='system:index'>
      <value>404</value>
    </Data>
  </ExtendedData>
  <Point>
    <coordinates>86.73939245672014,27.010768541726804 </coordinates>
  </Point>
</Placemark><Placemark>
  <ExtendedData>
    <Data name='ag'>
      <value>1</value>
    </Data>
    <Data name='system:index'>
      <value>405</value>
    </Data>
  </ExtendedData>
  <Point>
    <coordinates>83.7094648349134,28.274698146482972 </coordinates>
  </Point>
</Placemark><Placemark>
  <ExtendedData>
    <Data name='ag'>
      <value>1</value>
    </Data>
    <Data name='system:index'>
      <value>406</value>
    </Data>
  </ExtendedData>
  <Point>
    <coordinates>86.47959967655278,26.62458280108382 </coordinates>
  </Point>
</Placemark><Placemark>
  <ExtendedData>
    <Data name='ag'>
      <value>1</value>
    </Data>
    <Data name='system:index'>
      <value>407</value>
    </Data>
  </ExtendedData>
  <Point>
    <coordinates>80.41704948708696,29.35186800367069 </coordinates>
  </Point>
</Placemark><Placemark>
  <ExtendedData>
    <Data name='ag'>
      <value>1</value>
    </Data>
    <Data name='system:index'>
      <value>408</value>
    </Data>
  </ExtendedData>
  <Point>
    <coordinates>84.4443765688516,27.910341467244095 </coordinates>
  </Point>
</Placemark><Placemark>
  <ExtendedData>
    <Data name='ag'>
      <value>1</value>
    </Data>
    <Data name='system:index'>
      <value>410</value>
    </Data>
  </ExtendedData>
  <Point>
    <coordinates>83.72455653168662,28.350695619519485 </coordinates>
  </Point>
</Placemark><Placemark>
  <ExtendedData>
    <Data name='ag'>
      <value>1</value>
    </Data>
    <Data name='system:index'>
      <value>412</value>
    </Data>
  </ExtendedData>
  <Point>
    <coordinates>82.17496266658044,28.754668002788033 </coordinates>
  </Point>
</Placemark><Placemark>
  <ExtendedData>
    <Data name='ag'>
      <value>1</value>
    </Data>
    <Data name='system:index'>
      <value>413</value>
    </Data>
  </ExtendedData>
  <Point>
    <coordinates>88.00493902898774,26.382846158127258 </coordinates>
  </Point>
</Placemark><Placemark>
  <ExtendedData>
    <Data name='ag'>
      <value>1</value>
    </Data>
    <Data name='system:index'>
      <value>414</value>
    </Data>
  </ExtendedData>
  <Point>
    <coordinates>83.0306079747043,27.544637315079036 </coordinates>
  </Point>
</Placemark><Placemark>
  <ExtendedData>
    <Data name='ag'>
      <value>1</value>
    </Data>
    <Data name='system:index'>
      <value>415</value>
    </Data>
  </ExtendedData>
  <Point>
    <coordinates>84.99441501731798,27.43495301888804 </coordinates>
  </Point>
</Placemark><Placemark>
  <ExtendedData>
    <Data name='ag'>
      <value>1</value>
    </Data>
    <Data name='system:index'>
      <value>416</value>
    </Data>
  </ExtendedData>
  <Point>
    <coordinates>87.73975635711565,26.684949588176654 </coordinates>
  </Point>
</Placemark><Placemark>
  <ExtendedData>
    <Data name='ag'>
      <value>1</value>
    </Data>
    <Data name='system:index'>
      <value>418</value>
    </Data>
  </ExtendedData>
  <Point>
    <coordinates>87.44277332418574,26.557209154774856 </coordinates>
  </Point>
</Placemark><Placemark>
  <ExtendedData>
    <Data name='ag'>
      <value>1</value>
    </Data>
    <Data name='system:index'>
      <value>419</value>
    </Data>
  </ExtendedData>
  <Point>
    <coordinates>86.54616483910604,26.72160085176873 </coordinates>
  </Point>
</Placemark><Placemark>
  <ExtendedData>
    <Data name='ag'>
      <value>1</value>
    </Data>
    <Data name='system:index'>
      <value>420</value>
    </Data>
  </ExtendedData>
  <Point>
    <coordinates>83.63670129689973,28.59162377872034 </coordinates>
  </Point>
</Placemark><Placemark>
  <ExtendedData>
    <Data name='ag'>
      <value>1</value>
    </Data>
    <Data name='system:index'>
      <value>421</value>
    </Data>
  </ExtendedData>
  <Point>
    <coordinates>85.09412801385524,26.92453027445133 </coordinates>
  </Point>
</Placemark><Placemark>
  <ExtendedData>
    <Data name='ag'>
      <value>1</value>
    </Data>
    <Data name='system:index'>
      <value>424</value>
    </Data>
  </ExtendedData>
  <Point>
    <coordinates>85.05235635314368,27.053079191608834 </coordinates>
  </Point>
</Placemark><Placemark>
  <ExtendedData>
    <Data name='ag'>
      <value>1</value>
    </Data>
    <Data name='system:index'>
      <value>425</value>
    </Data>
  </ExtendedData>
  <Point>
    <coordinates>82.23425147533233,29.328960963925642 </coordinates>
  </Point>
</Placemark><Placemark>
  <ExtendedData>
    <Data name='ag'>
      <value>1</value>
    </Data>
    <Data name='system:index'>
      <value>426</value>
    </Data>
  </ExtendedData>
  <Point>
    <coordinates>87.12315274609601,27.344402838248794 </coordinates>
  </Point>
</Placemark><Placemark>
  <ExtendedData>
    <Data name='ag'>
      <value>1</value>
    </Data>
    <Data name='system:index'>
      <value>428</value>
    </Data>
  </ExtendedData>
  <Point>
    <coordinates>84.86883054059807,28.250443633811745 </coordinates>
  </Point>
</Placemark><Placemark>
  <ExtendedData>
    <Data name='ag'>
      <value>1</value>
    </Data>
    <Data name='system:index'>
      <value>429</value>
    </Data>
  </ExtendedData>
  <Point>
    <coordinates>86.80487964093246,26.587392548321272 </coordinates>
  </Point>
</Placemark><Placemark>
  <ExtendedData>
    <Data name='ag'>
      <value>1</value>
    </Data>
    <Data name='system:index'>
      <value>430</value>
    </Data>
  </ExtendedData>
  <Point>
    <coordinates>82.82013270363508,27.554608614732764 </coordinates>
  </Point>
</Placemark><Placemark>
  <ExtendedData>
    <Data name='ag'>
      <value>1</value>
    </Data>
    <Data name='system:index'>
      <value>431</value>
    </Data>
  </ExtendedData>
  <Point>
    <coordinates>80.17369587661898,29.009609880421152 </coordinates>
  </Point>
</Placemark><Placemark>
  <ExtendedData>
    <Data name='ag'>
      <value>1</value>
    </Data>
    <Data name='system:index'>
      <value>432</value>
    </Data>
  </ExtendedData>
  <Point>
    <coordinates>86.54400888242415,27.068440382967278 </coordinates>
  </Point>
</Placemark><Placemark>
  <ExtendedData>
    <Data name='ag'>
      <value>1</value>
    </Data>
    <Data name='system:index'>
      <value>433</value>
    </Data>
  </ExtendedData>
  <Point>
    <coordinates>86.97304426211963,26.536458071711696 </coordinates>
  </Point>
</Placemark><Placemark>
  <ExtendedData>
    <Data name='ag'>
      <value>1</value>
    </Data>
    <Data name='system:index'>
      <value>434</value>
    </Data>
  </ExtendedData>
  <Point>
    <coordinates>81.16489696111645,29.51976313027263 </coordinates>
  </Point>
</Placemark><Placemark>
  <ExtendedData>
    <Data name='ag'>
      <value>1</value>
    </Data>
    <Data name='system:index'>
      <value>435</value>
    </Data>
  </ExtendedData>
  <Point>
    <coordinates>81.96852981428978,28.811261865687563 </coordinates>
  </Point>
</Placemark><Placemark>
  <ExtendedData>
    <Data name='ag'>
      <value>1</value>
    </Data>
    <Data name='system:index'>
      <value>436</value>
    </Data>
  </ExtendedData>
  <Point>
    <coordinates>86.18099967611145,26.686836050273303 </coordinates>
  </Point>
</Placemark><Placemark>
  <ExtendedData>
    <Data name='ag'>
      <value>1</value>
    </Data>
    <Data name='system:index'>
      <value>437</value>
    </Data>
  </ExtendedData>
  <Point>
    <coordinates>82.74817764937711,27.622790744797435 </coordinates>
  </Point>
</Placemark><Placemark>
  <ExtendedData>
    <Data name='ag'>
      <value>1</value>
    </Data>
    <Data name='system:index'>
      <value>438</value>
    </Data>
  </ExtendedData>
  <Point>
    <coordinates>82.812047866078,27.598536232126207 </coordinates>
  </Point>
</Placemark><Placemark>
  <ExtendedData>
    <Data name='ag'>
      <value>1</value>
    </Data>
    <Data name='system:index'>
      <value>439</value>
    </Data>
  </ExtendedData>
  <Point>
    <coordinates>87.13528000243161,27.18216709793681 </coordinates>
  </Point>
</Placemark><Placemark>
  <ExtendedData>
    <Data name='ag'>
      <value>1</value>
    </Data>
    <Data name='system:index'>
      <value>441</value>
    </Data>
  </ExtendedData>
  <Point>
    <coordinates>83.73371934758464,27.97960157564971 </coordinates>
  </Point>
</Placemark><Placemark>
  <ExtendedData>
    <Data name='ag'>
      <value>1</value>
    </Data>
    <Data name='system:index'>
      <value>442</value>
    </Data>
  </ExtendedData>
  <Point>
    <coordinates>85.26390960255384,27.514184426947384 </coordinates>
  </Point>
</Placemark><Placemark>
  <ExtendedData>
    <Data name='ag'>
      <value>1</value>
    </Data>
    <Data name='system:index'>
      <value>443</value>
    </Data>
  </ExtendedData>
  <Point>
    <coordinates>87.64139083350456,26.435667096833487 </coordinates>
  </Point>
</Placemark><Placemark>
  <ExtendedData>
    <Data name='ag'>
      <value>1</value>
    </Data>
    <Data name='system:index'>
      <value>444</value>
    </Data>
  </ExtendedData>
  <Point>
    <coordinates>85.62584083052559,26.914558974797604 </coordinates>
  </Point>
</Placemark><Placemark>
  <ExtendedData>
    <Data name='ag'>
      <value>1</value>
    </Data>
    <Data name='system:index'>
      <value>445</value>
    </Data>
  </ExtendedData>
  <Point>
    <coordinates>85.8581451629989,26.827242729181187 </coordinates>
  </Point>
</Placemark><Placemark>
  <ExtendedData>
    <Data name='ag'>
      <value>1</value>
    </Data>
    <Data name='system:index'>
      <value>446</value>
    </Data>
  </ExtendedData>
  <Point>
    <coordinates>81.46053252112019,29.44484363557706 </coordinates>
  </Point>
</Placemark><Placemark>
  <ExtendedData>
    <Data name='ag'>
      <value>1</value>
    </Data>
    <Data name='system:index'>
      <value>448</value>
    </Data>
  </ExtendedData>
  <Point>
    <coordinates>81.89441880334992,29.791952661360842 </coordinates>
  </Point>
</Placemark><Placemark>
  <ExtendedData>
    <Data name='ag'>
      <value>1</value>
    </Data>
    <Data name='system:index'>
      <value>449</value>
    </Data>
  </ExtendedData>
  <Point>
    <coordinates>80.62159587728097,29.587675765752063 </coordinates>
  </Point>
</Placemark><Placemark>
  <ExtendedData>
    <Data name='ag'>
      <value>1</value>
    </Data>
    <Data name='system:index'>
      <value>450</value>
    </Data>
  </ExtendedData>
  <Point>
    <coordinates>80.36665399964785,28.834977389188317 </coordinates>
  </Point>
</Placemark><Placemark>
  <ExtendedData>
    <Data name='ag'>
      <value>1</value>
    </Data>
    <Data name='system:index'>
      <value>451</value>
    </Data>
  </ExtendedData>
  <Point>
    <coordinates>87.80227910089036,26.552897241411085 </coordinates>
  </Point>
</Placemark><Placemark>
  <ExtendedData>
    <Data name='ag'>
      <value>1</value>
    </Data>
    <Data name='system:index'>
      <value>452</value>
    </Data>
  </ExtendedData>
  <Point>
    <coordinates>87.50206213293762,26.460730093260423 </coordinates>
  </Point>
</Placemark><Placemark>
  <ExtendedData>
    <Data name='ag'>
      <value>1</value>
    </Data>
    <Data name='system:index'>
      <value>453</value>
    </Data>
  </ExtendedData>
  <Point>
    <coordinates>85.87970472981776,27.79984868729739 </coordinates>
  </Point>
</Placemark><Placemark>
  <ExtendedData>
    <Data name='ag'>
      <value>1</value>
    </Data>
    <Data name='system:index'>
      <value>454</value>
    </Data>
  </ExtendedData>
  <Point>
    <coordinates>80.34886735702229,29.55291096425664 </coordinates>
  </Point>
</Placemark><Placemark>
  <ExtendedData>
    <Data name='ag'>
      <value>1</value>
    </Data>
    <Data name='system:index'>
      <value>455</value>
    </Data>
  </ExtendedData>
  <Point>
    <coordinates>81.79820923642072,28.655493995421235 </coordinates>
  </Point>
</Placemark><Placemark>
  <ExtendedData>
    <Data name='ag'>
      <value>1</value>
    </Data>
    <Data name='system:index'>
      <value>456</value>
    </Data>
  </ExtendedData>
  <Point>
    <coordinates>83.80297945599025,28.34503623322953 </coordinates>
  </Point>
</Placemark><Placemark>
  <ExtendedData>
    <Data name='ag'>
      <value>1</value>
    </Data>
    <Data name='system:index'>
      <value>457</value>
    </Data>
  </ExtendedData>
  <Point>
    <coordinates>85.932525668524,26.635901573663727 </coordinates>
  </Point>
</Placemark><Placemark>
  <ExtendedData>
    <Data name='ag'>
      <value>1</value>
    </Data>
    <Data name='system:index'>
      <value>458</value>
    </Data>
  </ExtendedData>
  <Point>
    <coordinates>87.66968776495432,26.66851041847727 </coordinates>
  </Point>
</Placemark><Placemark>
  <ExtendedData>
    <Data name='ag'>
      <value>1</value>
    </Data>
    <Data name='system:index'>
      <value>459</value>
    </Data>
  </ExtendedData>
  <Point>
    <coordinates>82.02701013928596,28.319973236802596 </coordinates>
  </Point>
</Placemark><Placemark>
  <ExtendedData>
    <Data name='ag'>
      <value>1</value>
    </Data>
    <Data name='system:index'>
      <value>460</value>
    </Data>
  </ExtendedData>
  <Point>
    <coordinates>87.85429155584089,26.76256402872458 </coordinates>
  </Point>
</Placemark><Placemark>
  <ExtendedData>
    <Data name='ag'>
      <value>1</value>
    </Data>
    <Data name='system:index'>
      <value>461</value>
    </Data>
  </ExtendedData>
  <Point>
    <coordinates>83.80378793974596,27.384018542278465 </coordinates>
  </Point>
</Placemark><Placemark>
  <ExtendedData>
    <Data name='ag'>
      <value>1</value>
    </Data>
    <Data name='system:index'>
      <value>462</value>
    </Data>
  </ExtendedData>
  <Point>
    <coordinates>81.59096790037434,28.19277179257127 </coordinates>
  </Point>
</Placemark><Placemark>
  <ExtendedData>
    <Data name='ag'>
      <value>1</value>
    </Data>
    <Data name='system:index'>
      <value>463</value>
    </Data>
  </ExtendedData>
  <Point>
    <coordinates>85.18306122698307,27.461093993655922 </coordinates>
  </Point>
</Placemark><Placemark>
  <ExtendedData>
    <Data name='ag'>
      <value>1</value>
    </Data>
    <Data name='system:index'>
      <value>464</value>
    </Data>
  </ExtendedData>
  <Point>
    <coordinates>82.89882512252396,27.61147197221753 </coordinates>
  </Point>
</Placemark><Placemark>
  <ExtendedData>
    <Data name='ag'>
      <value>1</value>
    </Data>
    <Data name='system:index'>
      <value>465</value>
    </Data>
  </ExtendedData>
  <Point>
    <coordinates>82.1655303560972,28.105186052369618 </coordinates>
  </Point>
</Placemark><Placemark>
  <ExtendedData>
    <Data name='ag'>
      <value>1</value>
    </Data>
    <Data name='system:index'>
      <value>466</value>
    </Data>
  </ExtendedData>
  <Point>
    <coordinates>84.83487422285835,27.869378290288243 </coordinates>
  </Point>
</Placemark><Placemark>
  <ExtendedData>
    <Data name='ag'>
      <value>1</value>
    </Data>
    <Data name='system:index'>
      <value>467</value>
    </Data>
  </ExtendedData>
  <Point>
    <coordinates>81.81222295485298,29.39471764272319 </coordinates>
  </Point>
</Placemark><Placemark>
  <ExtendedData>
    <Data name='ag'>
      <value>1</value>
    </Data>
    <Data name='system:index'>
      <value>468</value>
    </Data>
  </ExtendedData>
  <Point>
    <coordinates>81.14145093220094,29.628099953537443 </coordinates>
  </Point>
</Placemark><Placemark>
  <ExtendedData>
    <Data name='ag'>
      <value>1</value>
    </Data>
    <Data name='system:index'>
      <value>469</value>
    </Data>
  </ExtendedData>
  <Point>
    <coordinates>81.22445526445358,29.348634068647858 </coordinates>
  </Point>
</Placemark><Placemark>
  <ExtendedData>
    <Data name='ag'>
      <value>1</value>
    </Data>
    <Data name='system:index'>
      <value>470</value>
    </Data>
  </ExtendedData>
  <Point>
    <coordinates>84.28753072024432,27.70633406622055 </coordinates>
  </Point>
</Placemark><Placemark>
  <ExtendedData>
    <Data name='ag'>
      <value>1</value>
    </Data>
    <Data name='system:index'>
      <value>471</value>
    </Data>
  </ExtendedData>
  <Point>
    <coordinates>81.88363901994049,29.504940928084658 </coordinates>
  </Point>
</Placemark><Placemark>
  <ExtendedData>
    <Data name='ag'>
      <value>1</value>
    </Data>
    <Data name='system:index'>
      <value>472</value>
    </Data>
  </ExtendedData>
  <Point>
    <coordinates>82.57354515814427,27.82329471621291 </coordinates>
  </Point>
</Placemark><Placemark>
  <ExtendedData>
    <Data name='ag'>
      <value>1</value>
    </Data>
    <Data name='system:index'>
      <value>473</value>
    </Data>
  </ExtendedData>
  <Point>
    <coordinates>86.86794137387766,26.947706808781614 </coordinates>
  </Point>
</Placemark><Placemark>
  <ExtendedData>
    <Data name='ag'>
      <value>1</value>
    </Data>
    <Data name='system:index'>
      <value>474</value>
    </Data>
  </ExtendedData>
  <Point>
    <coordinates>83.18368089911826,27.539516917959556 </coordinates>
  </Point>
</Placemark><Placemark>
  <ExtendedData>
    <Data name='ag'>
      <value>1</value>
    </Data>
    <Data name='system:index'>
      <value>475</value>
    </Data>
  </ExtendedData>
  <Point>
    <coordinates>86.58955346732901,27.281071610718367 </coordinates>
  </Point>
</Placemark><Placemark>
  <ExtendedData>
    <Data name='ag'>
      <value>1</value>
    </Data>
    <Data name='system:index'>
      <value>476</value>
    </Data>
  </ExtendedData>
  <Point>
    <coordinates>87.9513096065258,26.57661276491184 </coordinates>
  </Point>
</Placemark><Placemark>
  <ExtendedData>
    <Data name='ag'>
      <value>1</value>
    </Data>
    <Data name='system:index'>
      <value>477</value>
    </Data>
  </ExtendedData>
  <Point>
    <coordinates>84.81547061272137,27.032328108545673 </coordinates>
  </Point>
</Placemark><Placemark>
  <ExtendedData>
    <Data name='ag'>
      <value>1</value>
    </Data>
    <Data name='system:index'>
      <value>478</value>
    </Data>
  </ExtendedData>
  <Point>
    <coordinates>83.3418742206517,28.480592009603164 </coordinates>
  </Point>
</Placemark><Placemark>
  <ExtendedData>
    <Data name='ag'>
      <value>1</value>
    </Data>
    <Data name='system:index'>
      <value>479</value>
    </Data>
  </ExtendedData>
  <Point>
    <coordinates>84.22231303061724,27.838386412986118 </coordinates>
  </Point>
</Placemark><Placemark>
  <ExtendedData>
    <Data name='ag'>
      <value>1</value>
    </Data>
    <Data name='system:index'>
      <value>481</value>
    </Data>
  </ExtendedData>
  <Point>
    <coordinates>80.2227438911319,28.971611143902898 </coordinates>
  </Point>
</Placemark><Placemark>
  <ExtendedData>
    <Data name='ag'>
      <value>1</value>
    </Data>
    <Data name='system:index'>
      <value>482</value>
    </Data>
  </ExtendedData>
  <Point>
    <coordinates>83.40978685613113,27.854286593515035 </coordinates>
  </Point>
</Placemark><Placemark>
  <ExtendedData>
    <Data name='ag'>
      <value>1</value>
    </Data>
    <Data name='system:index'>
      <value>483</value>
    </Data>
  </ExtendedData>
  <Point>
    <coordinates>80.35452674331223,29.447269086844184 </coordinates>
  </Point>
</Placemark><Placemark>
  <ExtendedData>
    <Data name='ag'>
      <value>1</value>
    </Data>
    <Data name='system:index'>
      <value>484</value>
    </Data>
  </ExtendedData>
  <Point>
    <coordinates>87.05011971349708,27.14551583434473 </coordinates>
  </Point>
</Placemark><Placemark>
  <ExtendedData>
    <Data name='ag'>
      <value>1</value>
    </Data>
    <Data name='system:index'>
      <value>485</value>
    </Data>
  </ExtendedData>
  <Point>
    <coordinates>83.45748739771788,27.890129373351403 </coordinates>
  </Point>
</Placemark><Placemark>
  <ExtendedData>
    <Data name='ag'>
      <value>1</value>
    </Data>
    <Data name='system:index'>
      <value>486</value>
    </Data>
  </ExtendedData>
  <Point>
    <coordinates>82.55764497761537,28.533143453724158 </coordinates>
  </Point>
</Placemark><Placemark>
  <ExtendedData>
    <Data name='ag'>
      <value>1</value>
    </Data>
    <Data name='system:index'>
      <value>487</value>
    </Data>
  </ExtendedData>
  <Point>
    <coordinates>86.76445545314708,27.397762766125496 </coordinates>
  </Point>
</Placemark><Placemark>
  <ExtendedData>
    <Data name='ag'>
      <value>1</value>
    </Data>
    <Data name='system:index'>
      <value>488</value>
    </Data>
  </ExtendedData>
  <Point>
    <coordinates>81.33440905522981,28.19411926549745 </coordinates>
  </Point>
</Placemark><Placemark>
  <ExtendedData>
    <Data name='ag'>
      <value>1</value>
    </Data>
    <Data name='system:index'>
      <value>489</value>
    </Data>
  </ExtendedData>
  <Point>
    <coordinates>83.56070382386322,27.634379011962576 </coordinates>
  </Point>
</Placemark><Placemark>
  <ExtendedData>
    <Data name='ag'>
      <value>1</value>
    </Data>
    <Data name='system:index'>
      <value>490</value>
    </Data>
  </ExtendedData>
  <Point>
    <coordinates>81.71951681753185,29.48257287751008 </coordinates>
  </Point>
</Placemark><Placemark>
  <ExtendedData>
    <Data name='ag'>
      <value>1</value>
    </Data>
    <Data name='system:index'>
      <value>491</value>
    </Data>
  </ExtendedData>
  <Point>
    <coordinates>87.032872060042,27.206421610608036 </coordinates>
  </Point>
</Placemark><Placemark>
  <ExtendedData>
    <Data name='ag'>
      <value>1</value>
    </Data>
    <Data name='system:index'>
      <value>492</value>
    </Data>
  </ExtendedData>
  <Point>
    <coordinates>82.7856373967249,27.58398352452347 </coordinates>
  </Point>
</Placemark><Placemark>
  <ExtendedData>
    <Data name='ag'>
      <value>1</value>
    </Data>
    <Data name='system:index'>
      <value>494</value>
    </Data>
  </ExtendedData>
  <Point>
    <coordinates>85.69294498224932,27.75592106990395 </coordinates>
  </Point>
</Placemark><Placemark>
  <ExtendedData>
    <Data name='ag'>
      <value>1</value>
    </Data>
    <Data name='system:index'>
      <value>495</value>
    </Data>
  </ExtendedData>
  <Point>
    <coordinates>87.54679823408678,26.996485328709305 </coordinates>
  </Point>
</Placemark><Placemark>
  <ExtendedData>
    <Data name='ag'>
      <value>1</value>
    </Data>
    <Data name='system:index'>
      <value>496</value>
    </Data>
  </ExtendedData>
  <Point>
    <coordinates>87.19968920830298,26.61488099601533 </coordinates>
  </Point>
</Placemark><Placemark>
  <ExtendedData>
    <Data name='ag'>
      <value>1</value>
    </Data>
    <Data name='system:index'>
      <value>497</value>
    </Data>
  </ExtendedData>
  <Point>
    <coordinates>83.5305204303168,27.50987251358361 </coordinates>
  </Point>
</Placemark><Placemark>
  <ExtendedData>
    <Data name='ag'>
      <value>1</value>
    </Data>
    <Data name='system:index'>
      <value>498</value>
    </Data>
  </ExtendedData>
  <Point>
    <coordinates>85.19842241834152,27.909802478073622 </coordinates>
  </Point>
</Placemark><Placemark>
  <ExtendedData>
    <Data name='ag'>
      <value>1</value>
    </Data>
    <Data name='system:index'>
      <value>499</value>
    </Data>
  </ExtendedData>
  <Point>
    <coordinates>83.74530761474978,28.26957774936349 </coordinates>
  </Point>
</Placemark><Placemark>
  <ExtendedData>
    <Data name='ag'>
      <value>1</value>
    </Data>
    <Data name='system:index'>
      <value>500</value>
    </Data>
  </ExtendedData>
  <Point>
    <coordinates>87.92678559926932,26.586853559150804 </coordinates>
  </Point>
</Placemark><Placemark>
  <ExtendedData>
    <Data name='ag'>
      <value>1</value>
    </Data>
    <Data name='system:index'>
      <value>501</value>
    </Data>
  </ExtendedData>
  <Point>
    <coordinates>82.25392458005454,29.59117919536013 </coordinates>
  </Point>
</Placemark><Placemark>
  <ExtendedData>
    <Data name='ag'>
      <value>1</value>
    </Data>
    <Data name='system:index'>
      <value>502</value>
    </Data>
  </ExtendedData>
  <Point>
    <coordinates>83.88840923951003,28.228345077822404 </coordinates>
  </Point>
</Placemark><Placemark>
  <ExtendedData>
    <Data name='ag'>
      <value>1</value>
    </Data>
    <Data name='system:index'>
      <value>503</value>
    </Data>
  </ExtendedData>
  <Point>
    <coordinates>83.02710454509622,27.70633406622055 </coordinates>
  </Point>
</Placemark><Placemark>
  <ExtendedData>
    <Data name='ag'>
      <value>1</value>
    </Data>
    <Data name='system:index'>
      <value>504</value>
    </Data>
  </ExtendedData>
  <Point>
    <coordinates>87.090004912112,26.622696338987172 </coordinates>
  </Point>
</Placemark><Placemark>
  <ExtendedData>
    <Data name='ag'>
      <value>1</value>
    </Data>
    <Data name='system:index'>
      <value>505</value>
    </Data>
  </ExtendedData>
  <Point>
    <coordinates>86.07940021747753,26.737501032297647 </coordinates>
  </Point>
</Placemark><Placemark>
  <ExtendedData>
    <Data name='ag'>
      <value>1</value>
    </Data>
    <Data name='system:index'>
      <value>506</value>
    </Data>
  </ExtendedData>
  <Point>
    <coordinates>80.87168685237984,28.511314392320052 </coordinates>
  </Point>
</Placemark><Placemark>
  <ExtendedData>
    <Data name='ag'>
      <value>1</value>
    </Data>
    <Data name='system:index'>
      <value>507</value>
    </Data>
  </ExtendedData>
  <Point>
    <coordinates>86.96199498412497,26.7040837037284 </coordinates>
  </Point>
</Placemark><Placemark>
  <ExtendedData>
    <Data name='ag'>
      <value>1</value>
    </Data>
    <Data name='system:index'>
      <value>508</value>
    </Data>
  </ExtendedData>
  <Point>
    <coordinates>82.59537421954838,28.337490384842926 </coordinates>
  </Point>
</Placemark><Placemark>
  <ExtendedData>
    <Data name='ag'>
      <value>1</value>
    </Data>
    <Data name='system:index'>
      <value>509</value>
    </Data>
  </ExtendedData>
  <Point>
    <coordinates>85.56628252718846,26.949593270878264 </coordinates>
  </Point>
</Placemark><Placemark>
  <ExtendedData>
    <Data name='ag'>
      <value>1</value>
    </Data>
    <Data name='system:index'>
      <value>510</value>
    </Data>
  </ExtendedData>
  <Point>
    <coordinates>85.10679425936132,27.83057107001428 </coordinates>
  </Point>
</Placemark><Placemark>
  <ExtendedData>
    <Data name='ag'>
      <value>1</value>
    </Data>
    <Data name='system:index'>
      <value>511</value>
    </Data>
  </ExtendedData>
  <Point>
    <coordinates>84.21907909559441,27.67884561852649 </coordinates>
  </Point>
</Placemark><Placemark>
  <ExtendedData>
    <Data name='ag'>
      <value>1</value>
    </Data>
    <Data name='system:index'>
      <value>512</value>
    </Data>
  </ExtendedData>
  <Point>
    <coordinates>85.04507999934232,27.125303740452043 </coordinates>
  </Point>
</Placemark><Placemark>
  <ExtendedData>
    <Data name='ag'>
      <value>1</value>
    </Data>
    <Data name='system:index'>
      <value>513</value>
    </Data>
  </ExtendedData>
  <Point>
    <coordinates>85.98858054225305,26.912403018115718 </coordinates>
  </Point>
</Placemark><Placemark>
  <ExtendedData>
    <Data name='ag'>
      <value>1</value>
    </Data>
    <Data name='system:index'>
      <value>514</value>
    </Data>
  </ExtendedData>
  <Point>
    <coordinates>87.62090924502664,26.437014569759665 </coordinates>
  </Point>
</Placemark><Placemark>
  <ExtendedData>
    <Data name='ag'>
      <value>1</value>
    </Data>
    <Data name='system:index'>
      <value>515</value>
    </Data>
  </ExtendedData>
  <Point>
    <coordinates>83.57768198273308,28.13563894050127 </coordinates>
  </Point>
</Placemark><Placemark>
  <ExtendedData>
    <Data name='ag'>
      <value>1</value>
    </Data>
    <Data name='system:index'>
      <value>516</value>
    </Data>
  </ExtendedData>
  <Point>
    <coordinates>81.08000616676716,29.61516421344612 </coordinates>
  </Point>
</Placemark><Placemark>
  <ExtendedData>
    <Data name='ag'>
      <value>1</value>
    </Data>
    <Data name='system:index'>
      <value>517</value>
    </Data>
  </ExtendedData>
  <Point>
    <coordinates>82.58082151194564,27.80469958983164 </coordinates>
  </Point>
</Placemark><Placemark>
  <ExtendedData>
    <Data name='ag'>
      <value>1</value>
    </Data>
    <Data name='system:index'>
      <value>518</value>
    </Data>
  </ExtendedData>
  <Point>
    <coordinates>84.83514371744359,28.22591962655528 </coordinates>
  </Point>
</Placemark><Placemark>
  <ExtendedData>
    <Data name='ag'>
      <value>1</value>
    </Data>
    <Data name='system:index'>
      <value>519</value>
    </Data>
  </ExtendedData>
  <Point>
    <coordinates>82.92496609729183,28.210558435196837 </coordinates>
  </Point>
</Placemark><Placemark>
  <ExtendedData>
    <Data name='ag'>
      <value>1</value>
    </Data>
    <Data name='system:index'>
      <value>520</value>
    </Data>
  </ExtendedData>
  <Point>
    <coordinates>81.99709624032478,29.23463785909309 </coordinates>
  </Point>
</Placemark><Placemark>
  <ExtendedData>
    <Data name='ag'>
      <value>1</value>
    </Data>
    <Data name='system:index'>
      <value>521</value>
    </Data>
  </ExtendedData>
  <Point>
    <coordinates>81.73811194391313,28.624502118119114 </coordinates>
  </Point>
</Placemark><Placemark>
  <ExtendedData>
    <Data name='ag'>
      <value>1</value>
    </Data>
    <Data name='system:index'>
      <value>522</value>
    </Data>
  </ExtendedData>
  <Point>
    <coordinates>85.59457945863822,27.11641041913926 </coordinates>
  </Point>
</Placemark><Placemark>
  <ExtendedData>
    <Data name='ag'>
      <value>1</value>
    </Data>
    <Data name='system:index'>
      <value>523</value>
    </Data>
  </ExtendedData>
  <Point>
    <coordinates>81.60848504841468,28.889684789991197 </coordinates>
  </Point>
</Placemark><Placemark>
  <ExtendedData>
    <Data name='ag'>
      <value>1</value>
    </Data>
    <Data name='system:index'>
      <value>524</value>
    </Data>
  </ExtendedData>
  <Point>
    <coordinates>86.64614733022854,26.578229732423257 </coordinates>
  </Point>
</Placemark><Placemark>
  <ExtendedData>
    <Data name='ag'>
      <value>1</value>
    </Data>
    <Data name='system:index'>
      <value>525</value>
    </Data>
  </ExtendedData>
  <Point>
    <coordinates>81.8844475036962,28.046705727373435 </coordinates>
  </Point>
</Placemark><Placemark>
  <ExtendedData>
    <Data name='ag'>
      <value>1</value>
    </Data>
    <Data name='system:index'>
      <value>526</value>
    </Data>
  </ExtendedData>
  <Point>
    <coordinates>83.05216754152316,28.48301746087029 </coordinates>
  </Point>
</Placemark><Placemark>
  <ExtendedData>
    <Data name='ag'>
      <value>1</value>
    </Data>
    <Data name='system:index'>
      <value>527</value>
    </Data>
  </ExtendedData>
  <Point>
    <coordinates>85.85571971173178,26.576343270326603 </coordinates>
  </Point>
</Placemark><Placemark>
  <ExtendedData>
    <Data name='ag'>
      <value>1</value>
    </Data>
    <Data name='system:index'>
      <value>528</value>
    </Data>
  </ExtendedData>
  <Point>
    <coordinates>86.09934281678498,27.54948821761328 </coordinates>
  </Point>
</Placemark><Placemark>
  <ExtendedData>
    <Data name='ag'>
      <value>1</value>
    </Data>
    <Data name='system:index'>
      <value>529</value>
    </Data>
  </ExtendedData>
  <Point>
    <coordinates>85.03403072134765,26.977351213157558 </coordinates>
  </Point>
</Placemark><Placemark>
  <ExtendedData>
    <Data name='ag'>
      <value>1</value>
    </Data>
    <Data name='system:index'>
      <value>530</value>
    </Data>
  </ExtendedData>
  <Point>
    <coordinates>80.58817854871172,28.814226306125157 </coordinates>
  </Point>
</Placemark><Placemark>
  <ExtendedData>
    <Data name='ag'>
      <value>1</value>
    </Data>
    <Data name='system:index'>
      <value>531</value>
    </Data>
  </ExtendedData>
  <Point>
    <coordinates>80.75068378360895,28.760327389077986 </coordinates>
  </Point>
</Placemark><Placemark>
  <ExtendedData>
    <Data name='ag'>
      <value>1</value>
    </Data>
    <Data name='system:index'>
      <value>533</value>
    </Data>
  </ExtendedData>
  <Point>
    <coordinates>85.12323342906072,26.930728649911757 </coordinates>
  </Point>
</Placemark><Placemark>
  <ExtendedData>
    <Data name='ag'>
      <value>1</value>
    </Data>
    <Data name='system:index'>
      <value>534</value>
    </Data>
  </ExtendedData>
  <Point>
    <coordinates>82.3204897426078,28.30218659417703 </coordinates>
  </Point>
</Placemark><Placemark>
  <ExtendedData>
    <Data name='ag'>
      <value>1</value>
    </Data>
    <Data name='system:index'>
      <value>535</value>
    </Data>
  </ExtendedData>
  <Point>
    <coordinates>84.37781140629833,28.2065160164183 </coordinates>
  </Point>
</Placemark><Placemark>
  <ExtendedData>
    <Data name='ag'>
      <value>1</value>
    </Data>
    <Data name='system:index'>
      <value>536</value>
    </Data>
  </ExtendedData>
  <Point>
    <coordinates>87.76886177232112,26.488488035539714 </coordinates>
  </Point>
</Placemark><Placemark>
  <ExtendedData>
    <Data name='ag'>
      <value>1</value>
    </Data>
    <Data name='system:index'>
      <value>537</value>
    </Data>
  </ExtendedData>
  <Point>
    <coordinates>87.3357839738471,27.143629372248082 </coordinates>
  </Point>
</Placemark><Placemark>
  <ExtendedData>
    <Data name='ag'>
      <value>1</value>
    </Data>
    <Data name='system:index'>
      <value>539</value>
    </Data>
  </ExtendedData>
  <Point>
    <coordinates>87.2975157427436,26.580116194519906 </coordinates>
  </Point>
</Placemark><Placemark>
  <ExtendedData>
    <Data name='ag'>
      <value>1</value>
    </Data>
    <Data name='system:index'>
      <value>541</value>
    </Data>
  </ExtendedData>
  <Point>
    <coordinates>87.87046123095503,27.337934968203136 </coordinates>
  </Point>
</Placemark><Placemark>
  <ExtendedData>
    <Data name='ag'>
      <value>1</value>
    </Data>
    <Data name='system:index'>
      <value>542</value>
    </Data>
  </ExtendedData>
  <Point>
    <coordinates>80.83126266459446,28.529909518701327 </coordinates>
  </Point>
</Placemark><Placemark>
  <ExtendedData>
    <Data name='ag'>
      <value>1</value>
    </Data>
    <Data name='system:index'>
      <value>543</value>
    </Data>
  </ExtendedData>
  <Point>
    <coordinates>81.95640255795416,28.253677568834576 </coordinates>
  </Point>
</Placemark><Placemark>
  <ExtendedData>
    <Data name='ag'>
      <value>1</value>
    </Data>
    <Data name='system:index'>
      <value>544</value>
    </Data>
  </ExtendedData>
  <Point>
    <coordinates>82.45550652981098,28.48032251501793 </coordinates>
  </Point>
</Placemark><Placemark>
  <ExtendedData>
    <Data name='ag'>
      <value>1</value>
    </Data>
    <Data name='system:index'>
      <value>545</value>
    </Data>
  </ExtendedData>
  <Point>
    <coordinates>86.59009245649948,26.599789299242122 </coordinates>
  </Point>
</Placemark><Placemark>
  <ExtendedData>
    <Data name='ag'>
      <value>1</value>
    </Data>
    <Data name='system:index'>
      <value>546</value>
    </Data>
  </ExtendedData>
  <Point>
    <coordinates>83.22949497860836,28.388424861452503 </coordinates>
  </Point>
</Placemark><Placemark>
  <ExtendedData>
    <Data name='ag'>
      <value>1</value>
    </Data>
    <Data name='system:index'>
      <value>547</value>
    </Data>
  </ExtendedData>
  <Point>
    <coordinates>83.37636952756189,27.62764164733168 </coordinates>
  </Point>
</Placemark><Placemark>
  <ExtendedData>
    <Data name='ag'>
      <value>1</value>
    </Data>
    <Data name='system:index'>
      <value>548</value>
    </Data>
  </ExtendedData>
  <Point>
    <coordinates>82.54470923752405,27.824911683724327 </coordinates>
  </Point>
</Placemark><Placemark>
  <ExtendedData>
    <Data name='ag'>
      <value>1</value>
    </Data>
    <Data name='system:index'>
      <value>550</value>
    </Data>
  </ExtendedData>
  <Point>
    <coordinates>85.46064064977601,27.597458253785263 </coordinates>
  </Point>
</Placemark><Placemark>
  <ExtendedData>
    <Data name='ag'>
      <value>1</value>
    </Data>
    <Data name='system:index'>
      <value>551</value>
    </Data>
  </ExtendedData>
  <Point>
    <coordinates>82.38166501345634,28.028649590162633 </coordinates>
  </Point>
</Placemark><Placemark>
  <ExtendedData>
    <Data name='ag'>
      <value>1</value>
    </Data>
    <Data name='system:index'>
      <value>553</value>
    </Data>
  </ExtendedData>
  <Point>
    <coordinates>80.76873992081974,28.58569489784515 </coordinates>
  </Point>
</Placemark><Placemark>
  <ExtendedData>
    <Data name='ag'>
      <value>1</value>
    </Data>
    <Data name='system:index'>
      <value>554</value>
    </Data>
  </ExtendedData>
  <Point>
    <coordinates>85.10086537848613,27.37458623179521 </coordinates>
  </Point>
</Placemark><Placemark>
  <ExtendedData>
    <Data name='ag'>
      <value>1</value>
    </Data>
    <Data name='system:index'>
      <value>555</value>
    </Data>
  </ExtendedData>
  <Point>
    <coordinates>84.34008216436531,27.606351575098046 </coordinates>
  </Point>
</Placemark><Placemark>
  <ExtendedData>
    <Data name='ag'>
      <value>1</value>
    </Data>
    <Data name='system:index'>
      <value>556</value>
    </Data>
  </ExtendedData>
  <Point>
    <coordinates>81.63381753942684,28.884564392871713 </coordinates>
  </Point>
</Placemark><Placemark>
  <ExtendedData>
    <Data name='ag'>
      <value>1</value>
    </Data>
    <Data name='system:index'>
      <value>557</value>
    </Data>
  </ExtendedData>
  <Point>
    <coordinates>83.79543360760366,27.48454002257144 </coordinates>
  </Point>
</Placemark><Placemark>
  <ExtendedData>
    <Data name='ag'>
      <value>1</value>
    </Data>
    <Data name='system:index'>
      <value>558</value>
    </Data>
  </ExtendedData>
  <Point>
    <coordinates>82.19005436335365,29.61705067554277 </coordinates>
  </Point>
</Placemark><Placemark>
  <ExtendedData>
    <Data name='ag'>
      <value>1</value>
    </Data>
    <Data name='system:index'>
      <value>559</value>
    </Data>
  </ExtendedData>
  <Point>
    <coordinates>83.4057444373526,27.79472829017791 </coordinates>
  </Point>
</Placemark><Placemark>
  <ExtendedData>
    <Data name='ag'>
      <value>1</value>
    </Data>
    <Data name='system:index'>
      <value>560</value>
    </Data>
  </ExtendedData>
  <Point>
    <coordinates>86.94932873861887,27.1279986863044 </coordinates>
  </Point>
</Placemark><Placemark>
  <ExtendedData>
    <Data name='ag'>
      <value>1</value>
    </Data>
    <Data name='system:index'>
      <value>561</value>
    </Data>
  </ExtendedData>
  <Point>
    <coordinates>87.32716014711954,26.805144173191845 </coordinates>
  </Point>
</Placemark><Placemark>
  <ExtendedData>
    <Data name='ag'>
      <value>1</value>
    </Data>
    <Data name='system:index'>
      <value>562</value>
    </Data>
  </ExtendedData>
  <Point>
    <coordinates>86.52217982102005,27.011307530897277 </coordinates>
  </Point>
</Placemark><Placemark>
  <ExtendedData>
    <Data name='ag'>
      <value>1</value>
    </Data>
    <Data name='system:index'>
      <value>563</value>
    </Data>
  </ExtendedData>
  <Point>
    <coordinates>86.60841808829552,27.224747242404074 </coordinates>
  </Point>
</Placemark><Placemark>
  <ExtendedData>
    <Data name='ag'>
      <value>1</value>
    </Data>
    <Data name='system:index'>
      <value>564</value>
    </Data>
  </ExtendedData>
  <Point>
    <coordinates>82.30647602417554,28.16878677448528 </coordinates>
  </Point>
</Placemark><Placemark>
  <ExtendedData>
    <Data name='ag'>
      <value>1</value>
    </Data>
    <Data name='system:index'>
      <value>565</value>
    </Data>
  </ExtendedData>
  <Point>
    <coordinates>81.78554299091464,28.602134067544537 </coordinates>
  </Point>
</Placemark><Placemark>
  <ExtendedData>
    <Data name='ag'>
      <value>1</value>
    </Data>
    <Data name='system:index'>
      <value>566</value>
    </Data>
  </ExtendedData>
  <Point>
    <coordinates>86.71352097653751,27.19375536510195 </coordinates>
  </Point>
</Placemark><Placemark>
  <ExtendedData>
    <Data name='ag'>
      <value>1</value>
    </Data>
    <Data name='system:index'>
      <value>567</value>
    </Data>
  </ExtendedData>
  <Point>
    <coordinates>85.55819768963138,27.436300491814222 </coordinates>
  </Point>
</Placemark><Placemark>
  <ExtendedData>
    <Data name='ag'>
      <value>1</value>
    </Data>
    <Data name='system:index'>
      <value>568</value>
    </Data>
  </ExtendedData>
  <Point>
    <coordinates>80.30386176128789,28.742810241037652 </coordinates>
  </Point>
</Placemark><Placemark>
  <ExtendedData>
    <Data name='ag'>
      <value>1</value>
    </Data>
    <Data name='system:index'>
      <value>569</value>
    </Data>
  </ExtendedData>
  <Point>
    <coordinates>85.36928198538105,26.994868361197888 </coordinates>
  </Point>
</Placemark><Placemark>
  <ExtendedData>
    <Data name='ag'>
      <value>1</value>
    </Data>
    <Data name='system:index'>
      <value>571</value>
    </Data>
  </ExtendedData>
  <Point>
    <coordinates>84.80172638887434,27.073830274671995 </coordinates>
  </Point>
</Placemark><Placemark>
  <ExtendedData>
    <Data name='ag'>
      <value>1</value>
    </Data>
    <Data name='system:index'>
      <value>572</value>
    </Data>
  </ExtendedData>
  <Point>
    <coordinates>85.34745292397695,26.902701213047227 </coordinates>
  </Point>
</Placemark><Placemark>
  <ExtendedData>
    <Data name='ag'>
      <value>1</value>
    </Data>
    <Data name='system:index'>
      <value>573</value>
    </Data>
  </ExtendedData>
  <Point>
    <coordinates>85.09251104634383,28.171212225752402 </coordinates>
  </Point>
</Placemark><Placemark>
  <ExtendedData>
    <Data name='ag'>
      <value>1</value>
    </Data>
    <Data name='system:index'>
      <value>574</value>
    </Data>
  </ExtendedData>
  <Point>
    <coordinates>88.07554661031952,26.491452475977308 </coordinates>
  </Point>
</Placemark><Placemark>
  <ExtendedData>
    <Data name='ag'>
      <value>1</value>
    </Data>
    <Data name='system:index'>
      <value>575</value>
    </Data>
  </ExtendedData>
  <Point>
    <coordinates>87.26355942500389,27.592876845836255 </coordinates>
  </Point>
</Placemark><Placemark>
  <ExtendedData>
    <Data name='ag'>
      <value>1</value>
    </Data>
    <Data name='system:index'>
      <value>576</value>
    </Data>
  </ExtendedData>
  <Point>
    <coordinates>87.82868957024348,26.603023234264953 </coordinates>
  </Point>
</Placemark><Placemark>
  <ExtendedData>
    <Data name='ag'>
      <value>1</value>
    </Data>
    <Data name='system:index'>
      <value>577</value>
    </Data>
  </ExtendedData>
  <Point>
    <coordinates>82.03994587937729,29.32653551265852 </coordinates>
  </Point>
</Placemark><Placemark>
  <ExtendedData>
    <Data name='ag'>
      <value>1</value>
    </Data>
    <Data name='system:index'>
      <value>578</value>
    </Data>
  </ExtendedData>
  <Point>
    <coordinates>85.96621249167848,26.71701944381972 </coordinates>
  </Point>
</Placemark><Placemark>
  <ExtendedData>
    <Data name='ag'>
      <value>1</value>
    </Data>
    <Data name='system:index'>
      <value>579</value>
    </Data>
  </ExtendedData>
  <Point>
    <coordinates>85.60455075829195,26.94204742249166 </coordinates>
  </Point>
</Placemark><Placemark>
  <ExtendedData>
    <Data name='ag'>
      <value>1</value>
    </Data>
    <Data name='system:index'>
      <value>580</value>
    </Data>
  </ExtendedData>
  <Point>
    <coordinates>82.16876429112003,28.12971005962608 </coordinates>
  </Point>
</Placemark><Placemark>
  <ExtendedData>
    <Data name='ag'>
      <value>1</value>
    </Data>
    <Data name='system:index'>
      <value>581</value>
    </Data>
  </ExtendedData>
  <Point>
    <coordinates>80.68627457773758,28.7619443565894 </coordinates>
  </Point>
</Placemark><Placemark>
  <ExtendedData>
    <Data name='ag'>
      <value>1</value>
    </Data>
    <Data name='system:index'>
      <value>582</value>
    </Data>
  </ExtendedData>
  <Point>
    <coordinates>82.05072566278672,29.599803022087677 </coordinates>
  </Point>
</Placemark><Placemark>
  <ExtendedData>
    <Data name='ag'>
      <value>1</value>
    </Data>
    <Data name='system:index'>
      <value>583</value>
    </Data>
  </ExtendedData>
  <Point>
    <coordinates>83.60328396833049,28.482478471699817 </coordinates>
  </Point>
</Placemark><Placemark>
  <ExtendedData>
    <Data name='ag'>
      <value>1</value>
    </Data>
    <Data name='system:index'>
      <value>584</value>
    </Data>
  </ExtendedData>
  <Point>
    <coordinates>81.71574389333854,28.4522950781534 </coordinates>
  </Point>
</Placemark><Placemark>
  <ExtendedData>
    <Data name='ag'>
      <value>1</value>
    </Data>
    <Data name='system:index'>
      <value>585</value>
    </Data>
  </ExtendedData>
  <Point>
    <coordinates>81.59150688954482,28.77110717248742 </coordinates>
  </Point>
</Placemark><Placemark>
  <ExtendedData>
    <Data name='ag'>
      <value>1</value>
    </Data>
    <Data name='system:index'>
      <value>586</value>
    </Data>
  </ExtendedData>
  <Point>
    <coordinates>84.79256357297632,27.0280161951819 </coordinates>
  </Point>
</Placemark><Placemark>
  <ExtendedData>
    <Data name='ag'>
      <value>1</value>
    </Data>
    <Data name='system:index'>
      <value>587</value>
    </Data>
  </ExtendedData>
  <Point>
    <coordinates>82.38004804594493,28.783773417993505 </coordinates>
  </Point>
</Placemark><Placemark>
  <ExtendedData>
    <Data name='ag'>
      <value>1</value>
    </Data>
    <Data name='system:index'>
      <value>588</value>
    </Data>
  </ExtendedData>
  <Point>
    <coordinates>85.3951534655637,26.863085509017555 </coordinates>
  </Point>
</Placemark><Placemark>
  <ExtendedData>
    <Data name='ag'>
      <value>1</value>
    </Data>
    <Data name='system:index'>
      <value>589</value>
    </Data>
  </ExtendedData>
  <Point>
    <coordinates>84.22473848188437,28.147496702251647 </coordinates>
  </Point>
</Placemark><Placemark>
  <ExtendedData>
    <Data name='ag'>
      <value>1</value>
    </Data>
    <Data name='system:index'>
      <value>590</value>
    </Data>
  </ExtendedData>
  <Point>
    <coordinates>86.70920906317373,26.879524678716944 </coordinates>
  </Point>
</Placemark><Placemark>
  <ExtendedData>
    <Data name='ag'>
      <value>1</value>
    </Data>
    <Data name='system:index'>
      <value>591</value>
    </Data>
  </ExtendedData>
  <Point>
    <coordinates>87.69394227762555,26.63051168195901 </coordinates>
  </Point>
</Placemark><Placemark>
  <ExtendedData>
    <Data name='ag'>
      <value>1</value>
    </Data>
    <Data name='system:index'>
      <value>594</value>
    </Data>
  </ExtendedData>
  <Point>
    <coordinates>85.14964389841383,26.89084345129685 </coordinates>
  </Point>
</Placemark><Placemark>
  <ExtendedData>
    <Data name='ag'>
      <value>1</value>
    </Data>
    <Data name='system:index'>
      <value>595</value>
    </Data>
  </ExtendedData>
  <Point>
    <coordinates>83.16562476190745,28.128901575870373 </coordinates>
  </Point>
</Placemark><Placemark>
  <ExtendedData>
    <Data name='ag'>
      <value>1</value>
    </Data>
    <Data name='system:index'>
      <value>596</value>
    </Data>
  </ExtendedData>
  <Point>
    <coordinates>80.66714046218583,29.691970170238342 </coordinates>
  </Point>
</Placemark><Placemark>
  <ExtendedData>
    <Data name='ag'>
      <value>1</value>
    </Data>
    <Data name='system:index'>
      <value>597</value>
    </Data>
  </ExtendedData>
  <Point>
    <coordinates>83.77764696497809,27.89255482461853 </coordinates>
  </Point>
</Placemark><Placemark>
  <ExtendedData>
    <Data name='ag'>
      <value>1</value>
    </Data>
    <Data name='system:index'>
      <value>598</value>
    </Data>
  </ExtendedData>
  <Point>
    <coordinates>83.0284520180224,27.467831358286816 </coordinates>
  </Point>
</Placemark><Placemark>
  <ExtendedData>
    <Data name='ag'>
      <value>1</value>
    </Data>
    <Data name='system:index'>
      <value>599</value>
    </Data>
  </ExtendedData>
  <Point>
    <coordinates>82.96512079049198,27.56646637648314 </coordinates>
  </Point>
</Placemark><Placemark>
  <ExtendedData>
    <Data name='ag'>
      <value>1</value>
    </Data>
    <Data name='system:index'>
      <value>600</value>
    </Data>
  </ExtendedData>
  <Point>
    <coordinates>81.52817566201439,28.256911503857406 </coordinates>
  </Point>
</Placemark><Placemark>
  <ExtendedData>
    <Data name='ag'>
      <value>1</value>
    </Data>
    <Data name='system:index'>
      <value>601</value>
    </Data>
  </ExtendedData>
  <Point>
    <coordinates>85.90422873707422,27.433336051376628 </coordinates>
  </Point>
</Placemark><Placemark>
  <ExtendedData>
    <Data name='ag'>
      <value>1</value>
    </Data>
    <Data name='system:index'>
      <value>602</value>
    </Data>
  </ExtendedData>
  <Point>
    <coordinates>82.38462945389394,28.493797244279722 </coordinates>
  </Point>
</Placemark><Placemark>
  <ExtendedData>
    <Data name='ag'>
      <value>1</value>
    </Data>
    <Data name='system:index'>
      <value>603</value>
    </Data>
  </ExtendedData>
  <Point>
    <coordinates>81.00670363958301,28.476280096239392 </coordinates>
  </Point>
</Placemark><Placemark>
  <ExtendedData>
    <Data name='ag'>
      <value>1</value>
    </Data>
    <Data name='system:index'>
      <value>604</value>
    </Data>
  </ExtendedData>
  <Point>
    <coordinates>80.79326392807621,28.573567641509538 </coordinates>
  </Point>
</Placemark><Placemark>
  <ExtendedData>
    <Data name='ag'>
      <value>1</value>
    </Data>
    <Data name='system:index'>
      <value>605</value>
    </Data>
  </ExtendedData>
  <Point>
    <coordinates>86.57338379221486,27.065475942529684 </coordinates>
  </Point>
</Placemark><Placemark>
  <ExtendedData>
    <Data name='ag'>
      <value>1</value>
    </Data>
    <Data name='system:index'>
      <value>606</value>
    </Data>
  </ExtendedData>
  <Point>
    <coordinates>80.19471645426736,28.785659880090154 </coordinates>
  </Point>
</Placemark><Placemark>
  <ExtendedData>
    <Data name='ag'>
      <value>1</value>
    </Data>
    <Data name='system:index'>
      <value>607</value>
    </Data>
  </ExtendedData>
  <Point>
    <coordinates>85.58945906151875,27.262476484337096 </coordinates>
  </Point>
</Placemark><Placemark>
  <ExtendedData>
    <Data name='ag'>
      <value>1</value>
    </Data>
    <Data name='system:index'>
      <value>608</value>
    </Data>
  </ExtendedData>
  <Point>
    <coordinates>81.69714876695727,29.11174832822554 </coordinates>
  </Point>
</Placemark><Placemark>
  <ExtendedData>
    <Data name='ag'>
      <value>1</value>
    </Data>
    <Data name='system:index'>
      <value>609</value>
    </Data>
  </ExtendedData>
  <Point>
    <coordinates>87.35357061647267,26.401171789923296 </coordinates>
  </Point>
</Placemark><Placemark>
  <ExtendedData>
    <Data name='ag'>
      <value>1</value>
    </Data>
    <Data name='system:index'>
      <value>610</value>
    </Data>
  </ExtendedData>
  <Point>
    <coordinates>82.36145291956366,27.849974680151263 </coordinates>
  </Point>
</Placemark><Placemark>
  <ExtendedData>
    <Data name='ag'>
      <value>1</value>
    </Data>
    <Data name='system:index'>
      <value>611</value>
    </Data>
  </ExtendedData>
  <Point>
    <coordinates>82.84869912967008,27.506908073146015 </coordinates>
  </Point>
</Placemark><Placemark>
  <ExtendedData>
    <Data name='ag'>
      <value>1</value>
    </Data>
    <Data name='system:index'>
      <value>612</value>
    </Data>
  </ExtendedData>
  <Point>
    <coordinates>81.48074461501288,28.102760601102496 </coordinates>
  </Point>
</Placemark><Placemark>
  <ExtendedData>
    <Data name='ag'>
      <value>1</value>
    </Data>
    <Data name='system:index'>
      <value>613</value>
    </Data>
  </ExtendedData>
  <Point>
    <coordinates>85.42021646199063,26.946359335855433 </coordinates>
  </Point>
</Placemark><Placemark>
  <ExtendedData>
    <Data name='ag'>
      <value>1</value>
    </Data>
    <Data name='system:index'>
      <value>614</value>
    </Data>
  </ExtendedData>
  <Point>
    <coordinates>82.99207024901555,27.460016015314977 </coordinates>
  </Point>
</Placemark><Placemark>
  <ExtendedData>
    <Data name='ag'>
      <value>1</value>
    </Data>
    <Data name='system:index'>
      <value>615</value>
    </Data>
  </ExtendedData>
  <Point>
    <coordinates>85.88967602947149,26.839639480102036 </coordinates>
  </Point>
</Placemark><Placemark>
  <ExtendedData>
    <Data name='ag'>
      <value>1</value>
    </Data>
    <Data name='system:index'>
      <value>616</value>
    </Data>
  </ExtendedData>
  <Point>
    <coordinates>84.23147584651527,27.834074499622346 </coordinates>
  </Point>
</Placemark><Placemark>
  <ExtendedData>
    <Data name='ag'>
      <value>1</value>
    </Data>
    <Data name='system:index'>
      <value>617</value>
    </Data>
  </ExtendedData>
  <Point>
    <coordinates>83.7506975064545,27.467561863701583 </coordinates>
  </Point>
</Placemark><Placemark>
  <ExtendedData>
    <Data name='ag'>
      <value>1</value>
    </Data>
    <Data name='system:index'>
      <value>618</value>
    </Data>
  </ExtendedData>
  <Point>
    <coordinates>87.18271104943312,26.542117458001652 </coordinates>
  </Point>
</Placemark><Placemark>
  <ExtendedData>
    <Data name='ag'>
      <value>1</value>
    </Data>
    <Data name='system:index'>
      <value>619</value>
    </Data>
  </ExtendedData>
  <Point>
    <coordinates>84.7502529230943,28.043471792350605 </coordinates>
  </Point>
</Placemark><Placemark>
  <ExtendedData>
    <Data name='ag'>
      <value>1</value>
    </Data>
    <Data name='system:index'>
      <value>620</value>
    </Data>
  </ExtendedData>
  <Point>
    <coordinates>84.81142819394283,27.077872693450534 </coordinates>
  </Point>
</Placemark><Placemark>
  <ExtendedData>
    <Data name='ag'>
      <value>1</value>
    </Data>
    <Data name='system:index'>
      <value>621</value>
    </Data>
  </ExtendedData>
  <Point>
    <coordinates>81.3554296328782,28.860579374785722 </coordinates>
  </Point>
</Placemark><Placemark>
  <ExtendedData>
    <Data name='ag'>
      <value>1</value>
    </Data>
    <Data name='system:index'>
      <value>622</value>
    </Data>
  </ExtendedData>
  <Point>
    <coordinates>84.71279317574651,27.1490192639528 </coordinates>
  </Point>
</Placemark><Placemark>
  <ExtendedData>
    <Data name='ag'>
      <value>1</value>
    </Data>
    <Data name='system:index'>
      <value>623</value>
    </Data>
  </ExtendedData>
  <Point>
    <coordinates>85.97268036172413,27.43495301888804 </coordinates>
  </Point>
</Placemark><Placemark>
  <ExtendedData>
    <Data name='ag'>
      <value>1</value>
    </Data>
    <Data name='system:index'>
      <value>624</value>
    </Data>
  </ExtendedData>
  <Point>
    <coordinates>87.76886177232112,26.937196519957414 </coordinates>
  </Point>
</Placemark><Placemark>
  <ExtendedData>
    <Data name='ag'>
      <value>1</value>
    </Data>
    <Data name='system:index'>
      <value>625</value>
    </Data>
  </ExtendedData>
  <Point>
    <coordinates>83.47311808366156,28.135908435086506 </coordinates>
  </Point>
</Placemark><Placemark>
  <ExtendedData>
    <Data name='ag'>
      <value>1</value>
    </Data>
    <Data name='system:index'>
      <value>626</value>
    </Data>
  </ExtendedData>
  <Point>
    <coordinates>87.60824299952054,26.407909154554194 </coordinates>
  </Point>
</Placemark><Placemark>
  <ExtendedData>
    <Data name='ag'>
      <value>1</value>
    </Data>
    <Data name='system:index'>
      <value>628</value>
    </Data>
  </ExtendedData>
  <Point>
    <coordinates>84.69015563058669,27.068170888382042 </coordinates>
  </Point>
</Placemark><Placemark>
  <ExtendedData>
    <Data name='ag'>
      <value>1</value>
    </Data>
    <Data name='system:index'>
      <value>629</value>
    </Data>
  </ExtendedData>
  <Point>
    <coordinates>85.79211898961611,26.888956989200196 </coordinates>
  </Point>
</Placemark><Placemark>
  <ExtendedData>
    <Data name='ag'>
      <value>1</value>
    </Data>
    <Data name='system:index'>
      <value>630</value>
    </Data>
  </ExtendedData>
  <Point>
    <coordinates>81.87986609574718,29.91780663266599 </coordinates>
  </Point>
</Placemark><Placemark>
  <ExtendedData>
    <Data name='ag'>
      <value>1</value>
    </Data>
    <Data name='system:index'>
      <value>631</value>
    </Data>
  </ExtendedData>
  <Point>
    <coordinates>87.36974029158681,26.74908929946279 </coordinates>
  </Point>
</Placemark><Placemark>
  <ExtendedData>
    <Data name='ag'>
      <value>1</value>
    </Data>
    <Data name='system:index'>
      <value>632</value>
    </Data>
  </ExtendedData>
  <Point>
    <coordinates>85.794274946298,26.66042558092019 </coordinates>
  </Point>
</Placemark><Placemark>
  <ExtendedData>
    <Data name='ag'>
      <value>1</value>
    </Data>
    <Data name='system:index'>
      <value>633</value>
    </Data>
  </ExtendedData>
  <Point>
    <coordinates>85.29867440404925,27.033136592301382 </coordinates>
  </Point>
</Placemark><Placemark>
  <ExtendedData>
    <Data name='ag'>
      <value>1</value>
    </Data>
    <Data name='system:index'>
      <value>634</value>
    </Data>
  </ExtendedData>
  <Point>
    <coordinates>86.24486989281235,26.757713126190335 </coordinates>
  </Point>
</Placemark><Placemark>
  <ExtendedData>
    <Data name='ag'>
      <value>1</value>
    </Data>
    <Data name='system:index'>
      <value>635</value>
    </Data>
  </ExtendedData>
  <Point>
    <coordinates>83.69086970853213,27.846740745128432 </coordinates>
  </Point>
</Placemark><Placemark>
  <ExtendedData>
    <Data name='ag'>
      <value>1</value>
    </Data>
    <Data name='system:index'>
      <value>636</value>
    </Data>
  </ExtendedData>
  <Point>
    <coordinates>81.7852734963294,27.948070709177113 </coordinates>
  </Point>
</Placemark><Placemark>
  <ExtendedData>
    <Data name='ag'>
      <value>1</value>
    </Data>
    <Data name='system:index'>
      <value>637</value>
    </Data>
  </ExtendedData>
  <Point>
    <coordinates>85.35553776153402,27.03690951649468 </coordinates>
  </Point>
</Placemark><Placemark>
  <ExtendedData>
    <Data name='ag'>
      <value>1</value>
    </Data>
    <Data name='system:index'>
      <value>638</value>
    </Data>
  </ExtendedData>
  <Point>
    <coordinates>83.85957331888979,27.590181899983897 </coordinates>
  </Point>
</Placemark><Placemark>
  <ExtendedData>
    <Data name='ag'>
      <value>1</value>
    </Data>
    <Data name='system:index'>
      <value>639</value>
    </Data>
  </ExtendedData>
  <Point>
    <coordinates>80.55853414433578,28.84979959137629 </coordinates>
  </Point>
</Placemark><Placemark>
  <ExtendedData>
    <Data name='ag'>
      <value>1</value>
    </Data>
    <Data name='system:index'>
      <value>640</value>
    </Data>
  </ExtendedData>
  <Point>
    <coordinates>83.64101321026351,28.282782984040047 </coordinates>
  </Point>
</Placemark><Placemark>
  <ExtendedData>
    <Data name='ag'>
      <value>1</value>
    </Data>
    <Data name='system:index'>
      <value>641</value>
    </Data>
  </ExtendedData>
  <Point>
    <coordinates>83.9565913695747,27.665640383849937 </coordinates>
  </Point>
</Placemark><Placemark>
  <ExtendedData>
    <Data name='ag'>
      <value>1</value>
    </Data>
    <Data name='system:index'>
      <value>642</value>
    </Data>
  </ExtendedData>
  <Point>
    <coordinates>83.17613505073165,27.532510058743423 </coordinates>
  </Point>
</Placemark><Placemark>
  <ExtendedData>
    <Data name='ag'>
      <value>1</value>
    </Data>
    <Data name='system:index'>
      <value>643</value>
    </Data>
  </ExtendedData>
  <Point>
    <coordinates>87.71954426322296,26.445638396487215 </coordinates>
  </Point>
</Placemark><Placemark>
  <ExtendedData>
    <Data name='ag'>
      <value>1</value>
    </Data>
    <Data name='system:index'>
      <value>644</value>
    </Data>
  </ExtendedData>
  <Point>
    <coordinates>82.4226281904122,28.261492911806414 </coordinates>
  </Point>
</Placemark><Placemark>
  <ExtendedData>
    <Data name='ag'>
      <value>1</value>
    </Data>
    <Data name='system:index'>
      <value>645</value>
    </Data>
  </ExtendedData>
  <Point>
    <coordinates>81.91193595139025,28.035117460208294 </coordinates>
  </Point>
</Placemark><Placemark>
  <ExtendedData>
    <Data name='ag'>
      <value>1</value>
    </Data>
    <Data name='system:index'>
      <value>646</value>
    </Data>
  </ExtendedData>
  <Point>
    <coordinates>86.00609769029339,26.853922693119536 </coordinates>
  </Point>
</Placemark><Placemark>
  <ExtendedData>
    <Data name='ag'>
      <value>1</value>
    </Data>
    <Data name='system:index'>
      <value>647</value>
    </Data>
  </ExtendedData>
  <Point>
    <coordinates>84.97662837469241,27.950496160444235 </coordinates>
  </Point>
</Placemark><Placemark>
  <ExtendedData>
    <Data name='ag'>
      <value>1</value>
    </Data>
    <Data name='system:index'>
      <value>648</value>
    </Data>
  </ExtendedData>
  <Point>
    <coordinates>81.89037638457138,28.715860782514067 </coordinates>
  </Point>
</Placemark><Placemark>
  <ExtendedData>
    <Data name='ag'>
      <value>1</value>
    </Data>
    <Data name='system:index'>
      <value>649</value>
    </Data>
  </ExtendedData>
  <Point>
    <coordinates>83.32947746973086,28.013018904218956 </coordinates>
  </Point>
</Placemark><Placemark>
  <ExtendedData>
    <Data name='ag'>
      <value>1</value>
    </Data>
    <Data name='system:index'>
      <value>650</value>
    </Data>
  </ExtendedData>
  <Point>
    <coordinates>85.91958992843267,26.98381908320322 </coordinates>
  </Point>
</Placemark><Placemark>
  <ExtendedData>
    <Data name='ag'>
      <value>1</value>
    </Data>
    <Data name='system:index'>
      <value>651</value>
    </Data>
  </ExtendedData>
  <Point>
    <coordinates>84.31771411379074,27.614166918069888 </coordinates>
  </Point>
</Placemark><Placemark>
  <ExtendedData>
    <Data name='ag'>
      <value>1</value>
    </Data>
    <Data name='system:index'>
      <value>652</value>
    </Data>
  </ExtendedData>
  <Point>
    <coordinates>82.44149281137871,28.603481540470717 </coordinates>
  </Point>
</Placemark><Placemark>
  <ExtendedData>
    <Data name='ag'>
      <value>1</value>
    </Data>
    <Data name='system:index'>
      <value>653</value>
    </Data>
  </ExtendedData>
  <Point>
    <coordinates>81.55808956097557,28.165283344877214 </coordinates>
  </Point>
</Placemark><Placemark>
  <ExtendedData>
    <Data name='ag'>
      <value>1</value>
    </Data>
    <Data name='system:index'>
      <value>654</value>
    </Data>
  </ExtendedData>
  <Point>
    <coordinates>81.85722855058737,28.06799579960707 </coordinates>
  </Point>
</Placemark><Placemark>
  <ExtendedData>
    <Data name='ag'>
      <value>1</value>
    </Data>
    <Data name='system:index'>
      <value>655</value>
    </Data>
  </ExtendedData>
  <Point>
    <coordinates>85.46306610104313,27.684505004816447 </coordinates>
  </Point>
</Placemark><Placemark>
  <ExtendedData>
    <Data name='ag'>
      <value>1</value>
    </Data>
    <Data name='system:index'>
      <value>658</value>
    </Data>
  </ExtendedData>
  <Point>
    <coordinates>85.96863794294559,27.598536232126207 </coordinates>
  </Point>
</Placemark><Placemark>
  <ExtendedData>
    <Data name='ag'>
      <value>1</value>
    </Data>
    <Data name='system:index'>
      <value>659</value>
    </Data>
  </ExtendedData>
  <Point>
    <coordinates>87.88797837899537,27.155756628583696 </coordinates>
  </Point>
</Placemark><Placemark>
  <ExtendedData>
    <Data name='ag'>
      <value>1</value>
    </Data>
    <Data name='system:index'>
      <value>660</value>
    </Data>
  </ExtendedData>
  <Point>
    <coordinates>87.63411447970319,26.59035698875887 </coordinates>
  </Point>
</Placemark><Placemark>
  <ExtendedData>
    <Data name='ag'>
      <value>1</value>
    </Data>
    <Data name='system:index'>
      <value>661</value>
    </Data>
  </ExtendedData>
  <Point>
    <coordinates>86.43594155374457,26.87763821662029 </coordinates>
  </Point>
</Placemark><Placemark>
  <ExtendedData>
    <Data name='ag'>
      <value>1</value>
    </Data>
    <Data name='system:index'>
      <value>662</value>
    </Data>
  </ExtendedData>
  <Point>
    <coordinates>82.4226281904122,27.868030817362065 </coordinates>
  </Point>
</Placemark><Placemark>
  <ExtendedData>
    <Data name='ag'>
      <value>1</value>
    </Data>
    <Data name='system:index'>
      <value>663</value>
    </Data>
  </ExtendedData>
  <Point>
    <coordinates>82.7608438948832,27.851052658492204 </coordinates>
  </Point>
</Placemark><Placemark>
  <ExtendedData>
    <Data name='ag'>
      <value>1</value>
    </Data>
    <Data name='system:index'>
      <value>664</value>
    </Data>
  </ExtendedData>
  <Point>
    <coordinates>80.53670508293168,28.828509519142656 </coordinates>
  </Point>
</Placemark><Placemark>
  <ExtendedData>
    <Data name='ag'>
      <value>1</value>
    </Data>
    <Data name='system:index'>
      <value>666</value>
    </Data>
  </ExtendedData>
  <Point>
    <coordinates>80.55853414433578,28.69376222652473 </coordinates>
  </Point>
</Placemark><Placemark>
  <ExtendedData>
    <Data name='ag'>
      <value>1</value>
    </Data>
    <Data name='system:index'>
      <value>667</value>
    </Data>
  </ExtendedData>
  <Point>
    <coordinates>80.91480598601758,28.474663128727975 </coordinates>
  </Point>
</Placemark><Placemark>
  <ExtendedData>
    <Data name='ag'>
      <value>1</value>
    </Data>
    <Data name='system:index'>
      <value>668</value>
    </Data>
  </ExtendedData>
  <Point>
    <coordinates>85.66330057787337,26.952288216730622 </coordinates>
  </Point>
</Placemark><Placemark>
  <ExtendedData>
    <Data name='ag'>
      <value>1</value>
    </Data>
    <Data name='system:index'>
      <value>669</value>
    </Data>
  </ExtendedData>
  <Point>
    <coordinates>81.30988504797335,28.47493262331321 </coordinates>
  </Point>
</Placemark><Placemark>
  <ExtendedData>
    <Data name='ag'>
      <value>1</value>
    </Data>
    <Data name='system:index'>
      <value>670</value>
    </Data>
  </ExtendedData>
  <Point>
    <coordinates>85.60158631785436,27.52685067245347 </coordinates>
  </Point>
</Placemark><Placemark>
  <ExtendedData>
    <Data name='ag'>
      <value>1</value>
    </Data>
    <Data name='system:index'>
      <value>671</value>
    </Data>
  </ExtendedData>
  <Point>
    <coordinates>81.0705738562839,29.293926667844982 </coordinates>
  </Point>
</Placemark><Placemark>
  <ExtendedData>
    <Data name='ag'>
      <value>1</value>
    </Data>
    <Data name='system:index'>
      <value>672</value>
    </Data>
  </ExtendedData>
  <Point>
    <coordinates>86.2971518423481,27.175699227891148 </coordinates>
  </Point>
</Placemark><Placemark>
  <ExtendedData>
    <Data name='ag'>
      <value>1</value>
    </Data>
    <Data name='system:index'>
      <value>673</value>
    </Data>
  </ExtendedData>
  <Point>
    <coordinates>81.43331356801137,29.4774524803906 </coordinates>
  </Point>
</Placemark><Placemark>
  <ExtendedData>
    <Data name='ag'>
      <value>1</value>
    </Data>
    <Data name='system:index'>
      <value>674</value>
    </Data>
  </ExtendedData>
  <Point>
    <coordinates>84.87071700269472,27.05981655623973 </coordinates>
  </Point>
</Placemark><Placemark>
  <ExtendedData>
    <Data name='ag'>
      <value>1</value>
    </Data>
    <Data name='system:index'>
      <value>675</value>
    </Data>
  </ExtendedData>
  <Point>
    <coordinates>84.9329702518842,26.97600374023138 </coordinates>
  </Point>
</Placemark><Placemark>
  <ExtendedData>
    <Data name='ag'>
      <value>1</value>
    </Data>
    <Data name='system:index'>
      <value>676</value>
    </Data>
  </ExtendedData>
  <Point>
    <coordinates>80.9352875744955,28.568986233560526 </coordinates>
  </Point>
</Placemark><Placemark>
  <ExtendedData>
    <Data name='ag'>
      <value>1</value>
    </Data>
    <Data name='system:index'>
      <value>677</value>
    </Data>
  </ExtendedData>
  <Point>
    <coordinates>84.99252855522133,28.186573417110846 </coordinates>
  </Point>
</Placemark><Placemark>
  <ExtendedData>
    <Data name='ag'>
      <value>1</value>
    </Data>
    <Data name='system:index'>
      <value>678</value>
    </Data>
  </ExtendedData>
  <Point>
    <coordinates>87.07410473158308,27.062780996677326 </coordinates>
  </Point>
</Placemark><Placemark>
  <ExtendedData>
    <Data name='ag'>
      <value>1</value>
    </Data>
    <Data name='system:index'>
      <value>679</value>
    </Data>
  </ExtendedData>
  <Point>
    <coordinates>82.31132692670978,28.785659880090154 </coordinates>
  </Point>
</Placemark><Placemark>
  <ExtendedData>
    <Data name='ag'>
      <value>1</value>
    </Data>
    <Data name='system:index'>
      <value>680</value>
    </Data>
  </ExtendedData>
  <Point>
    <coordinates>81.50985003021835,28.080392550527918 </coordinates>
  </Point>
</Placemark><Placemark>
  <ExtendedData>
    <Data name='ag'>
      <value>1</value>
    </Data>
    <Data name='system:index'>
      <value>681</value>
    </Data>
  </ExtendedData>
  <Point>
    <coordinates>83.24539515913726,28.43935933806208 </coordinates>
  </Point>
</Placemark><Placemark>
  <ExtendedData>
    <Data name='ag'>
      <value>1</value>
    </Data>
    <Data name='system:index'>
      <value>682</value>
    </Data>
  </ExtendedData>
  <Point>
    <coordinates>81.49421934427467,28.243975763766084 </coordinates>
  </Point>
</Placemark><Placemark>
  <ExtendedData>
    <Data name='ag'>
      <value>1</value>
    </Data>
    <Data name='system:index'>
      <value>684</value>
    </Data>
  </ExtendedData>
  <Point>
    <coordinates>80.80700815192324,28.5379943562584 </coordinates>
  </Point>
</Placemark><Placemark>
  <ExtendedData>
    <Data name='ag'>
      <value>1</value>
    </Data>
    <Data name='system:index'>
      <value>685</value>
    </Data>
  </ExtendedData>
  <Point>
    <coordinates>81.83701645669468,29.103932985253703 </coordinates>
  </Point>
</Placemark><Placemark>
  <ExtendedData>
    <Data name='ag'>
      <value>1</value>
    </Data>
    <Data name='system:index'>
      <value>686</value>
    </Data>
  </ExtendedData>
  <Point>
    <coordinates>85.96944642670131,27.866144355265412 </coordinates>
  </Point>
</Placemark><Placemark>
  <ExtendedData>
    <Data name='ag'>
      <value>1</value>
    </Data>
    <Data name='system:index'>
      <value>687</value>
    </Data>
  </ExtendedData>
  <Point>
    <coordinates>87.55865599583716,26.42812124844688 </coordinates>
  </Point>
</Placemark><Placemark>
  <ExtendedData>
    <Data name='ag'>
      <value>1</value>
    </Data>
    <Data name='system:index'>
      <value>688</value>
    </Data>
  </ExtendedData>
  <Point>
    <coordinates>86.0325081596465,27.42848514884238 </coordinates>
  </Point>
</Placemark><Placemark>
  <ExtendedData>
    <Data name='ag'>
      <value>1</value>
    </Data>
    <Data name='system:index'>
      <value>689</value>
    </Data>
  </ExtendedData>
  <Point>
    <coordinates>85.92524931472262,27.01615843343152 </coordinates>
  </Point>
</Placemark><Placemark>
  <ExtendedData>
    <Data name='ag'>
      <value>1</value>
    </Data>
    <Data name='system:index'>
      <value>690</value>
    </Data>
  </ExtendedData>
  <Point>
    <coordinates>81.77260725082331,29.297969086623517 </coordinates>
  </Point>
</Placemark><Placemark>
  <ExtendedData>
    <Data name='ag'>
      <value>1</value>
    </Data>
    <Data name='system:index'>
      <value>691</value>
    </Data>
  </ExtendedData>
  <Point>
    <coordinates>85.23911610071214,27.79984868729739 </coordinates>
  </Point>
</Placemark><Placemark>
  <ExtendedData>
    <Data name='ag'>
      <value>1</value>
    </Data>
    <Data name='system:index'>
      <value>692</value>
    </Data>
  </ExtendedData>
  <Point>
    <coordinates>81.75023920024873,28.34449724405906 </coordinates>
  </Point>
</Placemark><Placemark>
  <ExtendedData>
    <Data name='ag'>
      <value>1</value>
    </Data>
    <Data name='system:index'>
      <value>693</value>
    </Data>
  </ExtendedData>
  <Point>
    <coordinates>85.27630635347468,26.98381908320322 </coordinates>
  </Point>
</Placemark><Placemark>
  <ExtendedData>
    <Data name='ag'>
      <value>1</value>
    </Data>
    <Data name='system:index'>
      <value>694</value>
    </Data>
  </ExtendedData>
  <Point>
    <coordinates>83.21682873310226,27.971247243507396 </coordinates>
  </Point>
</Placemark><Placemark>
  <ExtendedData>
    <Data name='ag'>
      <value>1</value>
    </Data>
    <Data name='system:index'>
      <value>695</value>
    </Data>
  </ExtendedData>
  <Point>
    <coordinates>86.54427837700939,27.15090572604945 </coordinates>
  </Point>
</Placemark><Placemark>
  <ExtendedData>
    <Data name='ag'>
      <value>1</value>
    </Data>
    <Data name='system:index'>
      <value>696</value>
    </Data>
  </ExtendedData>
  <Point>
    <coordinates>85.11649606442982,27.25762558180285 </coordinates>
  </Point>
</Placemark><Placemark>
  <ExtendedData>
    <Data name='ag'>
      <value>1</value>
    </Data>
    <Data name='system:index'>
      <value>697</value>
    </Data>
  </ExtendedData>
  <Point>
    <coordinates>82.13022656543129,29.620015115980365 </coordinates>
  </Point>
</Placemark><Placemark>
  <ExtendedData>
    <Data name='ag'>
      <value>1</value>
    </Data>
    <Data name='system:index'>
      <value>699</value>
    </Data>
  </ExtendedData>
  <Point>
    <coordinates>84.86182368138194,28.098179193153484 </coordinates>
  </Point>
</Placemark><Placemark>
  <ExtendedData>
    <Data name='ag'>
      <value>1</value>
    </Data>
    <Data name='system:index'>
      <value>700</value>
    </Data>
  </ExtendedData>
  <Point>
    <coordinates>88.09872314464981,26.67740373979005 </coordinates>
  </Point>
</Placemark><Placemark>
  <ExtendedData>
    <Data name='ag'>
      <value>1</value>
    </Data>
    <Data name='system:index'>
      <value>701</value>
    </Data>
  </ExtendedData>
  <Point>
    <coordinates>87.94942314442915,26.45102828819193 </coordinates>
  </Point>
</Placemark><Placemark>
  <ExtendedData>
    <Data name='ag'>
      <value>1</value>
    </Data>
    <Data name='system:index'>
      <value>702</value>
    </Data>
  </ExtendedData>
  <Point>
    <coordinates>84.72950184003113,27.634918001133048 </coordinates>
  </Point>
</Placemark><Placemark>
  <ExtendedData>
    <Data name='ag'>
      <value>1</value>
    </Data>
    <Data name='system:index'>
      <value>703</value>
    </Data>
  </ExtendedData>
  <Point>
    <coordinates>84.93323974646944,27.101318722366052 </coordinates>
  </Point>
</Placemark><Placemark>
  <ExtendedData>
    <Data name='ag'>
      <value>1</value>
    </Data>
    <Data name='system:index'>
      <value>704</value>
    </Data>
  </ExtendedData>
  <Point>
    <coordinates>85.12997079369161,28.023529193043153 </coordinates>
  </Point>
</Placemark><Placemark>
  <ExtendedData>
    <Data name='ag'>
      <value>1</value>
    </Data>
    <Data name='system:index'>
      <value>705</value>
    </Data>
  </ExtendedData>
  <Point>
    <coordinates>86.48525906284273,26.639405003271794 </coordinates>
  </Point>
</Placemark><Placemark>
  <ExtendedData>
    <Data name='ag'>
      <value>1</value>
    </Data>
    <Data name='system:index'>
      <value>706</value>
    </Data>
  </ExtendedData>
  <Point>
    <coordinates>85.93198667935351,26.748819804877552 </coordinates>
  </Point>
</Placemark><Placemark>
  <ExtendedData>
    <Data name='ag'>
      <value>1</value>
    </Data>
    <Data name='system:index'>
      <value>707</value>
    </Data>
  </ExtendedData>
  <Point>
    <coordinates>81.44813577019934,29.414660242030646 </coordinates>
  </Point>
</Placemark><Placemark>
  <ExtendedData>
    <Data name='ag'>
      <value>1</value>
    </Data>
    <Data name='system:index'>
      <value>708</value>
    </Data>
  </ExtendedData>
  <Point>
    <coordinates>87.83057603234013,27.371082802187146 </coordinates>
  </Point>
</Placemark><Placemark>
  <ExtendedData>
    <Data name='ag'>
      <value>1</value>
    </Data>
    <Data name='system:index'>
      <value>709</value>
    </Data>
  </ExtendedData>
  <Point>
    <coordinates>85.01139317618784,27.039873956932276 </coordinates>
  </Point>
</Placemark><Placemark>
  <ExtendedData>
    <Data name='ag'>
      <value>1</value>
    </Data>
    <Data name='system:index'>
      <value>710</value>
    </Data>
  </ExtendedData>
  <Point>
    <coordinates>85.1111061727251,26.880063667887413 </coordinates>
  </Point>
</Placemark><Placemark>
  <ExtendedData>
    <Data name='ag'>
      <value>1</value>
    </Data>
    <Data name='system:index'>
      <value>711</value>
    </Data>
  </ExtendedData>
  <Point>
    <coordinates>81.37510273760043,29.086146342628137 </coordinates>
  </Point>
</Placemark><Placemark>
  <ExtendedData>
    <Data name='ag'>
      <value>1</value>
    </Data>
    <Data name='system:index'>
      <value>712</value>
    </Data>
  </ExtendedData>
  <Point>
    <coordinates>83.27288360683133,27.382940563937524 </coordinates>
  </Point>
</Placemark><Placemark>
  <ExtendedData>
    <Data name='ag'>
      <value>1</value>
    </Data>
    <Data name='system:index'>
      <value>713</value>
    </Data>
  </ExtendedData>
  <Point>
    <coordinates>85.73660310505753,26.6792902018867 </coordinates>
  </Point>
</Placemark><Placemark>
  <ExtendedData>
    <Data name='ag'>
      <value>1</value>
    </Data>
    <Data name='system:index'>
      <value>714</value>
    </Data>
  </ExtendedData>
  <Point>
    <coordinates>87.84620671828381,26.586045075395095 </coordinates>
  </Point>
</Placemark><Placemark>
  <ExtendedData>
    <Data name='ag'>
      <value>1</value>
    </Data>
    <Data name='system:index'>
      <value>715</value>
    </Data>
  </ExtendedData>
  <Point>
    <coordinates>82.89289624164877,27.519843813237337 </coordinates>
  </Point>
</Placemark><Placemark>
  <ExtendedData>
    <Data name='ag'>
      <value>1</value>
    </Data>
    <Data name='system:index'>
      <value>716</value>
    </Data>
  </ExtendedData>
  <Point>
    <coordinates>84.16302422186536,27.686391466913097 </coordinates>
  </Point>
</Placemark><Placemark>
  <ExtendedData>
    <Data name='ag'>
      <value>1</value>
    </Data>
    <Data name='system:index'>
      <value>717</value>
    </Data>
  </ExtendedData>
  <Point>
    <coordinates>85.85248577670895,27.037987494835626 </coordinates>
  </Point>
</Placemark><Placemark>
  <ExtendedData>
    <Data name='ag'>
      <value>1</value>
    </Data>
    <Data name='system:index'>
      <value>718</value>
    </Data>
  </ExtendedData>
  <Point>
    <coordinates>87.41690184400309,26.611377566407267 </coordinates>
  </Point>
</Placemark><Placemark>
  <ExtendedData>
    <Data name='ag'>
      <value>1</value>
    </Data>
    <Data name='system:index'>
      <value>719</value>
    </Data>
  </ExtendedData>
  <Point>
    <coordinates>87.17354823353512,26.765258974576938 </coordinates>
  </Point>
</Placemark><Placemark>
  <ExtendedData>
    <Data name='ag'>
      <value>1</value>
    </Data>
    <Data name='system:index'>
      <value>720</value>
    </Data>
  </ExtendedData>
  <Point>
    <coordinates>87.16977530934182,27.135544534691007 </coordinates>
  </Point>
</Placemark><Placemark>
  <ExtendedData>
    <Data name='ag'>
      <value>1</value>
    </Data>
    <Data name='system:index'>
      <value>722</value>
    </Data>
  </ExtendedData>
  <Point>
    <coordinates>83.02252313714722,28.215948326901554 </coordinates>
  </Point>
</Placemark><Placemark>
  <ExtendedData>
    <Data name='ag'>
      <value>1</value>
    </Data>
    <Data name='system:index'>
      <value>723</value>
    </Data>
  </ExtendedData>
  <Point>
    <coordinates>81.82920111372285,28.338837857769104 </coordinates>
  </Point>
</Placemark><Placemark>
  <ExtendedData>
    <Data name='ag'>
      <value>1</value>
    </Data>
    <Data name='system:index'>
      <value>724</value>
    </Data>
  </ExtendedData>
  <Point>
    <coordinates>87.5508406528653,26.58631456998033 </coordinates>
  </Point>
</Placemark><Placemark>
  <ExtendedData>
    <Data name='ag'>
      <value>1</value>
    </Data>
    <Data name='system:index'>
      <value>725</value>
    </Data>
  </ExtendedData>
  <Point>
    <coordinates>81.111806527825,29.266168725565688 </coordinates>
  </Point>
</Placemark><Placemark>
  <ExtendedData>
    <Data name='ag'>
      <value>1</value>
    </Data>
    <Data name='system:index'>
      <value>726</value>
    </Data>
  </ExtendedData>
  <Point>
    <coordinates>86.18504209489,26.849071790585292 </coordinates>
  </Point>
</Placemark><Placemark>
  <ExtendedData>
    <Data name='ag'>
      <value>1</value>
    </Data>
    <Data name='system:index'>
      <value>727</value>
    </Data>
  </ExtendedData>
  <Point>
    <coordinates>87.16950581475658,26.47959471422693 </coordinates>
  </Point>
</Placemark><Placemark>
  <ExtendedData>
    <Data name='ag'>
      <value>1</value>
    </Data>
    <Data name='system:index'>
      <value>728</value>
    </Data>
  </ExtendedData>
  <Point>
    <coordinates>86.34808631895768,26.69438189865991 </coordinates>
  </Point>
</Placemark><Placemark>
  <ExtendedData>
    <Data name='ag'>
      <value>1</value>
    </Data>
    <Data name='system:index'>
      <value>729</value>
    </Data>
  </ExtendedData>
  <Point>
    <coordinates>83.16266032146986,27.65297413834385 </coordinates>
  </Point>
</Placemark><Placemark>
  <ExtendedData>
    <Data name='ag'>
      <value>1</value>
    </Data>
    <Data name='system:index'>
      <value>730</value>
    </Data>
  </ExtendedData>
  <Point>
    <coordinates>86.19986429707797,27.814131900314894 </coordinates>
  </Point>
</Placemark><Placemark>
  <ExtendedData>
    <Data name='ag'>
      <value>1</value>
    </Data>
    <Data name='system:index'>
      <value>731</value>
    </Data>
  </ExtendedData>
  <Point>
    <coordinates>85.42641483745105,27.337395979032664 </coordinates>
  </Point>
</Placemark><Placemark>
  <ExtendedData>
    <Data name='ag'>
      <value>1</value>
    </Data>
    <Data name='system:index'>
      <value>732</value>
    </Data>
  </ExtendedData>
  <Point>
    <coordinates>81.04524136527174,28.629083526068122 </coordinates>
  </Point>
</Placemark><Placemark>
  <ExtendedData>
    <Data name='ag'>
      <value>1</value>
    </Data>
    <Data name='system:index'>
      <value>733</value>
    </Data>
  </ExtendedData>
  <Point>
    <coordinates>81.49152439842231,28.173368182434288 </coordinates>
  </Point>
</Placemark><Placemark>
  <ExtendedData>
    <Data name='ag'>
      <value>1</value>
    </Data>
    <Data name='system:index'>
      <value>734</value>
    </Data>
  </ExtendedData>
  <Point>
    <coordinates>81.74862223273732,28.418069265828446 </coordinates>
  </Point>
</Placemark><Placemark>
  <ExtendedData>
    <Data name='ag'>
      <value>1</value>
    </Data>
    <Data name='system:index'>
      <value>735</value>
    </Data>
  </ExtendedData>
  <Point>
    <coordinates>85.46144913353172,26.869014389892744 </coordinates>
  </Point>
</Placemark><Placemark>
  <ExtendedData>
    <Data name='ag'>
      <value>1</value>
    </Data>
    <Data name='system:index'>
      <value>736</value>
    </Data>
  </ExtendedData>
  <Point>
    <coordinates>87.02182278204732,26.85769561731284 </coordinates>
  </Point>
</Placemark><Placemark>
  <ExtendedData>
    <Data name='ag'>
      <value>1</value>
    </Data>
    <Data name='system:index'>
      <value>737</value>
    </Data>
  </ExtendedData>
  <Point>
    <coordinates>85.36874299621059,27.498553741003704 </coordinates>
  </Point>
</Placemark><Placemark>
  <ExtendedData>
    <Data name='ag'>
      <value>1</value>
    </Data>
    <Data name='system:index'>
      <value>738</value>
    </Data>
  </ExtendedData>
  <Point>
    <coordinates>81.25383017424429,29.30901836461819 </coordinates>
  </Point>
</Placemark><Placemark>
  <ExtendedData>
    <Data name='ag'>
      <value>1</value>
    </Data>
    <Data name='system:index'>
      <value>739</value>
    </Data>
  </ExtendedData>
  <Point>
    <coordinates>80.32757728478865,29.273984068537526 </coordinates>
  </Point>
</Placemark><Placemark>
  <ExtendedData>
    <Data name='ag'>
      <value>1</value>
    </Data>
    <Data name='system:index'>
      <value>740</value>
    </Data>
  </ExtendedData>
  <Point>
    <coordinates>82.13669443547695,28.455259518590996 </coordinates>
  </Point>
</Placemark><Placemark>
  <ExtendedData>
    <Data name='ag'>
      <value>1</value>
    </Data>
    <Data name='system:index'>
      <value>741</value>
    </Data>
  </ExtendedData>
  <Point>
    <coordinates>81.25302169048858,28.424806630459344 </coordinates>
  </Point>
</Placemark><Placemark>
  <ExtendedData>
    <Data name='ag'>
      <value>1</value>
    </Data>
    <Data name='system:index'>
      <value>742</value>
    </Data>
  </ExtendedData>
  <Point>
    <coordinates>81.1945413654924,28.37872305638401 </coordinates>
  </Point>
</Placemark><Placemark>
  <ExtendedData>
    <Data name='ag'>
      <value>1</value>
    </Data>
    <Data name='system:index'>
      <value>743</value>
    </Data>
  </ExtendedData>
  <Point>
    <coordinates>81.87366772028676,29.10986186612889 </coordinates>
  </Point>
</Placemark><Placemark>
  <ExtendedData>
    <Data name='ag'>
      <value>1</value>
    </Data>
    <Data name='system:index'>
      <value>744</value>
    </Data>
  </ExtendedData>
  <Point>
    <coordinates>82.09357530183922,28.852494537228647 </coordinates>
  </Point>
</Placemark><Placemark>
  <ExtendedData>
    <Data name='ag'>
      <value>1</value>
    </Data>
    <Data name='system:index'>
      <value>745</value>
    </Data>
  </ExtendedData>
  <Point>
    <coordinates>85.47950527074252,26.984897061544164 </coordinates>
  </Point>
</Placemark><Placemark>
  <ExtendedData>
    <Data name='ag'>
      <value>1</value>
    </Data>
    <Data name='system:index'>
      <value>746</value>
    </Data>
  </ExtendedData>
  <Point>
    <coordinates>87.32203975000007,26.814845978260337 </coordinates>
  </Point>
</Placemark><Placemark>
  <ExtendedData>
    <Data name='ag'>
      <value>1</value>
    </Data>
    <Data name='system:index'>
      <value>747</value>
    </Data>
  </ExtendedData>
  <Point>
    <coordinates>87.72304769283102,26.518940923671366 </coordinates>
  </Point>
</Placemark><Placemark>
  <ExtendedData>
    <Data name='ag'>
      <value>1</value>
    </Data>
    <Data name='system:index'>
      <value>748</value>
    </Data>
  </ExtendedData>
  <Point>
    <coordinates>82.84303974338013,27.642733344104887 </coordinates>
  </Point>
</Placemark><Placemark>
  <ExtendedData>
    <Data name='ag'>
      <value>1</value>
    </Data>
    <Data name='system:index'>
      <value>749</value>
    </Data>
  </ExtendedData>
  <Point>
    <coordinates>80.65150977624215,28.76787323746459 </coordinates>
  </Point>
</Placemark><Placemark>
  <ExtendedData>
    <Data name='ag'>
      <value>1</value>
    </Data>
    <Data name='system:index'>
      <value>750</value>
    </Data>
  </ExtendedData>
  <Point>
    <coordinates>83.41571573700632,27.658364030048567 </coordinates>
  </Point>
</Placemark><Placemark>
  <ExtendedData>
    <Data name='ag'>
      <value>1</value>
    </Data>
    <Data name='system:index'>
      <value>751</value>
    </Data>
  </ExtendedData>
  <Point>
    <coordinates>86.28745003727961,27.13985644805478 </coordinates>
  </Point>
</Placemark><Placemark>
  <ExtendedData>
    <Data name='ag'>
      <value>1</value>
    </Data>
    <Data name='system:index'>
      <value>752</value>
    </Data>
  </ExtendedData>
  <Point>
    <coordinates>87.69987115850074,26.555592187263443 </coordinates>
  </Point>
</Placemark><Placemark>
  <ExtendedData>
    <Data name='ag'>
      <value>1</value>
    </Data>
    <Data name='system:index'>
      <value>753</value>
    </Data>
  </ExtendedData>
  <Point>
    <coordinates>84.90413433126396,27.827606629576685 </coordinates>
  </Point>
</Placemark><Placemark>
  <ExtendedData>
    <Data name='ag'>
      <value>1</value>
    </Data>
    <Data name='system:index'>
      <value>754</value>
    </Data>
  </ExtendedData>
  <Point>
    <coordinates>84.66293667747787,27.061972512921617 </coordinates>
  </Point>
</Placemark><Placemark>
  <ExtendedData>
    <Data name='ag'>
      <value>1</value>
    </Data>
    <Data name='system:index'>
      <value>755</value>
    </Data>
  </ExtendedData>
  <Point>
    <coordinates>85.84898234710087,26.808917097385148 </coordinates>
  </Point>
</Placemark><Placemark>
  <ExtendedData>
    <Data name='ag'>
      <value>1</value>
    </Data>
    <Data name='system:index'>
      <value>756</value>
    </Data>
  </ExtendedData>
  <Point>
    <coordinates>81.64971771995576,28.080392550527918 </coordinates>
  </Point>
</Placemark><Placemark>
  <ExtendedData>
    <Data name='ag'>
      <value>1</value>
    </Data>
    <Data name='system:index'>
      <value>757</value>
    </Data>
  </ExtendedData>
  <Point>
    <coordinates>83.10606645857033,28.160701936928206 </coordinates>
  </Point>
</Placemark><Placemark>
  <ExtendedData>
    <Data name='ag'>
      <value>1</value>
    </Data>
    <Data name='system:index'>
      <value>758</value>
    </Data>
  </ExtendedData>
  <Point>
    <coordinates>85.33694263515275,26.926686231133218 </coordinates>
  </Point>
</Placemark><Placemark>
  <ExtendedData>
    <Data name='ag'>
      <value>1</value>
    </Data>
    <Data name='system:index'>
      <value>759</value>
    </Data>
  </ExtendedData>
  <Point>
    <coordinates>81.3899249397884,28.22672811031099 </coordinates>
  </Point>
</Placemark><Placemark>
  <ExtendedData>
    <Data name='ag'>
      <value>1</value>
    </Data>
    <Data name='system:index'>
      <value>760</value>
    </Data>
  </ExtendedData>
  <Point>
    <coordinates>86.38931899049877,27.282149589059312 </coordinates>
  </Point>
</Placemark><Placemark>
  <ExtendedData>
    <Data name='ag'>
      <value>1</value>
    </Data>
    <Data name='system:index'>
      <value>762</value>
    </Data>
  </ExtendedData>
  <Point>
    <coordinates>80.82263883786692,28.538533345428874 </coordinates>
  </Point>
</Placemark><Placemark>
  <ExtendedData>
    <Data name='ag'>
      <value>1</value>
    </Data>
    <Data name='system:index'>
      <value>763</value>
    </Data>
  </ExtendedData>
  <Point>
    <coordinates>83.94931501577332,27.573742730284508 </coordinates>
  </Point>
</Placemark><Placemark>
  <ExtendedData>
    <Data name='ag'>
      <value>1</value>
    </Data>
    <Data name='system:index'>
      <value>764</value>
    </Data>
  </ExtendedData>
  <Point>
    <coordinates>84.76184119025943,27.184323054618694 </coordinates>
  </Point>
</Placemark><Placemark>
  <ExtendedData>
    <Data name='ag'>
      <value>1</value>
    </Data>
    <Data name='system:index'>
      <value>765</value>
    </Data>
  </ExtendedData>
  <Point>
    <coordinates>86.17965220318527,27.55164417429517 </coordinates>
  </Point>
</Placemark><Placemark>
  <ExtendedData>
    <Data name='ag'>
      <value>1</value>
    </Data>
    <Data name='system:index'>
      <value>766</value>
    </Data>
  </ExtendedData>
  <Point>
    <coordinates>81.73999840600978,29.39741258857555 </coordinates>
  </Point>
</Placemark><Placemark>
  <ExtendedData>
    <Data name='ag'>
      <value>1</value>
    </Data>
    <Data name='system:index'>
      <value>767</value>
    </Data>
  </ExtendedData>
  <Point>
    <coordinates>87.13258505657926,26.771457350037362 </coordinates>
  </Point>
</Placemark><Placemark>
  <ExtendedData>
    <Data name='ag'>
      <value>1</value>
    </Data>
    <Data name='system:index'>
      <value>768</value>
    </Data>
  </ExtendedData>
  <Point>
    <coordinates>86.36614245616849,26.830476664204017 </coordinates>
  </Point>
</Placemark><Placemark>
  <ExtendedData>
    <Data name='ag'>
      <value>1</value>
    </Data>
    <Data name='system:index'>
      <value>769</value>
    </Data>
  </ExtendedData>
  <Point>
    <coordinates>83.34591663943024,28.457145980687645 </coordinates>
  </Point>
</Placemark><Placemark>
  <ExtendedData>
    <Data name='ag'>
      <value>1</value>
    </Data>
    <Data name='system:index'>
      <value>771</value>
    </Data>
  </ExtendedData>
  <Point>
    <coordinates>81.65268216039335,28.130788037967022 </coordinates>
  </Point>
</Placemark><Placemark>
  <ExtendedData>
    <Data name='ag'>
      <value>1</value>
    </Data>
    <Data name='system:index'>
      <value>772</value>
    </Data>
  </ExtendedData>
  <Point>
    <coordinates>82.3684597787798,28.027302117236456 </coordinates>
  </Point>
</Placemark><Placemark>
  <ExtendedData>
    <Data name='ag'>
      <value>1</value>
    </Data>
    <Data name='system:index'>
      <value>773</value>
    </Data>
  </ExtendedData>
  <Point>
    <coordinates>80.9886475023722,28.457954464443354 </coordinates>
  </Point>
</Placemark><Placemark>
  <ExtendedData>
    <Data name='ag'>
      <value>1</value>
    </Data>
    <Data name='system:index'>
      <value>774</value>
    </Data>
  </ExtendedData>
  <Point>
    <coordinates>87.31072097742016,27.019122873869115 </coordinates>
  </Point>
</Placemark><Placemark>
  <ExtendedData>
    <Data name='ag'>
      <value>1</value>
    </Data>
    <Data name='system:index'>
      <value>775</value>
    </Data>
  </ExtendedData>
  <Point>
    <coordinates>83.03087746928952,28.158545980246316 </coordinates>
  </Point>
</Placemark><Placemark>
  <ExtendedData>
    <Data name='ag'>
      <value>1</value>
    </Data>
    <Data name='system:index'>
      <value>777</value>
    </Data>
  </ExtendedData>
  <Point>
    <coordinates>81.46322746697255,28.98751132443181 </coordinates>
  </Point>
</Placemark><Placemark>
  <ExtendedData>
    <Data name='ag'>
      <value>1</value>
    </Data>
    <Data name='system:index'>
      <value>778</value>
    </Data>
  </ExtendedData>
  <Point>
    <coordinates>85.14452350129434,27.09970175485464 </coordinates>
  </Point>
</Placemark><Placemark>
  <ExtendedData>
    <Data name='ag'>
      <value>1</value>
    </Data>
    <Data name='system:index'>
      <value>779</value>
    </Data>
  </ExtendedData>
  <Point>
    <coordinates>86.24837332242042,27.52442522118635 </coordinates>
  </Point>
</Placemark><Placemark>
  <ExtendedData>
    <Data name='ag'>
      <value>1</value>
    </Data>
    <Data name='system:index'>
      <value>780</value>
    </Data>
  </ExtendedData>
  <Point>
    <coordinates>81.64863974161482,28.56548280395246 </coordinates>
  </Point>
</Placemark><Placemark>
  <ExtendedData>
    <Data name='ag'>
      <value>1</value>
    </Data>
    <Data name='system:index'>
      <value>781</value>
    </Data>
  </ExtendedData>
  <Point>
    <coordinates>85.10517729184991,28.00547305583235 </coordinates>
  </Point>
</Placemark><Placemark>
  <ExtendedData>
    <Data name='ag'>
      <value>1</value>
    </Data>
    <Data name='system:index'>
      <value>782</value>
    </Data>
  </ExtendedData>
  <Point>
    <coordinates>85.53394317696016,26.91482846938284 </coordinates>
  </Point>
</Placemark><Placemark>
  <ExtendedData>
    <Data name='ag'>
      <value>1</value>
    </Data>
    <Data name='system:index'>
      <value>783</value>
    </Data>
  </ExtendedData>
  <Point>
    <coordinates>87.05443162686086,26.738309516053352 </coordinates>
  </Point>
</Placemark><Placemark>
  <ExtendedData>
    <Data name='ag'>
      <value>1</value>
    </Data>
    <Data name='system:index'>
      <value>784</value>
    </Data>
  </ExtendedData>
  <Point>
    <coordinates>83.35561844449873,27.405308614512098 </coordinates>
  </Point>
</Placemark><Placemark>
  <ExtendedData>
    <Data name='ag'>
      <value>1</value>
    </Data>
    <Data name='system:index'>
      <value>785</value>
    </Data>
  </ExtendedData>
  <Point>
    <coordinates>86.07778324996612,26.766336952917882 </coordinates>
  </Point>
</Placemark><Placemark>
  <ExtendedData>
    <Data name='ag'>
      <value>1</value>
    </Data>
    <Data name='system:index'>
      <value>786</value>
    </Data>
  </ExtendedData>
  <Point>
    <coordinates>83.53402385992487,28.37764507804307 </coordinates>
  </Point>
</Placemark><Placemark>
  <ExtendedData>
    <Data name='ag'>
      <value>1</value>
    </Data>
    <Data name='system:index'>
      <value>787</value>
    </Data>
  </ExtendedData>
  <Point>
    <coordinates>86.80326267342105,26.645872873317455 </coordinates>
  </Point>
</Placemark><Placemark>
  <ExtendedData>
    <Data name='ag'>
      <value>1</value>
    </Data>
    <Data name='system:index'>
      <value>788</value>
    </Data>
  </ExtendedData>
  <Point>
    <coordinates>81.88875941705996,29.330038942266587 </coordinates>
  </Point>
</Placemark><Placemark>
  <ExtendedData>
    <Data name='ag'>
      <value>1</value>
    </Data>
    <Data name='system:index'>
      <value>789</value>
    </Data>
  </ExtendedData>
  <Point>
    <coordinates>81.3697128458957,28.93172594528799 </coordinates>
  </Point>
</Placemark><Placemark>
  <ExtendedData>
    <Data name='ag'>
      <value>1</value>
    </Data>
    <Data name='system:index'>
      <value>790</value>
    </Data>
  </ExtendedData>
  <Point>
    <coordinates>81.55485562595274,29.086685331798606 </coordinates>
  </Point>
</Placemark><Placemark>
  <ExtendedData>
    <Data name='ag'>
      <value>1</value>
    </Data>
    <Data name='system:index'>
      <value>791</value>
    </Data>
  </ExtendedData>
  <Point>
    <coordinates>83.43269389587618,28.394084247742455 </coordinates>
  </Point>
</Placemark><Placemark>
  <ExtendedData>
    <Data name='ag'>
      <value>1</value>
    </Data>
    <Data name='system:index'>
      <value>793</value>
    </Data>
  </ExtendedData>
  <Point>
    <coordinates>84.75348685811711,28.117043814119995 </coordinates>
  </Point>
</Placemark><Placemark>
  <ExtendedData>
    <Data name='ag'>
      <value>1</value>
    </Data>
    <Data name='system:index'>
      <value>794</value>
    </Data>
  </ExtendedData>
  <Point>
    <coordinates>82.61262187300348,28.192502297986035 </coordinates>
  </Point>
</Placemark><Placemark>
  <ExtendedData>
    <Data name='ag'>
      <value>1</value>
    </Data>
    <Data name='system:index'>
      <value>795</value>
    </Data>
  </ExtendedData>
  <Point>
    <coordinates>87.24631177154879,26.467736952476553 </coordinates>
  </Point>
</Placemark><Placemark>
  <ExtendedData>
    <Data name='ag'>
      <value>1</value>
    </Data>
    <Data name='system:index'>
      <value>796</value>
    </Data>
  </ExtendedData>
  <Point>
    <coordinates>84.76561411445273,28.055329554100986 </coordinates>
  </Point>
</Placemark><Placemark>
  <ExtendedData>
    <Data name='ag'>
      <value>1</value>
    </Data>
    <Data name='system:index'>
      <value>797</value>
    </Data>
  </ExtendedData>
  <Point>
    <coordinates>87.04257386511048,26.7431604185876 </coordinates>
  </Point>
</Placemark><Placemark>
  <ExtendedData>
    <Data name='ag'>
      <value>1</value>
    </Data>
    <Data name='system:index'>
      <value>798</value>
    </Data>
  </ExtendedData>
  <Point>
    <coordinates>85.2388466061269,27.663753921753283 </coordinates>
  </Point>
</Placemark><Placemark>
  <ExtendedData>
    <Data name='ag'>
      <value>1</value>
    </Data>
    <Data name='system:index'>
      <value>799</value>
    </Data>
  </ExtendedData>
  <Point>
    <coordinates>85.77783577659861,27.602578650904746 </coordinates>
  </Point>
</Placemark><Placemark>
  <ExtendedData>
    <Data name='ag'>
      <value>1</value>
    </Data>
    <Data name='system:index'>
      <value>800</value>
    </Data>
  </ExtendedData>
  <Point>
    <coordinates>87.4748431798288,26.722139840939203 </coordinates>
  </Point>
</Placemark><Placemark>
  <ExtendedData>
    <Data name='ag'>
      <value>1</value>
    </Data>
    <Data name='system:index'>
      <value>801</value>
    </Data>
  </ExtendedData>
  <Point>
    <coordinates>83.65960833664478,28.20786348934448 </coordinates>
  </Point>
</Placemark><Placemark>
  <ExtendedData>
    <Data name='ag'>
      <value>1</value>
    </Data>
    <Data name='system:index'>
      <value>802</value>
    </Data>
  </ExtendedData>
  <Point>
    <coordinates>86.43701953208551,27.581288578671113 </coordinates>
  </Point>
</Placemark><Placemark>
  <ExtendedData>
    <Data name='ag'>
      <value>1</value>
    </Data>
    <Data name='system:index'>
      <value>803</value>
    </Data>
  </ExtendedData>
  <Point>
    <coordinates>81.04416338693079,28.687294356479068 </coordinates>
  </Point>
</Placemark><Placemark>
  <ExtendedData>
    <Data name='ag'>
      <value>1</value>
    </Data>
    <Data name='system:index'>
      <value>804</value>
    </Data>
  </ExtendedData>
  <Point>
    <coordinates>82.24934317210554,28.440167821817788 </coordinates>
  </Point>
</Placemark><Placemark>
  <ExtendedData>
    <Data name='ag'>
      <value>1</value>
    </Data>
    <Data name='system:index'>
      <value>805</value>
    </Data>
  </ExtendedData>
  <Point>
    <coordinates>85.33209173261851,27.34682828951592 </coordinates>
  </Point>
</Placemark><Placemark>
  <ExtendedData>
    <Data name='ag'>
      <value>1</value>
    </Data>
    <Data name='system:index'>
      <value>806</value>
    </Data>
  </ExtendedData>
  <Point>
    <coordinates>80.09392547938916,28.96568226302771 </coordinates>
  </Point>
</Placemark><Placemark>
  <ExtendedData>
    <Data name='ag'>
      <value>1</value>
    </Data>
    <Data name='system:index'>
      <value>807</value>
    </Data>
  </ExtendedData>
  <Point>
    <coordinates>85.7468438992965,26.682254642324295 </coordinates>
  </Point>
</Placemark><Placemark>
  <ExtendedData>
    <Data name='ag'>
      <value>1</value>
    </Data>
    <Data name='system:index'>
      <value>808</value>
    </Data>
  </ExtendedData>
  <Point>
    <coordinates>87.2967072589879,26.490913486806836 </coordinates>
  </Point>
</Placemark><Placemark>
  <ExtendedData>
    <Data name='ag'>
      <value>1</value>
    </Data>
    <Data name='system:index'>
      <value>809</value>
    </Data>
  </ExtendedData>
  <Point>
    <coordinates>87.14902422627864,26.662851032187312 </coordinates>
  </Point>
</Placemark><Placemark>
  <ExtendedData>
    <Data name='ag'>
      <value>1</value>
    </Data>
    <Data name='system:index'>
      <value>810</value>
    </Data>
  </ExtendedData>
  <Point>
    <coordinates>85.10463830267945,27.09296439022374 </coordinates>
  </Point>
</Placemark><Placemark>
  <ExtendedData>
    <Data name='ag'>
      <value>1</value>
    </Data>
    <Data name='system:index'>
      <value>811</value>
    </Data>
  </ExtendedData>
  <Point>
    <coordinates>84.8044213347267,27.20426565392615 </coordinates>
  </Point>
</Placemark><Placemark>
  <ExtendedData>
    <Data name='ag'>
      <value>1</value>
    </Data>
    <Data name='system:index'>
      <value>812</value>
    </Data>
  </ExtendedData>
  <Point>
    <coordinates>87.61956177210045,26.4049447141166 </coordinates>
  </Point>
</Placemark><Placemark>
  <ExtendedData>
    <Data name='ag'>
      <value>1</value>
    </Data>
    <Data name='system:index'>
      <value>813</value>
    </Data>
  </ExtendedData>
  <Point>
    <coordinates>83.24081375118826,27.626833163575974 </coordinates>
  </Point>
</Placemark><Placemark>
  <ExtendedData>
    <Data name='ag'>
      <value>1</value>
    </Data>
    <Data name='system:index'>
      <value>814</value>
    </Data>
  </ExtendedData>
  <Point>
    <coordinates>87.61201592371386,27.425251213819553 </coordinates>
  </Point>
</Placemark><Placemark>
  <ExtendedData>
    <Data name='ag'>
      <value>1</value>
    </Data>
    <Data name='system:index'>
      <value>815</value>
    </Data>
  </ExtendedData>
  <Point>
    <coordinates>81.04308540858985,28.59755265959553 </coordinates>
  </Point>
</Placemark><Placemark>
  <ExtendedData>
    <Data name='ag'>
      <value>1</value>
    </Data>
    <Data name='system:index'>
      <value>816</value>
    </Data>
  </ExtendedData>
  <Point>
    <coordinates>84.8224774719375,27.174890744135443 </coordinates>
  </Point>
</Placemark><Placemark>
  <ExtendedData>
    <Data name='ag'>
      <value>1</value>
    </Data>
    <Data name='system:index'>
      <value>817</value>
    </Data>
  </ExtendedData>
  <Point>
    <coordinates>83.54426465416383,28.323476666410663 </coordinates>
  </Point>
</Placemark><Placemark>
  <ExtendedData>
    <Data name='ag'>
      <value>1</value>
    </Data>
    <Data name='system:index'>
      <value>818</value>
    </Data>
  </ExtendedData>
  <Point>
    <coordinates>81.61252746719322,28.72367612548591 </coordinates>
  </Point>
</Placemark><Placemark>
  <ExtendedData>
    <Data name='ag'>
      <value>1</value>
    </Data>
    <Data name='system:index'>
      <value>819</value>
    </Data>
  </ExtendedData>
  <Point>
    <coordinates>83.48659281292336,27.56188496853413 </coordinates>
  </Point>
</Placemark><Placemark>
  <ExtendedData>
    <Data name='ag'>
      <value>1</value>
    </Data>
    <Data name='system:index'>
      <value>820</value>
    </Data>
  </ExtendedData>
  <Point>
    <coordinates>85.09170256258813,26.94393388458831 </coordinates>
  </Point>
</Placemark><Placemark>
  <ExtendedData>
    <Data name='ag'>
      <value>1</value>
    </Data>
    <Data name='system:index'>
      <value>821</value>
    </Data>
  </ExtendedData>
  <Point>
    <coordinates>82.778900032094,28.07338569131179 </coordinates>
  </Point>
</Placemark><Placemark>
  <ExtendedData>
    <Data name='ag'>
      <value>1</value>
    </Data>
    <Data name='system:index'>
      <value>822</value>
    </Data>
  </ExtendedData>
  <Point>
    <coordinates>86.48957097620651,27.13204110508294 </coordinates>
  </Point>
</Placemark><Placemark>
  <ExtendedData>
    <Data name='ag'>
      <value>1</value>
    </Data>
    <Data name='system:index'>
      <value>823</value>
    </Data>
  </ExtendedData>
  <Point>
    <coordinates>85.66033613743578,26.916445436894254 </coordinates>
  </Point>
</Placemark><Placemark>
  <ExtendedData>
    <Data name='ag'>
      <value>1</value>
    </Data>
    <Data name='system:index'>
      <value>824</value>
    </Data>
  </ExtendedData>
  <Point>
    <coordinates>85.94977332197908,26.726990743473447 </coordinates>
  </Point>
</Placemark><Placemark>
  <ExtendedData>
    <Data name='ag'>
      <value>1</value>
    </Data>
    <Data name='system:index'>
      <value>825</value>
    </Data>
  </ExtendedData>
  <Point>
    <coordinates>81.53841645625336,28.961370349663934 </coordinates>
  </Point>
</Placemark><Placemark>
  <ExtendedData>
    <Data name='ag'>
      <value>1</value>
    </Data>
    <Data name='system:index'>
      <value>826</value>
    </Data>
  </ExtendedData>
  <Point>
    <coordinates>83.24027476201779,27.528198145379648 </coordinates>
  </Point>
</Placemark><Placemark>
  <ExtendedData>
    <Data name='ag'>
      <value>1</value>
    </Data>
    <Data name='system:index'>
      <value>827</value>
    </Data>
  </ExtendedData>
  <Point>
    <coordinates>81.02179533635622,28.56170987975916 </coordinates>
  </Point>
</Placemark><Placemark>
  <ExtendedData>
    <Data name='ag'>
      <value>1</value>
    </Data>
    <Data name='system:index'>
      <value>828</value>
    </Data>
  </ExtendedData>
  <Point>
    <coordinates>81.4440933514208,29.016886234222522 </coordinates>
  </Point>
</Placemark><Placemark>
  <ExtendedData>
    <Data name='ag'>
      <value>1</value>
    </Data>
    <Data name='system:index'>
      <value>829</value>
    </Data>
  </ExtendedData>
  <Point>
    <coordinates>86.72079733033887,27.109403559923127 </coordinates>
  </Point>
</Placemark><Placemark>
  <ExtendedData>
    <Data name='ag'>
      <value>1</value>
    </Data>
    <Data name='system:index'>
      <value>830</value>
    </Data>
  </ExtendedData>
  <Point>
    <coordinates>84.98525220141995,27.120991827088268 </coordinates>
  </Point>
</Placemark><Placemark>
  <ExtendedData>
    <Data name='ag'>
      <value>1</value>
    </Data>
    <Data name='system:index'>
      <value>831</value>
    </Data>
  </ExtendedData>
  <Point>
    <coordinates>83.49467765048044,28.086321431403107 </coordinates>
  </Point>
</Placemark><Placemark>
  <ExtendedData>
    <Data name='ag'>
      <value>1</value>
    </Data>
    <Data name='system:index'>
      <value>832</value>
    </Data>
  </ExtendedData>
  <Point>
    <coordinates>86.44321790754594,26.648567819169813 </coordinates>
  </Point>
</Placemark><Placemark>
  <ExtendedData>
    <Data name='ag'>
      <value>1</value>
    </Data>
    <Data name='system:index'>
      <value>833</value>
    </Data>
  </ExtendedData>
  <Point>
    <coordinates>81.11584894660353,28.46738677492661 </coordinates>
  </Point>
</Placemark><Placemark>
  <ExtendedData>
    <Data name='ag'>
      <value>1</value>
    </Data>
    <Data name='system:index'>
      <value>834</value>
    </Data>
  </ExtendedData>
  <Point>
    <coordinates>83.25186302918293,27.588295437887243 </coordinates>
  </Point>
</Placemark><Placemark>
  <ExtendedData>
    <Data name='ag'>
      <value>1</value>
    </Data>
    <Data name='system:index'>
      <value>835</value>
    </Data>
  </ExtendedData>
  <Point>
    <coordinates>83.33621483436175,27.34709778410115 </coordinates>
  </Point>
</Placemark><Placemark>
  <ExtendedData>
    <Data name='ag'>
      <value>1</value>
    </Data>
    <Data name='system:index'>
      <value>836</value>
    </Data>
  </ExtendedData>
  <Point>
    <coordinates>87.16546339597804,27.432258073035683 </coordinates>
  </Point>
</Placemark><Placemark>
  <ExtendedData>
    <Data name='ag'>
      <value>1</value>
    </Data>
    <Data name='system:index'>
      <value>837</value>
    </Data>
  </ExtendedData>
  <Point>
    <coordinates>84.05468739860055,27.928667099040133 </coordinates>
  </Point>
</Placemark><Placemark>
  <ExtendedData>
    <Data name='ag'>
      <value>1</value>
    </Data>
    <Data name='system:index'>
      <value>838</value>
    </Data>
  </ExtendedData>
  <Point>
    <coordinates>81.5801881169649,28.84467919425681 </coordinates>
  </Point>
</Placemark><Placemark>
  <ExtendedData>
    <Data name='ag'>
      <value>1</value>
    </Data>
    <Data name='system:index'>
      <value>839</value>
    </Data>
  </ExtendedData>
  <Point>
    <coordinates>81.23227060742542,29.558300855961356 </coordinates>
  </Point>
</Placemark><Placemark>
  <ExtendedData>
    <Data name='ag'>
      <value>1</value>
    </Data>
    <Data name='system:index'>
      <value>840</value>
    </Data>
  </ExtendedData>
  <Point>
    <coordinates>85.14910490924336,27.954538579222774 </coordinates>
  </Point>
</Placemark><Placemark>
  <ExtendedData>
    <Data name='ag'>
      <value>1</value>
    </Data>
    <Data name='system:index'>
      <value>841</value>
    </Data>
  </ExtendedData>
  <Point>
    <coordinates>82.65843595249358,28.55443352595779 </coordinates>
  </Point>
</Placemark><Placemark>
  <ExtendedData>
    <Data name='ag'>
      <value>1</value>
    </Data>
    <Data name='system:index'>
      <value>842</value>
    </Data>
  </ExtendedData>
  <Point>
    <coordinates>82.9494901045483,27.562962946875075 </coordinates>
  </Point>
</Placemark><Placemark>
  <ExtendedData>
    <Data name='ag'>
      <value>1</value>
    </Data>
    <Data name='system:index'>
      <value>843</value>
    </Data>
  </ExtendedData>
  <Point>
    <coordinates>87.742451302968,26.610838577236795 </coordinates>
  </Point>
</Placemark><Placemark>
  <ExtendedData>
    <Data name='ag'>
      <value>1</value>
    </Data>
    <Data name='system:index'>
      <value>844</value>
    </Data>
  </ExtendedData>
  <Point>
    <coordinates>83.37286609795383,27.439264932251817 </coordinates>
  </Point>
</Placemark><Placemark>
  <ExtendedData>
    <Data name='ag'>
      <value>1</value>
    </Data>
    <Data name='system:index'>
      <value>845</value>
    </Data>
  </ExtendedData>
  <Point>
    <coordinates>88.04482422760263,26.449950309850987 </coordinates>
  </Point>
</Placemark><Placemark>
  <ExtendedData>
    <Data name='ag'>
      <value>1</value>
    </Data>
    <Data name='system:index'>
      <value>846</value>
    </Data>
  </ExtendedData>
  <Point>
    <coordinates>84.68260978220009,28.004664572076642 </coordinates>
  </Point>
</Placemark><Placemark>
  <ExtendedData>
    <Data name='ag'>
      <value>1</value>
    </Data>
    <Data name='system:index'>
      <value>847</value>
    </Data>
  </ExtendedData>
  <Point>
    <coordinates>80.7865265634453,29.6555884012315 </coordinates>
  </Point>
</Placemark><Placemark>
  <ExtendedData>
    <Data name='ag'>
      <value>1</value>
    </Data>
    <Data name='system:index'>
      <value>848</value>
    </Data>
  </ExtendedData>
  <Point>
    <coordinates>87.65432657359588,26.64102197078321 </coordinates>
  </Point>
</Placemark><Placemark>
  <ExtendedData>
    <Data name='ag'>
      <value>1</value>
    </Data>
    <Data name='system:index'>
      <value>849</value>
    </Data>
  </ExtendedData>
  <Point>
    <coordinates>86.21495599385116,26.71109056294453 </coordinates>
  </Point>
</Placemark><Placemark>
  <ExtendedData>
    <Data name='ag'>
      <value>1</value>
    </Data>
    <Data name='system:index'>
      <value>850</value>
    </Data>
  </ExtendedData>
  <Point>
    <coordinates>82.66355634961305,28.356355005809437 </coordinates>
  </Point>
</Placemark><Placemark>
  <ExtendedData>
    <Data name='ag'>
      <value>1</value>
    </Data>
    <Data name='system:index'>
      <value>851</value>
    </Data>
  </ExtendedData>
  <Point>
    <coordinates>86.30739263658707,26.673361321011512 </coordinates>
  </Point>
</Placemark><Placemark>
  <ExtendedData>
    <Data name='ag'>
      <value>1</value>
    </Data>
    <Data name='system:index'>
      <value>852</value>
    </Data>
  </ExtendedData>
  <Point>
    <coordinates>86.00582819570815,26.71755843299019 </coordinates>
  </Point>
</Placemark><Placemark>
  <ExtendedData>
    <Data name='ag'>
      <value>1</value>
    </Data>
    <Data name='system:index'>
      <value>853</value>
    </Data>
  </ExtendedData>
  <Point>
    <coordinates>83.35103703654973,27.765083885801968 </coordinates>
  </Point>
</Placemark><Placemark>
  <ExtendedData>
    <Data name='ag'>
      <value>1</value>
    </Data>
    <Data name='system:index'>
      <value>854</value>
    </Data>
  </ExtendedData>
  <Point>
    <coordinates>84.5015094209216,28.032692008941172 </coordinates>
  </Point>
</Placemark><Placemark>
  <ExtendedData>
    <Data name='ag'>
      <value>1</value>
    </Data>
    <Data name='system:index'>
      <value>855</value>
    </Data>
  </ExtendedData>
  <Point>
    <coordinates>83.8935296366295,28.24613172044797 </coordinates>
  </Point>
</Placemark><Placemark>
  <ExtendedData>
    <Data name='ag'>
      <value>1</value>
    </Data>
    <Data name='system:index'>
      <value>856</value>
    </Data>
  </ExtendedData>
  <Point>
    <coordinates>87.39642025552516,27.37081330760191 </coordinates>
  </Point>
</Placemark><Placemark>
  <ExtendedData>
    <Data name='ag'>
      <value>1</value>
    </Data>
    <Data name='system:index'>
      <value>857</value>
    </Data>
  </ExtendedData>
  <Point>
    <coordinates>80.95657764672914,29.4917356934081 </coordinates>
  </Point>
</Placemark><Placemark>
  <ExtendedData>
    <Data name='ag'>
      <value>1</value>
    </Data>
    <Data name='system:index'>
      <value>858</value>
    </Data>
  </ExtendedData>
  <Point>
    <coordinates>80.8954023758806,29.24649562084347 </coordinates>
  </Point>
</Placemark><Placemark>
  <ExtendedData>
    <Data name='ag'>
      <value>1</value>
    </Data>
    <Data name='system:index'>
      <value>859</value>
    </Data>
  </ExtendedData>
  <Point>
    <coordinates>87.67615563499999,27.07922016637671 </coordinates>
  </Point>
</Placemark><Placemark>
  <ExtendedData>
    <Data name='ag'>
      <value>1</value>
    </Data>
    <Data name='system:index'>
      <value>860</value>
    </Data>
  </ExtendedData>
  <Point>
    <coordinates>86.3917444417659,26.675786772278634 </coordinates>
  </Point>
</Placemark><Placemark>
  <ExtendedData>
    <Data name='ag'>
      <value>1</value>
    </Data>
    <Data name='system:index'>
      <value>861</value>
    </Data>
  </ExtendedData>
  <Point>
    <coordinates>83.18907079082297,27.496667278907054 </coordinates>
  </Point>
</Placemark><Placemark>
  <ExtendedData>
    <Data name='ag'>
      <value>1</value>
    </Data>
    <Data name='system:index'>
      <value>862</value>
    </Data>
  </ExtendedData>
  <Point>
    <coordinates>87.11372043561275,26.44536890190198 </coordinates>
  </Point>
</Placemark><Placemark>
  <ExtendedData>
    <Data name='ag'>
      <value>1</value>
    </Data>
    <Data name='system:index'>
      <value>863</value>
    </Data>
  </ExtendedData>
  <Point>
    <coordinates>85.89587440493192,26.783584606372976 </coordinates>
  </Point>
</Placemark><Placemark>
  <ExtendedData>
    <Data name='ag'>
      <value>1</value>
    </Data>
    <Data name='system:index'>
      <value>864</value>
    </Data>
  </ExtendedData>
  <Point>
    <coordinates>85.25663324875246,26.816732440356986 </coordinates>
  </Point>
</Placemark><Placemark>
  <ExtendedData>
    <Data name='ag'>
      <value>1</value>
    </Data>
    <Data name='system:index'>
      <value>865</value>
    </Data>
  </ExtendedData>
  <Point>
    <coordinates>87.69070834260272,26.52999020166604 </coordinates>
  </Point>
</Placemark><Placemark>
  <ExtendedData>
    <Data name='ag'>
      <value>1</value>
    </Data>
    <Data name='system:index'>
      <value>866</value>
    </Data>
  </ExtendedData>
  <Point>
    <coordinates>81.70631158285529,28.009784969196126 </coordinates>
  </Point>
</Placemark><Placemark>
  <ExtendedData>
    <Data name='ag'>
      <value>1</value>
    </Data>
    <Data name='system:index'>
      <value>868</value>
    </Data>
  </ExtendedData>
  <Point>
    <coordinates>87.73301899248474,26.425426302594524 </coordinates>
  </Point>
</Placemark><Placemark>
  <ExtendedData>
    <Data name='ag'>
      <value>1</value>
    </Data>
    <Data name='system:index'>
      <value>869</value>
    </Data>
  </ExtendedData>
  <Point>
    <coordinates>86.25160725744324,27.073021790916286 </coordinates>
  </Point>
</Placemark><Placemark>
  <ExtendedData>
    <Data name='ag'>
      <value>1</value>
    </Data>
    <Data name='system:index'>
      <value>870</value>
    </Data>
  </ExtendedData>
  <Point>
    <coordinates>86.6202758500459,26.58900951583269 </coordinates>
  </Point>
</Placemark><Placemark>
  <ExtendedData>
    <Data name='ag'>
      <value>1</value>
    </Data>
    <Data name='system:index'>
      <value>871</value>
    </Data>
  </ExtendedData>
  <Point>
    <coordinates>82.75464551942277,27.56646637648314 </coordinates>
  </Point>
</Placemark><Placemark>
  <ExtendedData>
    <Data name='ag'>
      <value>1</value>
    </Data>
    <Data name='system:index'>
      <value>873</value>
    </Data>
  </ExtendedData>
  <Point>
    <coordinates>87.30209715069262,26.597633342560236 </coordinates>
  </Point>
</Placemark><Placemark>
  <ExtendedData>
    <Data name='ag'>
      <value>1</value>
    </Data>
    <Data name='system:index'>
      <value>874</value>
    </Data>
  </ExtendedData>
  <Point>
    <coordinates>80.93205363947267,29.635645801924046 </coordinates>
  </Point>
</Placemark><Placemark>
  <ExtendedData>
    <Data name='ag'>
      <value>1</value>
    </Data>
    <Data name='system:index'>
      <value>875</value>
    </Data>
  </ExtendedData>
  <Point>
    <coordinates>83.66661519586091,27.453548145269316 </coordinates>
  </Point>
</Placemark><Placemark>
  <ExtendedData>
    <Data name='ag'>
      <value>1</value>
    </Data>
    <Data name='system:index'>
      <value>876</value>
    </Data>
  </ExtendedData>
  <Point>
    <coordinates>81.52817566201439,28.159893453172497 </coordinates>
  </Point>
</Placemark><Placemark>
  <ExtendedData>
    <Data name='ag'>
      <value>1</value>
    </Data>
    <Data name='system:index'>
      <value>877</value>
    </Data>
  </ExtendedData>
  <Point>
    <coordinates>82.93305093484891,28.166091828632922 </coordinates>
  </Point>
</Placemark><Placemark>
  <ExtendedData>
    <Data name='ag'>
      <value>1</value>
    </Data>
    <Data name='system:index'>
      <value>878</value>
    </Data>
  </ExtendedData>
  <Point>
    <coordinates>85.37251592040388,26.812959516163687 </coordinates>
  </Point>
</Placemark><Placemark>
  <ExtendedData>
    <Data name='ag'>
      <value>1</value>
    </Data>
    <Data name='system:index'>
      <value>879</value>
    </Data>
  </ExtendedData>
  <Point>
    <coordinates>82.51263938188097,28.155581539808722 </coordinates>
  </Point>
</Placemark><Placemark>
  <ExtendedData>
    <Data name='ag'>
      <value>1</value>
    </Data>
    <Data name='system:index'>
      <value>880</value>
    </Data>
  </ExtendedData>
  <Point>
    <coordinates>83.77414353537002,27.558112044340827 </coordinates>
  </Point>
</Placemark><Placemark>
  <ExtendedData>
    <Data name='ag'>
      <value>1</value>
    </Data>
    <Data name='system:index'>
      <value>881</value>
    </Data>
  </ExtendedData>
  <Point>
    <coordinates>81.34815327907684,28.287094897403822 </coordinates>
  </Point>
</Placemark><Placemark>
  <ExtendedData>
    <Data name='ag'>
      <value>1</value>
    </Data>
    <Data name='system:index'>
      <value>882</value>
    </Data>
  </ExtendedData>
  <Point>
    <coordinates>84.51336718267197,27.914922875193103 </coordinates>
  </Point>
</Placemark><Placemark>
  <ExtendedData>
    <Data name='ag'>
      <value>1</value>
    </Data>
    <Data name='system:index'>
      <value>883</value>
    </Data>
  </ExtendedData>
  <Point>
    <coordinates>87.72250870366055,26.6650069888692 </coordinates>
  </Point>
</Placemark><Placemark>
  <ExtendedData>
    <Data name='ag'>
      <value>1</value>
    </Data>
    <Data name='system:index'>
      <value>884</value>
    </Data>
  </ExtendedData>
  <Point>
    <coordinates>85.13266573954397,27.434144535132337 </coordinates>
  </Point>
</Placemark><Placemark>
  <ExtendedData>
    <Data name='ag'>
      <value>1</value>
    </Data>
    <Data name='system:index'>
      <value>885</value>
    </Data>
  </ExtendedData>
  <Point>
    <coordinates>85.55550274377903,27.2490017550753 </coordinates>
  </Point>
</Placemark><Placemark>
  <ExtendedData>
    <Data name='ag'>
      <value>1</value>
    </Data>
    <Data name='system:index'>
      <value>886</value>
    </Data>
  </ExtendedData>
  <Point>
    <coordinates>86.54373938783891,26.584158613298445 </coordinates>
  </Point>
</Placemark><Placemark>
  <ExtendedData>
    <Data name='ag'>
      <value>1</value>
    </Data>
    <Data name='system:index'>
      <value>887</value>
    </Data>
  </ExtendedData>
  <Point>
    <coordinates>81.72544569840704,28.51077540314958 </coordinates>
  </Point>
</Placemark><Placemark>
  <ExtendedData>
    <Data name='ag'>
      <value>1</value>
    </Data>
    <Data name='system:index'>
      <value>888</value>
    </Data>
  </ExtendedData>
  <Point>
    <coordinates>81.97984858686968,29.533507354119656 </coordinates>
  </Point>
</Placemark><Placemark>
  <ExtendedData>
    <Data name='ag'>
      <value>1</value>
    </Data>
    <Data name='system:index'>
      <value>889</value>
    </Data>
  </ExtendedData>
  <Point>
    <coordinates>84.2091077959407,28.28386096238099 </coordinates>
  </Point>
</Placemark><Placemark>
  <ExtendedData>
    <Data name='ag'>
      <value>1</value>
    </Data>
    <Data name='system:index'>
      <value>890</value>
    </Data>
  </ExtendedData>
  <Point>
    <coordinates>81.60066970544284,28.554703020543027 </coordinates>
  </Point>
</Placemark><Placemark>
  <ExtendedData>
    <Data name='ag'>
      <value>1</value>
    </Data>
    <Data name='system:index'>
      <value>891</value>
    </Data>
  </ExtendedData>
  <Point>
    <coordinates>87.15953451510285,26.42380933508311 </coordinates>
  </Point>
</Placemark><Placemark>
  <ExtendedData>
    <Data name='ag'>
      <value>1</value>
    </Data>
    <Data name='system:index'>
      <value>892</value>
    </Data>
  </ExtendedData>
  <Point>
    <coordinates>85.51453956682317,26.917792909820434 </coordinates>
  </Point>
</Placemark><Placemark>
  <ExtendedData>
    <Data name='ag'>
      <value>1</value>
    </Data>
    <Data name='system:index'>
      <value>893</value>
    </Data>
  </ExtendedData>
  <Point>
    <coordinates>81.1201608599673,29.170767642392192 </coordinates>
  </Point>
</Placemark><Placemark>
  <ExtendedData>
    <Data name='ag'>
      <value>1</value>
    </Data>
    <Data name='system:index'>
      <value>894</value>
    </Data>
  </ExtendedData>
  <Point>
    <coordinates>82.18870689042747,28.182530998332307 </coordinates>
  </Point>
</Placemark><Placemark>
  <ExtendedData>
    <Data name='ag'>
      <value>1</value>
    </Data>
    <Data name='system:index'>
      <value>895</value>
    </Data>
  </ExtendedData>
  <Point>
    <coordinates>80.64827584121932,29.80111547725886 </coordinates>
  </Point>
</Placemark><Placemark>
  <ExtendedData>
    <Data name='ag'>
      <value>1</value>
    </Data>
    <Data name='system:index'>
      <value>896</value>
    </Data>
  </ExtendedData>
  <Point>
    <coordinates>86.42812621077273,26.61568947977104 </coordinates>
  </Point>
</Placemark><Placemark>
  <ExtendedData>
    <Data name='ag'>
      <value>1</value>
    </Data>
    <Data name='system:index'>
      <value>897</value>
    </Data>
  </ExtendedData>
  <Point>
    <coordinates>85.67219389918615,27.008343090459682 </coordinates>
  </Point>
</Placemark><Placemark>
  <ExtendedData>
    <Data name='ag'>
      <value>1</value>
    </Data>
    <Data name='system:index'>
      <value>898</value>
    </Data>
  </ExtendedData>
  <Point>
    <coordinates>86.64156592227953,27.435492008058514 </coordinates>
  </Point>
</Placemark><Placemark>
  <ExtendedData>
    <Data name='ag'>
      <value>1</value>
    </Data>
    <Data name='system:index'>
      <value>899</value>
    </Data>
  </ExtendedData>
  <Point>
    <coordinates>83.46449425693402,27.63545699030352 </coordinates>
  </Point>
</Placemark><Placemark>
  <ExtendedData>
    <Data name='ag'>
      <value>1</value>
    </Data>
    <Data name='system:index'>
      <value>900</value>
    </Data>
  </ExtendedData>
  <Point>
    <coordinates>82.12295021162993,28.467117280341373 </coordinates>
  </Point>
</Placemark><Placemark>
  <ExtendedData>
    <Data name='ag'>
      <value>1</value>
    </Data>
    <Data name='system:index'>
      <value>901</value>
    </Data>
  </ExtendedData>
  <Point>
    <coordinates>87.20993000254195,26.546159876780187 </coordinates>
  </Point>
</Placemark><Placemark>
  <ExtendedData>
    <Data name='ag'>
      <value>1</value>
    </Data>
    <Data name='system:index'>
      <value>902</value>
    </Data>
  </ExtendedData>
  <Point>
    <coordinates>80.67037439720866,29.265090747224743 </coordinates>
  </Point>
</Placemark><Placemark>
  <ExtendedData>
    <Data name='ag'>
      <value>1</value>
    </Data>
    <Data name='system:index'>
      <value>903</value>
    </Data>
  </ExtendedData>
  <Point>
    <coordinates>80.34536392741421,28.904776486764405 </coordinates>
  </Point>
</Placemark><Placemark>
  <ExtendedData>
    <Data name='ag'>
      <value>1</value>
    </Data>
    <Data name='system:index'>
      <value>904</value>
    </Data>
  </ExtendedData>
  <Point>
    <coordinates>85.06205815821218,27.806855546513525 </coordinates>
  </Point>
</Placemark><Placemark>
  <ExtendedData>
    <Data name='ag'>
      <value>1</value>
    </Data>
    <Data name='system:index'>
      <value>905</value>
    </Data>
  </ExtendedData>
  <Point>
    <coordinates>81.06545345916443,28.535029915820807 </coordinates>
  </Point>
</Placemark><Placemark>
  <ExtendedData>
    <Data name='ag'>
      <value>1</value>
    </Data>
    <Data name='system:index'>
      <value>906</value>
    </Data>
  </ExtendedData>
  <Point>
    <coordinates>82.12995707084606,28.350695619519485 </coordinates>
  </Point>
</Placemark><Placemark>
  <ExtendedData>
    <Data name='ag'>
      <value>1</value>
    </Data>
    <Data name='system:index'>
      <value>907</value>
    </Data>
  </ExtendedData>
  <Point>
    <coordinates>85.52963126359639,26.946898325025906 </coordinates>
  </Point>
</Placemark><Placemark>
  <ExtendedData>
    <Data name='ag'>
      <value>1</value>
    </Data>
    <Data name='system:index'>
      <value>908</value>
    </Data>
  </ExtendedData>
  <Point>
    <coordinates>83.19634714462434,27.63653496864446 </coordinates>
  </Point>
</Placemark><Placemark>
  <ExtendedData>
    <Data name='ag'>
      <value>1</value>
    </Data>
    <Data name='system:index'>
      <value>910</value>
    </Data>
  </ExtendedData>
  <Point>
    <coordinates>81.95343811751657,29.77793894292858 </coordinates>
  </Point>
</Placemark><Placemark>
  <ExtendedData>
    <Data name='ag'>
      <value>1</value>
    </Data>
    <Data name='system:index'>
      <value>911</value>
    </Data>
  </ExtendedData>
  <Point>
    <coordinates>86.72834317872548,26.435936591418724 </coordinates>
  </Point>
</Placemark><Placemark>
  <ExtendedData>
    <Data name='ag'>
      <value>1</value>
    </Data>
    <Data name='system:index'>
      <value>912</value>
    </Data>
  </ExtendedData>
  <Point>
    <coordinates>88.13806935409424,26.675247783108162 </coordinates>
  </Point>
</Placemark><Placemark>
  <ExtendedData>
    <Data name='ag'>
      <value>1</value>
    </Data>
    <Data name='system:index'>
      <value>913</value>
    </Data>
  </ExtendedData>
  <Point>
    <coordinates>87.43711393789577,27.047689299904118 </coordinates>
  </Point>
</Placemark><Placemark>
  <ExtendedData>
    <Data name='ag'>
      <value>1</value>
    </Data>
    <Data name='system:index'>
      <value>914</value>
    </Data>
  </ExtendedData>
  <Point>
    <coordinates>86.40198523600485,27.107786592411713 </coordinates>
  </Point>
</Placemark><Placemark>
  <ExtendedData>
    <Data name='ag'>
      <value>1</value>
    </Data>
    <Data name='system:index'>
      <value>915</value>
    </Data>
  </ExtendedData>
  <Point>
    <coordinates>81.66103649253567,28.107880998221976 </coordinates>
  </Point>
</Placemark><Placemark>
  <ExtendedData>
    <Data name='ag'>
      <value>1</value>
    </Data>
    <Data name='system:index'>
      <value>916</value>
    </Data>
  </ExtendedData>
  <Point>
    <coordinates>80.35102331370418,28.775419085851194 </coordinates>
  </Point>
</Placemark><Placemark>
  <ExtendedData>
    <Data name='ag'>
      <value>1</value>
    </Data>
    <Data name='system:index'>
      <value>917</value>
    </Data>
  </ExtendedData>
  <Point>
    <coordinates>87.9739471516856,26.44213496687915 </coordinates>
  </Point>
</Placemark><Placemark>
  <ExtendedData>
    <Data name='ag'>
      <value>1</value>
    </Data>
    <Data name='system:index'>
      <value>918</value>
    </Data>
  </ExtendedData>
  <Point>
    <coordinates>83.48228089955958,27.475916195843894 </coordinates>
  </Point>
</Placemark><Placemark>
  <ExtendedData>
    <Data name='ag'>
      <value>1</value>
    </Data>
    <Data name='system:index'>
      <value>919</value>
    </Data>
  </ExtendedData>
  <Point>
    <coordinates>86.63940996559765,26.538614028393585 </coordinates>
  </Point>
</Placemark><Placemark>
  <ExtendedData>
    <Data name='ag'>
      <value>1</value>
    </Data>
    <Data name='system:index'>
      <value>920</value>
    </Data>
  </ExtendedData>
  <Point>
    <coordinates>82.11782981451044,28.36632630546316 </coordinates>
  </Point>
</Placemark><Placemark>
  <ExtendedData>
    <Data name='ag'>
      <value>1</value>
    </Data>
    <Data name='system:index'>
      <value>921</value>
    </Data>
  </ExtendedData>
  <Point>
    <coordinates>82.08252602384455,28.840097786307798 </coordinates>
  </Point>
</Placemark><Placemark>
  <ExtendedData>
    <Data name='ag'>
      <value>1</value>
    </Data>
    <Data name='system:index'>
      <value>922</value>
    </Data>
  </ExtendedData>
  <Point>
    <coordinates>87.10024570635096,26.503849226898158 </coordinates>
  </Point>
</Placemark><Placemark>
  <ExtendedData>
    <Data name='ag'>
      <value>1</value>
    </Data>
    <Data name='system:index'>
      <value>923</value>
    </Data>
  </ExtendedData>
  <Point>
    <coordinates>82.62205418348672,28.63635987986949 </coordinates>
  </Point>
</Placemark><Placemark>
  <ExtendedData>
    <Data name='ag'>
      <value>1</value>
    </Data>
    <Data name='system:index'>
      <value>924</value>
    </Data>
  </ExtendedData>
  <Point>
    <coordinates>83.37744750590284,27.92812810986966 </coordinates>
  </Point>
</Placemark><Placemark>
  <ExtendedData>
    <Data name='ag'>
      <value>1</value>
    </Data>
    <Data name='system:index'>
      <value>925</value>
    </Data>
  </ExtendedData>
  <Point>
    <coordinates>85.36604805035822,27.947801214591877 </coordinates>
  </Point>
</Placemark><Placemark>
  <ExtendedData>
    <Data name='ag'>
      <value>1</value>
    </Data>
    <Data name='system:index'>
      <value>926</value>
    </Data>
  </ExtendedData>
  <Point>
    <coordinates>85.2674130321619,27.357877567510588 </coordinates>
  </Point>
</Placemark><Placemark>
  <ExtendedData>
    <Data name='ag'>
      <value>1</value>
    </Data>
    <Data name='system:index'>
      <value>927</value>
    </Data>
  </ExtendedData>
  <Point>
    <coordinates>85.31753902501576,26.86146854150614 </coordinates>
  </Point>
</Placemark><Placemark>
  <ExtendedData>
    <Data name='ag'>
      <value>1</value>
    </Data>
    <Data name='system:index'>
      <value>928</value>
    </Data>
  </ExtendedData>
  <Point>
    <coordinates>86.55020725788458,27.295085329150634 </coordinates>
  </Point>
</Placemark><Placemark>
  <ExtendedData>
    <Data name='ag'>
      <value>1</value>
    </Data>
    <Data name='system:index'>
      <value>929</value>
    </Data>
  </ExtendedData>
  <Point>
    <coordinates>86.15782314178117,26.664737494283965 </coordinates>
  </Point>
</Placemark><Placemark>
  <ExtendedData>
    <Data name='ag'>
      <value>1</value>
    </Data>
    <Data name='system:index'>
      <value>931</value>
    </Data>
  </ExtendedData>
  <Point>
    <coordinates>87.69663722347791,26.60005879382736 </coordinates>
  </Point>
</Placemark><Placemark>
  <ExtendedData>
    <Data name='ag'>
      <value>1</value>
    </Data>
    <Data name='system:index'>
      <value>932</value>
    </Data>
  </ExtendedData>
  <Point>
    <coordinates>85.04292404266043,27.421747784211487 </coordinates>
  </Point>
</Placemark><Placemark>
  <ExtendedData>
    <Data name='ag'>
      <value>1</value>
    </Data>
    <Data name='system:index'>
      <value>935</value>
    </Data>
  </ExtendedData>
  <Point>
    <coordinates>82.65951393083452,27.83461348879282 </coordinates>
  </Point>
</Placemark><Placemark>
  <ExtendedData>
    <Data name='ag'>
      <value>1</value>
    </Data>
    <Data name='system:index'>
      <value>936</value>
    </Data>
  </ExtendedData>
  <Point>
    <coordinates>81.25868107677853,28.403247063640475 </coordinates>
  </Point>
</Placemark><Placemark>
  <ExtendedData>
    <Data name='ag'>
      <value>1</value>
    </Data>
    <Data name='system:index'>
      <value>937</value>
    </Data>
  </ExtendedData>
  <Point>
    <coordinates>81.69229786442303,28.59081529496463 </coordinates>
  </Point>
</Placemark><Placemark>
  <ExtendedData>
    <Data name='ag'>
      <value>1</value>
    </Data>
    <Data name='system:index'>
      <value>938</value>
    </Data>
  </ExtendedData>
  <Point>
    <coordinates>84.91626158759958,27.708220528317202 </coordinates>
  </Point>
</Placemark><Placemark>
  <ExtendedData>
    <Data name='ag'>
      <value>1</value>
    </Data>
    <Data name='system:index'>
      <value>939</value>
    </Data>
  </ExtendedData>
  <Point>
    <coordinates>83.2922872169683,27.47726366877007 </coordinates>
  </Point>
</Placemark><Placemark>
  <ExtendedData>
    <Data name='ag'>
      <value>1</value>
    </Data>
    <Data name='system:index'>
      <value>940</value>
    </Data>
  </ExtendedData>
  <Point>
    <coordinates>81.97311122223878,29.369385151711022 </coordinates>
  </Point>
</Placemark><Placemark>
  <ExtendedData>
    <Data name='ag'>
      <value>1</value>
    </Data>
    <Data name='system:index'>
      <value>941</value>
    </Data>
  </ExtendedData>
  <Point>
    <coordinates>83.44832458181986,27.590181899983897 </coordinates>
  </Point>
</Placemark><Placemark>
  <ExtendedData>
    <Data name='ag'>
      <value>1</value>
    </Data>
    <Data name='system:index'>
      <value>942</value>
    </Data>
  </ExtendedData>
  <Point>
    <coordinates>87.15144967754577,26.723217819280144 </coordinates>
  </Point>
</Placemark><Placemark>
  <ExtendedData>
    <Data name='ag'>
      <value>1</value>
    </Data>
    <Data name='system:index'>
      <value>943</value>
    </Data>
  </ExtendedData>
  <Point>
    <coordinates>81.55135219634467,28.922832623975207 </coordinates>
  </Point>
</Placemark><Placemark>
  <ExtendedData>
    <Data name='ag'>
      <value>1</value>
    </Data>
    <Data name='system:index'>
      <value>944</value>
    </Data>
  </ExtendedData>
  <Point>
    <coordinates>80.0950034577301,28.868125223172328 </coordinates>
  </Point>
</Placemark><Placemark>
  <ExtendedData>
    <Data name='ag'>
      <value>1</value>
    </Data>
    <Data name='system:index'>
      <value>945</value>
    </Data>
  </ExtendedData>
  <Point>
    <coordinates>85.50537675092517,26.880063667887413 </coordinates>
  </Point>
</Placemark><Placemark>
  <ExtendedData>
    <Data name='ag'>
      <value>1</value>
    </Data>
    <Data name='system:index'>
      <value>946</value>
    </Data>
  </ExtendedData>
  <Point>
    <coordinates>83.9657541854727,27.96262341677985 </coordinates>
  </Point>
</Placemark><Placemark>
  <ExtendedData>
    <Data name='ag'>
      <value>1</value>
    </Data>
    <Data name='system:index'>
      <value>947</value>
    </Data>
  </ExtendedData>
  <Point>
    <coordinates>82.89963360627966,28.094406268960185 </coordinates>
  </Point>
</Placemark><Placemark>
  <ExtendedData>
    <Data name='ag'>
      <value>1</value>
    </Data>
    <Data name='system:index'>
      <value>948</value>
    </Data>
  </ExtendedData>
  <Point>
    <coordinates>81.402052196124,29.523805549051165 </coordinates>
  </Point>
</Placemark><Placemark>
  <ExtendedData>
    <Data name='ag'>
      <value>1</value>
    </Data>
    <Data name='system:index'>
      <value>949</value>
    </Data>
  </ExtendedData>
  <Point>
    <coordinates>81.95128216083468,29.282338400679837 </coordinates>
  </Point>
</Placemark><Placemark>
  <ExtendedData>
    <Data name='ag'>
      <value>1</value>
    </Data>
    <Data name='system:index'>
      <value>950</value>
    </Data>
  </ExtendedData>
  <Point>
    <coordinates>81.31392746675188,29.185050855409695 </coordinates>
  </Point>
</Placemark><Placemark>
  <ExtendedData>
    <Data name='ag'>
      <value>1</value>
    </Data>
    <Data name='system:index'>
      <value>951</value>
    </Data>
  </ExtendedData>
  <Point>
    <coordinates>86.92884715014095,26.941238938735953 </coordinates>
  </Point>
</Placemark><Placemark>
  <ExtendedData>
    <Data name='ag'>
      <value>1</value>
    </Data>
    <Data name='system:index'>
      <value>952</value>
    </Data>
  </ExtendedData>
  <Point>
    <coordinates>85.88401664318154,26.997293812465013 </coordinates>
  </Point>
</Placemark><Placemark>
  <ExtendedData>
    <Data name='ag'>
      <value>1</value>
    </Data>
    <Data name='system:index'>
      <value>953</value>
    </Data>
  </ExtendedData>
  <Point>
    <coordinates>81.29290688910349,28.484364933796467 </coordinates>
  </Point>
</Placemark><Placemark>
  <ExtendedData>
    <Data name='ag'>
      <value>1</value>
    </Data>
    <Data name='system:index'>
      <value>954</value>
    </Data>
  </ExtendedData>
  <Point>
    <coordinates>87.25277964159446,27.23337106913162 </coordinates>
  </Point>
</Placemark><Placemark>
  <ExtendedData>
    <Data name='ag'>
      <value>1</value>
    </Data>
    <Data name='system:index'>
      <value>956</value>
    </Data>
  </ExtendedData>
  <Point>
    <coordinates>87.80955545469173,27.291851394127804 </coordinates>
  </Point>
</Placemark><Placemark>
  <ExtendedData>
    <Data name='ag'>
      <value>1</value>
    </Data>
    <Data name='system:index'>
      <value>957</value>
    </Data>
  </ExtendedData>
  <Point>
    <coordinates>80.9457978633197,28.640671793233263 </coordinates>
  </Point>
</Placemark><Placemark>
  <ExtendedData>
    <Data name='ag'>
      <value>1</value>
    </Data>
    <Data name='system:index'>
      <value>958</value>
    </Data>
  </ExtendedData>
  <Point>
    <coordinates>86.09449191425074,26.81026457031133 </coordinates>
  </Point>
</Placemark><Placemark>
  <ExtendedData>
    <Data name='ag'>
      <value>1</value>
    </Data>
    <Data name='system:index'>
      <value>959</value>
    </Data>
  </ExtendedData>
  <Point>
    <coordinates>85.76543902567776,26.858504101068547 </coordinates>
  </Point>
</Placemark><Placemark>
  <ExtendedData>
    <Data name='ag'>
      <value>1</value>
    </Data>
    <Data name='system:index'>
      <value>960</value>
    </Data>
  </ExtendedData>
  <Point>
    <coordinates>81.50877205187741,28.907740927202 </coordinates>
  </Point>
</Placemark><Placemark>
  <ExtendedData>
    <Data name='ag'>
      <value>1</value>
    </Data>
    <Data name='system:index'>
      <value>961</value>
    </Data>
  </ExtendedData>
  <Point>
    <coordinates>80.92828071527937,28.464422334489015 </coordinates>
  </Point>
</Placemark><Placemark>
  <ExtendedData>
    <Data name='ag'>
      <value>1</value>
    </Data>
    <Data name='system:index'>
      <value>962</value>
    </Data>
  </ExtendedData>
  <Point>
    <coordinates>80.32892475771483,29.403341469450737 </coordinates>
  </Point>
</Placemark><Placemark>
  <ExtendedData>
    <Data name='ag'>
      <value>1</value>
    </Data>
    <Data name='system:index'>
      <value>963</value>
    </Data>
  </ExtendedData>
  <Point>
    <coordinates>81.85695905600214,28.722328652559728 </coordinates>
  </Point>
</Placemark><Placemark>
  <ExtendedData>
    <Data name='ag'>
      <value>1</value>
    </Data>
    <Data name='system:index'>
      <value>964</value>
    </Data>
  </ExtendedData>
  <Point>
    <coordinates>87.88178000353494,27.11317648411643 </coordinates>
  </Point>
</Placemark><Placemark>
  <ExtendedData>
    <Data name='ag'>
      <value>1</value>
    </Data>
    <Data name='system:index'>
      <value>965</value>
    </Data>
  </ExtendedData>
  <Point>
    <coordinates>85.80909714848598,27.56835283857979 </coordinates>
  </Point>
</Placemark><Placemark>
  <ExtendedData>
    <Data name='ag'>
      <value>1</value>
    </Data>
    <Data name='system:index'>
      <value>966</value>
    </Data>
  </ExtendedData>
  <Point>
    <coordinates>85.88482512693724,27.416357892506767 </coordinates>
  </Point>
</Placemark><Placemark>
  <ExtendedData>
    <Data name='ag'>
      <value>1</value>
    </Data>
    <Data name='system:index'>
      <value>967</value>
    </Data>
  </ExtendedData>
  <Point>
    <coordinates>86.3723408316289,26.664198505113493 </coordinates>
  </Point>
</Placemark><Placemark>
  <ExtendedData>
    <Data name='ag'>
      <value>1</value>
    </Data>
    <Data name='system:index'>
      <value>968</value>
    </Data>
  </ExtendedData>
  <Point>
    <coordinates>84.84807945753491,27.90010067300513 </coordinates>
  </Point>
</Placemark><Placemark>
  <ExtendedData>
    <Data name='ag'>
      <value>1</value>
    </Data>
    <Data name='system:index'>
      <value>969</value>
    </Data>
  </ExtendedData>
  <Point>
    <coordinates>86.74478234842486,27.142551393907137 </coordinates>
  </Point>
</Placemark><Placemark>
  <ExtendedData>
    <Data name='ag'>
      <value>1</value>
    </Data>
    <Data name='system:index'>
      <value>970</value>
    </Data>
  </ExtendedData>
  <Point>
    <coordinates>82.77324064580405,28.32805807435967 </coordinates>
  </Point>
</Placemark><Placemark>
  <ExtendedData>
    <Data name='ag'>
      <value>1</value>
    </Data>
    <Data name='system:index'>
      <value>971</value>
    </Data>
  </ExtendedData>
  <Point>
    <coordinates>86.6526152002742,27.21585392109129 </coordinates>
  </Point>
</Placemark><Placemark>
  <ExtendedData>
    <Data name='ag'>
      <value>1</value>
    </Data>
    <Data name='system:index'>
      <value>972</value>
    </Data>
  </ExtendedData>
  <Point>
    <coordinates>83.75689588191493,27.47726366877007 </coordinates>
  </Point>
</Placemark><Placemark>
  <ExtendedData>
    <Data name='ag'>
      <value>1</value>
    </Data>
    <Data name='system:index'>
      <value>973</value>
    </Data>
  </ExtendedData>
  <Point>
    <coordinates>84.3376567130982,28.090633344766882 </coordinates>
  </Point>
</Placemark><Placemark>
  <ExtendedData>
    <Data name='ag'>
      <value>1</value>
    </Data>
    <Data name='system:index'>
      <value>974</value>
    </Data>
  </ExtendedData>
  <Point>
    <coordinates>83.29686862491731,27.453009156098844 </coordinates>
  </Point>
</Placemark><Placemark>
  <ExtendedData>
    <Data name='ag'>
      <value>1</value>
    </Data>
    <Data name='system:index'>
      <value>975</value>
    </Data>
  </ExtendedData>
  <Point>
    <coordinates>83.85014100840652,27.615514390996065 </coordinates>
  </Point>
</Placemark><Placemark>
  <ExtendedData>
    <Data name='ag'>
      <value>1</value>
    </Data>
    <Data name='system:index'>
      <value>976</value>
    </Data>
  </ExtendedData>
  <Point>
    <coordinates>87.52658614019408,27.02020085221006 </coordinates>
  </Point>
</Placemark><Placemark>
  <ExtendedData>
    <Data name='ag'>
      <value>1</value>
    </Data>
    <Data name='system:index'>
      <value>977</value>
    </Data>
  </ExtendedData>
  <Point>
    <coordinates>82.12780111416417,28.118660781631412 </coordinates>
  </Point>
</Placemark><Placemark>
  <ExtendedData>
    <Data name='ag'>
      <value>1</value>
    </Data>
    <Data name='system:index'>
      <value>978</value>
    </Data>
  </ExtendedData>
  <Point>
    <coordinates>83.2494375779158,28.356624500394673 </coordinates>
  </Point>
</Placemark><Placemark>
  <ExtendedData>
    <Data name='ag'>
      <value>1</value>
    </Data>
    <Data name='system:index'>
      <value>979</value>
    </Data>
  </ExtendedData>
  <Point>
    <coordinates>86.99514281810897,26.98058514818039 </coordinates>
  </Point>
</Placemark><Placemark>
  <ExtendedData>
    <Data name='ag'>
      <value>1</value>
    </Data>
    <Data name='system:index'>
      <value>980</value>
    </Data>
  </ExtendedData>
  <Point>
    <coordinates>85.74576592095555,27.530354102061537 </coordinates>
  </Point>
</Placemark><Placemark>
  <ExtendedData>
    <Data name='ag'>
      <value>1</value>
    </Data>
    <Data name='system:index'>
      <value>981</value>
    </Data>
  </ExtendedData>
  <Point>
    <coordinates>82.33046104226153,28.143184788887872 </coordinates>
  </Point>
</Placemark><Placemark>
  <ExtendedData>
    <Data name='ag'>
      <value>1</value>
    </Data>
    <Data name='system:index'>
      <value>982</value>
    </Data>
  </ExtendedData>
  <Point>
    <coordinates>82.12268071704469,28.15639002356443 </coordinates>
  </Point>
</Placemark><Placemark>
  <ExtendedData>
    <Data name='ag'>
      <value>1</value>
    </Data>
    <Data name='system:index'>
      <value>983</value>
    </Data>
  </ExtendedData>
  <Point>
    <coordinates>86.02091989248136,26.70192774704651 </coordinates>
  </Point>
</Placemark><Placemark>
  <ExtendedData>
    <Data name='ag'>
      <value>1</value>
    </Data>
    <Data name='system:index'>
      <value>985</value>
    </Data>
  </ExtendedData>
  <Point>
    <coordinates>80.84392891010054,28.758171432396097 </coordinates>
  </Point>
</Placemark><Placemark>
  <ExtendedData>
    <Data name='ag'>
      <value>1</value>
    </Data>
    <Data name='system:index'>
      <value>986</value>
    </Data>
  </ExtendedData>
  <Point>
    <coordinates>87.73436646541093,26.481211681738348 </coordinates>
  </Point>
</Placemark><Placemark>
  <ExtendedData>
    <Data name='ag'>
      <value>1</value>
    </Data>
    <Data name='system:index'>
      <value>987</value>
    </Data>
  </ExtendedData>
  <Point>
    <coordinates>82.33342548269913,29.31818118051621 </coordinates>
  </Point>
</Placemark><Placemark>
  <ExtendedData>
    <Data name='ag'>
      <value>1</value>
    </Data>
    <Data name='system:index'>
      <value>989</value>
    </Data>
  </ExtendedData>
  <Point>
    <coordinates>81.86908631233774,28.0426633085949 </coordinates>
  </Point>
</Placemark><Placemark>
  <ExtendedData>
    <Data name='ag'>
      <value>1</value>
    </Data>
    <Data name='system:index'>
      <value>990</value>
    </Data>
  </ExtendedData>
  <Point>
    <coordinates>80.4227088733769,29.068359700002567 </coordinates>
  </Point>
</Placemark><Placemark>
  <ExtendedData>
    <Data name='ag'>
      <value>1</value>
    </Data>
    <Data name='system:index'>
      <value>991</value>
    </Data>
  </ExtendedData>
  <Point>
    <coordinates>87.22690816141181,27.28080211613313 </coordinates>
  </Point>
</Placemark><Placemark>
  <ExtendedData>
    <Data name='ag'>
      <value>1</value>
    </Data>
    <Data name='system:index'>
      <value>993</value>
    </Data>
  </ExtendedData>
  <Point>
    <coordinates>83.2696496718085,27.568083343994555 </coordinates>
  </Point>
</Placemark><Placemark>
  <ExtendedData>
    <Data name='ag'>
      <value>1</value>
    </Data>
    <Data name='system:index'>
      <value>995</value>
    </Data>
  </ExtendedData>
  <Point>
    <coordinates>85.5161565343346,26.856348144386658 </coordinates>
  </Point>
</Placemark><Placemark>
  <ExtendedData>
    <Data name='ag'>
      <value>1</value>
    </Data>
    <Data name='system:index'>
      <value>996</value>
    </Data>
  </ExtendedData>
  <Point>
    <coordinates>82.94652566411071,27.597188759200026 </coordinates>
  </Point>
</Placemark><Placemark>
  <ExtendedData>
    <Data name='ag'>
      <value>1</value>
    </Data>
    <Data name='system:index'>
      <value>997</value>
    </Data>
  </ExtendedData>
  <Point>
    <coordinates>87.6672623136872,26.585236591639386 </coordinates>
  </Point>
</Placemark><Placemark>
  <ExtendedData>
    <Data name='ag'>
      <value>1</value>
    </Data>
    <Data name='system:index'>
      <value>998</value>
    </Data>
  </ExtendedData>
  <Point>
    <coordinates>86.56583794382826,26.590087494173634 </coordinates>
  </Point>
</Placemark><Placemark>
  <ExtendedData>
    <Data name='ag'>
      <value>1</value>
    </Data>
    <Data name='system:index'>
      <value>999</value>
    </Data>
  </ExtendedData>
  <Point>
    <coordinates>85.26229263504241,27.625485690649793 </coordinates>
  </Point>
</Placemark><Placemark>
  <ExtendedData>
    <Data name='ag'>
      <value>1</value>
    </Data>
    <Data name='system:index'>
      <value>1000</value>
    </Data>
  </ExtendedData>
  <Point>
    <coordinates>87.47834660943687,26.599250310071653 </coordinates>
  </Point>
</Placemark><Placemark>
  <ExtendedData>
    <Data name='ag'>
      <value>1</value>
    </Data>
    <Data name='system:index'>
      <value>1001</value>
    </Data>
  </ExtendedData>
  <Point>
    <coordinates>85.33640364598227,26.764450490821233 </coordinates>
  </Point>
</Placemark><Placemark>
  <ExtendedData>
    <Data name='ag'>
      <value>1</value>
    </Data>
    <Data name='system:index'>
      <value>1002</value>
    </Data>
  </ExtendedData>
  <Point>
    <coordinates>80.65770815170258,29.9156506759841 </coordinates>
  </Point>
</Placemark><Placemark>
  <ExtendedData>
    <Data name='ag'>
      <value>1</value>
    </Data>
    <Data name='system:index'>
      <value>1003</value>
    </Data>
  </ExtendedData>
  <Point>
    <coordinates>85.16689155186893,27.05146222409742 </coordinates>
  </Point>
</Placemark><Placemark>
  <ExtendedData>
    <Data name='ag'>
      <value>1</value>
    </Data>
    <Data name='system:index'>
      <value>1004</value>
    </Data>
  </ExtendedData>
  <Point>
    <coordinates>81.59716627583477,28.997213129500302 </coordinates>
  </Point>
</Placemark><Placemark>
  <ExtendedData>
    <Data name='ag'>
      <value>1</value>
    </Data>
    <Data name='system:index'>
      <value>1005</value>
    </Data>
  </ExtendedData>
  <Point>
    <coordinates>85.46387458479883,27.650279192491492 </coordinates>
  </Point>
</Placemark><Placemark>
  <ExtendedData>
    <Data name='ag'>
      <value>1</value>
    </Data>
    <Data name='system:index'>
      <value>1006</value>
    </Data>
  </ExtendedData>
  <Point>
    <coordinates>84.09888451057923,27.820599770360552 </coordinates>
  </Point>
</Placemark><Placemark>
  <ExtendedData>
    <Data name='ag'>
      <value>1</value>
    </Data>
    <Data name='system:index'>
      <value>1007</value>
    </Data>
  </ExtendedData>
  <Point>
    <coordinates>87.61201592371386,27.16599742282266 </coordinates>
  </Point>
</Placemark><Placemark>
  <ExtendedData>
    <Data name='ag'>
      <value>1</value>
    </Data>
    <Data name='system:index'>
      <value>1008</value>
    </Data>
  </ExtendedData>
  <Point>
    <coordinates>81.673972232627,28.028649590162633 </coordinates>
  </Point>
</Placemark><Placemark>
  <ExtendedData>
    <Data name='ag'>
      <value>1</value>
    </Data>
    <Data name='system:index'>
      <value>1009</value>
    </Data>
  </ExtendedData>
  <Point>
    <coordinates>81.6432498499101,28.19735320052028 </coordinates>
  </Point>
</Placemark><Placemark>
  <ExtendedData>
    <Data name='ag'>
      <value>1</value>
    </Data>
    <Data name='system:index'>
      <value>1010</value>
    </Data>
  </ExtendedData>
  <Point>
    <coordinates>87.03691447882053,26.61056908265156 </coordinates>
  </Point>
</Placemark><Placemark>
  <ExtendedData>
    <Data name='ag'>
      <value>1</value>
    </Data>
    <Data name='system:index'>
      <value>1011</value>
    </Data>
  </ExtendedData>
  <Point>
    <coordinates>83.61082981671709,28.15773749649061 </coordinates>
  </Point>
</Placemark><Placemark>
  <ExtendedData>
    <Data name='ag'>
      <value>1</value>
    </Data>
    <Data name='system:index'>
      <value>1012</value>
    </Data>
  </ExtendedData>
  <Point>
    <coordinates>81.94966519332327,29.421667101246776 </coordinates>
  </Point>
</Placemark><Placemark>
  <ExtendedData>
    <Data name='ag'>
      <value>1</value>
    </Data>
    <Data name='system:index'>
      <value>1013</value>
    </Data>
  </ExtendedData>
  <Point>
    <coordinates>85.97052440504224,27.769126304580503 </coordinates>
  </Point>
</Placemark><Placemark>
  <ExtendedData>
    <Data name='ag'>
      <value>1</value>
    </Data>
    <Data name='system:index'>
      <value>1014</value>
    </Data>
  </ExtendedData>
  <Point>
    <coordinates>86.32464029004217,26.649106808340285 </coordinates>
  </Point>
</Placemark><Placemark>
  <ExtendedData>
    <Data name='ag'>
      <value>1</value>
    </Data>
    <Data name='system:index'>
      <value>1015</value>
    </Data>
  </ExtendedData>
  <Point>
    <coordinates>83.25940887756953,27.645158795372012 </coordinates>
  </Point>
</Placemark><Placemark>
  <ExtendedData>
    <Data name='ag'>
      <value>1</value>
    </Data>
    <Data name='system:index'>
      <value>1016</value>
    </Data>
  </ExtendedData>
  <Point>
    <coordinates>85.35365129943737,26.94878478712256 </coordinates>
  </Point>
</Placemark><Placemark>
  <ExtendedData>
    <Data name='ag'>
      <value>1</value>
    </Data>
    <Data name='system:index'>
      <value>1018</value>
    </Data>
  </ExtendedData>
  <Point>
    <coordinates>85.57382837557506,27.57428171945498 </coordinates>
  </Point>
</Placemark><Placemark>
  <ExtendedData>
    <Data name='ag'>
      <value>1</value>
    </Data>
    <Data name='system:index'>
      <value>1019</value>
    </Data>
  </ExtendedData>
  <Point>
    <coordinates>82.3407018365005,28.75170356235044 </coordinates>
  </Point>
</Placemark><Placemark>
  <ExtendedData>
    <Data name='ag'>
      <value>1</value>
    </Data>
    <Data name='system:index'>
      <value>1020</value>
    </Data>
  </ExtendedData>
  <Point>
    <coordinates>85.90907963960848,27.37135229677238 </coordinates>
  </Point>
</Placemark><Placemark>
  <ExtendedData>
    <Data name='ag'>
      <value>1</value>
    </Data>
    <Data name='system:index'>
      <value>1021</value>
    </Data>
  </ExtendedData>
  <Point>
    <coordinates>81.5327570699634,28.085782442232635 </coordinates>
  </Point>
</Placemark><Placemark>
  <ExtendedData>
    <Data name='ag'>
      <value>1</value>
    </Data>
    <Data name='system:index'>
      <value>1023</value>
    </Data>
  </ExtendedData>
  <Point>
    <coordinates>85.26498758089477,27.02855518435237 </coordinates>
  </Point>
</Placemark><Placemark>
  <ExtendedData>
    <Data name='ag'>
      <value>1</value>
    </Data>
    <Data name='system:index'>
      <value>1024</value>
    </Data>
  </ExtendedData>
  <Point>
    <coordinates>86.60626213161363,26.571222873207123 </coordinates>
  </Point>
</Placemark><Placemark>
  <ExtendedData>
    <Data name='ag'>
      <value>1</value>
    </Data>
    <Data name='system:index'>
      <value>1025</value>
    </Data>
  </ExtendedData>
  <Point>
    <coordinates>87.94591971482107,26.95713911926487 </coordinates>
  </Point>
</Placemark><Placemark>
  <ExtendedData>
    <Data name='ag'>
      <value>1</value>
    </Data>
    <Data name='system:index'>
      <value>1026</value>
    </Data>
  </ExtendedData>
  <Point>
    <coordinates>85.27091646176997,27.41501041958059 </coordinates>
  </Point>
</Placemark><Placemark>
  <ExtendedData>
    <Data name='ag'>
      <value>1</value>
    </Data>
    <Data name='system:index'>
      <value>1027</value>
    </Data>
  </ExtendedData>
  <Point>
    <coordinates>86.63240310638152,26.6116470609925 </coordinates>
  </Point>
</Placemark><Placemark>
  <ExtendedData>
    <Data name='ag'>
      <value>1</value>
    </Data>
    <Data name='system:index'>
      <value>1028</value>
    </Data>
  </ExtendedData>
  <Point>
    <coordinates>82.42990454421357,28.089555366425937 </coordinates>
  </Point>
</Placemark><Placemark>
  <ExtendedData>
    <Data name='ag'>
      <value>1</value>
    </Data>
    <Data name='system:index'>
      <value>1029</value>
    </Data>
  </ExtendedData>
  <Point>
    <coordinates>80.9029482242672,29.62836944812268 </coordinates>
  </Point>
</Placemark><Placemark>
  <ExtendedData>
    <Data name='ag'>
      <value>1</value>
    </Data>
    <Data name='system:index'>
      <value>1030</value>
    </Data>
  </ExtendedData>
  <Point>
    <coordinates>83.36720671166387,27.635995979473993 </coordinates>
  </Point>
</Placemark><Placemark>
  <ExtendedData>
    <Data name='ag'>
      <value>1</value>
    </Data>
    <Data name='system:index'>
      <value>1032</value>
    </Data>
  </ExtendedData>
  <Point>
    <coordinates>87.96370635744664,27.256547603461907 </coordinates>
  </Point>
</Placemark><Placemark>
  <ExtendedData>
    <Data name='ag'>
      <value>1</value>
    </Data>
    <Data name='system:index'>
      <value>1033</value>
    </Data>
  </ExtendedData>
  <Point>
    <coordinates>83.17829100741353,27.658633524633803 </coordinates>
  </Point>
</Placemark><Placemark>
  <ExtendedData>
    <Data name='ag'>
      <value>1</value>
    </Data>
    <Data name='system:index'>
      <value>1034</value>
    </Data>
  </ExtendedData>
  <Point>
    <coordinates>85.44420148007661,27.927319626113952 </coordinates>
  </Point>
</Placemark><Placemark>
  <ExtendedData>
    <Data name='ag'>
      <value>1</value>
    </Data>
    <Data name='system:index'>
      <value>1035</value>
    </Data>
  </ExtendedData>
  <Point>
    <coordinates>86.40737512770957,26.94069994956548 </coordinates>
  </Point>
</Placemark><Placemark>
  <ExtendedData>
    <Data name='ag'>
      <value>1</value>
    </Data>
    <Data name='system:index'>
      <value>1037</value>
    </Data>
  </ExtendedData>
  <Point>
    <coordinates>83.12034967158783,28.1636663773658 </coordinates>
  </Point>
</Placemark><Placemark>
  <ExtendedData>
    <Data name='ag'>
      <value>1</value>
    </Data>
    <Data name='system:index'>
      <value>1038</value>
    </Data>
  </ExtendedData>
  <Point>
    <coordinates>87.71765780112631,26.427851753861646 </coordinates>
  </Point>
</Placemark><Placemark>
  <ExtendedData>
    <Data name='ag'>
      <value>1</value>
    </Data>
    <Data name='system:index'>
      <value>1039</value>
    </Data>
  </ExtendedData>
  <Point>
    <coordinates>82.83118198162975,28.0426633085949 </coordinates>
  </Point>
</Placemark><Placemark>
  <ExtendedData>
    <Data name='ag'>
      <value>1</value>
    </Data>
    <Data name='system:index'>
      <value>1040</value>
    </Data>
  </ExtendedData>
  <Point>
    <coordinates>85.98346014513356,27.417974860018184 </coordinates>
  </Point>
</Placemark><Placemark>
  <ExtendedData>
    <Data name='ag'>
      <value>1</value>
    </Data>
    <Data name='system:index'>
      <value>1041</value>
    </Data>
  </ExtendedData>
  <Point>
    <coordinates>87.69798469640409,26.655844172971182 </coordinates>
  </Point>
</Placemark><Placemark>
  <ExtendedData>
    <Data name='ag'>
      <value>1</value>
    </Data>
    <Data name='system:index'>
      <value>1042</value>
    </Data>
  </ExtendedData>
  <Point>
    <coordinates>87.49640274664766,26.498189840608205 </coordinates>
  </Point>
</Placemark><Placemark>
  <ExtendedData>
    <Data name='ag'>
      <value>1</value>
    </Data>
    <Data name='system:index'>
      <value>1043</value>
    </Data>
  </ExtendedData>
  <Point>
    <coordinates>84.71683559452504,27.188904462567706 </coordinates>
  </Point>
</Placemark><Placemark>
  <ExtendedData>
    <Data name='ag'>
      <value>1</value>
    </Data>
    <Data name='system:index'>
      <value>1045</value>
    </Data>
  </ExtendedData>
  <Point>
    <coordinates>82.18978486876841,28.404594536566655 </coordinates>
  </Point>
</Placemark><Placemark>
  <ExtendedData>
    <Data name='ag'>
      <value>1</value>
    </Data>
    <Data name='system:index'>
      <value>1046</value>
    </Data>
  </ExtendedData>
  <Point>
    <coordinates>81.26380147389801,28.73607287640676 </coordinates>
  </Point>
</Placemark><Placemark>
  <ExtendedData>
    <Data name='ag'>
      <value>1</value>
    </Data>
    <Data name='system:index'>
      <value>1047</value>
    </Data>
  </ExtendedData>
  <Point>
    <coordinates>87.33120256589808,26.38985301734339 </coordinates>
  </Point>
</Placemark><Placemark>
  <ExtendedData>
    <Data name='ag'>
      <value>1</value>
    </Data>
    <Data name='system:index'>
      <value>1048</value>
    </Data>
  </ExtendedData>
  <Point>
    <coordinates>86.15458920675833,26.6898004907109 </coordinates>
  </Point>
</Placemark><Placemark>
  <ExtendedData>
    <Data name='ag'>
      <value>1</value>
    </Data>
    <Data name='system:index'>
      <value>1049</value>
    </Data>
  </ExtendedData>
  <Point>
    <coordinates>80.49412493846441,28.84063677547827 </coordinates>
  </Point>
</Placemark><Placemark>
  <ExtendedData>
    <Data name='ag'>
      <value>1</value>
    </Data>
    <Data name='system:index'>
      <value>1050</value>
    </Data>
  </ExtendedData>
  <Point>
    <coordinates>87.64354679018645,26.77496077964543 </coordinates>
  </Point>
</Placemark><Placemark>
  <ExtendedData>
    <Data name='ag'>
      <value>1</value>
    </Data>
    <Data name='system:index'>
      <value>1051</value>
    </Data>
  </ExtendedData>
  <Point>
    <coordinates>86.38527657172023,26.816193451186518 </coordinates>
  </Point>
</Placemark><Placemark>
  <ExtendedData>
    <Data name='ag'>
      <value>1</value>
    </Data>
    <Data name='system:index'>
      <value>1052</value>
    </Data>
  </ExtendedData>
  <Point>
    <coordinates>85.89021501864197,26.738309516053352 </coordinates>
  </Point>
</Placemark><Placemark>
  <ExtendedData>
    <Data name='ag'>
      <value>1</value>
    </Data>
    <Data name='system:index'>
      <value>1053</value>
    </Data>
  </ExtendedData>
  <Point>
    <coordinates>87.38483198836002,27.019931357624824 </coordinates>
  </Point>
</Placemark><Placemark>
  <ExtendedData>
    <Data name='ag'>
      <value>1</value>
    </Data>
    <Data name='system:index'>
      <value>1054</value>
    </Data>
  </ExtendedData>
  <Point>
    <coordinates>82.98452440062896,27.529006629135356 </coordinates>
  </Point>
</Placemark><Placemark>
  <ExtendedData>
    <Data name='ag'>
      <value>1</value>
    </Data>
    <Data name='system:index'>
      <value>1056</value>
    </Data>
  </ExtendedData>
  <Point>
    <coordinates>81.58881194369246,28.824467100364117 </coordinates>
  </Point>
</Placemark><Placemark>
  <ExtendedData>
    <Data name='ag'>
      <value>1</value>
    </Data>
    <Data name='system:index'>
      <value>1057</value>
    </Data>
  </ExtendedData>
  <Point>
    <coordinates>86.7164854169751,26.634015111567077 </coordinates>
  </Point>
</Placemark><Placemark>
  <ExtendedData>
    <Data name='ag'>
      <value>1</value>
    </Data>
    <Data name='system:index'>
      <value>1059</value>
    </Data>
  </ExtendedData>
  <Point>
    <coordinates>83.05944389532452,27.977176124382584 </coordinates>
  </Point>
</Placemark><Placemark>
  <ExtendedData>
    <Data name='ag'>
      <value>1</value>
    </Data>
    <Data name='system:index'>
      <value>1060</value>
    </Data>
  </ExtendedData>
  <Point>
    <coordinates>83.3876883001418,27.580480094915405 </coordinates>
  </Point>
</Placemark><Placemark>
  <ExtendedData>
    <Data name='ag'>
      <value>1</value>
    </Data>
    <Data name='system:index'>
      <value>1061</value>
    </Data>
  </ExtendedData>
  <Point>
    <coordinates>84.95803324831114,27.91195843475551 </coordinates>
  </Point>
</Placemark><Placemark>
  <ExtendedData>
    <Data name='ag'>
      <value>1</value>
    </Data>
    <Data name='system:index'>
      <value>1062</value>
    </Data>
  </ExtendedData>
  <Point>
    <coordinates>86.15000779880933,26.677673234375288 </coordinates>
  </Point>
</Placemark><Placemark>
  <ExtendedData>
    <Data name='ag'>
      <value>1</value>
    </Data>
    <Data name='system:index'>
      <value>1063</value>
    </Data>
  </ExtendedData>
  <Point>
    <coordinates>85.3854516604952,27.552452658050875 </coordinates>
  </Point>
</Placemark><Placemark>
  <ExtendedData>
    <Data name='ag'>
      <value>1</value>
    </Data>
    <Data name='system:index'>
      <value>1064</value>
    </Data>
  </ExtendedData>
  <Point>
    <coordinates>85.70156880897686,26.958486592191047 </coordinates>
  </Point>
</Placemark><Placemark>
  <ExtendedData>
    <Data name='ag'>
      <value>1</value>
    </Data>
    <Data name='system:index'>
      <value>1065</value>
    </Data>
  </ExtendedData>
  <Point>
    <coordinates>86.57284480304439,26.52918171791033 </coordinates>
  </Point>
</Placemark><Placemark>
  <ExtendedData>
    <Data name='ag'>
      <value>1</value>
    </Data>
    <Data name='system:index'>
      <value>1066</value>
    </Data>
  </ExtendedData>
  <Point>
    <coordinates>87.54949317993913,26.489296519295422 </coordinates>
  </Point>
</Placemark><Placemark>
  <ExtendedData>
    <Data name='ag'>
      <value>1</value>
    </Data>
    <Data name='system:index'>
      <value>1067</value>
    </Data>
  </ExtendedData>
  <Point>
    <coordinates>83.48281988873006,27.611202477632293 </coordinates>
  </Point>
</Placemark><Placemark>
  <ExtendedData>
    <Data name='ag'>
      <value>1</value>
    </Data>
    <Data name='system:index'>
      <value>1068</value>
    </Data>
  </ExtendedData>
  <Point>
    <coordinates>81.73056609552651,29.47152359951541 </coordinates>
  </Point>
</Placemark><Placemark>
  <ExtendedData>
    <Data name='ag'>
      <value>1</value>
    </Data>
    <Data name='system:index'>
      <value>1069</value>
    </Data>
  </ExtendedData>
  <Point>
    <coordinates>83.75716537650015,28.12189471665424 </coordinates>
  </Point>
</Placemark><Placemark>
  <ExtendedData>
    <Data name='ag'>
      <value>1</value>
    </Data>
    <Data name='system:index'>
      <value>1070</value>
    </Data>
  </ExtendedData>
  <Point>
    <coordinates>87.92409065341697,26.49792034602297 </coordinates>
  </Point>
</Placemark><Placemark>
  <ExtendedData>
    <Data name='ag'>
      <value>1</value>
    </Data>
    <Data name='system:index'>
      <value>1071</value>
    </Data>
  </ExtendedData>
  <Point>
    <coordinates>82.68376844350574,27.815748867826308 </coordinates>
  </Point>
</Placemark><Placemark>
  <ExtendedData>
    <Data name='ag'>
      <value>1</value>
    </Data>
    <Data name='system:index'>
      <value>1072</value>
    </Data>
  </ExtendedData>
  <Point>
    <coordinates>85.7446879426146,27.400188217392618 </coordinates>
  </Point>
</Placemark><Placemark>
  <ExtendedData>
    <Data name='ag'>
      <value>1</value>
    </Data>
    <Data name='system:index'>
      <value>1074</value>
    </Data>
  </ExtendedData>
  <Point>
    <coordinates>81.04928378405027,28.559284428492035 </coordinates>
  </Point>
</Placemark><Placemark>
  <ExtendedData>
    <Data name='ag'>
      <value>1</value>
    </Data>
    <Data name='system:index'>
      <value>1075</value>
    </Data>
  </ExtendedData>
  <Point>
    <coordinates>82.73631988762673,28.300300132080377 </coordinates>
  </Point>
</Placemark><Placemark>
  <ExtendedData>
    <Data name='ag'>
      <value>1</value>
    </Data>
    <Data name='system:index'>
      <value>1076</value>
    </Data>
  </ExtendedData>
  <Point>
    <coordinates>84.38185382507687,27.699866196174888 </coordinates>
  </Point>
</Placemark><Placemark>
  <ExtendedData>
    <Data name='ag'>
      <value>1</value>
    </Data>
    <Data name='system:index'>
      <value>1077</value>
    </Data>
  </ExtendedData>
  <Point>
    <coordinates>80.9104940726538,28.649026125375578 </coordinates>
  </Point>
</Placemark><Placemark>
  <ExtendedData>
    <Data name='ag'>
      <value>1</value>
    </Data>
    <Data name='system:index'>
      <value>1078</value>
    </Data>
  </ExtendedData>
  <Point>
    <coordinates>83.90916032257319,28.264187857658772 </coordinates>
  </Point>
</Placemark><Placemark>
  <ExtendedData>
    <Data name='ag'>
      <value>1</value>
    </Data>
    <Data name='system:index'>
      <value>1079</value>
    </Data>
  </ExtendedData>
  <Point>
    <coordinates>87.1320460674088,26.648567819169813 </coordinates>
  </Point>
</Placemark><Placemark>
  <ExtendedData>
    <Data name='ag'>
      <value>1</value>
    </Data>
    <Data name='system:index'>
      <value>1080</value>
    </Data>
  </ExtendedData>
  <Point>
    <coordinates>87.4689142989536,26.562599046479576 </coordinates>
  </Point>
</Placemark><Placemark>
  <ExtendedData>
    <Data name='ag'>
      <value>1</value>
    </Data>
    <Data name='system:index'>
      <value>1081</value>
    </Data>
  </ExtendedData>
  <Point>
    <coordinates>86.64533884647284,26.4620775661866 </coordinates>
  </Point>
</Placemark><Placemark>
  <ExtendedData>
    <Data name='ag'>
      <value>1</value>
    </Data>
    <Data name='system:index'>
      <value>1082</value>
    </Data>
  </ExtendedData>
  <Point>
    <coordinates>85.26148415128671,27.33119760357224 </coordinates>
  </Point>
</Placemark><Placemark>
  <ExtendedData>
    <Data name='ag'>
      <value>1</value>
    </Data>
    <Data name='system:index'>
      <value>1083</value>
    </Data>
  </ExtendedData>
  <Point>
    <coordinates>81.6710077921894,28.274698146482972 </coordinates>
  </Point>
</Placemark><Placemark>
  <ExtendedData>
    <Data name='ag'>
      <value>1</value>
    </Data>
    <Data name='system:index'>
      <value>1084</value>
    </Data>
  </ExtendedData>
  <Point>
    <coordinates>82.13615544630647,29.600881000428622 </coordinates>
  </Point>
</Placemark><Placemark>
  <ExtendedData>
    <Data name='ag'>
      <value>1</value>
    </Data>
    <Data name='system:index'>
      <value>1085</value>
    </Data>
  </ExtendedData>
  <Point>
    <coordinates>84.21719263349776,27.665640383849937 </coordinates>
  </Point>
</Placemark><Placemark>
  <ExtendedData>
    <Data name='ag'>
      <value>1</value>
    </Data>
    <Data name='system:index'>
      <value>1086</value>
    </Data>
  </ExtendedData>
  <Point>
    <coordinates>83.44320418470039,27.687199950668806 </coordinates>
  </Point>
</Placemark><Placemark>
  <ExtendedData>
    <Data name='ag'>
      <value>1</value>
    </Data>
    <Data name='system:index'>
      <value>1087</value>
    </Data>
  </ExtendedData>
  <Point>
    <coordinates>88.05479552725636,26.465580995794667 </coordinates>
  </Point>
</Placemark><Placemark>
  <ExtendedData>
    <Data name='ag'>
      <value>1</value>
    </Data>
    <Data name='system:index'>
      <value>1088</value>
    </Data>
  </ExtendedData>
  <Point>
    <coordinates>86.132490650769,27.04499435405176 </coordinates>
  </Point>
</Placemark><Placemark>
  <ExtendedData>
    <Data name='ag'>
      <value>1</value>
    </Data>
    <Data name='system:index'>
      <value>1089</value>
    </Data>
  </ExtendedData>
  <Point>
    <coordinates>87.84485924535763,27.318531358066153 </coordinates>
  </Point>
</Placemark><Placemark>
  <ExtendedData>
    <Data name='ag'>
      <value>1</value>
    </Data>
    <Data name='system:index'>
      <value>1090</value>
    </Data>
  </ExtendedData>
  <Point>
    <coordinates>86.76849787192562,26.56152106813863 </coordinates>
  </Point>
</Placemark><Placemark>
  <ExtendedData>
    <Data name='ag'>
      <value>1</value>
    </Data>
    <Data name='system:index'>
      <value>1091</value>
    </Data>
  </ExtendedData>
  <Point>
    <coordinates>82.1121704282205,28.20840247851495 </coordinates>
  </Point>
</Placemark><Placemark>
  <ExtendedData>
    <Data name='ag'>
      <value>1</value>
    </Data>
    <Data name='system:index'>
      <value>1092</value>
    </Data>
  </ExtendedData>
  <Point>
    <coordinates>85.19761393458582,27.044724859466523 </coordinates>
  </Point>
</Placemark><Placemark>
  <ExtendedData>
    <Data name='ag'>
      <value>1</value>
    </Data>
    <Data name='system:index'>
      <value>1094</value>
    </Data>
  </ExtendedData>
  <Point>
    <coordinates>84.61361916837971,27.914653380607866 </coordinates>
  </Point>
</Placemark><Placemark>
  <ExtendedData>
    <Data name='ag'>
      <value>1</value>
    </Data>
    <Data name='system:index'>
      <value>1095</value>
    </Data>
  </ExtendedData>
  <Point>
    <coordinates>83.07022367873397,28.424537135874107 </coordinates>
  </Point>
</Placemark><Placemark>
  <ExtendedData>
    <Data name='ag'>
      <value>1</value>
    </Data>
    <Data name='system:index'>
      <value>1096</value>
    </Data>
  </ExtendedData>
  <Point>
    <coordinates>81.02422078762334,28.54149778586647 </coordinates>
  </Point>
</Placemark><Placemark>
  <ExtendedData>
    <Data name='ag'>
      <value>1</value>
    </Data>
    <Data name='system:index'>
      <value>1097</value>
    </Data>
  </ExtendedData>
  <Point>
    <coordinates>80.7285852276196,28.623963128948642 </coordinates>
  </Point>
</Placemark><Placemark>
  <ExtendedData>
    <Data name='ag'>
      <value>1</value>
    </Data>
    <Data name='system:index'>
      <value>1098</value>
    </Data>
  </ExtendedData>
  <Point>
    <coordinates>87.5454507611606,26.540230995905 </coordinates>
  </Point>
</Placemark><Placemark>
  <ExtendedData>
    <Data name='ag'>
      <value>1</value>
    </Data>
    <Data name='system:index'>
      <value>1099</value>
    </Data>
  </ExtendedData>
  <Point>
    <coordinates>85.67084642625997,26.939352476639304 </coordinates>
  </Point>
</Placemark><Placemark>
  <ExtendedData>
    <Data name='ag'>
      <value>1</value>
    </Data>
    <Data name='system:index'>
      <value>1100</value>
    </Data>
  </ExtendedData>
  <Point>
    <coordinates>84.89470202078071,28.398665655691467 </coordinates>
  </Point>
</Placemark><Placemark>
  <ExtendedData>
    <Data name='ag'>
      <value>1</value>
    </Data>
    <Data name='system:index'>
      <value>1101</value>
    </Data>
  </ExtendedData>
  <Point>
    <coordinates>85.93090870101258,27.663214932582814 </coordinates>
  </Point>
</Placemark><Placemark>
  <ExtendedData>
    <Data name='ag'>
      <value>1</value>
    </Data>
    <Data name='system:index'>
      <value>1102</value>
    </Data>
  </ExtendedData>
  <Point>
    <coordinates>82.66598180088018,28.5379943562584 </coordinates>
  </Point>
</Placemark><Placemark>
  <ExtendedData>
    <Data name='ag'>
      <value>1</value>
    </Data>
    <Data name='system:index'>
      <value>1103</value>
    </Data>
  </ExtendedData>
  <Point>
    <coordinates>83.00635346203306,28.387077388526322 </coordinates>
  </Point>
</Placemark><Placemark>
  <ExtendedData>
    <Data name='ag'>
      <value>1</value>
    </Data>
    <Data name='system:index'>
      <value>1104</value>
    </Data>
  </ExtendedData>
  <Point>
    <coordinates>83.64802006947964,27.585061502864416 </coordinates>
  </Point>
</Placemark><Placemark>
  <ExtendedData>
    <Data name='ag'>
      <value>1</value>
    </Data>
    <Data name='system:index'>
      <value>1105</value>
    </Data>
  </ExtendedData>
  <Point>
    <coordinates>82.14989967015352,29.275601036048943 </coordinates>
  </Point>
</Placemark><Placemark>
  <ExtendedData>
    <Data name='ag'>
      <value>1</value>
    </Data>
    <Data name='system:index'>
      <value>1106</value>
    </Data>
  </ExtendedData>
  <Point>
    <coordinates>82.53581591621126,28.30811547505222 </coordinates>
  </Point>
</Placemark><Placemark>
  <ExtendedData>
    <Data name='ag'>
      <value>1</value>
    </Data>
    <Data name='system:index'>
      <value>1107</value>
    </Data>
  </ExtendedData>
  <Point>
    <coordinates>83.57040562893171,28.264187857658772 </coordinates>
  </Point>
</Placemark><Placemark>
  <ExtendedData>
    <Data name='ag'>
      <value>1</value>
    </Data>
    <Data name='system:index'>
      <value>1108</value>
    </Data>
  </ExtendedData>
  <Point>
    <coordinates>85.32400689506143,27.021817819721473 </coordinates>
  </Point>
</Placemark><Placemark>
  <ExtendedData>
    <Data name='ag'>
      <value>1</value>
    </Data>
    <Data name='system:index'>
      <value>1109</value>
    </Data>
  </ExtendedData>
  <Point>
    <coordinates>87.2832325297261,26.598441826315945 </coordinates>
  </Point>
</Placemark><Placemark>
  <ExtendedData>
    <Data name='ag'>
      <value>1</value>
    </Data>
    <Data name='system:index'>
      <value>1110</value>
    </Data>
  </ExtendedData>
  <Point>
    <coordinates>82.32534064514205,28.122164211239475 </coordinates>
  </Point>
</Placemark><Placemark>
  <ExtendedData>
    <Data name='ag'>
      <value>1</value>
    </Data>
    <Data name='system:index'>
      <value>1112</value>
    </Data>
  </ExtendedData>
  <Point>
    <coordinates>85.5913455236154,27.043107891955106 </coordinates>
  </Point>
</Placemark><Placemark>
  <ExtendedData>
    <Data name='ag'>
      <value>1</value>
    </Data>
    <Data name='system:index'>
      <value>1113</value>
    </Data>
  </ExtendedData>
  <Point>
    <coordinates>82.59537421954838,27.820330275775316 </coordinates>
  </Point>
</Placemark><Placemark>
  <ExtendedData>
    <Data name='ag'>
      <value>1</value>
    </Data>
    <Data name='system:index'>
      <value>1114</value>
    </Data>
  </ExtendedData>
  <Point>
    <coordinates>83.31492476212811,27.49801475183323 </coordinates>
  </Point>
</Placemark><Placemark>
  <ExtendedData>
    <Data name='ag'>
      <value>1</value>
    </Data>
    <Data name='system:index'>
      <value>1115</value>
    </Data>
  </ExtendedData>
  <Point>
    <coordinates>83.09879010476897,27.528198145379648 </coordinates>
  </Point>
</Placemark><Placemark>
  <ExtendedData>
    <Data name='ag'>
      <value>1</value>
    </Data>
    <Data name='system:index'>
      <value>1116</value>
    </Data>
  </ExtendedData>
  <Point>
    <coordinates>84.67937584717725,27.269483343553226 </coordinates>
  </Point>
</Placemark><Placemark>
  <ExtendedData>
    <Data name='ag'>
      <value>1</value>
    </Data>
    <Data name='system:index'>
      <value>1117</value>
    </Data>
  </ExtendedData>
  <Point>
    <coordinates>84.28753072024432,28.038890384401597 </coordinates>
  </Point>
</Placemark><Placemark>
  <ExtendedData>
    <Data name='ag'>
      <value>1</value>
    </Data>
    <Data name='system:index'>
      <value>1118</value>
    </Data>
  </ExtendedData>
  <Point>
    <coordinates>87.65890798154489,26.938543992883595 </coordinates>
  </Point>
</Placemark><Placemark>
  <ExtendedData>
    <Data name='ag'>
      <value>1</value>
    </Data>
    <Data name='system:index'>
      <value>1119</value>
    </Data>
  </ExtendedData>
  <Point>
    <coordinates>80.57120038984186,29.51760717359074 </coordinates>
  </Point>
</Placemark><Placemark>
  <ExtendedData>
    <Data name='ag'>
      <value>1</value>
    </Data>
    <Data name='system:index'>
      <value>1120</value>
    </Data>
  </ExtendedData>
  <Point>
    <coordinates>84.92003451179288,26.987861501981758 </coordinates>
  </Point>
</Placemark><Placemark>
  <ExtendedData>
    <Data name='ag'>
      <value>1</value>
    </Data>
    <Data name='system:index'>
      <value>1121</value>
    </Data>
  </ExtendedData>
  <Point>
    <coordinates>80.99511537241787,28.61021890510161 </coordinates>
  </Point>
</Placemark><Placemark>
  <ExtendedData>
    <Data name='ag'>
      <value>1</value>
    </Data>
    <Data name='system:index'>
      <value>1122</value>
    </Data>
  </ExtendedData>
  <Point>
    <coordinates>85.96297855665564,27.12153081625874 </coordinates>
  </Point>
</Placemark><Placemark>
  <ExtendedData>
    <Data name='ag'>
      <value>1</value>
    </Data>
    <Data name='system:index'>
      <value>1123</value>
    </Data>
  </ExtendedData>
  <Point>
    <coordinates>84.53169281446802,28.021373236361267 </coordinates>
  </Point>
</Placemark><Placemark>
  <ExtendedData>
    <Data name='ag'>
      <value>1</value>
    </Data>
    <Data name='system:index'>
      <value>1124</value>
    </Data>
  </ExtendedData>
  <Point>
    <coordinates>84.31474967335315,28.045088759862022 </coordinates>
  </Point>
</Placemark><Placemark>
  <ExtendedData>
    <Data name='ag'>
      <value>1</value>
    </Data>
    <Data name='system:index'>
      <value>1125</value>
    </Data>
  </ExtendedData>
  <Point>
    <coordinates>83.59088721740963,28.354199049127548 </coordinates>
  </Point>
</Placemark><Placemark>
  <ExtendedData>
    <Data name='ag'>
      <value>1</value>
    </Data>
    <Data name='system:index'>
      <value>1126</value>
    </Data>
  </ExtendedData>
  <Point>
    <coordinates>87.71065094191017,26.674978288522926 </coordinates>
  </Point>
</Placemark><Placemark>
  <ExtendedData>
    <Data name='ag'>
      <value>1</value>
    </Data>
    <Data name='system:index'>
      <value>1127</value>
    </Data>
  </ExtendedData>
  <Point>
    <coordinates>84.94213306778222,27.146054823515204 </coordinates>
  </Point>
</Placemark><Placemark>
  <ExtendedData>
    <Data name='ag'>
      <value>1</value>
    </Data>
    <Data name='system:index'>
      <value>1128</value>
    </Data>
  </ExtendedData>
  <Point>
    <coordinates>85.04022909680808,27.04822828907459 </coordinates>
  </Point>
</Placemark><Placemark>
  <ExtendedData>
    <Data name='ag'>
      <value>1</value>
    </Data>
    <Data name='system:index'>
      <value>1130</value>
    </Data>
  </ExtendedData>
  <Point>
    <coordinates>82.55818396678583,28.20004814637264 </coordinates>
  </Point>
</Placemark><Placemark>
  <ExtendedData>
    <Data name='ag'>
      <value>1</value>
    </Data>
    <Data name='system:index'>
      <value>1131</value>
    </Data>
  </ExtendedData>
  <Point>
    <coordinates>80.57254786276805,29.53970572958008 </coordinates>
  </Point>
</Placemark><Placemark>
  <ExtendedData>
    <Data name='ag'>
      <value>1</value>
    </Data>
    <Data name='system:index'>
      <value>1133</value>
    </Data>
  </ExtendedData>
  <Point>
    <coordinates>83.60382295750095,27.711454463340033 </coordinates>
  </Point>
</Placemark><Placemark>
  <ExtendedData>
    <Data name='ag'>
      <value>1</value>
    </Data>
    <Data name='system:index'>
      <value>1134</value>
    </Data>
  </ExtendedData>
  <Point>
    <coordinates>82.17900508535898,28.19142431964509 </coordinates>
  </Point>
</Placemark><Placemark>
  <ExtendedData>
    <Data name='ag'>
      <value>1</value>
    </Data>
    <Data name='system:index'>
      <value>1135</value>
    </Data>
  </ExtendedData>
  <Point>
    <coordinates>82.05342060863907,29.757996343621127 </coordinates>
  </Point>
</Placemark><Placemark>
  <ExtendedData>
    <Data name='ag'>
      <value>1</value>
    </Data>
    <Data name='system:index'>
      <value>1136</value>
    </Data>
  </ExtendedData>
  <Point>
    <coordinates>85.284660685617,26.775769263401138 </coordinates>
  </Point>
</Placemark><Placemark>
  <ExtendedData>
    <Data name='ag'>
      <value>1</value>
    </Data>
    <Data name='system:index'>
      <value>1137</value>
    </Data>
  </ExtendedData>
  <Point>
    <coordinates>85.47707981947539,26.888687494614963 </coordinates>
  </Point>
</Placemark><Placemark>
  <ExtendedData>
    <Data name='ag'>
      <value>1</value>
    </Data>
    <Data name='system:index'>
      <value>1138</value>
    </Data>
  </ExtendedData>
  <Point>
    <coordinates>84.68476573888198,27.866413849850648 </coordinates>
  </Point>
</Placemark><Placemark>
  <ExtendedData>
    <Data name='ag'>
      <value>1</value>
    </Data>
    <Data name='system:index'>
      <value>1140</value>
    </Data>
  </ExtendedData>
  <Point>
    <coordinates>87.33443650092092,26.51085608611429 </coordinates>
  </Point>
</Placemark><Placemark>
  <ExtendedData>
    <Data name='ag'>
      <value>1</value>
    </Data>
    <Data name='system:index'>
      <value>1141</value>
    </Data>
  </ExtendedData>
  <Point>
    <coordinates>85.85571971173178,26.61622846894151 </coordinates>
  </Point>
</Placemark><Placemark>
  <ExtendedData>
    <Data name='ag'>
      <value>1</value>
    </Data>
    <Data name='system:index'>
      <value>1142</value>
    </Data>
  </ExtendedData>
  <Point>
    <coordinates>87.61902278292999,26.44860283692481 </coordinates>
  </Point>
</Placemark><Placemark>
  <ExtendedData>
    <Data name='ag'>
      <value>1</value>
    </Data>
    <Data name='system:index'>
      <value>1143</value>
    </Data>
  </ExtendedData>
  <Point>
    <coordinates>85.21513108262614,27.570778289846913 </coordinates>
  </Point>
</Placemark><Placemark>
  <ExtendedData>
    <Data name='ag'>
      <value>1</value>
    </Data>
    <Data name='system:index'>
      <value>1144</value>
    </Data>
  </ExtendedData>
  <Point>
    <coordinates>82.18574244998987,29.274523057708 </coordinates>
  </Point>
</Placemark><Placemark>
  <ExtendedData>
    <Data name='ag'>
      <value>1</value>
    </Data>
    <Data name='system:index'>
      <value>1145</value>
    </Data>
  </ExtendedData>
  <Point>
    <coordinates>83.51138631476506,28.428849049237883 </coordinates>
  </Point>
</Placemark><Placemark>
  <ExtendedData>
    <Data name='ag'>
      <value>1</value>
    </Data>
    <Data name='system:index'>
      <value>1146</value>
    </Data>
  </ExtendedData>
  <Point>
    <coordinates>83.44131772260373,27.59907522129668 </coordinates>
  </Point>
</Placemark><Placemark>
  <ExtendedData>
    <Data name='ag'>
      <value>1</value>
    </Data>
    <Data name='system:index'>
      <value>1147</value>
    </Data>
  </ExtendedData>
  <Point>
    <coordinates>87.48885689826106,26.593590923781697 </coordinates>
  </Point>
</Placemark><Placemark>
  <ExtendedData>
    <Data name='ag'>
      <value>1</value>
    </Data>
    <Data name='system:index'>
      <value>1148</value>
    </Data>
  </ExtendedData>
  <Point>
    <coordinates>83.52890346280539,27.487504463009035 </coordinates>
  </Point>
</Placemark><Placemark>
  <ExtendedData>
    <Data name='ag'>
      <value>1</value>
    </Data>
    <Data name='system:index'>
      <value>1149</value>
    </Data>
  </ExtendedData>
  <Point>
    <coordinates>82.78860183716249,27.54248135839715 </coordinates>
  </Point>
</Placemark><Placemark>
  <ExtendedData>
    <Data name='ag'>
      <value>1</value>
    </Data>
    <Data name='system:index'>
      <value>1150</value>
    </Data>
  </ExtendedData>
  <Point>
    <coordinates>85.58595563191068,27.864527387754 </coordinates>
  </Point>
</Placemark><Placemark>
  <ExtendedData>
    <Data name='ag'>
      <value>1</value>
    </Data>
    <Data name='system:index'>
      <value>1151</value>
    </Data>
  </ExtendedData>
  <Point>
    <coordinates>86.61838938794925,27.267866376041813 </coordinates>
  </Point>
</Placemark><Placemark>
  <ExtendedData>
    <Data name='ag'>
      <value>1</value>
    </Data>
    <Data name='system:index'>
      <value>1152</value>
    </Data>
  </ExtendedData>
  <Point>
    <coordinates>81.63031410981878,28.60078659461836 </coordinates>
  </Point>
</Placemark><Placemark>
  <ExtendedData>
    <Data name='ag'>
      <value>1</value>
    </Data>
    <Data name='system:index'>
      <value>1153</value>
    </Data>
  </ExtendedData>
  <Point>
    <coordinates>80.9878390186165,28.504038038518686 </coordinates>
  </Point>
</Placemark><Placemark>
  <ExtendedData>
    <Data name='ag'>
      <value>1</value>
    </Data>
    <Data name='system:index'>
      <value>1154</value>
    </Data>
  </ExtendedData>
  <Point>
    <coordinates>86.87979913562803,26.813767999919392 </coordinates>
  </Point>
</Placemark><Placemark>
  <ExtendedData>
    <Data name='ag'>
      <value>1</value>
    </Data>
    <Data name='system:index'>
      <value>1155</value>
    </Data>
  </ExtendedData>
  <Point>
    <coordinates>86.6984292797643,26.593590923781697 </coordinates>
  </Point>
</Placemark><Placemark>
  <ExtendedData>
    <Data name='ag'>
      <value>1</value>
    </Data>
    <Data name='system:index'>
      <value>1156</value>
    </Data>
  </ExtendedData>
  <Point>
    <coordinates>81.16543595028692,28.483825944625995 </coordinates>
  </Point>
</Placemark><Placemark>
  <ExtendedData>
    <Data name='ag'>
      <value>1</value>
    </Data>
    <Data name='system:index'>
      <value>1157</value>
    </Data>
  </ExtendedData>
  <Point>
    <coordinates>85.78106971162144,27.53277955332866 </coordinates>
  </Point>
</Placemark><Placemark>
  <ExtendedData>
    <Data name='ag'>
      <value>1</value>
    </Data>
    <Data name='system:index'>
      <value>1158</value>
    </Data>
  </ExtendedData>
  <Point>
    <coordinates>84.75106140685,28.06098894039094 </coordinates>
  </Point>
</Placemark><Placemark>
  <ExtendedData>
    <Data name='ag'>
      <value>1</value>
    </Data>
    <Data name='system:index'>
      <value>1159</value>
    </Data>
  </ExtendedData>
  <Point>
    <coordinates>87.42714263824205,26.988669985737463 </coordinates>
  </Point>
</Placemark><Placemark>
  <ExtendedData>
    <Data name='ag'>
      <value>1</value>
    </Data>
    <Data name='system:index'>
      <value>1160</value>
    </Data>
  </ExtendedData>
  <Point>
    <coordinates>82.15016916473874,28.11542684660858 </coordinates>
  </Point>
</Placemark><Placemark>
  <ExtendedData>
    <Data name='ag'>
      <value>1</value>
    </Data>
    <Data name='system:index'>
      <value>1161</value>
    </Data>
  </ExtendedData>
  <Point>
    <coordinates>87.2147809050762,26.459113125749006 </coordinates>
  </Point>
</Placemark><Placemark>
  <ExtendedData>
    <Data name='ag'>
      <value>1</value>
    </Data>
    <Data name='system:index'>
      <value>1162</value>
    </Data>
  </ExtendedData>
  <Point>
    <coordinates>84.96180617250444,27.077064209694825 </coordinates>
  </Point>
</Placemark><Placemark>
  <ExtendedData>
    <Data name='ag'>
      <value>1</value>
    </Data>
    <Data name='system:index'>
      <value>1163</value>
    </Data>
  </ExtendedData>
  <Point>
    <coordinates>80.63857403615083,29.596030097894374 </coordinates>
  </Point>
</Placemark><Placemark>
  <ExtendedData>
    <Data name='ag'>
      <value>1</value>
    </Data>
    <Data name='system:index'>
      <value>1164</value>
    </Data>
  </ExtendedData>
  <Point>
    <coordinates>81.54650129381042,28.19034634130415 </coordinates>
  </Point>
</Placemark><Placemark>
  <ExtendedData>
    <Data name='ag'>
      <value>1</value>
    </Data>
    <Data name='system:index'>
      <value>1166</value>
    </Data>
  </ExtendedData>
  <Point>
    <coordinates>87.67453866748856,26.695190382415618 </coordinates>
  </Point>
</Placemark><Placemark>
  <ExtendedData>
    <Data name='ag'>
      <value>1</value>
    </Data>
    <Data name='system:index'>
      <value>1167</value>
    </Data>
  </ExtendedData>
  <Point>
    <coordinates>81.07731122091481,28.602942551300245 </coordinates>
  </Point>
</Placemark><Placemark>
  <ExtendedData>
    <Data name='ag'>
      <value>1</value>
    </Data>
    <Data name='system:index'>
      <value>1168</value>
    </Data>
  </ExtendedData>
  <Point>
    <coordinates>85.33532566764133,26.949054281707795 </coordinates>
  </Point>
</Placemark><Placemark>
  <ExtendedData>
    <Data name='ag'>
      <value>1</value>
    </Data>
    <Data name='system:index'>
      <value>1169</value>
    </Data>
  </ExtendedData>
  <Point>
    <coordinates>82.78617638589537,28.608601937590198 </coordinates>
  </Point>
</Placemark><Placemark>
  <ExtendedData>
    <Data name='ag'>
      <value>1</value>
    </Data>
    <Data name='system:index'>
      <value>1170</value>
    </Data>
  </ExtendedData>
  <Point>
    <coordinates>83.47230959990586,27.65054868707673 </coordinates>
  </Point>
</Placemark><Placemark>
  <ExtendedData>
    <Data name='ag'>
      <value>1</value>
    </Data>
    <Data name='system:index'>
      <value>1173</value>
    </Data>
  </ExtendedData>
  <Point>
    <coordinates>82.00194714285902,29.609774321741405 </coordinates>
  </Point>
</Placemark><Placemark>
  <ExtendedData>
    <Data name='ag'>
      <value>1</value>
    </Data>
    <Data name='system:index'>
      <value>1174</value>
    </Data>
  </ExtendedData>
  <Point>
    <coordinates>87.59719372152588,26.768223415014532 </coordinates>
  </Point>
</Placemark><Placemark>
  <ExtendedData>
    <Data name='ag'>
      <value>1</value>
    </Data>
    <Data name='system:index'>
      <value>1175</value>
    </Data>
  </ExtendedData>
  <Point>
    <coordinates>82.96997169302622,28.038351395231125 </coordinates>
  </Point>
</Placemark><Placemark>
  <ExtendedData>
    <Data name='ag'>
      <value>1</value>
    </Data>
    <Data name='system:index'>
      <value>1176</value>
    </Data>
  </ExtendedData>
  <Point>
    <coordinates>83.40924786696067,27.813323416559186 </coordinates>
  </Point>
</Placemark><Placemark>
  <ExtendedData>
    <Data name='ag'>
      <value>1</value>
    </Data>
    <Data name='system:index'>
      <value>1177</value>
    </Data>
  </ExtendedData>
  <Point>
    <coordinates>88.0596464297906,26.542925941757357 </coordinates>
  </Point>
</Placemark><Placemark>
  <ExtendedData>
    <Data name='ag'>
      <value>1</value>
    </Data>
    <Data name='system:index'>
      <value>1178</value>
    </Data>
  </ExtendedData>
  <Point>
    <coordinates>85.86003162509554,26.645333884146982 </coordinates>
  </Point>
</Placemark><Placemark>
  <ExtendedData>
    <Data name='ag'>
      <value>1</value>
    </Data>
    <Data name='system:index'>
      <value>1179</value>
    </Data>
  </ExtendedData>
  <Point>
    <coordinates>87.61174642912862,26.674708793937693 </coordinates>
  </Point>
</Placemark><Placemark>
  <ExtendedData>
    <Data name='ag'>
      <value>1</value>
    </Data>
    <Data name='system:index'>
      <value>1180</value>
    </Data>
  </ExtendedData>
  <Point>
    <coordinates>87.17381772812034,27.07005735047869 </coordinates>
  </Point>
</Placemark><Placemark>
  <ExtendedData>
    <Data name='ag'>
      <value>1</value>
    </Data>
    <Data name='system:index'>
      <value>1181</value>
    </Data>
  </ExtendedData>
  <Point>
    <coordinates>80.07829479344548,28.893457714184496 </coordinates>
  </Point>
</Placemark><Placemark>
  <ExtendedData>
    <Data name='ag'>
      <value>1</value>
    </Data>
    <Data name='system:index'>
      <value>1182</value>
    </Data>
  </ExtendedData>
  <Point>
    <coordinates>86.36263902656042,27.5691613223355 </coordinates>
  </Point>
</Placemark><Placemark>
  <ExtendedData>
    <Data name='ag'>
      <value>1</value>
    </Data>
    <Data name='system:index'>
      <value>1183</value>
    </Data>
  </ExtendedData>
  <Point>
    <coordinates>87.31260743951681,26.59089597792934 </coordinates>
  </Point>
</Placemark><Placemark>
  <ExtendedData>
    <Data name='ag'>
      <value>1</value>
    </Data>
    <Data name='system:index'>
      <value>1184</value>
    </Data>
  </ExtendedData>
  <Point>
    <coordinates>86.8983942620093,27.320148325577566 </coordinates>
  </Point>
</Placemark><Placemark>
  <ExtendedData>
    <Data name='ag'>
      <value>1</value>
    </Data>
    <Data name='system:index'>
      <value>1185</value>
    </Data>
  </ExtendedData>
  <Point>
    <coordinates>83.1305904658268,27.538977928789084 </coordinates>
  </Point>
</Placemark><Placemark>
  <ExtendedData>
    <Data name='ag'>
      <value>1</value>
    </Data>
    <Data name='system:index'>
      <value>1186</value>
    </Data>
  </ExtendedData>
  <Point>
    <coordinates>85.7010298198064,26.941777927906426 </coordinates>
  </Point>
</Placemark><Placemark>
  <ExtendedData>
    <Data name='ag'>
      <value>1</value>
    </Data>
    <Data name='system:index'>
      <value>1188</value>
    </Data>
  </ExtendedData>
  <Point>
    <coordinates>86.10069028971117,26.745855364439958 </coordinates>
  </Point>
</Placemark><Placemark>
  <ExtendedData>
    <Data name='ag'>
      <value>1</value>
    </Data>
    <Data name='system:index'>
      <value>1189</value>
    </Data>
  </ExtendedData>
  <Point>
    <coordinates>88.09926213382028,26.475821790033628 </coordinates>
  </Point>
</Placemark><Placemark>
  <ExtendedData>
    <Data name='ag'>
      <value>1</value>
    </Data>
    <Data name='system:index'>
      <value>1190</value>
    </Data>
  </ExtendedData>
  <Point>
    <coordinates>87.76886177232112,27.18728749505629 </coordinates>
  </Point>
</Placemark><Placemark>
  <ExtendedData>
    <Data name='ag'>
      <value>1</value>
    </Data>
    <Data name='system:index'>
      <value>1191</value>
    </Data>
  </ExtendedData>
  <Point>
    <coordinates>82.06446988663374,29.313060783396725 </coordinates>
  </Point>
</Placemark><Placemark>
  <ExtendedData>
    <Data name='ag'>
      <value>1</value>
    </Data>
    <Data name='system:index'>
      <value>1192</value>
    </Data>
  </ExtendedData>
  <Point>
    <coordinates>83.86631068352068,27.46378893950828 </coordinates>
  </Point>
</Placemark><Placemark>
  <ExtendedData>
    <Data name='ag'>
      <value>1</value>
    </Data>
    <Data name='system:index'>
      <value>1194</value>
    </Data>
  </ExtendedData>
  <Point>
    <coordinates>82.41427385826988,27.858329012293574 </coordinates>
  </Point>
</Placemark><Placemark>
  <ExtendedData>
    <Data name='ag'>
      <value>1</value>
    </Data>
    <Data name='system:index'>
      <value>1195</value>
    </Data>
  </ExtendedData>
  <Point>
    <coordinates>85.49271050541907,26.936657530786945 </coordinates>
  </Point>
</Placemark><Placemark>
  <ExtendedData>
    <Data name='ag'>
      <value>1</value>
    </Data>
    <Data name='system:index'>
      <value>1196</value>
    </Data>
  </ExtendedData>
  <Point>
    <coordinates>80.12815129171412,29.033325403921907 </coordinates>
  </Point>
</Placemark><Placemark>
  <ExtendedData>
    <Data name='ag'>
      <value>1</value>
    </Data>
    <Data name='system:index'>
      <value>1197</value>
    </Data>
  </ExtendedData>
  <Point>
    <coordinates>87.24981520115686,26.684949588176654 </coordinates>
  </Point>
</Placemark><Placemark>
  <ExtendedData>
    <Data name='ag'>
      <value>1</value>
    </Data>
    <Data name='system:index'>
      <value>1198</value>
    </Data>
  </ExtendedData>
  <Point>
    <coordinates>85.12673685866878,27.021548325136237 </coordinates>
  </Point>
</Placemark><Placemark>
  <ExtendedData>
    <Data name='ag'>
      <value>1</value>
    </Data>
    <Data name='system:index'>
      <value>1199</value>
    </Data>
  </ExtendedData>
  <Point>
    <coordinates>83.30306700037774,27.63141457152498 </coordinates>
  </Point>
</Placemark><Placemark>
  <ExtendedData>
    <Data name='ag'>
      <value>1</value>
    </Data>
    <Data name='system:index'>
      <value>1200</value>
    </Data>
  </ExtendedData>
  <Point>
    <coordinates>83.20173703632906,27.666987856776114 </coordinates>
  </Point>
</Placemark><Placemark>
  <ExtendedData>
    <Data name='ag'>
      <value>1</value>
    </Data>
    <Data name='system:index'>
      <value>1201</value>
    </Data>
  </ExtendedData>
  <Point>
    <coordinates>84.03959570182734,28.091172333937354 </coordinates>
  </Point>
</Placemark><Placemark>
  <ExtendedData>
    <Data name='ag'>
      <value>1</value>
    </Data>
    <Data name='system:index'>
      <value>1202</value>
    </Data>
  </ExtendedData>
  <Point>
    <coordinates>81.935651474891,29.680651397658433 </coordinates>
  </Point>
</Placemark><Placemark>
  <ExtendedData>
    <Data name='ag'>
      <value>1</value>
    </Data>
    <Data name='system:index'>
      <value>1203</value>
    </Data>
  </ExtendedData>
  <Point>
    <coordinates>83.2162897439318,27.533857531669604 </coordinates>
  </Point>
</Placemark><Placemark>
  <ExtendedData>
    <Data name='ag'>
      <value>1</value>
    </Data>
    <Data name='system:index'>
      <value>1204</value>
    </Data>
  </ExtendedData>
  <Point>
    <coordinates>86.36722043450943,27.225286231574547 </coordinates>
  </Point>
</Placemark><Placemark>
  <ExtendedData>
    <Data name='ag'>
      <value>1</value>
    </Data>
    <Data name='system:index'>
      <value>1205</value>
    </Data>
  </ExtendedData>
  <Point>
    <coordinates>85.58999805068922,27.002953198754966 </coordinates>
  </Point>
</Placemark><Placemark>
  <ExtendedData>
    <Data name='ag'>
      <value>1</value>
    </Data>
    <Data name='system:index'>
      <value>1206</value>
    </Data>
  </ExtendedData>
  <Point>
    <coordinates>87.74110383004182,27.137700491372893 </coordinates>
  </Point>
</Placemark><Placemark>
  <ExtendedData>
    <Data name='ag'>
      <value>1</value>
    </Data>
    <Data name='system:index'>
      <value>1207</value>
    </Data>
  </ExtendedData>
  <Point>
    <coordinates>86.73238559750402,26.45803514740806 </coordinates>
  </Point>
</Placemark><Placemark>
  <ExtendedData>
    <Data name='ag'>
      <value>1</value>
    </Data>
    <Data name='system:index'>
      <value>1208</value>
    </Data>
  </ExtendedData>
  <Point>
    <coordinates>81.96367891175554,29.540783707921026 </coordinates>
  </Point>
</Placemark><Placemark>
  <ExtendedData>
    <Data name='ag'>
      <value>1</value>
    </Data>
    <Data name='system:index'>
      <value>1209</value>
    </Data>
  </ExtendedData>
  <Point>
    <coordinates>81.01155454211725,29.438106270946164 </coordinates>
  </Point>
</Placemark><Placemark>
  <ExtendedData>
    <Data name='ag'>
      <value>1</value>
    </Data>
    <Data name='system:index'>
      <value>1211</value>
    </Data>
  </ExtendedData>
  <Point>
    <coordinates>81.06841789960203,28.505924500615336 </coordinates>
  </Point>
</Placemark><Placemark>
  <ExtendedData>
    <Data name='ag'>
      <value>1</value>
    </Data>
    <Data name='system:index'>
      <value>1212</value>
    </Data>
  </ExtendedData>
  <Point>
    <coordinates>81.64567530117722,29.121450133294033 </coordinates>
  </Point>
</Placemark><Placemark>
  <ExtendedData>
    <Data name='ag'>
      <value>1</value>
    </Data>
    <Data name='system:index'>
      <value>1213</value>
    </Data>
  </ExtendedData>
  <Point>
    <coordinates>81.01397999338438,28.50376854393345 </coordinates>
  </Point>
</Placemark><Placemark>
  <ExtendedData>
    <Data name='ag'>
      <value>1</value>
    </Data>
    <Data name='system:index'>
      <value>1214</value>
    </Data>
  </ExtendedData>
  <Point>
    <coordinates>82.07740562672507,28.78592937467539 </coordinates>
  </Point>
</Placemark><Placemark>
  <ExtendedData>
    <Data name='ag'>
      <value>1</value>
    </Data>
    <Data name='system:index'>
      <value>1215</value>
    </Data>
  </ExtendedData>
  <Point>
    <coordinates>83.03653685557948,27.568891827750264 </coordinates>
  </Point>
</Placemark><Placemark>
  <ExtendedData>
    <Data name='ag'>
      <value>1</value>
    </Data>
    <Data name='system:index'>
      <value>1216</value>
    </Data>
  </ExtendedData>
  <Point>
    <coordinates>86.30361971239377,26.97869868608374 </coordinates>
  </Point>
</Placemark><Placemark>
  <ExtendedData>
    <Data name='ag'>
      <value>1</value>
    </Data>
    <Data name='system:index'>
      <value>1217</value>
    </Data>
  </ExtendedData>
  <Point>
    <coordinates>87.08353704206634,26.665815472624907 </coordinates>
  </Point>
</Placemark><Placemark>
  <ExtendedData>
    <Data name='ag'>
      <value>1</value>
    </Data>
    <Data name='system:index'>
      <value>1218</value>
    </Data>
  </ExtendedData>
  <Point>
    <coordinates>85.67434985586804,27.669952297213708 </coordinates>
  </Point>
</Placemark><Placemark>
  <ExtendedData>
    <Data name='ag'>
      <value>1</value>
    </Data>
    <Data name='system:index'>
      <value>1219</value>
    </Data>
  </ExtendedData>
  <Point>
    <coordinates>82.9961126677941,27.486156990082854 </coordinates>
  </Point>
</Placemark><Placemark>
  <ExtendedData>
    <Data name='ag'>
      <value>1</value>
    </Data>
    <Data name='system:index'>
      <value>1220</value>
    </Data>
  </ExtendedData>
  <Point>
    <coordinates>86.9622644787102,27.13069363215676 </coordinates>
  </Point>
</Placemark><Placemark>
  <ExtendedData>
    <Data name='ag'>
      <value>1</value>
    </Data>
    <Data name='system:index'>
      <value>1221</value>
    </Data>
  </ExtendedData>
  <Point>
    <coordinates>81.67801465140552,29.246226126258232 </coordinates>
  </Point>
</Placemark><Placemark>
  <ExtendedData>
    <Data name='ag'>
      <value>1</value>
    </Data>
    <Data name='system:index'>
      <value>1222</value>
    </Data>
  </ExtendedData>
  <Point>
    <coordinates>83.48147241580388,27.88770392208428 </coordinates>
  </Point>
</Placemark><Placemark>
  <ExtendedData>
    <Data name='ag'>
      <value>1</value>
    </Data>
    <Data name='system:index'>
      <value>1224</value>
    </Data>
  </ExtendedData>
  <Point>
    <coordinates>87.36569787280828,26.521635869523724 </coordinates>
  </Point>
</Placemark><Placemark>
  <ExtendedData>
    <Data name='ag'>
      <value>1</value>
    </Data>
    <Data name='system:index'>
      <value>1226</value>
    </Data>
  </ExtendedData>
  <Point>
    <coordinates>84.33630924017201,27.59314634042149 </coordinates>
  </Point>
</Placemark><Placemark>
  <ExtendedData>
    <Data name='ag'>
      <value>1</value>
    </Data>
    <Data name='system:index'>
      <value>1227</value>
    </Data>
  </ExtendedData>
  <Point>
    <coordinates>83.09636465350184,27.574551214040216 </coordinates>
  </Point>
</Placemark><Placemark>
  <ExtendedData>
    <Data name='ag'>
      <value>1</value>
    </Data>
    <Data name='system:index'>
      <value>1228</value>
    </Data>
  </ExtendedData>
  <Point>
    <coordinates>82.33288649352866,29.22628352695078 </coordinates>
  </Point>
</Placemark><Placemark>
  <ExtendedData>
    <Data name='ag'>
      <value>1</value>
    </Data>
    <Data name='system:index'>
      <value>1229</value>
    </Data>
  </ExtendedData>
  <Point>
    <coordinates>84.7998399267777,27.894171792129942 </coordinates>
  </Point>
</Placemark><Placemark>
  <ExtendedData>
    <Data name='ag'>
      <value>1</value>
    </Data>
    <Data name='system:index'>
      <value>1230</value>
    </Data>
  </ExtendedData>
  <Point>
    <coordinates>81.7041556261734,28.02110374177603 </coordinates>
  </Point>
</Placemark><Placemark>
  <ExtendedData>
    <Data name='ag'>
      <value>1</value>
    </Data>
    <Data name='system:index'>
      <value>1231</value>
    </Data>
  </ExtendedData>
  <Point>
    <coordinates>83.5763345098069,28.40809796617472 </coordinates>
  </Point>
</Placemark><Placemark>
  <ExtendedData>
    <Data name='ag'>
      <value>1</value>
    </Data>
    <Data name='system:index'>
      <value>1232</value>
    </Data>
  </ExtendedData>
  <Point>
    <coordinates>83.92074858973832,28.258797965954056 </coordinates>
  </Point>
</Placemark><Placemark>
  <ExtendedData>
    <Data name='ag'>
      <value>1</value>
    </Data>
    <Data name='system:index'>
      <value>1233</value>
    </Data>
  </ExtendedData>
  <Point>
    <coordinates>86.38231213128263,27.111559516605016 </coordinates>
  </Point>
</Placemark><Placemark>
  <ExtendedData>
    <Data name='ag'>
      <value>1</value>
    </Data>
    <Data name='system:index'>
      <value>1234</value>
    </Data>
  </ExtendedData>
  <Point>
    <coordinates>80.30655670714025,29.44026222762805 </coordinates>
  </Point>
</Placemark><Placemark>
  <ExtendedData>
    <Data name='ag'>
      <value>1</value>
    </Data>
    <Data name='system:index'>
      <value>1235</value>
    </Data>
  </ExtendedData>
  <Point>
    <coordinates>81.82650616787048,29.52353605446593 </coordinates>
  </Point>
</Placemark><Placemark>
  <ExtendedData>
    <Data name='ag'>
      <value>1</value>
    </Data>
    <Data name='system:index'>
      <value>1236</value>
    </Data>
  </ExtendedData>
  <Point>
    <coordinates>83.6561049070367,27.511489481095026 </coordinates>
  </Point>
</Placemark><Placemark>
  <ExtendedData>
    <Data name='ag'>
      <value>1</value>
    </Data>
    <Data name='system:index'>
      <value>1237</value>
    </Data>
  </ExtendedData>
  <Point>
    <coordinates>83.77683848122237,27.494241827639932 </coordinates>
  </Point>
</Placemark><Placemark>
  <ExtendedData>
    <Data name='ag'>
      <value>1</value>
    </Data>
    <Data name='system:index'>
      <value>1238</value>
    </Data>
  </ExtendedData>
  <Point>
    <coordinates>83.33217241558322,27.932170528648196 </coordinates>
  </Point>
</Placemark><Placemark>
  <ExtendedData>
    <Data name='ag'>
      <value>1</value>
    </Data>
    <Data name='system:index'>
      <value>1239</value>
    </Data>
  </ExtendedData>
  <Point>
    <coordinates>84.43925617173211,27.820060781190083 </coordinates>
  </Point>
</Placemark><Placemark>
  <ExtendedData>
    <Data name='ag'>
      <value>1</value>
    </Data>
    <Data name='system:index'>
      <value>1240</value>
    </Data>
  </ExtendedData>
  <Point>
    <coordinates>82.16526086151195,28.484364933796467 </coordinates>
  </Point>
</Placemark><Placemark>
  <ExtendedData>
    <Data name='ag'>
      <value>1</value>
    </Data>
    <Data name='system:index'>
      <value>1241</value>
    </Data>
  </ExtendedData>
  <Point>
    <coordinates>83.3402572531403,27.47618569042913 </coordinates>
  </Point>
</Placemark><Placemark>
  <ExtendedData>
    <Data name='ag'>
      <value>1</value>
    </Data>
    <Data name='system:index'>
      <value>1242</value>
    </Data>
  </ExtendedData>
  <Point>
    <coordinates>83.53294588158393,27.63815193615588 </coordinates>
  </Point>
</Placemark><Placemark>
  <ExtendedData>
    <Data name='ag'>
      <value>1</value>
    </Data>
    <Data name='system:index'>
      <value>1243</value>
    </Data>
  </ExtendedData>
  <Point>
    <coordinates>84.63113631642004,27.62575518523503 </coordinates>
  </Point>
</Placemark><Placemark>
  <ExtendedData>
    <Data name='ag'>
      <value>1</value>
    </Data>
    <Data name='system:index'>
      <value>1244</value>
    </Data>
  </ExtendedData>
  <Point>
    <coordinates>83.67065761463945,27.485887495497618 </coordinates>
  </Point>
</Placemark><Placemark>
  <ExtendedData>
    <Data name='ag'>
      <value>1</value>
    </Data>
    <Data name='system:index'>
      <value>1245</value>
    </Data>
  </ExtendedData>
  <Point>
    <coordinates>85.62018144423564,27.507716556901723 </coordinates>
  </Point>
</Placemark><Placemark>
  <ExtendedData>
    <Data name='ag'>
      <value>1</value>
    </Data>
    <Data name='system:index'>
      <value>1246</value>
    </Data>
  </ExtendedData>
  <Point>
    <coordinates>87.63061105009513,26.446985869413393 </coordinates>
  </Point>
</Placemark><Placemark>
  <ExtendedData>
    <Data name='ag'>
      <value>1</value>
    </Data>
    <Data name='system:index'>
      <value>1247</value>
    </Data>
  </ExtendedData>
  <Point>
    <coordinates>83.12627855246302,27.662406448827106 </coordinates>
  </Point>
</Placemark><Placemark>
  <ExtendedData>
    <Data name='ag'>
      <value>1</value>
    </Data>
    <Data name='system:index'>
      <value>1248</value>
    </Data>
  </ExtendedData>
  <Point>
    <coordinates>83.33998775855505,27.659172513804275 </coordinates>
  </Point>
</Placemark><Placemark>
  <ExtendedData>
    <Data name='ag'>
      <value>1</value>
    </Data>
    <Data name='system:index'>
      <value>1249</value>
    </Data>
  </ExtendedData>
  <Point>
    <coordinates>84.53115382529754,27.593415835006727 </coordinates>
  </Point>
</Placemark><Placemark>
  <ExtendedData>
    <Data name='ag'>
      <value>1</value>
    </Data>
    <Data name='system:index'>
      <value>1250</value>
    </Data>
  </ExtendedData>
  <Point>
    <coordinates>81.10021826065984,28.49541421179114 </coordinates>
  </Point>
</Placemark><Placemark>
  <ExtendedData>
    <Data name='ag'>
      <value>1</value>
    </Data>
    <Data name='system:index'>
      <value>1251</value>
    </Data>
  </ExtendedData>
  <Point>
    <coordinates>87.28889191601606,26.517054461574716 </coordinates>
  </Point>
</Placemark><Placemark>
  <ExtendedData>
    <Data name='ag'>
      <value>1</value>
    </Data>
    <Data name='system:index'>
      <value>1252</value>
    </Data>
  </ExtendedData>
  <Point>
    <coordinates>82.23290400240616,28.113001395341456 </coordinates>
  </Point>
</Placemark><Placemark>
  <ExtendedData>
    <Data name='ag'>
      <value>1</value>
    </Data>
    <Data name='system:index'>
      <value>1254</value>
    </Data>
  </ExtendedData>
  <Point>
    <coordinates>86.5917094240109,27.166805906578364 </coordinates>
  </Point>
</Placemark><Placemark>
  <ExtendedData>
    <Data name='ag'>
      <value>1</value>
    </Data>
    <Data name='system:index'>
      <value>1255</value>
    </Data>
  </ExtendedData>
  <Point>
    <coordinates>84.8871561723941,27.54194236922668 </coordinates>
  </Point>
</Placemark><Placemark>
  <ExtendedData>
    <Data name='ag'>
      <value>1</value>
    </Data>
    <Data name='system:index'>
      <value>1256</value>
    </Data>
  </ExtendedData>
  <Point>
    <coordinates>86.37476628289603,26.603562223435425 </coordinates>
  </Point>
</Placemark><Placemark>
  <ExtendedData>
    <Data name='ag'>
      <value>1</value>
    </Data>
    <Data name='system:index'>
      <value>1257</value>
    </Data>
  </ExtendedData>
  <Point>
    <coordinates>85.80155130009936,27.062780996677326 </coordinates>
  </Point>
</Placemark><Placemark>
  <ExtendedData>
    <Data name='ag'>
      <value>1</value>
    </Data>
    <Data name='system:index'>
      <value>1258</value>
    </Data>
  </ExtendedData>
  <Point>
    <coordinates>86.39524787137395,27.187018000471056 </coordinates>
  </Point>
</Placemark><Placemark>
  <ExtendedData>
    <Data name='ag'>
      <value>1</value>
    </Data>
    <Data name='system:index'>
      <value>1259</value>
    </Data>
  </ExtendedData>
  <Point>
    <coordinates>85.2132446205295,27.557842549755595 </coordinates>
  </Point>
</Placemark><Placemark>
  <ExtendedData>
    <Data name='ag'>
      <value>1</value>
    </Data>
    <Data name='system:index'>
      <value>1260</value>
    </Data>
  </ExtendedData>
  <Point>
    <coordinates>85.26929949425855,27.868030817362065 </coordinates>
  </Point>
</Placemark><Placemark>
  <ExtendedData>
    <Data name='ag'>
      <value>1</value>
    </Data>
    <Data name='system:index'>
      <value>1261</value>
    </Data>
  </ExtendedData>
  <Point>
    <coordinates>87.090004912112,26.508161140261933 </coordinates>
  </Point>
</Placemark><Placemark>
  <ExtendedData>
    <Data name='ag'>
      <value>1</value>
    </Data>
    <Data name='system:index'>
      <value>1262</value>
    </Data>
  </ExtendedData>
  <Point>
    <coordinates>87.10482711429997,26.455879190726176 </coordinates>
  </Point>
</Placemark><Placemark>
  <ExtendedData>
    <Data name='ag'>
      <value>1</value>
    </Data>
    <Data name='system:index'>
      <value>1263</value>
    </Data>
  </ExtendedData>
  <Point>
    <coordinates>86.32733523589452,27.30963803675337 </coordinates>
  </Point>
</Placemark><Placemark>
  <ExtendedData>
    <Data name='ag'>
      <value>1</value>
    </Data>
    <Data name='system:index'>
      <value>1264</value>
    </Data>
  </ExtendedData>
  <Point>
    <coordinates>85.94438343027437,27.265710419359923 </coordinates>
  </Point>
</Placemark><Placemark>
  <ExtendedData>
    <Data name='ag'>
      <value>1</value>
    </Data>
    <Data name='system:index'>
      <value>1265</value>
    </Data>
  </ExtendedData>
  <Point>
    <coordinates>87.17112278226799,26.551549768484904 </coordinates>
  </Point>
</Placemark><Placemark>
  <ExtendedData>
    <Data name='ag'>
      <value>1</value>
    </Data>
    <Data name='system:index'>
      <value>1266</value>
    </Data>
  </ExtendedData>
  <Point>
    <coordinates>87.64112133891932,26.722139840939203 </coordinates>
  </Point>
</Placemark><Placemark>
  <ExtendedData>
    <Data name='ag'>
      <value>1</value>
    </Data>
    <Data name='system:index'>
      <value>1267</value>
    </Data>
  </ExtendedData>
  <Point>
    <coordinates>87.7311325303881,26.528103739569385 </coordinates>
  </Point>
</Placemark><Placemark>
  <ExtendedData>
    <Data name='ag'>
      <value>1</value>
    </Data>
    <Data name='system:index'>
      <value>1268</value>
    </Data>
  </ExtendedData>
  <Point>
    <coordinates>87.30667855864162,27.21208099689799 </coordinates>
  </Point>
</Placemark><Placemark>
  <ExtendedData>
    <Data name='ag'>
      <value>1</value>
    </Data>
    <Data name='system:index'>
      <value>1270</value>
    </Data>
  </ExtendedData>
  <Point>
    <coordinates>85.37359389874483,26.885184065006897 </coordinates>
  </Point>
</Placemark><Placemark>
  <ExtendedData>
    <Data name='ag'>
      <value>1</value>
    </Data>
    <Data name='system:index'>
      <value>1271</value>
    </Data>
  </ExtendedData>
  <Point>
    <coordinates>83.00204154866928,27.537630455862903 </coordinates>
  </Point>
</Placemark><Placemark>
  <ExtendedData>
    <Data name='ag'>
      <value>1</value>
    </Data>
    <Data name='system:index'>
      <value>1272</value>
    </Data>
  </ExtendedData>
  <Point>
    <coordinates>82.91849822724618,27.573203741114035 </coordinates>
  </Point>
</Placemark><Placemark>
  <ExtendedData>
    <Data name='ag'>
      <value>1</value>
    </Data>
    <Data name='system:index'>
      <value>1273</value>
    </Data>
  </ExtendedData>
  <Point>
    <coordinates>80.51056410816379,28.603751035055954 </coordinates>
  </Point>
</Placemark><Placemark>
  <ExtendedData>
    <Data name='ag'>
      <value>1</value>
    </Data>
    <Data name='system:index'>
      <value>1274</value>
    </Data>
  </ExtendedData>
  <Point>
    <coordinates>84.98740815810184,27.088652476859966 </coordinates>
  </Point>
</Placemark><Placemark>
  <ExtendedData>
    <Data name='ag'>
      <value>1</value>
    </Data>
    <Data name='system:index'>
      <value>1275</value>
    </Data>
  </ExtendedData>
  <Point>
    <coordinates>81.51712638401972,28.118930276216645 </coordinates>
  </Point>
</Placemark><Placemark>
  <ExtendedData>
    <Data name='ag'>
      <value>1</value>
    </Data>
    <Data name='system:index'>
      <value>1276</value>
    </Data>
  </ExtendedData>
  <Point>
    <coordinates>82.28114353316337,28.559823417662507 </coordinates>
  </Point>
</Placemark><Placemark>
  <ExtendedData>
    <Data name='ag'>
      <value>1</value>
    </Data>
    <Data name='system:index'>
      <value>1277</value>
    </Data>
  </ExtendedData>
  <Point>
    <coordinates>85.05289534231416,26.89407738631968 </coordinates>
  </Point>
</Placemark><Placemark>
  <ExtendedData>
    <Data name='ag'>
      <value>1</value>
    </Data>
    <Data name='system:index'>
      <value>1278</value>
    </Data>
  </ExtendedData>
  <Point>
    <coordinates>87.54679823408678,27.06682341545586 </coordinates>
  </Point>
</Placemark><Placemark>
  <ExtendedData>
    <Data name='ag'>
      <value>1</value>
    </Data>
    <Data name='system:index'>
      <value>1279</value>
    </Data>
  </ExtendedData>
  <Point>
    <coordinates>87.91600581585989,26.516245977819008 </coordinates>
  </Point>
</Placemark><Placemark>
  <ExtendedData>
    <Data name='ag'>
      <value>1</value>
    </Data>
    <Data name='system:index'>
      <value>1282</value>
    </Data>
  </ExtendedData>
  <Point>
    <coordinates>84.31394118959744,27.625485690649793 </coordinates>
  </Point>
</Placemark><Placemark>
  <ExtendedData>
    <Data name='ag'>
      <value>1</value>
    </Data>
    <Data name='system:index'>
      <value>1283</value>
    </Data>
  </ExtendedData>
  <Point>
    <coordinates>83.65718288537765,27.596919264614794 </coordinates>
  </Point>
</Placemark><Placemark>
  <ExtendedData>
    <Data name='ag'>
      <value>1</value>
    </Data>
    <Data name='system:index'>
      <value>1284</value>
    </Data>
  </ExtendedData>
  <Point>
    <coordinates>80.69085598568658,29.315216740078615 </coordinates>
  </Point>
</Placemark><Placemark>
  <ExtendedData>
    <Data name='ag'>
      <value>1</value>
    </Data>
    <Data name='system:index'>
      <value>1285</value>
    </Data>
  </ExtendedData>
  <Point>
    <coordinates>83.37071014127194,27.476455185014366 </coordinates>
  </Point>
</Placemark><Placemark>
  <ExtendedData>
    <Data name='ag'>
      <value>1</value>
    </Data>
    <Data name='system:index'>
      <value>1286</value>
    </Data>
  </ExtendedData>
  <Point>
    <coordinates>86.780355633676,27.064128469603503 </coordinates>
  </Point>
</Placemark><Placemark>
  <ExtendedData>
    <Data name='ag'>
      <value>1</value>
    </Data>
    <Data name='system:index'>
      <value>1289</value>
    </Data>
  </ExtendedData>
  <Point>
    <coordinates>86.81997133770567,27.1775856899878 </coordinates>
  </Point>
</Placemark><Placemark>
  <ExtendedData>
    <Data name='ag'>
      <value>1</value>
    </Data>
    <Data name='system:index'>
      <value>1290</value>
    </Data>
  </ExtendedData>
  <Point>
    <coordinates>87.77721610446343,26.68198514773906 </coordinates>
  </Point>
</Placemark><Placemark>
  <ExtendedData>
    <Data name='ag'>
      <value>1</value>
    </Data>
    <Data name='system:index'>
      <value>1291</value>
    </Data>
  </ExtendedData>
  <Point>
    <coordinates>87.15630058008001,26.51678496698948 </coordinates>
  </Point>
</Placemark><Placemark>
  <ExtendedData>
    <Data name='ag'>
      <value>1</value>
    </Data>
    <Data name='system:index'>
      <value>1292</value>
    </Data>
  </ExtendedData>
  <Point>
    <coordinates>80.9811016539856,29.655857895816737 </coordinates>
  </Point>
</Placemark><Placemark>
  <ExtendedData>
    <Data name='ag'>
      <value>1</value>
    </Data>
    <Data name='system:index'>
      <value>1293</value>
    </Data>
  </ExtendedData>
  <Point>
    <coordinates>87.36084697027403,26.418958432548862 </coordinates>
  </Point>
</Placemark><Placemark>
  <ExtendedData>
    <Data name='ag'>
      <value>1</value>
    </Data>
    <Data name='system:index'>
      <value>1294</value>
    </Data>
  </ExtendedData>
  <Point>
    <coordinates>83.23272891363118,27.869108795703006 </coordinates>
  </Point>
</Placemark><Placemark>
  <ExtendedData>
    <Data name='ag'>
      <value>1</value>
    </Data>
    <Data name='system:index'>
      <value>1296</value>
    </Data>
  </ExtendedData>
  <Point>
    <coordinates>88.03431393877844,26.66365951594302 </coordinates>
  </Point>
</Placemark><Placemark>
  <ExtendedData>
    <Data name='ag'>
      <value>1</value>
    </Data>
    <Data name='system:index'>
      <value>1297</value>
    </Data>
  </ExtendedData>
  <Point>
    <coordinates>83.80136248847884,27.469987314968705 </coordinates>
  </Point>
</Placemark><Placemark>
  <ExtendedData>
    <Data name='ag'>
      <value>1</value>
    </Data>
    <Data name='system:index'>
      <value>1298</value>
    </Data>
  </ExtendedData>
  <Point>
    <coordinates>87.51984877556319,26.593590923781697 </coordinates>
  </Point>
</Placemark><Placemark>
  <ExtendedData>
    <Data name='ag'>
      <value>1</value>
    </Data>
    <Data name='system:index'>
      <value>1299</value>
    </Data>
  </ExtendedData>
  <Point>
    <coordinates>82.22320219733767,28.33991583611005 </coordinates>
  </Point>
</Placemark><Placemark>
  <ExtendedData>
    <Data name='ag'>
      <value>1</value>
    </Data>
    <Data name='system:index'>
      <value>1300</value>
    </Data>
  </ExtendedData>
  <Point>
    <coordinates>85.26876050508808,26.760138577457457 </coordinates>
  </Point>
</Placemark><Placemark>
  <ExtendedData>
    <Data name='ag'>
      <value>1</value>
    </Data>
    <Data name='system:index'>
      <value>1301</value>
    </Data>
  </ExtendedData>
  <Point>
    <coordinates>82.66463432795399,28.25017413922651 </coordinates>
  </Point>
</Placemark><Placemark>
  <ExtendedData>
    <Data name='ag'>
      <value>1</value>
    </Data>
    <Data name='system:index'>
      <value>1303</value>
    </Data>
  </ExtendedData>
  <Point>
    <coordinates>81.78284804506228,28.770568183316946 </coordinates>
  </Point>
</Placemark><Placemark>
  <ExtendedData>
    <Data name='ag'>
      <value>1</value>
    </Data>
    <Data name='system:index'>
      <value>1304</value>
    </Data>
  </ExtendedData>
  <Point>
    <coordinates>85.61506104711616,26.960642548872936 </coordinates>
  </Point>
</Placemark><Placemark>
  <ExtendedData>
    <Data name='ag'>
      <value>1</value>
    </Data>
    <Data name='system:index'>
      <value>1305</value>
    </Data>
  </ExtendedData>
  <Point>
    <coordinates>86.37557476665174,26.634823595322786 </coordinates>
  </Point>
</Placemark><Placemark>
  <ExtendedData>
    <Data name='ag'>
      <value>1</value>
    </Data>
    <Data name='system:index'>
      <value>1306</value>
    </Data>
  </ExtendedData>
  <Point>
    <coordinates>82.11809930909568,28.333447966064387 </coordinates>
  </Point>
</Placemark><Placemark>
  <ExtendedData>
    <Data name='ag'>
      <value>1</value>
    </Data>
    <Data name='system:index'>
      <value>1307</value>
    </Data>
  </ExtendedData>
  <Point>
    <coordinates>84.29723252531282,27.478880636281488 </coordinates>
  </Point>
</Placemark><Placemark>
  <ExtendedData>
    <Data name='ag'>
      <value>1</value>
    </Data>
    <Data name='system:index'>
      <value>1308</value>
    </Data>
  </ExtendedData>
  <Point>
    <coordinates>87.80120112254941,27.021817819721473 </coordinates>
  </Point>
</Placemark><Placemark>
  <ExtendedData>
    <Data name='ag'>
      <value>1</value>
    </Data>
    <Data name='system:index'>
      <value>1309</value>
    </Data>
  </ExtendedData>
  <Point>
    <coordinates>84.48830418624503,28.036464933134475 </coordinates>
  </Point>
</Placemark><Placemark>
  <ExtendedData>
    <Data name='ag'>
      <value>1</value>
    </Data>
    <Data name='system:index'>
      <value>1310</value>
    </Data>
  </ExtendedData>
  <Point>
    <coordinates>81.94643125830044,28.7724546454136 </coordinates>
  </Point>
</Placemark><Placemark>
  <ExtendedData>
    <Data name='ag'>
      <value>1</value>
    </Data>
    <Data name='system:index'>
      <value>1311</value>
    </Data>
  </ExtendedData>
  <Point>
    <coordinates>83.14110075465099,27.658364030048567 </coordinates>
  </Point>
</Placemark><Placemark>
  <ExtendedData>
    <Data name='ag'>
      <value>1</value>
    </Data>
    <Data name='system:index'>
      <value>1312</value>
    </Data>
  </ExtendedData>
  <Point>
    <coordinates>86.4782522036266,26.57014489486618 </coordinates>
  </Point>
</Placemark><Placemark>
  <ExtendedData>
    <Data name='ag'>
      <value>1</value>
    </Data>
    <Data name='system:index'>
      <value>1313</value>
    </Data>
  </ExtendedData>
  <Point>
    <coordinates>87.20588758376341,26.478786230471226 </coordinates>
  </Point>
</Placemark><Placemark>
  <ExtendedData>
    <Data name='ag'>
      <value>1</value>
    </Data>
    <Data name='system:index'>
      <value>1314</value>
    </Data>
  </ExtendedData>
  <Point>
    <coordinates>87.21019949712719,27.328772152305117 </coordinates>
  </Point>
</Placemark><Placemark>
  <ExtendedData>
    <Data name='ag'>
      <value>1</value>
    </Data>
    <Data name='system:index'>
      <value>1315</value>
    </Data>
  </ExtendedData>
  <Point>
    <coordinates>81.7567070702944,28.712626847491237 </coordinates>
  </Point>
</Placemark><Placemark>
  <ExtendedData>
    <Data name='ag'>
      <value>1</value>
    </Data>
    <Data name='system:index'>
      <value>1316</value>
    </Data>
  </ExtendedData>
  <Point>
    <coordinates>85.24127205739401,27.003222693340202 </coordinates>
  </Point>
</Placemark><Placemark>
  <ExtendedData>
    <Data name='ag'>
      <value>1</value>
    </Data>
    <Data name='system:index'>
      <value>1317</value>
    </Data>
  </ExtendedData>
  <Point>
    <coordinates>84.85319985465439,27.18674850588582 </coordinates>
  </Point>
</Placemark><Placemark>
  <ExtendedData>
    <Data name='ag'>
      <value>1</value>
    </Data>
    <Data name='system:index'>
      <value>1318</value>
    </Data>
  </ExtendedData>
  <Point>
    <coordinates>87.9739471516856,26.577151754082312 </coordinates>
  </Point>
</Placemark><Placemark>
  <ExtendedData>
    <Data name='ag'>
      <value>1</value>
    </Data>
    <Data name='system:index'>
      <value>1319</value>
    </Data>
  </ExtendedData>
  <Point>
    <coordinates>82.08010057257742,29.156484429374693 </coordinates>
  </Point>
</Placemark><Placemark>
  <ExtendedData>
    <Data name='ag'>
      <value>1</value>
    </Data>
    <Data name='system:index'>
      <value>1320</value>
    </Data>
  </ExtendedData>
  <Point>
    <coordinates>83.96898812049554,28.020295258020322 </coordinates>
  </Point>
</Placemark><Placemark>
  <ExtendedData>
    <Data name='ag'>
      <value>1</value>
    </Data>
    <Data name='system:index'>
      <value>1321</value>
    </Data>
  </ExtendedData>
  <Point>
    <coordinates>82.11082295529431,28.646331179523216 </coordinates>
  </Point>
</Placemark><Placemark>
  <ExtendedData>
    <Data name='ag'>
      <value>1</value>
    </Data>
    <Data name='system:index'>
      <value>1322</value>
    </Data>
  </ExtendedData>
  <Point>
    <coordinates>82.14720472430115,28.18118352540613 </coordinates>
  </Point>
</Placemark><Placemark>
  <ExtendedData>
    <Data name='ag'>
      <value>1</value>
    </Data>
    <Data name='system:index'>
      <value>1323</value>
    </Data>
  </ExtendedData>
  <Point>
    <coordinates>80.99403739407693,28.535029915820807 </coordinates>
  </Point>
</Placemark><Placemark>
  <ExtendedData>
    <Data name='ag'>
      <value>1</value>
    </Data>
    <Data name='system:index'>
      <value>1324</value>
    </Data>
  </ExtendedData>
  <Point>
    <coordinates>83.38607133263038,28.448252659374862 </coordinates>
  </Point>
</Placemark><Placemark>
  <ExtendedData>
    <Data name='ag'>
      <value>1</value>
    </Data>
    <Data name='system:index'>
      <value>1325</value>
    </Data>
  </ExtendedData>
  <Point>
    <coordinates>87.12638668111883,26.843142909710103 </coordinates>
  </Point>
</Placemark><Placemark>
  <ExtendedData>
    <Data name='ag'>
      <value>1</value>
    </Data>
    <Data name='system:index'>
      <value>1326</value>
    </Data>
  </ExtendedData>
  <Point>
    <coordinates>85.81879895355446,26.6612340646759 </coordinates>
  </Point>
</Placemark><Placemark>
  <ExtendedData>
    <Data name='ag'>
      <value>1</value>
    </Data>
    <Data name='system:index'>
      <value>1327</value>
    </Data>
  </ExtendedData>
  <Point>
    <coordinates>81.76910382121524,29.55156349133046 </coordinates>
  </Point>
</Placemark><Placemark>
  <ExtendedData>
    <Data name='ag'>
      <value>1</value>
    </Data>
    <Data name='system:index'>
      <value>1328</value>
    </Data>
  </ExtendedData>
  <Point>
    <coordinates>84.90844624462774,27.932440023233433 </coordinates>
  </Point>
</Placemark><Placemark>
  <ExtendedData>
    <Data name='ag'>
      <value>1</value>
    </Data>
    <Data name='system:index'>
      <value>1329</value>
    </Data>
  </ExtendedData>
  <Point>
    <coordinates>83.56905815600553,27.98283551067254 </coordinates>
  </Point>
</Placemark><Placemark>
  <ExtendedData>
    <Data name='ag'>
      <value>1</value>
    </Data>
    <Data name='system:index'>
      <value>1330</value>
    </Data>
  </ExtendedData>
  <Point>
    <coordinates>82.08387349677072,28.446905186448685 </coordinates>
  </Point>
</Placemark><Placemark>
  <ExtendedData>
    <Data name='ag'>
      <value>1</value>
    </Data>
    <Data name='system:index'>
      <value>1331</value>
    </Data>
  </ExtendedData>
  <Point>
    <coordinates>86.76041303436854,27.159529552777 </coordinates>
  </Point>
</Placemark><Placemark>
  <ExtendedData>
    <Data name='ag'>
      <value>1</value>
    </Data>
    <Data name='system:index'>
      <value>1332</value>
    </Data>
  </ExtendedData>
  <Point>
    <coordinates>87.88016303602353,26.649106808340285 </coordinates>
  </Point>
</Placemark><Placemark>
  <ExtendedData>
    <Data name='ag'>
      <value>1</value>
    </Data>
    <Data name='system:index'>
      <value>1333</value>
    </Data>
  </ExtendedData>
  <Point>
    <coordinates>83.79004371589893,27.542211863811914 </coordinates>
  </Point>
</Placemark><Placemark>
  <ExtendedData>
    <Data name='ag'>
      <value>1</value>
    </Data>
    <Data name='system:index'>
      <value>1334</value>
    </Data>
  </ExtendedData>
  <Point>
    <coordinates>87.58641393811644,27.159799047362235 </coordinates>
  </Point>
</Placemark><Placemark>
  <ExtendedData>
    <Data name='ag'>
      <value>1</value>
    </Data>
    <Data name='system:index'>
      <value>1335</value>
    </Data>
  </ExtendedData>
  <Point>
    <coordinates>84.76750057654938,27.154948144827987 </coordinates>
  </Point>
</Placemark><Placemark>
  <ExtendedData>
    <Data name='ag'>
      <value>1</value>
    </Data>
    <Data name='system:index'>
      <value>1336</value>
    </Data>
  </ExtendedData>
  <Point>
    <coordinates>81.27323378438128,28.299761142909905 </coordinates>
  </Point>
</Placemark><Placemark>
  <ExtendedData>
    <Data name='ag'>
      <value>1</value>
    </Data>
    <Data name='system:index'>
      <value>1337</value>
    </Data>
  </ExtendedData>
  <Point>
    <coordinates>85.24827891661015,26.919409877331848 </coordinates>
  </Point>
</Placemark><Placemark>
  <ExtendedData>
    <Data name='ag'>
      <value>1</value>
    </Data>
    <Data name='system:index'>
      <value>1339</value>
    </Data>
  </ExtendedData>
  <Point>
    <coordinates>86.47340130109235,26.693842909489437 </coordinates>
  </Point>
</Placemark><Placemark>
  <ExtendedData>
    <Data name='ag'>
      <value>1</value>
    </Data>
    <Data name='system:index'>
      <value>1340</value>
    </Data>
  </ExtendedData>
  <Point>
    <coordinates>85.66734299665191,27.023165292647654 </coordinates>
  </Point>
</Placemark><Placemark>
  <ExtendedData>
    <Data name='ag'>
      <value>1</value>
    </Data>
    <Data name='system:index'>
      <value>1341</value>
    </Data>
  </ExtendedData>
  <Point>
    <coordinates>85.95651068660999,26.76148605038364 </coordinates>
  </Point>
</Placemark><Placemark>
  <ExtendedData>
    <Data name='ag'>
      <value>1</value>
    </Data>
    <Data name='system:index'>
      <value>1342</value>
    </Data>
  </ExtendedData>
  <Point>
    <coordinates>85.18063577571596,26.96225951638435 </coordinates>
  </Point>
</Placemark><Placemark>
  <ExtendedData>
    <Data name='ag'>
      <value>1</value>
    </Data>
    <Data name='system:index'>
      <value>1343</value>
    </Data>
  </ExtendedData>
  <Point>
    <coordinates>83.48308938331529,28.492719265938778 </coordinates>
  </Point>
</Placemark><Placemark>
  <ExtendedData>
    <Data name='ag'>
      <value>1</value>
    </Data>
    <Data name='system:index'>
      <value>1344</value>
    </Data>
  </ExtendedData>
  <Point>
    <coordinates>80.67549479432815,28.758440926981333 </coordinates>
  </Point>
</Placemark><Placemark>
  <ExtendedData>
    <Data name='ag'>
      <value>1</value>
    </Data>
    <Data name='system:index'>
      <value>1345</value>
    </Data>
  </ExtendedData>
  <Point>
    <coordinates>83.15430598932755,28.13995085386504 </coordinates>
  </Point>
</Placemark><Placemark>
  <ExtendedData>
    <Data name='ag'>
      <value>1</value>
    </Data>
    <Data name='system:index'>
      <value>1346</value>
    </Data>
  </ExtendedData>
  <Point>
    <coordinates>85.59916086658724,27.09431186314992 </coordinates>
  </Point>
</Placemark><Placemark>
  <ExtendedData>
    <Data name='ag'>
      <value>1</value>
    </Data>
    <Data name='system:index'>
      <value>1347</value>
    </Data>
  </ExtendedData>
  <Point>
    <coordinates>87.87153920929597,26.58065518369038 </coordinates>
  </Point>
</Placemark><Placemark>
  <ExtendedData>
    <Data name='ag'>
      <value>1</value>
    </Data>
    <Data name='system:index'>
      <value>1348</value>
    </Data>
  </ExtendedData>
  <Point>
    <coordinates>83.08154245131387,27.459477026144505 </coordinates>
  </Point>
</Placemark><Placemark>
  <ExtendedData>
    <Data name='ag'>
      <value>1</value>
    </Data>
    <Data name='system:index'>
      <value>1349</value>
    </Data>
  </ExtendedData>
  <Point>
    <coordinates>83.27180562849038,28.58111348989614 </coordinates>
  </Point>
</Placemark><Placemark>
  <ExtendedData>
    <Data name='ag'>
      <value>1</value>
    </Data>
    <Data name='system:index'>
      <value>1350</value>
    </Data>
  </ExtendedData>
  <Point>
    <coordinates>80.96331501136004,29.564768726007017 </coordinates>
  </Point>
</Placemark><Placemark>
  <ExtendedData>
    <Data name='ag'>
      <value>1</value>
    </Data>
    <Data name='system:index'>
      <value>1351</value>
    </Data>
  </ExtendedData>
  <Point>
    <coordinates>87.85644751252278,26.635093089908022 </coordinates>
  </Point>
</Placemark><Placemark>
  <ExtendedData>
    <Data name='ag'>
      <value>1</value>
    </Data>
    <Data name='system:index'>
      <value>1352</value>
    </Data>
  </ExtendedData>
  <Point>
    <coordinates>81.61037151051133,28.170403741996694 </coordinates>
  </Point>
</Placemark><Placemark>
  <ExtendedData>
    <Data name='ag'>
      <value>1</value>
    </Data>
    <Data name='system:index'>
      <value>1353</value>
    </Data>
  </ExtendedData>
  <Point>
    <coordinates>80.75499569697271,29.273445079367054 </coordinates>
  </Point>
</Placemark><Placemark>
  <ExtendedData>
    <Data name='ag'>
      <value>1</value>
    </Data>
    <Data name='system:index'>
      <value>1354</value>
    </Data>
  </ExtendedData>
  <Point>
    <coordinates>85.86838595723786,27.828415113332394 </coordinates>
  </Point>
</Placemark><Placemark>
  <ExtendedData>
    <Data name='ag'>
      <value>1</value>
    </Data>
    <Data name='system:index'>
      <value>1355</value>
    </Data>
  </ExtendedData>
  <Point>
    <coordinates>82.01272692626846,28.57006421190147 </coordinates>
  </Point>
</Placemark><Placemark>
  <ExtendedData>
    <Data name='ag'>
      <value>1</value>
    </Data>
    <Data name='system:index'>
      <value>1356</value>
    </Data>
  </ExtendedData>
  <Point>
    <coordinates>85.313227111652,27.63815193615588 </coordinates>
  </Point>
</Placemark><Placemark>
  <ExtendedData>
    <Data name='ag'>
      <value>1</value>
    </Data>
    <Data name='system:index'>
      <value>1357</value>
    </Data>
  </ExtendedData>
  <Point>
    <coordinates>85.35068685899978,27.0813761230586 </coordinates>
  </Point>
</Placemark><Placemark>
  <ExtendedData>
    <Data name='ag'>
      <value>1</value>
    </Data>
    <Data name='system:index'>
      <value>1358</value>
    </Data>
  </ExtendedData>
  <Point>
    <coordinates>85.2854691693727,28.005742550417587 </coordinates>
  </Point>
</Placemark><Placemark>
  <ExtendedData>
    <Data name='ag'>
      <value>1</value>
    </Data>
    <Data name='system:index'>
      <value>1359</value>
    </Data>
  </ExtendedData>
  <Point>
    <coordinates>83.00635346203306,27.62306023938267 </coordinates>
  </Point>
</Placemark><Placemark>
  <ExtendedData>
    <Data name='ag'>
      <value>1</value>
    </Data>
    <Data name='system:index'>
      <value>1360</value>
    </Data>
  </ExtendedData>
  <Point>
    <coordinates>85.01085418701736,26.99621583412407 </coordinates>
  </Point>
</Placemark><Placemark>
  <ExtendedData>
    <Data name='ag'>
      <value>1</value>
    </Data>
    <Data name='system:index'>
      <value>1361</value>
    </Data>
  </ExtendedData>
  <Point>
    <coordinates>85.24450599241685,27.02020085221006 </coordinates>
  </Point>
</Placemark><Placemark>
  <ExtendedData>
    <Data name='ag'>
      <value>1</value>
    </Data>
    <Data name='system:index'>
      <value>1362</value>
    </Data>
  </ExtendedData>
  <Point>
    <coordinates>83.42433956373388,27.581288578671113 </coordinates>
  </Point>
</Placemark><Placemark>
  <ExtendedData>
    <Data name='ag'>
      <value>1</value>
    </Data>
    <Data name='system:index'>
      <value>1363</value>
    </Data>
  </ExtendedData>
  <Point>
    <coordinates>85.74307097510318,26.773343812134016 </coordinates>
  </Point>
</Placemark><Placemark>
  <ExtendedData>
    <Data name='ag'>
      <value>1</value>
    </Data>
    <Data name='system:index'>
      <value>1364</value>
    </Data>
  </ExtendedData>
  <Point>
    <coordinates>81.40905905534014,29.449155548940833 </coordinates>
  </Point>
</Placemark><Placemark>
  <ExtendedData>
    <Data name='ag'>
      <value>1</value>
    </Data>
    <Data name='system:index'>
      <value>1365</value>
    </Data>
  </ExtendedData>
  <Point>
    <coordinates>86.16159606597446,26.678481718130993 </coordinates>
  </Point>
</Placemark><Placemark>
  <ExtendedData>
    <Data name='ag'>
      <value>1</value>
    </Data>
    <Data name='system:index'>
      <value>1366</value>
    </Data>
  </ExtendedData>
  <Point>
    <coordinates>86.1316821670133,27.315297423043322 </coordinates>
  </Point>
</Placemark><Placemark>
  <ExtendedData>
    <Data name='ag'>
      <value>1</value>
    </Data>
    <Data name='system:index'>
      <value>1367</value>
    </Data>
  </ExtendedData>
  <Point>
    <coordinates>85.40566375438789,27.649201214150548 </coordinates>
  </Point>
</Placemark><Placemark>
  <ExtendedData>
    <Data name='ag'>
      <value>1</value>
    </Data>
    <Data name='system:index'>
      <value>1368</value>
    </Data>
  </ExtendedData>
  <Point>
    <coordinates>80.67414732140196,28.891032262917374 </coordinates>
  </Point>
</Placemark><Placemark>
  <ExtendedData>
    <Data name='ag'>
      <value>1</value>
    </Data>
    <Data name='system:index'>
      <value>1369</value>
    </Data>
  </ExtendedData>
  <Point>
    <coordinates>83.05001158484127,28.051287135322447 </coordinates>
  </Point>
</Placemark><Placemark>
  <ExtendedData>
    <Data name='ag'>
      <value>1</value>
    </Data>
    <Data name='system:index'>
      <value>1370</value>
    </Data>
  </ExtendedData>
  <Point>
    <coordinates>84.26192873464692,27.685852477742625 </coordinates>
  </Point>
</Placemark><Placemark>
  <ExtendedData>
    <Data name='ag'>
      <value>1</value>
    </Data>
    <Data name='system:index'>
      <value>1371</value>
    </Data>
  </ExtendedData>
  <Point>
    <coordinates>86.46558595812051,27.07005735047869 </coordinates>
  </Point>
</Placemark><Placemark>
  <ExtendedData>
    <Data name='ag'>
      <value>1</value>
    </Data>
    <Data name='system:index'>
      <value>1372</value>
    </Data>
  </ExtendedData>
  <Point>
    <coordinates>81.02233432552669,29.45535392440126 </coordinates>
  </Point>
</Placemark><Placemark>
  <ExtendedData>
    <Data name='ag'>
      <value>1</value>
    </Data>
    <Data name='system:index'>
      <value>1373</value>
    </Data>
  </ExtendedData>
  <Point>
    <coordinates>84.77396844659505,27.2061521160228 </coordinates>
  </Point>
</Placemark><Placemark>
  <ExtendedData>
    <Data name='ag'>
      <value>1</value>
    </Data>
    <Data name='system:index'>
      <value>1374</value>
    </Data>
  </ExtendedData>
  <Point>
    <coordinates>81.21529244855556,29.228708978217902 </coordinates>
  </Point>
</Placemark><Placemark>
  <ExtendedData>
    <Data name='ag'>
      <value>1</value>
    </Data>
    <Data name='system:index'>
      <value>1375</value>
    </Data>
  </ExtendedData>
  <Point>
    <coordinates>85.97375834006507,26.82697323459595 </coordinates>
  </Point>
</Placemark><Placemark>
  <ExtendedData>
    <Data name='ag'>
      <value>1</value>
    </Data>
    <Data name='system:index'>
      <value>1376</value>
    </Data>
  </ExtendedData>
  <Point>
    <coordinates>84.17730743488286,28.181722514576602 </coordinates>
  </Point>
</Placemark><Placemark>
  <ExtendedData>
    <Data name='ag'>
      <value>1</value>
    </Data>
    <Data name='system:index'>
      <value>1377</value>
    </Data>
  </ExtendedData>
  <Point>
    <coordinates>86.04194047012975,26.881411140813594 </coordinates>
  </Point>
</Placemark><Placemark>
  <ExtendedData>
    <Data name='ag'>
      <value>1</value>
    </Data>
    <Data name='system:index'>
      <value>1378</value>
    </Data>
  </ExtendedData>
  <Point>
    <coordinates>82.81582079027132,28.273889662727264 </coordinates>
  </Point>
</Placemark><Placemark>
  <ExtendedData>
    <Data name='ag'>
      <value>1</value>
    </Data>
    <Data name='system:index'>
      <value>1379</value>
    </Data>
  </ExtendedData>
  <Point>
    <coordinates>83.06321681951783,27.455165112780733 </coordinates>
  </Point>
</Placemark><Placemark>
  <ExtendedData>
    <Data name='ag'>
      <value>1</value>
    </Data>
    <Data name='system:index'>
      <value>1380</value>
    </Data>
  </ExtendedData>
  <Point>
    <coordinates>87.62198722336758,26.592782440025992 </coordinates>
  </Point>
</Placemark><Placemark>
  <ExtendedData>
    <Data name='ag'>
      <value>1</value>
    </Data>
    <Data name='system:index'>
      <value>1381</value>
    </Data>
  </ExtendedData>
  <Point>
    <coordinates>84.68907765224576,27.18216709793681 </coordinates>
  </Point>
</Placemark><Placemark>
  <ExtendedData>
    <Data name='ag'>
      <value>1</value>
    </Data>
    <Data name='system:index'>
      <value>1382</value>
    </Data>
  </ExtendedData>
  <Point>
    <coordinates>87.07087079656024,27.40584760368257 </coordinates>
  </Point>
</Placemark><Placemark>
  <ExtendedData>
    <Data name='ag'>
      <value>1</value>
    </Data>
    <Data name='system:index'>
      <value>1383</value>
    </Data>
  </ExtendedData>
  <Point>
    <coordinates>83.67685599009987,28.546887677571185 </coordinates>
  </Point>
</Placemark><Placemark>
  <ExtendedData>
    <Data name='ag'>
      <value>1</value>
    </Data>
    <Data name='system:index'>
      <value>1384</value>
    </Data>
  </ExtendedData>
  <Point>
    <coordinates>81.44220688932415,28.666812768001144 </coordinates>
  </Point>
</Placemark><Placemark>
  <ExtendedData>
    <Data name='ag'>
      <value>1</value>
    </Data>
    <Data name='system:index'>
      <value>1385</value>
    </Data>
  </ExtendedData>
  <Point>
    <coordinates>83.99620707360437,28.172559698678583 </coordinates>
  </Point>
</Placemark><Placemark>
  <ExtendedData>
    <Data name='ag'>
      <value>1</value>
    </Data>
    <Data name='system:index'>
      <value>1386</value>
    </Data>
  </ExtendedData>
  <Point>
    <coordinates>82.9352068915308,27.60554309134234 </coordinates>
  </Point>
</Placemark><Placemark>
  <ExtendedData>
    <Data name='ag'>
      <value>1</value>
    </Data>
    <Data name='system:index'>
      <value>1387</value>
    </Data>
  </ExtendedData>
  <Point>
    <coordinates>88.05290906515971,26.929381176985576 </coordinates>
  </Point>
</Placemark><Placemark>
  <ExtendedData>
    <Data name='ag'>
      <value>1</value>
    </Data>
    <Data name='system:index'>
      <value>1388</value>
    </Data>
  </ExtendedData>
  <Point>
    <coordinates>83.84879353548035,27.667526845946586 </coordinates>
  </Point>
</Placemark><Placemark>
  <ExtendedData>
    <Data name='ag'>
      <value>1</value>
    </Data>
    <Data name='system:index'>
      <value>1389</value>
    </Data>
  </ExtendedData>
  <Point>
    <coordinates>82.34582223361998,28.556589482639676 </coordinates>
  </Point>
</Placemark><Placemark>
  <ExtendedData>
    <Data name='ag'>
      <value>1</value>
    </Data>
    <Data name='system:index'>
      <value>1390</value>
    </Data>
  </ExtendedData>
  <Point>
    <coordinates>83.76740617073912,27.49046890344663 </coordinates>
  </Point>
</Placemark><Placemark>
  <ExtendedData>
    <Data name='ag'>
      <value>1</value>
    </Data>
    <Data name='system:index'>
      <value>1391</value>
    </Data>
  </ExtendedData>
  <Point>
    <coordinates>86.48229462240513,27.327694173964172 </coordinates>
  </Point>
</Placemark><Placemark>
  <ExtendedData>
    <Data name='ag'>
      <value>1</value>
    </Data>
    <Data name='system:index'>
      <value>1392</value>
    </Data>
  </ExtendedData>
  <Point>
    <coordinates>85.57059444055224,27.506638578560782 </coordinates>
  </Point>
</Placemark><Placemark>
  <ExtendedData>
    <Data name='ag'>
      <value>1</value>
    </Data>
    <Data name='system:index'>
      <value>1393</value>
    </Data>
  </ExtendedData>
  <Point>
    <coordinates>81.68933342398543,29.26131782303144 </coordinates>
  </Point>
</Placemark><Placemark>
  <ExtendedData>
    <Data name='ag'>
      <value>1</value>
    </Data>
    <Data name='system:index'>
      <value>1394</value>
    </Data>
  </ExtendedData>
  <Point>
    <coordinates>81.57722367652731,28.813687316954685 </coordinates>
  </Point>
</Placemark><Placemark>
  <ExtendedData>
    <Data name='ag'>
      <value>1</value>
    </Data>
    <Data name='system:index'>
      <value>1395</value>
    </Data>
  </ExtendedData>
  <Point>
    <coordinates>87.94511123106537,26.483906627590706 </coordinates>
  </Point>
</Placemark><Placemark>
  <ExtendedData>
    <Data name='ag'>
      <value>1</value>
    </Data>
    <Data name='system:index'>
      <value>1396</value>
    </Data>
  </ExtendedData>
  <Point>
    <coordinates>81.92029028353257,29.783328834633295 </coordinates>
  </Point>
</Placemark><Placemark>
  <ExtendedData>
    <Data name='ag'>
      <value>1</value>
    </Data>
    <Data name='system:index'>
      <value>1397</value>
    </Data>
  </ExtendedData>
  <Point>
    <coordinates>87.28484949723752,26.994329372027416 </coordinates>
  </Point>
</Placemark><Placemark>
  <ExtendedData>
    <Data name='ag'>
      <value>1</value>
    </Data>
    <Data name='system:index'>
      <value>1398</value>
    </Data>
  </ExtendedData>
  <Point>
    <coordinates>86.01930292496994,27.410698506216814 </coordinates>
  </Point>
</Placemark><Placemark>
  <ExtendedData>
    <Data name='ag'>
      <value>1</value>
    </Data>
    <Data name='system:index'>
      <value>1399</value>
    </Data>
  </ExtendedData>
  <Point>
    <coordinates>83.3523845094759,27.595302297103377 </coordinates>
  </Point>
</Placemark><Placemark>
  <ExtendedData>
    <Data name='ag'>
      <value>1</value>
    </Data>
    <Data name='system:index'>
      <value>1400</value>
    </Data>
  </ExtendedData>
  <Point>
    <coordinates>87.47969408236304,26.56098207896816 </coordinates>
  </Point>
</Placemark><Placemark>
  <ExtendedData>
    <Data name='ag'>
      <value>1</value>
    </Data>
    <Data name='system:index'>
      <value>1401</value>
    </Data>
  </ExtendedData>
  <Point>
    <coordinates>80.70513919870409,29.337315296067953 </coordinates>
  </Point>
</Placemark><Placemark>
  <ExtendedData>
    <Data name='ag'>
      <value>1</value>
    </Data>
    <Data name='system:index'>
      <value>1402</value>
    </Data>
  </ExtendedData>
  <Point>
    <coordinates>87.30587007488592,26.69492088783038 </coordinates>
  </Point>
</Placemark><Placemark>
  <ExtendedData>
    <Data name='ag'>
      <value>1</value>
    </Data>
    <Data name='system:index'>
      <value>1403</value>
    </Data>
  </ExtendedData>
  <Point>
    <coordinates>87.16169047178474,26.663390021357785 </coordinates>
  </Point>
</Placemark><Placemark>
  <ExtendedData>
    <Data name='ag'>
      <value>1</value>
    </Data>
    <Data name='system:index'>
      <value>1404</value>
    </Data>
  </ExtendedData>
  <Point>
    <coordinates>81.20020075178235,28.47439363414274 </coordinates>
  </Point>
</Placemark><Placemark>
  <ExtendedData>
    <Data name='ag'>
      <value>1</value>
    </Data>
    <Data name='system:index'>
      <value>1405</value>
    </Data>
  </ExtendedData>
  <Point>
    <coordinates>85.94061050608107,26.93638803620171 </coordinates>
  </Point>
</Placemark><Placemark>
  <ExtendedData>
    <Data name='ag'>
      <value>1</value>
    </Data>
    <Data name='system:index'>
      <value>1406</value>
    </Data>
  </ExtendedData>
  <Point>
    <coordinates>85.76975093904153,27.8683003119473 </coordinates>
  </Point>
</Placemark><Placemark>
  <ExtendedData>
    <Data name='ag'>
      <value>1</value>
    </Data>
    <Data name='system:index'>
      <value>1407</value>
    </Data>
  </ExtendedData>
  <Point>
    <coordinates>87.79688920918565,26.59628586963406 </coordinates>
  </Point>
</Placemark><Placemark>
  <ExtendedData>
    <Data name='ag'>
      <value>1</value>
    </Data>
    <Data name='system:index'>
      <value>1408</value>
    </Data>
  </ExtendedData>
  <Point>
    <coordinates>87.77532964236678,27.034214570642323 </coordinates>
  </Point>
</Placemark><Placemark>
  <ExtendedData>
    <Data name='ag'>
      <value>1</value>
    </Data>
    <Data name='system:index'>
      <value>1409</value>
    </Data>
  </ExtendedData>
  <Point>
    <coordinates>87.93379245848546,26.652879732533588 </coordinates>
  </Point>
</Placemark><Placemark>
  <ExtendedData>
    <Data name='ag'>
      <value>1</value>
    </Data>
    <Data name='system:index'>
      <value>1410</value>
    </Data>
  </ExtendedData>
  <Point>
    <coordinates>83.35292349864638,27.672377748480834 </coordinates>
  </Point>
</Placemark><Placemark>
  <ExtendedData>
    <Data name='ag'>
      <value>1</value>
    </Data>
    <Data name='system:index'>
      <value>1411</value>
    </Data>
  </ExtendedData>
  <Point>
    <coordinates>85.46845599274785,27.57239525735833 </coordinates>
  </Point>
</Placemark><Placemark>
  <ExtendedData>
    <Data name='ag'>
      <value>1</value>
    </Data>
    <Data name='system:index'>
      <value>1412</value>
    </Data>
  </ExtendedData>
  <Point>
    <coordinates>81.27485075189269,28.253138579664103 </coordinates>
  </Point>
</Placemark><Placemark>
  <ExtendedData>
    <Data name='ag'>
      <value>1</value>
    </Data>
    <Data name='system:index'>
      <value>1413</value>
    </Data>
  </ExtendedData>
  <Point>
    <coordinates>80.77574678003587,29.691700675653106 </coordinates>
  </Point>
</Placemark><Placemark>
  <ExtendedData>
    <Data name='ag'>
      <value>1</value>
    </Data>
    <Data name='system:index'>
      <value>1415</value>
    </Data>
  </ExtendedData>
  <Point>
    <coordinates>82.87268414775608,28.56763876063435 </coordinates>
  </Point>
</Placemark><Placemark>
  <ExtendedData>
    <Data name='ag'>
      <value>1</value>
    </Data>
    <Data name='system:index'>
      <value>1416</value>
    </Data>
  </ExtendedData>
  <Point>
    <coordinates>81.04928378405027,29.48580681253291 </coordinates>
  </Point>
</Placemark><Placemark>
  <ExtendedData>
    <Data name='ag'>
      <value>1</value>
    </Data>
    <Data name='system:index'>
      <value>1417</value>
    </Data>
  </ExtendedData>
  <Point>
    <coordinates>85.7980478704913,26.691956447392787 </coordinates>
  </Point>
</Placemark><Placemark>
  <ExtendedData>
    <Data name='ag'>
      <value>1</value>
    </Data>
    <Data name='system:index'>
      <value>1419</value>
    </Data>
  </ExtendedData>
  <Point>
    <coordinates>86.01337404409475,26.726990743473447 </coordinates>
  </Point>
</Placemark><Placemark>
  <ExtendedData>
    <Data name='ag'>
      <value>1</value>
    </Data>
    <Data name='system:index'>
      <value>1420</value>
    </Data>
  </ExtendedData>
  <Point>
    <coordinates>83.30710941915628,28.061527929561407 </coordinates>
  </Point>
</Placemark><Placemark>
  <ExtendedData>
    <Data name='ag'>
      <value>1</value>
    </Data>
    <Data name='system:index'>
      <value>1421</value>
    </Data>
  </ExtendedData>
  <Point>
    <coordinates>87.74137332462706,27.155756628583696 </coordinates>
  </Point>
</Placemark><Placemark>
  <ExtendedData>
    <Data name='ag'>
      <value>1</value>
    </Data>
    <Data name='system:index'>
      <value>1422</value>
    </Data>
  </ExtendedData>
  <Point>
    <coordinates>83.60948234379092,28.042393814009664 </coordinates>
  </Point>
</Placemark><Placemark>
  <ExtendedData>
    <Data name='ag'>
      <value>1</value>
    </Data>
    <Data name='system:index'>
      <value>1423</value>
    </Data>
  </ExtendedData>
  <Point>
    <coordinates>84.07328252498182,28.266074319755425 </coordinates>
  </Point>
</Placemark><Placemark>
  <ExtendedData>
    <Data name='ag'>
      <value>1</value>
    </Data>
    <Data name='system:index'>
      <value>1424</value>
    </Data>
  </ExtendedData>
  <Point>
    <coordinates>81.56617439853265,28.915556270173838 </coordinates>
  </Point>
</Placemark><Placemark>
  <ExtendedData>
    <Data name='ag'>
      <value>1</value>
    </Data>
    <Data name='system:index'>
      <value>1425</value>
    </Data>
  </ExtendedData>
  <Point>
    <coordinates>82.5339294541146,28.450139121471516 </coordinates>
  </Point>
</Placemark><Placemark>
  <ExtendedData>
    <Data name='ag'>
      <value>1</value>
    </Data>
    <Data name='system:index'>
      <value>1426</value>
    </Data>
  </ExtendedData>
  <Point>
    <coordinates>87.72655112243909,26.41141258416226 </coordinates>
  </Point>
</Placemark><Placemark>
  <ExtendedData>
    <Data name='ag'>
      <value>1</value>
    </Data>
    <Data name='system:index'>
      <value>1427</value>
    </Data>
  </ExtendedData>
  <Point>
    <coordinates>87.62010076127092,26.77630825257161 </coordinates>
  </Point>
</Placemark><Placemark>
  <ExtendedData>
    <Data name='ag'>
      <value>1</value>
    </Data>
    <Data name='system:index'>
      <value>1428</value>
    </Data>
  </ExtendedData>
  <Point>
    <coordinates>88.08497892080278,26.460999587845656 </coordinates>
  </Point>
</Placemark><Placemark>
  <ExtendedData>
    <Data name='ag'>
      <value>1</value>
    </Data>
    <Data name='system:index'>
      <value>1429</value>
    </Data>
  </ExtendedData>
  <Point>
    <coordinates>84.73866465592914,27.064667458773975 </coordinates>
  </Point>
</Placemark><Placemark>
  <ExtendedData>
    <Data name='ag'>
      <value>1</value>
    </Data>
    <Data name='system:index'>
      <value>1430</value>
    </Data>
  </ExtendedData>
  <Point>
    <coordinates>84.0077953407695,28.113270889926692 </coordinates>
  </Point>
</Placemark><Placemark>
  <ExtendedData>
    <Data name='ag'>
      <value>1</value>
    </Data>
    <Data name='system:index'>
      <value>1431</value>
    </Data>
  </ExtendedData>
  <Point>
    <coordinates>82.63040851562904,28.314313850512644 </coordinates>
  </Point>
</Placemark><Placemark>
  <ExtendedData>
    <Data name='ag'>
      <value>1</value>
    </Data>
    <Data name='system:index'>
      <value>1432</value>
    </Data>
  </ExtendedData>
  <Point>
    <coordinates>82.82740905743645,27.624138217723615 </coordinates>
  </Point>
</Placemark><Placemark>
  <ExtendedData>
    <Data name='ag'>
      <value>1</value>
    </Data>
    <Data name='system:index'>
      <value>1433</value>
    </Data>
  </ExtendedData>
  <Point>
    <coordinates>84.85805075718864,27.941333344546216 </coordinates>
  </Point>
</Placemark><Placemark>
  <ExtendedData>
    <Data name='ag'>
      <value>1</value>
    </Data>
    <Data name='system:index'>
      <value>1434</value>
    </Data>
  </ExtendedData>
  <Point>
    <coordinates>86.6194673662902,27.121261321673504 </coordinates>
  </Point>
</Placemark><Placemark>
  <ExtendedData>
    <Data name='ag'>
      <value>1</value>
    </Data>
    <Data name='system:index'>
      <value>1435</value>
    </Data>
  </ExtendedData>
  <Point>
    <coordinates>86.48202512781991,26.9889394803227 </coordinates>
  </Point>
</Placemark><Placemark>
  <ExtendedData>
    <Data name='ag'>
      <value>1</value>
    </Data>
    <Data name='system:index'>
      <value>1436</value>
    </Data>
  </ExtendedData>
  <Point>
    <coordinates>84.52145202022905,27.614166918069888 </coordinates>
  </Point>
</Placemark><Placemark>
  <ExtendedData>
    <Data name='ag'>
      <value>1</value>
    </Data>
    <Data name='system:index'>
      <value>1437</value>
    </Data>
  </ExtendedData>
  <Point>
    <coordinates>82.3512121253247,28.08605193681787 </coordinates>
  </Point>
</Placemark><Placemark>
  <ExtendedData>
    <Data name='ag'>
      <value>1</value>
    </Data>
    <Data name='system:index'>
      <value>1438</value>
    </Data>
  </ExtendedData>
  <Point>
    <coordinates>86.7992202546425,27.492085870958043 </coordinates>
  </Point>
</Placemark><Placemark>
  <ExtendedData>
    <Data name='ag'>
      <value>1</value>
    </Data>
    <Data name='system:index'>
      <value>1440</value>
    </Data>
  </ExtendedData>
  <Point>
    <coordinates>87.07194877490119,26.814845978260337 </coordinates>
  </Point>
</Placemark><Placemark>
  <ExtendedData>
    <Data name='ag'>
      <value>1</value>
    </Data>
    <Data name='system:index'>
      <value>1441</value>
    </Data>
  </ExtendedData>
  <Point>
    <coordinates>86.68630202342868,26.64560337873222 </coordinates>
  </Point>
</Placemark><Placemark>
  <ExtendedData>
    <Data name='ag'>
      <value>1</value>
    </Data>
    <Data name='system:index'>
      <value>1442</value>
    </Data>
  </ExtendedData>
  <Point>
    <coordinates>82.28680291945332,28.47654959082463 </coordinates>
  </Point>
</Placemark><Placemark>
  <ExtendedData>
    <Data name='ag'>
      <value>1</value>
    </Data>
    <Data name='system:index'>
      <value>1443</value>
    </Data>
  </ExtendedData>
  <Point>
    <coordinates>84.7090202515532,27.063589480433034 </coordinates>
  </Point>
</Placemark><Placemark>
  <ExtendedData>
    <Data name='ag'>
      <value>1</value>
    </Data>
    <Data name='system:index'>
      <value>1444</value>
    </Data>
  </ExtendedData>
  <Point>
    <coordinates>81.44005093264227,29.51060031437461 </coordinates>
  </Point>
</Placemark><Placemark>
  <ExtendedData>
    <Data name='ag'>
      <value>1</value>
    </Data>
    <Data name='system:index'>
      <value>1445</value>
    </Data>
  </ExtendedData>
  <Point>
    <coordinates>83.17856050199877,27.600153199637624 </coordinates>
  </Point>
</Placemark><Placemark>
  <ExtendedData>
    <Data name='ag'>
      <value>1</value>
    </Data>
    <Data name='system:index'>
      <value>1446</value>
    </Data>
  </ExtendedData>
  <Point>
    <coordinates>85.21620906096709,27.739751394789796 </coordinates>
  </Point>
</Placemark><Placemark>
  <ExtendedData>
    <Data name='ag'>
      <value>1</value>
    </Data>
    <Data name='system:index'>
      <value>1447</value>
    </Data>
  </ExtendedData>
  <Point>
    <coordinates>84.88958162366123,27.144976845174263 </coordinates>
  </Point>
</Placemark><Placemark>
  <ExtendedData>
    <Data name='ag'>
      <value>1</value>
    </Data>
    <Data name='system:index'>
      <value>1448</value>
    </Data>
  </ExtendedData>
  <Point>
    <coordinates>83.73560580968129,27.487504463009035 </coordinates>
  </Point>
</Placemark><Placemark>
  <ExtendedData>
    <Data name='ag'>
      <value>1</value>
    </Data>
    <Data name='system:index'>
      <value>1449</value>
    </Data>
  </ExtendedData>
  <Point>
    <coordinates>85.7446879426146,26.70004128494986 </coordinates>
  </Point>
</Placemark><Placemark>
  <ExtendedData>
    <Data name='ag'>
      <value>1</value>
    </Data>
    <Data name='system:index'>
      <value>1450</value>
    </Data>
  </ExtendedData>
  <Point>
    <coordinates>84.95803324831114,27.3842880368637 </coordinates>
  </Point>
</Placemark><Placemark>
  <ExtendedData>
    <Data name='ag'>
      <value>1</value>
    </Data>
    <Data name='system:index'>
      <value>1451</value>
    </Data>
  </ExtendedData>
  <Point>
    <coordinates>80.3521012920451,29.358605368301586 </coordinates>
  </Point>
</Placemark><Placemark>
  <ExtendedData>
    <Data name='ag'>
      <value>1</value>
    </Data>
    <Data name='system:index'>
      <value>1452</value>
    </Data>
  </ExtendedData>
  <Point>
    <coordinates>85.48920707581101,26.821313848305998 </coordinates>
  </Point>
</Placemark><Placemark>
  <ExtendedData>
    <Data name='ag'>
      <value>1</value>
    </Data>
    <Data name='system:index'>
      <value>1453</value>
    </Data>
  </ExtendedData>
  <Point>
    <coordinates>87.21451141049096,27.11048153826407 </coordinates>
  </Point>
</Placemark><Placemark>
  <ExtendedData>
    <Data name='ag'>
      <value>1</value>
    </Data>
    <Data name='system:index'>
      <value>1454</value>
    </Data>
  </ExtendedData>
  <Point>
    <coordinates>87.87369516597786,26.635901573663727 </coordinates>
  </Point>
</Placemark><Placemark>
  <ExtendedData>
    <Data name='ag'>
      <value>1</value>
    </Data>
    <Data name='system:index'>
      <value>1455</value>
    </Data>
  </ExtendedData>
  <Point>
    <coordinates>84.98686916893138,27.045802837807464 </coordinates>
  </Point>
</Placemark><Placemark>
  <ExtendedData>
    <Data name='ag'>
      <value>1</value>
    </Data>
    <Data name='system:index'>
      <value>1456</value>
    </Data>
  </ExtendedData>
  <Point>
    <coordinates>85.48273920576534,27.657286051707626 </coordinates>
  </Point>
</Placemark><Placemark>
  <ExtendedData>
    <Data name='ag'>
      <value>1</value>
    </Data>
    <Data name='system:index'>
      <value>1457</value>
    </Data>
  </ExtendedData>
  <Point>
    <coordinates>85.76058812314352,27.728702116795127 </coordinates>
  </Point>
</Placemark><Placemark>
  <ExtendedData>
    <Data name='ag'>
      <value>1</value>
    </Data>
    <Data name='system:index'>
      <value>1458</value>
    </Data>
  </ExtendedData>
  <Point>
    <coordinates>83.98192386058686,27.790416376814136 </coordinates>
  </Point>
</Placemark><Placemark>
  <ExtendedData>
    <Data name='ag'>
      <value>1</value>
    </Data>
    <Data name='system:index'>
      <value>1459</value>
    </Data>
  </ExtendedData>
  <Point>
    <coordinates>86.02819624628272,27.398840744466437 </coordinates>
  </Point>
</Placemark><Placemark>
  <ExtendedData>
    <Data name='ag'>
      <value>1</value>
    </Data>
    <Data name='system:index'>
      <value>1460</value>
    </Data>
  </ExtendedData>
  <Point>
    <coordinates>85.513192093897,27.26651890311563 </coordinates>
  </Point>
</Placemark><Placemark>
  <ExtendedData>
    <Data name='ag'>
      <value>1</value>
    </Data>
    <Data name='system:index'>
      <value>1461</value>
    </Data>
  </ExtendedData>
  <Point>
    <coordinates>84.48183631619938,28.066378832095655 </coordinates>
  </Point>
</Placemark><Placemark>
  <ExtendedData>
    <Data name='ag'>
      <value>1</value>
    </Data>
    <Data name='system:index'>
      <value>1462</value>
    </Data>
  </ExtendedData>
  <Point>
    <coordinates>86.52460527228718,26.7326501297634 </coordinates>
  </Point>
</Placemark><Placemark>
  <ExtendedData>
    <Data name='ag'>
      <value>1</value>
    </Data>
    <Data name='system:index'>
      <value>1464</value>
    </Data>
  </ExtendedData>
  <Point>
    <coordinates>83.44266519552991,27.49801475183323 </coordinates>
  </Point>
</Placemark><Placemark>
  <ExtendedData>
    <Data name='ag'>
      <value>1</value>
    </Data>
    <Data name='system:index'>
      <value>1465</value>
    </Data>
  </ExtendedData>
  <Point>
    <coordinates>80.41704948708696,28.69888262364421 </coordinates>
  </Point>
</Placemark><Placemark>
  <ExtendedData>
    <Data name='ag'>
      <value>1</value>
    </Data>
    <Data name='system:index'>
      <value>1466</value>
    </Data>
  </ExtendedData>
  <Point>
    <coordinates>81.09698432563702,28.482747966285054 </coordinates>
  </Point>
</Placemark><Placemark>
  <ExtendedData>
    <Data name='ag'>
      <value>1</value>
    </Data>
    <Data name='system:index'>
      <value>1467</value>
    </Data>
  </ExtendedData>
  <Point>
    <coordinates>82.52530562738706,28.522633164899958 </coordinates>
  </Point>
</Placemark><Placemark>
  <ExtendedData>
    <Data name='ag'>
      <value>1</value>
    </Data>
    <Data name='system:index'>
      <value>1468</value>
    </Data>
  </ExtendedData>
  <Point>
    <coordinates>88.17310365017491,26.751245256144674 </coordinates>
  </Point>
</Placemark><Placemark>
  <ExtendedData>
    <Data name='ag'>
      <value>1</value>
    </Data>
    <Data name='system:index'>
      <value>1469</value>
    </Data>
  </ExtendedData>
  <Point>
    <coordinates>83.28339389565552,27.350062224538746 </coordinates>
  </Point>
</Placemark><Placemark>
  <ExtendedData>
    <Data name='ag'>
      <value>1</value>
    </Data>
    <Data name='system:index'>
      <value>1470</value>
    </Data>
  </ExtendedData>
  <Point>
    <coordinates>85.51534805057888,27.276759697354596 </coordinates>
  </Point>
</Placemark><Placemark>
  <ExtendedData>
    <Data name='ag'>
      <value>1</value>
    </Data>
    <Data name='system:index'>
      <value>1471</value>
    </Data>
  </ExtendedData>
  <Point>
    <coordinates>86.44995527217684,26.70920410084788 </coordinates>
  </Point>
</Placemark><Placemark>
  <ExtendedData>
    <Data name='ag'>
      <value>1</value>
    </Data>
    <Data name='system:index'>
      <value>1472</value>
    </Data>
  </ExtendedData>
  <Point>
    <coordinates>86.3572491348557,27.09053893895662 </coordinates>
  </Point>
</Placemark><Placemark>
  <ExtendedData>
    <Data name='ag'>
      <value>1</value>
    </Data>
    <Data name='system:index'>
      <value>1473</value>
    </Data>
  </ExtendedData>
  <Point>
    <coordinates>80.96493197887145,28.703194537007985 </coordinates>
  </Point>
</Placemark><Placemark>
  <ExtendedData>
    <Data name='ag'>
      <value>1</value>
    </Data>
    <Data name='system:index'>
      <value>1474</value>
    </Data>
  </ExtendedData>
  <Point>
    <coordinates>80.77790273671776,28.70615897744558 </coordinates>
  </Point>
</Placemark><Placemark>
  <ExtendedData>
    <Data name='ag'>
      <value>1</value>
    </Data>
    <Data name='system:index'>
      <value>1475</value>
    </Data>
  </ExtendedData>
  <Point>
    <coordinates>81.35677710580438,28.994518183647944 </coordinates>
  </Point>
</Placemark><Placemark>
  <ExtendedData>
    <Data name='ag'>
      <value>1</value>
    </Data>
    <Data name='system:index'>
      <value>1476</value>
    </Data>
  </ExtendedData>
  <Point>
    <coordinates>86.82455274565467,27.236335509569216 </coordinates>
  </Point>
</Placemark><Placemark>
  <ExtendedData>
    <Data name='ag'>
      <value>1</value>
    </Data>
    <Data name='system:index'>
      <value>1477</value>
    </Data>
  </ExtendedData>
  <Point>
    <coordinates>81.72302024713991,29.347825584892153 </coordinates>
  </Point>
</Placemark><Placemark>
  <ExtendedData>
    <Data name='ag'>
      <value>1</value>
    </Data>
    <Data name='system:index'>
      <value>1478</value>
    </Data>
  </ExtendedData>
  <Point>
    <coordinates>86.49442187874075,26.71432449796736 </coordinates>
  </Point>
</Placemark><Placemark>
  <ExtendedData>
    <Data name='ag'>
      <value>1</value>
    </Data>
    <Data name='system:index'>
      <value>1479</value>
    </Data>
  </ExtendedData>
  <Point>
    <coordinates>81.00400869373065,28.539072334599346 </coordinates>
  </Point>
</Placemark><Placemark>
  <ExtendedData>
    <Data name='ag'>
      <value>1</value>
    </Data>
    <Data name='system:index'>
      <value>1480</value>
    </Data>
  </ExtendedData>
  <Point>
    <coordinates>80.5550307147277,28.80344652271572 </coordinates>
  </Point>
</Placemark><Placemark>
  <ExtendedData>
    <Data name='ag'>
      <value>1</value>
    </Data>
    <Data name='system:index'>
      <value>1481</value>
    </Data>
  </ExtendedData>
  <Point>
    <coordinates>82.721767180024,27.664292910923756 </coordinates>
  </Point>
</Placemark><Placemark>
  <ExtendedData>
    <Data name='ag'>
      <value>1</value>
    </Data>
    <Data name='system:index'>
      <value>1483</value>
    </Data>
  </ExtendedData>
  <Point>
    <coordinates>82.07740562672507,28.77676655877737 </coordinates>
  </Point>
</Placemark><Placemark>
  <ExtendedData>
    <Data name='ag'>
      <value>1</value>
    </Data>
    <Data name='system:index'>
      <value>1484</value>
    </Data>
  </ExtendedData>
  <Point>
    <coordinates>87.96155040076475,26.725912765132506 </coordinates>
  </Point>
</Placemark><Placemark>
  <ExtendedData>
    <Data name='ag'>
      <value>1</value>
    </Data>
    <Data name='system:index'>
      <value>1486</value>
    </Data>
  </ExtendedData>
  <Point>
    <coordinates>83.08208144048434,28.094945258130654 </coordinates>
  </Point>
</Placemark><Placemark>
  <ExtendedData>
    <Data name='ag'>
      <value>1</value>
    </Data>
    <Data name='system:index'>
      <value>1487</value>
    </Data>
  </ExtendedData>
  <Point>
    <coordinates>82.97293613346382,27.67857612394126 </coordinates>
  </Point>
</Placemark><Placemark>
  <ExtendedData>
    <Data name='ag'>
      <value>1</value>
    </Data>
    <Data name='system:index'>
      <value>1488</value>
    </Data>
  </ExtendedData>
  <Point>
    <coordinates>87.21693686175809,26.57849922700849 </coordinates>
  </Point>
</Placemark><Placemark>
  <ExtendedData>
    <Data name='ag'>
      <value>1</value>
    </Data>
    <Data name='system:index'>
      <value>1489</value>
    </Data>
  </ExtendedData>
  <Point>
    <coordinates>87.26302043583341,27.115601935383552 </coordinates>
  </Point>
</Placemark><Placemark>
  <ExtendedData>
    <Data name='ag'>
      <value>1</value>
    </Data>
    <Data name='system:index'>
      <value>1490</value>
    </Data>
  </ExtendedData>
  <Point>
    <coordinates>81.70496410992911,28.567369266049113 </coordinates>
  </Point>
</Placemark><Placemark>
  <ExtendedData>
    <Data name='ag'>
      <value>1</value>
    </Data>
    <Data name='system:index'>
      <value>1491</value>
    </Data>
  </ExtendedData>
  <Point>
    <coordinates>87.34467729515988,26.63697955200467 </coordinates>
  </Point>
</Placemark><Placemark>
  <ExtendedData>
    <Data name='ag'>
      <value>1</value>
    </Data>
    <Data name='system:index'>
      <value>1492</value>
    </Data>
  </ExtendedData>
  <Point>
    <coordinates>84.25060996206702,28.209210962270657 </coordinates>
  </Point>
</Placemark><Placemark>
  <ExtendedData>
    <Data name='ag'>
      <value>1</value>
    </Data>
    <Data name='system:index'>
      <value>1493</value>
    </Data>
  </ExtendedData>
  <Point>
    <coordinates>84.7216864970593,27.201570708073792 </coordinates>
  </Point>
</Placemark><Placemark>
  <ExtendedData>
    <Data name='ag'>
      <value>1</value>
    </Data>
    <Data name='system:index'>
      <value>1494</value>
    </Data>
  </ExtendedData>
  <Point>
    <coordinates>81.1419899213714,28.56683027687864 </coordinates>
  </Point>
</Placemark><Placemark>
  <ExtendedData>
    <Data name='ag'>
      <value>1</value>
    </Data>
    <Data name='system:index'>
      <value>1495</value>
    </Data>
  </ExtendedData>
  <Point>
    <coordinates>83.34241320982217,27.891476846277584 </coordinates>
  </Point>
</Placemark><Placemark>
  <ExtendedData>
    <Data name='ag'>
      <value>1</value>
    </Data>
    <Data name='system:index'>
      <value>1496</value>
    </Data>
  </ExtendedData>
  <Point>
    <coordinates>83.14217873299194,27.463249950337808 </coordinates>
  </Point>
</Placemark><Placemark>
  <ExtendedData>
    <Data name='ag'>
      <value>1</value>
    </Data>
    <Data name='system:index'>
      <value>1497</value>
    </Data>
  </ExtendedData>
  <Point>
    <coordinates>84.9329702518842,27.025051754744304 </coordinates>
  </Point>
</Placemark><Placemark>
  <ExtendedData>
    <Data name='ag'>
      <value>1</value>
    </Data>
    <Data name='system:index'>
      <value>1498</value>
    </Data>
  </ExtendedData>
  <Point>
    <coordinates>81.77368522916426,28.000891647883343 </coordinates>
  </Point>
</Placemark><Placemark>
  <ExtendedData>
    <Data name='ag'>
      <value>1</value>
    </Data>
    <Data name='system:index'>
      <value>1499</value>
    </Data>
  </ExtendedData>
  <Point>
    <coordinates>86.8412614099393,27.533588037084368 </coordinates>
  </Point>
</Placemark><Placemark>
  <ExtendedData>
    <Data name='ag'>
      <value>1</value>
    </Data>
    <Data name='system:index'>
      <value>1500</value>
    </Data>
  </ExtendedData>
  <Point>
    <coordinates>85.12134696696407,27.902256629687017 </coordinates>
  </Point>
</Placemark><Placemark>
  <ExtendedData>
    <Data name='ag'>
      <value>1</value>
    </Data>
    <Data name='system:index'>
      <value>1501</value>
    </Data>
  </ExtendedData>
  <Point>
    <coordinates>86.45076375593254,27.29454633998016 </coordinates>
  </Point>
</Placemark><Placemark>
  <ExtendedData>
    <Data name='ag'>
      <value>1</value>
    </Data>
    <Data name='system:index'>
      <value>1502</value>
    </Data>
  </ExtendedData>
  <Point>
    <coordinates>86.72510924370265,26.58173316203132 </coordinates>
  </Point>
</Placemark><Placemark>
  <ExtendedData>
    <Data name='ag'>
      <value>1</value>
    </Data>
    <Data name='system:index'>
      <value>1503</value>
    </Data>
  </ExtendedData>
  <Point>
    <coordinates>84.64622801319325,27.613627928899415 </coordinates>
  </Point>
</Placemark><Placemark>
  <ExtendedData>
    <Data name='ag'>
      <value>1</value>
    </Data>
    <Data name='system:index'>
      <value>1505</value>
    </Data>
  </ExtendedData>
  <Point>
    <coordinates>85.82041592106587,26.74558586985472 </coordinates>
  </Point>
</Placemark><Placemark>
  <ExtendedData>
    <Data name='ag'>
      <value>1</value>
    </Data>
    <Data name='system:index'>
      <value>1506</value>
    </Data>
  </ExtendedData>
  <Point>
    <coordinates>86.951754189886,26.989747964078408 </coordinates>
  </Point>
</Placemark><Placemark>
  <ExtendedData>
    <Data name='ag'>
      <value>1</value>
    </Data>
    <Data name='system:index'>
      <value>1507</value>
    </Data>
  </ExtendedData>
  <Point>
    <coordinates>87.56512386588281,27.309907531338606 </coordinates>
  </Point>
</Placemark><Placemark>
  <ExtendedData>
    <Data name='ag'>
      <value>1</value>
    </Data>
    <Data name='system:index'>
      <value>1508</value>
    </Data>
  </ExtendedData>
  <Point>
    <coordinates>82.74790815479187,28.219182261924384 </coordinates>
  </Point>
</Placemark><Placemark>
  <ExtendedData>
    <Data name='ag'>
      <value>1</value>
    </Data>
    <Data name='system:index'>
      <value>1509</value>
    </Data>
  </ExtendedData>
  <Point>
    <coordinates>87.6950202559665,26.705700671239814 </coordinates>
  </Point>
</Placemark><Placemark>
  <ExtendedData>
    <Data name='ag'>
      <value>1</value>
    </Data>
    <Data name='system:index'>
      <value>1510</value>
    </Data>
  </ExtendedData>
  <Point>
    <coordinates>82.07120725126464,28.270655727704433 </coordinates>
  </Point>
</Placemark><Placemark>
  <ExtendedData>
    <Data name='ag'>
      <value>1</value>
    </Data>
    <Data name='system:index'>
      <value>1511</value>
    </Data>
  </ExtendedData>
  <Point>
    <coordinates>83.30198902203679,27.501248686856062 </coordinates>
  </Point>
</Placemark><Placemark>
  <ExtendedData>
    <Data name='ag'>
      <value>1</value>
    </Data>
    <Data name='system:index'>
      <value>1512</value>
    </Data>
  </ExtendedData>
  <Point>
    <coordinates>87.01831935243926,27.13069363215676 </coordinates>
  </Point>
</Placemark><Placemark>
  <ExtendedData>
    <Data name='ag'>
      <value>1</value>
    </Data>
    <Data name='system:index'>
      <value>1513</value>
    </Data>
  </ExtendedData>
  <Point>
    <coordinates>83.17882999658401,27.67372522140701 </coordinates>
  </Point>
</Placemark><Placemark>
  <ExtendedData>
    <Data name='ag'>
      <value>1</value>
    </Data>
    <Data name='system:index'>
      <value>1514</value>
    </Data>
  </ExtendedData>
  <Point>
    <coordinates>81.83836392962085,28.435586413868776 </coordinates>
  </Point>
</Placemark><Placemark>
  <ExtendedData>
    <Data name='ag'>
      <value>1</value>
    </Data>
    <Data name='system:index'>
      <value>1515</value>
    </Data>
  </ExtendedData>
  <Point>
    <coordinates>84.07139606288517,27.581827567841586 </coordinates>
  </Point>
</Placemark><Placemark>
  <ExtendedData>
    <Data name='ag'>
      <value>1</value>
    </Data>
    <Data name='system:index'>
      <value>1516</value>
    </Data>
  </ExtendedData>
  <Point>
    <coordinates>86.92507422594765,27.07733370428006 </coordinates>
  </Point>
</Placemark><Placemark>
  <ExtendedData>
    <Data name='ag'>
      <value>1</value>
    </Data>
    <Data name='system:index'>
      <value>1517</value>
    </Data>
  </ExtendedData>
  <Point>
    <coordinates>87.12126628399936,27.194294354272422 </coordinates>
  </Point>
</Placemark><Placemark>
  <ExtendedData>
    <Data name='ag'>
      <value>1</value>
    </Data>
    <Data name='system:index'>
      <value>1518</value>
    </Data>
  </ExtendedData>
  <Point>
    <coordinates>86.22977819603913,26.692764931148496 </coordinates>
  </Point>
</Placemark><Placemark>
  <ExtendedData>
    <Data name='ag'>
      <value>1</value>
    </Data>
    <Data name='system:index'>
      <value>1520</value>
    </Data>
  </ExtendedData>
  <Point>
    <coordinates>81.2516742175624,28.851416558887703 </coordinates>
  </Point>
</Placemark><Placemark>
  <ExtendedData>
    <Data name='ag'>
      <value>1</value>
    </Data>
    <Data name='system:index'>
      <value>1521</value>
    </Data>
  </ExtendedData>
  <Point>
    <coordinates>82.18143053662611,29.51895464651692 </coordinates>
  </Point>
</Placemark><Placemark>
  <ExtendedData>
    <Data name='ag'>
      <value>1</value>
    </Data>
    <Data name='system:index'>
      <value>1522</value>
    </Data>
  </ExtendedData>
  <Point>
    <coordinates>85.86973343016403,27.385905004375118 </coordinates>
  </Point>
</Placemark><Placemark>
  <ExtendedData>
    <Data name='ag'>
      <value>1</value>
    </Data>
    <Data name='system:index'>
      <value>1523</value>
    </Data>
  </ExtendedData>
  <Point>
    <coordinates>85.8762013002097,26.722139840939203 </coordinates>
  </Point>
</Placemark><Placemark>
  <ExtendedData>
    <Data name='ag'>
      <value>1</value>
    </Data>
    <Data name='system:index'>
      <value>1524</value>
    </Data>
  </ExtendedData>
  <Point>
    <coordinates>85.78726808708187,26.92453027445133 </coordinates>
  </Point>
</Placemark><Placemark>
  <ExtendedData>
    <Data name='ag'>
      <value>1</value>
    </Data>
    <Data name='system:index'>
      <value>1525</value>
    </Data>
  </ExtendedData>
  <Point>
    <coordinates>80.29577692373081,28.734186414310106 </coordinates>
  </Point>
</Placemark><Placemark>
  <ExtendedData>
    <Data name='ag'>
      <value>1</value>
    </Data>
    <Data name='system:index'>
      <value>1526</value>
    </Data>
  </ExtendedData>
  <Point>
    <coordinates>82.84142277586872,28.214870348560613 </coordinates>
  </Point>
</Placemark><Placemark>
  <ExtendedData>
    <Data name='ag'>
      <value>1</value>
    </Data>
    <Data name='system:index'>
      <value>1527</value>
    </Data>
  </ExtendedData>
  <Point>
    <coordinates>86.15378072300263,26.87898568954647 </coordinates>
  </Point>
</Placemark><Placemark>
  <ExtendedData>
    <Data name='ag'>
      <value>1</value>
    </Data>
    <Data name='system:index'>
      <value>1528</value>
    </Data>
  </ExtendedData>
  <Point>
    <coordinates>87.3080260315678,26.94339489541784 </coordinates>
  </Point>
</Placemark><Placemark>
  <ExtendedData>
    <Data name='ag'>
      <value>1</value>
    </Data>
    <Data name='system:index'>
      <value>1529</value>
    </Data>
  </ExtendedData>
  <Point>
    <coordinates>81.24008595039726,29.30093352706111 </coordinates>
  </Point>
</Placemark><Placemark>
  <ExtendedData>
    <Data name='ag'>
      <value>1</value>
    </Data>
    <Data name='system:index'>
      <value>1530</value>
    </Data>
  </ExtendedData>
  <Point>
    <coordinates>81.31015454255858,28.89776962754827 </coordinates>
  </Point>
</Placemark><Placemark>
  <ExtendedData>
    <Data name='ag'>
      <value>1</value>
    </Data>
    <Data name='system:index'>
      <value>1531</value>
    </Data>
  </ExtendedData>
  <Point>
    <coordinates>87.58506646519027,27.39156439066507 </coordinates>
  </Point>
</Placemark><Placemark>
  <ExtendedData>
    <Data name='ag'>
      <value>1</value>
    </Data>
    <Data name='system:index'>
      <value>1532</value>
    </Data>
  </ExtendedData>
  <Point>
    <coordinates>88.01464083405622,26.40036330616759 </coordinates>
  </Point>
</Placemark><Placemark>
  <ExtendedData>
    <Data name='ag'>
      <value>1</value>
    </Data>
    <Data name='system:index'>
      <value>1533</value>
    </Data>
  </ExtendedData>
  <Point>
    <coordinates>86.07293234743187,27.1242257621111 </coordinates>
  </Point>
</Placemark><Placemark>
  <ExtendedData>
    <Data name='ag'>
      <value>1</value>
    </Data>
    <Data name='system:index'>
      <value>1534</value>
    </Data>
  </ExtendedData>
  <Point>
    <coordinates>85.98642458557116,27.171387314527376 </coordinates>
  </Point>
</Placemark><Placemark>
  <ExtendedData>
    <Data name='ag'>
      <value>1</value>
    </Data>
    <Data name='system:index'>
      <value>1535</value>
    </Data>
  </ExtendedData>
  <Point>
    <coordinates>87.30964299907922,26.537266555467404 </coordinates>
  </Point>
</Placemark><Placemark>
  <ExtendedData>
    <Data name='ag'>
      <value>1</value>
    </Data>
    <Data name='system:index'>
      <value>1536</value>
    </Data>
  </ExtendedData>
  <Point>
    <coordinates>85.77406285240531,26.84718532848864 </coordinates>
  </Point>
</Placemark><Placemark>
  <ExtendedData>
    <Data name='ag'>
      <value>1</value>
    </Data>
    <Data name='system:index'>
      <value>1537</value>
    </Data>
  </ExtendedData>
  <Point>
    <coordinates>81.87366772028676,29.19124923087012 </coordinates>
  </Point>
</Placemark><Placemark>
  <ExtendedData>
    <Data name='ag'>
      <value>1</value>
    </Data>
    <Data name='system:index'>
      <value>1538</value>
    </Data>
  </ExtendedData>
  <Point>
    <coordinates>80.93313161781361,29.45185049479319 </coordinates>
  </Point>
</Placemark><Placemark>
  <ExtendedData>
    <Data name='ag'>
      <value>1</value>
    </Data>
    <Data name='system:index'>
      <value>1539</value>
    </Data>
  </ExtendedData>
  <Point>
    <coordinates>86.8517716987635,26.559365111456746 </coordinates>
  </Point>
</Placemark><Placemark>
  <ExtendedData>
    <Data name='ag'>
      <value>1</value>
    </Data>
    <Data name='system:index'>
      <value>1540</value>
    </Data>
  </ExtendedData>
  <Point>
    <coordinates>85.794274946298,26.9498627654635 </coordinates>
  </Point>
</Placemark><Placemark>
  <ExtendedData>
    <Data name='ag'>
      <value>1</value>
    </Data>
    <Data name='system:index'>
      <value>1541</value>
    </Data>
  </ExtendedData>
  <Point>
    <coordinates>82.47625761287414,28.143184788887872 </coordinates>
  </Point>
</Placemark><Placemark>
  <ExtendedData>
    <Data name='ag'>
      <value>1</value>
    </Data>
    <Data name='system:index'>
      <value>1542</value>
    </Data>
  </ExtendedData>
  <Point>
    <coordinates>82.8608263860057,27.61389742348465 </coordinates>
  </Point>
</Placemark><Placemark>
  <ExtendedData>
    <Data name='ag'>
      <value>1</value>
    </Data>
    <Data name='system:index'>
      <value>1543</value>
    </Data>
  </ExtendedData>
  <Point>
    <coordinates>81.09887078773367,28.629353020653358 </coordinates>
  </Point>
</Placemark><Placemark>
  <ExtendedData>
    <Data name='ag'>
      <value>1</value>
    </Data>
    <Data name='system:index'>
      <value>1544</value>
    </Data>
  </ExtendedData>
  <Point>
    <coordinates>80.06347259125751,28.89264923042879 </coordinates>
  </Point>
</Placemark><Placemark>
  <ExtendedData>
    <Data name='ag'>
      <value>1</value>
    </Data>
    <Data name='system:index'>
      <value>1545</value>
    </Data>
  </ExtendedData>
  <Point>
    <coordinates>86.45615364763727,26.621887855231464 </coordinates>
  </Point>
</Placemark><Placemark>
  <ExtendedData>
    <Data name='ag'>
      <value>1</value>
    </Data>
    <Data name='system:index'>
      <value>1546</value>
    </Data>
  </ExtendedData>
  <Point>
    <coordinates>82.34043234191526,27.886356449158104 </coordinates>
  </Point>
</Placemark><Placemark>
  <ExtendedData>
    <Data name='ag'>
      <value>1</value>
    </Data>
    <Data name='system:index'>
      <value>1547</value>
    </Data>
  </ExtendedData>
  <Point>
    <coordinates>81.51173649231501,28.138064391768392 </coordinates>
  </Point>
</Placemark><Placemark>
  <ExtendedData>
    <Data name='ag'>
      <value>1</value>
    </Data>
    <Data name='system:index'>
      <value>1549</value>
    </Data>
  </ExtendedData>
  <Point>
    <coordinates>87.39076086923521,27.06897937213775 </coordinates>
  </Point>
</Placemark><Placemark>
  <ExtendedData>
    <Data name='ag'>
      <value>1</value>
    </Data>
    <Data name='system:index'>
      <value>1550</value>
    </Data>
  </ExtendedData>
  <Point>
    <coordinates>86.63213361179628,26.60194525592401 </coordinates>
  </Point>
</Placemark><Placemark>
  <ExtendedData>
    <Data name='ag'>
      <value>1</value>
    </Data>
    <Data name='system:index'>
      <value>1551</value>
    </Data>
  </ExtendedData>
  <Point>
    <coordinates>87.52200473224508,26.534032620444574 </coordinates>
  </Point>
</Placemark><Placemark>
  <ExtendedData>
    <Data name='ag'>
      <value>1</value>
    </Data>
    <Data name='system:index'>
      <value>1552</value>
    </Data>
  </ExtendedData>
  <Point>
    <coordinates>81.95721104170987,29.552371975086167 </coordinates>
  </Point>
</Placemark><Placemark>
  <ExtendedData>
    <Data name='ag'>
      <value>1</value>
    </Data>
    <Data name='system:index'>
      <value>1553</value>
    </Data>
  </ExtendedData>
  <Point>
    <coordinates>87.22825563433798,26.541847963416416 </coordinates>
  </Point>
</Placemark><Placemark>
  <ExtendedData>
    <Data name='ag'>
      <value>1</value>
    </Data>
    <Data name='system:index'>
      <value>1554</value>
    </Data>
  </ExtendedData>
  <Point>
    <coordinates>84.28025436644296,28.02622413889551 </coordinates>
  </Point>
</Placemark><Placemark>
  <ExtendedData>
    <Data name='ag'>
      <value>1</value>
    </Data>
    <Data name='system:index'>
      <value>1555</value>
    </Data>
  </ExtendedData>
  <Point>
    <coordinates>85.33775111890846,28.19088533047462 </coordinates>
  </Point>
</Placemark><Placemark>
  <ExtendedData>
    <Data name='ag'>
      <value>1</value>
    </Data>
    <Data name='system:index'>
      <value>1556</value>
    </Data>
  </ExtendedData>
  <Point>
    <coordinates>81.29102042700684,28.471429193705145 </coordinates>
  </Point>
</Placemark><Placemark>
  <ExtendedData>
    <Data name='ag'>
      <value>1</value>
    </Data>
    <Data name='system:index'>
      <value>1557</value>
    </Data>
  </ExtendedData>
  <Point>
    <coordinates>83.14433468967383,27.51121998650979 </coordinates>
  </Point>
</Placemark><Placemark>
  <ExtendedData>
    <Data name='ag'>
      <value>1</value>
    </Data>
    <Data name='system:index'>
      <value>1558</value>
    </Data>
  </ExtendedData>
  <Point>
    <coordinates>83.38849678389751,27.683966015645975 </coordinates>
  </Point>
</Placemark><Placemark>
  <ExtendedData>
    <Data name='ag'>
      <value>1</value>
    </Data>
    <Data name='system:index'>
      <value>1559</value>
    </Data>
  </ExtendedData>
  <Point>
    <coordinates>86.3963258497149,27.53331854249913 </coordinates>
  </Point>
</Placemark><Placemark>
  <ExtendedData>
    <Data name='ag'>
      <value>1</value>
    </Data>
    <Data name='system:index'>
      <value>1560</value>
    </Data>
  </ExtendedData>
  <Point>
    <coordinates>83.22302710856269,28.195736233008866 </coordinates>
  </Point>
</Placemark><Placemark>
  <ExtendedData>
    <Data name='ag'>
      <value>1</value>
    </Data>
    <Data name='system:index'>
      <value>1561</value>
    </Data>
  </ExtendedData>
  <Point>
    <coordinates>80.91777042645518,29.477991469561072 </coordinates>
  </Point>
</Placemark><Placemark>
  <ExtendedData>
    <Data name='ag'>
      <value>1</value>
    </Data>
    <Data name='system:index'>
      <value>1562</value>
    </Data>
  </ExtendedData>
  <Point>
    <coordinates>80.37285237510827,28.921485151049026 </coordinates>
  </Point>
</Placemark><Placemark>
  <ExtendedData>
    <Data name='ag'>
      <value>1</value>
    </Data>
    <Data name='system:index'>
      <value>1563</value>
    </Data>
  </ExtendedData>
  <Point>
    <coordinates>87.44304281877096,26.721331357183495 </coordinates>
  </Point>
</Placemark><Placemark>
  <ExtendedData>
    <Data name='ag'>
      <value>1</value>
    </Data>
    <Data name='system:index'>
      <value>1564</value>
    </Data>
  </ExtendedData>
  <Point>
    <coordinates>81.48559551754713,28.25529453634599 </coordinates>
  </Point>
</Placemark><Placemark>
  <ExtendedData>
    <Data name='ag'>
      <value>1</value>
    </Data>
    <Data name='system:index'>
      <value>1565</value>
    </Data>
  </ExtendedData>
  <Point>
    <coordinates>83.15430598932755,28.029188579333105 </coordinates>
  </Point>
</Placemark><Placemark>
  <ExtendedData>
    <Data name='ag'>
      <value>1</value>
    </Data>
    <Data name='system:index'>
      <value>1566</value>
    </Data>
  </ExtendedData>
  <Point>
    <coordinates>81.91031898387884,28.53637738874699 </coordinates>
  </Point>
</Placemark><Placemark>
  <ExtendedData>
    <Data name='ag'>
      <value>1</value>
    </Data>
    <Data name='system:index'>
      <value>1567</value>
    </Data>
  </ExtendedData>
  <Point>
    <coordinates>84.86532711099,27.171387314527376 </coordinates>
  </Point>
</Placemark><Placemark>
  <ExtendedData>
    <Data name='ag'>
      <value>1</value>
    </Data>
    <Data name='system:index'>
      <value>1568</value>
    </Data>
  </ExtendedData>
  <Point>
    <coordinates>81.79066338803412,29.584441830729233 </coordinates>
  </Point>
</Placemark><Placemark>
  <ExtendedData>
    <Data name='ag'>
      <value>1</value>
    </Data>
    <Data name='system:index'>
      <value>1569</value>
    </Data>
  </ExtendedData>
  <Point>
    <coordinates>86.8727922764119,26.785201573884393 </coordinates>
  </Point>
</Placemark><Placemark>
  <ExtendedData>
    <Data name='ag'>
      <value>1</value>
    </Data>
    <Data name='system:index'>
      <value>1570</value>
    </Data>
  </ExtendedData>
  <Point>
    <coordinates>81.32497674474655,28.1388728755241 </coordinates>
  </Point>
</Placemark><Placemark>
  <ExtendedData>
    <Data name='ag'>
      <value>1</value>
    </Data>
    <Data name='system:index'>
      <value>1571</value>
    </Data>
  </ExtendedData>
  <Point>
    <coordinates>87.53062855897262,26.546968360535896 </coordinates>
  </Point>
</Placemark><Placemark>
  <ExtendedData>
    <Data name='ag'>
      <value>1</value>
    </Data>
    <Data name='system:index'>
      <value>1572</value>
    </Data>
  </ExtendedData>
  <Point>
    <coordinates>80.83880851298107,29.577434971513103 </coordinates>
  </Point>
</Placemark><Placemark>
  <ExtendedData>
    <Data name='ag'>
      <value>1</value>
    </Data>
    <Data name='system:index'>
      <value>1573</value>
    </Data>
  </ExtendedData>
  <Point>
    <coordinates>83.78519281336469,28.409984428271372 </coordinates>
  </Point>
</Placemark><Placemark>
  <ExtendedData>
    <Data name='ag'>
      <value>1</value>
    </Data>
    <Data name='system:index'>
      <value>1574</value>
    </Data>
  </ExtendedData>
  <Point>
    <coordinates>83.58980923906869,27.641116376593473 </coordinates>
  </Point>
</Placemark><Placemark>
  <ExtendedData>
    <Data name='ag'>
      <value>1</value>
    </Data>
    <Data name='system:index'>
      <value>1575</value>
    </Data>
  </ExtendedData>
  <Point>
    <coordinates>87.80281809006084,26.9498627654635 </coordinates>
  </Point>
</Placemark><Placemark>
  <ExtendedData>
    <Data name='ag'>
      <value>1</value>
    </Data>
    <Data name='system:index'>
      <value>1576</value>
    </Data>
  </ExtendedData>
  <Point>
    <coordinates>86.30442819614947,27.07275229633105 </coordinates>
  </Point>
</Placemark><Placemark>
  <ExtendedData>
    <Data name='ag'>
      <value>1</value>
    </Data>
    <Data name='system:index'>
      <value>1577</value>
    </Data>
  </ExtendedData>
  <Point>
    <coordinates>81.5831525574025,28.148305186007356 </coordinates>
  </Point>
</Placemark><Placemark>
  <ExtendedData>
    <Data name='ag'>
      <value>1</value>
    </Data>
    <Data name='system:index'>
      <value>1578</value>
    </Data>
  </ExtendedData>
  <Point>
    <coordinates>86.96361195163638,26.82293081581741 </coordinates>
  </Point>
</Placemark><Placemark>
  <ExtendedData>
    <Data name='ag'>
      <value>1</value>
    </Data>
    <Data name='system:index'>
      <value>1579</value>
    </Data>
  </ExtendedData>
  <Point>
    <coordinates>84.83972512539259,27.055504642875956 </coordinates>
  </Point>
</Placemark><Placemark>
  <ExtendedData>
    <Data name='ag'>
      <value>1</value>
    </Data>
    <Data name='system:index'>
      <value>1581</value>
    </Data>
  </ExtendedData>
  <Point>
    <coordinates>86.37826971250409,26.99998875831737 </coordinates>
  </Point>
</Placemark><Placemark>
  <ExtendedData>
    <Data name='ag'>
      <value>1</value>
    </Data>
    <Data name='system:index'>
      <value>1582</value>
    </Data>
  </ExtendedData>
  <Point>
    <coordinates>82.03994587937729,29.610852300082346 </coordinates>
  </Point>
</Placemark><Placemark>
  <ExtendedData>
    <Data name='ag'>
      <value>1</value>
    </Data>
    <Data name='system:index'>
      <value>1583</value>
    </Data>
  </ExtendedData>
  <Point>
    <coordinates>81.69337584276397,28.512661865246233 </coordinates>
  </Point>
</Placemark><Placemark>
  <ExtendedData>
    <Data name='ag'>
      <value>1</value>
    </Data>
    <Data name='system:index'>
      <value>1584</value>
    </Data>
  </ExtendedData>
  <Point>
    <coordinates>85.21432259887044,27.8683003119473 </coordinates>
  </Point>
</Placemark><Placemark>
  <ExtendedData>
    <Data name='ag'>
      <value>1</value>
    </Data>
    <Data name='system:index'>
      <value>1585</value>
    </Data>
  </ExtendedData>
  <Point>
    <coordinates>84.34628053982574,28.276854103164858 </coordinates>
  </Point>
</Placemark><Placemark>
  <ExtendedData>
    <Data name='ag'>
      <value>1</value>
    </Data>
    <Data name='system:index'>
      <value>1586</value>
    </Data>
  </ExtendedData>
  <Point>
    <coordinates>87.38564047211572,26.622696338987172 </coordinates>
  </Point>
</Placemark><Placemark>
  <ExtendedData>
    <Data name='ag'>
      <value>1</value>
    </Data>
    <Data name='system:index'>
      <value>1587</value>
    </Data>
  </ExtendedData>
  <Point>
    <coordinates>85.0623276527974,27.718191827970927 </coordinates>
  </Point>
</Placemark><Placemark>
  <ExtendedData>
    <Data name='ag'>
      <value>1</value>
    </Data>
    <Data name='system:index'>
      <value>1588</value>
    </Data>
  </ExtendedData>
  <Point>
    <coordinates>83.4208361341258,27.633840022792103 </coordinates>
  </Point>
</Placemark><Placemark>
  <ExtendedData>
    <Data name='ag'>
      <value>1</value>
    </Data>
    <Data name='system:index'>
      <value>1589</value>
    </Data>
  </ExtendedData>
  <Point>
    <coordinates>87.11398993019799,27.348984246197805 </coordinates>
  </Point>
</Placemark><Placemark>
  <ExtendedData>
    <Data name='ag'>
      <value>1</value>
    </Data>
    <Data name='system:index'>
      <value>1590</value>
    </Data>
  </ExtendedData>
  <Point>
    <coordinates>85.92902223891592,27.449236231905545 </coordinates>
  </Point>
</Placemark><Placemark>
  <ExtendedData>
    <Data name='ag'>
      <value>1</value>
    </Data>
    <Data name='system:index'>
      <value>1591</value>
    </Data>
  </ExtendedData>
  <Point>
    <coordinates>86.29499588566622,26.75798262077557 </coordinates>
  </Point>
</Placemark><Placemark>
  <ExtendedData>
    <Data name='ag'>
      <value>1</value>
    </Data>
    <Data name='system:index'>
      <value>1592</value>
    </Data>
  </ExtendedData>
  <Point>
    <coordinates>83.04812512274462,28.188729373792732 </coordinates>
  </Point>
</Placemark><Placemark>
  <ExtendedData>
    <Data name='ag'>
      <value>1</value>
    </Data>
    <Data name='system:index'>
      <value>1593</value>
    </Data>
  </ExtendedData>
  <Point>
    <coordinates>82.02027277465507,28.613991829294914 </coordinates>
  </Point>
</Placemark><Placemark>
  <ExtendedData>
    <Data name='ag'>
      <value>1</value>
    </Data>
    <Data name='system:index'>
      <value>1594</value>
    </Data>
  </ExtendedData>
  <Point>
    <coordinates>87.87800707934164,26.681715653153823 </coordinates>
  </Point>
</Placemark><Placemark>
  <ExtendedData>
    <Data name='ag'>
      <value>1</value>
    </Data>
    <Data name='system:index'>
      <value>1595</value>
    </Data>
  </ExtendedData>
  <Point>
    <coordinates>85.86596050597073,27.429563127183325 </coordinates>
  </Point>
</Placemark><Placemark>
  <ExtendedData>
    <Data name='ag'>
      <value>1</value>
    </Data>
    <Data name='system:index'>
      <value>1596</value>
    </Data>
  </ExtendedData>
  <Point>
    <coordinates>87.14956321544912,27.48454002257144 </coordinates>
  </Point>
</Placemark><Placemark>
  <ExtendedData>
    <Data name='ag'>
      <value>1</value>
    </Data>
    <Data name='system:index'>
      <value>1597</value>
    </Data>
  </ExtendedData>
  <Point>
    <coordinates>81.83674696210944,28.403786052810947 </coordinates>
  </Point>
</Placemark><Placemark>
  <ExtendedData>
    <Data name='ag'>
      <value>1</value>
    </Data>
    <Data name='system:index'>
      <value>1598</value>
    </Data>
  </ExtendedData>
  <Point>
    <coordinates>85.11676555901505,27.37862865057375 </coordinates>
  </Point>
</Placemark><Placemark>
  <ExtendedData>
    <Data name='ag'>
      <value>1</value>
    </Data>
    <Data name='system:index'>
      <value>1599</value>
    </Data>
  </ExtendedData>
  <Point>
    <coordinates>83.66095580957096,27.549218723028044 </coordinates>
  </Point>
</Placemark><Placemark>
  <ExtendedData>
    <Data name='ag'>
      <value>1</value>
    </Data>
    <Data name='system:index'>
      <value>1600</value>
    </Data>
  </ExtendedData>
  <Point>
    <coordinates>87.58479697060503,26.542386952586885 </coordinates>
  </Point>
</Placemark><Placemark>
  <ExtendedData>
    <Data name='ag'>
      <value>1</value>
    </Data>
    <Data name='system:index'>
      <value>1601</value>
    </Data>
  </ExtendedData>
  <Point>
    <coordinates>85.81825996438398,27.309099047582897 </coordinates>
  </Point>
</Placemark><Placemark>
  <ExtendedData>
    <Data name='ag'>
      <value>1</value>
    </Data>
    <Data name='system:index'>
      <value>1602</value>
    </Data>
  </ExtendedData>
  <Point>
    <coordinates>83.38310689219279,27.67049128638418 </coordinates>
  </Point>
</Placemark><Placemark>
  <ExtendedData>
    <Data name='ag'>
      <value>1</value>
    </Data>
    <Data name='system:index'>
      <value>1603</value>
    </Data>
  </ExtendedData>
  <Point>
    <coordinates>81.88121356867336,29.348903563233094 </coordinates>
  </Point>
</Placemark><Placemark>
  <ExtendedData>
    <Data name='ag'>
      <value>1</value>
    </Data>
    <Data name='system:index'>
      <value>1604</value>
    </Data>
  </ExtendedData>
  <Point>
    <coordinates>85.12943180452113,27.046341826977937 </coordinates>
  </Point>
</Placemark><Placemark>
  <ExtendedData>
    <Data name='ag'>
      <value>1</value>
    </Data>
    <Data name='system:index'>
      <value>1605</value>
    </Data>
  </ExtendedData>
  <Point>
    <coordinates>82.74548270352476,28.155312045223486 </coordinates>
  </Point>
</Placemark><Placemark>
  <ExtendedData>
    <Data name='ag'>
      <value>1</value>
    </Data>
    <Data name='system:index'>
      <value>1606</value>
    </Data>
  </ExtendedData>
  <Point>
    <coordinates>81.72948811718557,29.369385151711022 </coordinates>
  </Point>
</Placemark><Placemark>
  <ExtendedData>
    <Data name='ag'>
      <value>1</value>
    </Data>
    <Data name='system:index'>
      <value>1607</value>
    </Data>
  </ExtendedData>
  <Point>
    <coordinates>83.00554497827736,27.461902477411627 </coordinates>
  </Point>
</Placemark><Placemark>
  <ExtendedData>
    <Data name='ag'>
      <value>1</value>
    </Data>
    <Data name='system:index'>
      <value>1608</value>
    </Data>
  </ExtendedData>
  <Point>
    <coordinates>86.075357798699,27.672377748480834 </coordinates>
  </Point>
</Placemark><Placemark>
  <ExtendedData>
    <Data name='ag'>
      <value>1</value>
    </Data>
    <Data name='system:index'>
      <value>1609</value>
    </Data>
  </ExtendedData>
  <Point>
    <coordinates>83.50006754218515,27.57616818155163 </coordinates>
  </Point>
</Placemark><Placemark>
  <ExtendedData>
    <Data name='ag'>
      <value>1</value>
    </Data>
    <Data name='system:index'>
      <value>1611</value>
    </Data>
  </ExtendedData>
  <Point>
    <coordinates>82.03159154723497,28.855997966836714 </coordinates>
  </Point>
</Placemark><Placemark>
  <ExtendedData>
    <Data name='ag'>
      <value>1</value>
    </Data>
    <Data name='system:index'>
      <value>1612</value>
    </Data>
  </ExtendedData>
  <Point>
    <coordinates>86.07401032577282,27.847549228884137 </coordinates>
  </Point>
</Placemark><Placemark>
  <ExtendedData>
    <Data name='ag'>
      <value>1</value>
    </Data>
    <Data name='system:index'>
      <value>1613</value>
    </Data>
  </ExtendedData>
  <Point>
    <coordinates>86.22573577726061,26.77819471466826 </coordinates>
  </Point>
</Placemark><Placemark>
  <ExtendedData>
    <Data name='ag'>
      <value>1</value>
    </Data>
    <Data name='system:index'>
      <value>1614</value>
    </Data>
  </ExtendedData>
  <Point>
    <coordinates>87.35707404608073,27.001605725828785 </coordinates>
  </Point>
</Placemark><Placemark>
  <ExtendedData>
    <Data name='ag'>
      <value>1</value>
    </Data>
    <Data name='system:index'>
      <value>1615</value>
    </Data>
  </ExtendedData>
  <Point>
    <coordinates>81.93592096947624,28.6980741398885 </coordinates>
  </Point>
</Placemark><Placemark>
  <ExtendedData>
    <Data name='ag'>
      <value>1</value>
    </Data>
    <Data name='system:index'>
      <value>1616</value>
    </Data>
  </ExtendedData>
  <Point>
    <coordinates>87.15414462339812,26.527025761228444 </coordinates>
  </Point>
</Placemark><Placemark>
  <ExtendedData>
    <Data name='ag'>
      <value>1</value>
    </Data>
    <Data name='system:index'>
      <value>1620</value>
    </Data>
  </ExtendedData>
  <Point>
    <coordinates>85.851407798368,26.7897829818334 </coordinates>
  </Point>
</Placemark><Placemark>
  <ExtendedData>
    <Data name='ag'>
      <value>1</value>
    </Data>
    <Data name='system:index'>
      <value>1621</value>
    </Data>
  </ExtendedData>
  <Point>
    <coordinates>82.01596086129129,28.860579374785722 </coordinates>
  </Point>
</Placemark><Placemark>
  <ExtendedData>
    <Data name='ag'>
      <value>1</value>
    </Data>
    <Data name='system:index'>
      <value>1622</value>
    </Data>
  </ExtendedData>
  <Point>
    <coordinates>87.1118339735161,26.698154822853212 </coordinates>
  </Point>
</Placemark><Placemark>
  <ExtendedData>
    <Data name='ag'>
      <value>1</value>
    </Data>
    <Data name='system:index'>
      <value>1623</value>
    </Data>
  </ExtendedData>
  <Point>
    <coordinates>84.74459353680433,27.023704281818127 </coordinates>
  </Point>
</Placemark><Placemark>
  <ExtendedData>
    <Data name='ag'>
      <value>1</value>
    </Data>
    <Data name='system:index'>
      <value>1624</value>
    </Data>
  </ExtendedData>
  <Point>
    <coordinates>84.45380887933484,27.68881691818022 </coordinates>
  </Point>
</Placemark><Placemark>
  <ExtendedData>
    <Data name='ag'>
      <value>1</value>
    </Data>
    <Data name='system:index'>
      <value>1626</value>
    </Data>
  </ExtendedData>
  <Point>
    <coordinates>81.25302169048858,29.2993165595497 </coordinates>
  </Point>
</Placemark><Placemark>
  <ExtendedData>
    <Data name='ag'>
      <value>1</value>
    </Data>
    <Data name='system:index'>
      <value>1627</value>
    </Data>
  </ExtendedData>
  <Point>
    <coordinates>85.29894389863449,26.90377919138817 </coordinates>
  </Point>
</Placemark><Placemark>
  <ExtendedData>
    <Data name='ag'>
      <value>1</value>
    </Data>
    <Data name='system:index'>
      <value>1628</value>
    </Data>
  </ExtendedData>
  <Point>
    <coordinates>81.46241898321684,28.15639002356443 </coordinates>
  </Point>
</Placemark><Placemark>
  <ExtendedData>
    <Data name='ag'>
      <value>1</value>
    </Data>
    <Data name='system:index'>
      <value>1629</value>
    </Data>
  </ExtendedData>
  <Point>
    <coordinates>86.70489714980995,26.795981357293826 </coordinates>
  </Point>
</Placemark><Placemark>
  <ExtendedData>
    <Data name='ag'>
      <value>1</value>
    </Data>
    <Data name='system:index'>
      <value>1630</value>
    </Data>
  </ExtendedData>
  <Point>
    <coordinates>86.39686483888538,27.125303740452043 </coordinates>
  </Point>
</Placemark><Placemark>
  <ExtendedData>
    <Data name='ag'>
      <value>1</value>
    </Data>
    <Data name='system:index'>
      <value>1631</value>
    </Data>
  </ExtendedData>
  <Point>
    <coordinates>80.90348721343767,28.63258695567619 </coordinates>
  </Point>
</Placemark><Placemark>
  <ExtendedData>
    <Data name='ag'>
      <value>1</value>
    </Data>
    <Data name='system:index'>
      <value>1632</value>
    </Data>
  </ExtendedData>
  <Point>
    <coordinates>84.24441158660659,27.674264210577483 </coordinates>
  </Point>
</Placemark><Placemark>
  <ExtendedData>
    <Data name='ag'>
      <value>1</value>
    </Data>
    <Data name='system:index'>
      <value>1633</value>
    </Data>
  </ExtendedData>
  <Point>
    <coordinates>83.93018090022157,27.703369625782955 </coordinates>
  </Point>
</Placemark><Placemark>
  <ExtendedData>
    <Data name='ag'>
      <value>1</value>
    </Data>
    <Data name='system:index'>
      <value>1634</value>
    </Data>
  </ExtendedData>
  <Point>
    <coordinates>82.8772655557051,28.109497965733393 </coordinates>
  </Point>
</Placemark><Placemark>
  <ExtendedData>
    <Data name='ag'>
      <value>1</value>
    </Data>
    <Data name='system:index'>
      <value>1635</value>
    </Data>
  </ExtendedData>
  <Point>
    <coordinates>81.0870130259833,28.432621973431182 </coordinates>
  </Point>
</Placemark><Placemark>
  <ExtendedData>
    <Data name='ag'>
      <value>1</value>
    </Data>
    <Data name='system:index'>
      <value>1636</value>
    </Data>
  </ExtendedData>
  <Point>
    <coordinates>82.21107494100205,28.039968362742542 </coordinates>
  </Point>
</Placemark><Placemark>
  <ExtendedData>
    <Data name='ag'>
      <value>1</value>
    </Data>
    <Data name='system:index'>
      <value>1637</value>
    </Data>
  </ExtendedData>
  <Point>
    <coordinates>88.0731211590524,26.527025761228444 </coordinates>
  </Point>
</Placemark><Placemark>
  <ExtendedData>
    <Data name='ag'>
      <value>1</value>
    </Data>
    <Data name='system:index'>
      <value>1638</value>
    </Data>
  </ExtendedData>
  <Point>
    <coordinates>80.45073631024144,28.669507713853502 </coordinates>
  </Point>
</Placemark><Placemark>
  <ExtendedData>
    <Data name='ag'>
      <value>1</value>
    </Data>
    <Data name='system:index'>
      <value>1639</value>
    </Data>
  </ExtendedData>
  <Point>
    <coordinates>82.72446212587636,29.053537497814595 </coordinates>
  </Point>
</Placemark><Placemark>
  <ExtendedData>
    <Data name='ag'>
      <value>1</value>
    </Data>
    <Data name='system:index'>
      <value>1640</value>
    </Data>
  </ExtendedData>
  <Point>
    <coordinates>86.10661917058636,26.66312052677255 </coordinates>
  </Point>
</Placemark><Placemark>
  <ExtendedData>
    <Data name='ag'>
      <value>1</value>
    </Data>
    <Data name='system:index'>
      <value>1641</value>
    </Data>
  </ExtendedData>
  <Point>
    <coordinates>82.35282909283612,28.793475223061996 </coordinates>
  </Point>
</Placemark><Placemark>
  <ExtendedData>
    <Data name='ag'>
      <value>1</value>
    </Data>
    <Data name='system:index'>
      <value>1642</value>
    </Data>
  </ExtendedData>
  <Point>
    <coordinates>80.88920400042018,29.466403202395927 </coordinates>
  </Point>
</Placemark><Placemark>
  <ExtendedData>
    <Data name='ag'>
      <value>1</value>
    </Data>
    <Data name='system:index'>
      <value>1643</value>
    </Data>
  </ExtendedData>
  <Point>
    <coordinates>81.7003827019801,29.47664399663489 </coordinates>
  </Point>
</Placemark><Placemark>
  <ExtendedData>
    <Data name='ag'>
      <value>1</value>
    </Data>
    <Data name='system:index'>
      <value>1644</value>
    </Data>
  </ExtendedData>
  <Point>
    <coordinates>81.13147963254721,28.38276547516255 </coordinates>
  </Point>
</Placemark><Placemark>
  <ExtendedData>
    <Data name='ag'>
      <value>1</value>
    </Data>
    <Data name='system:index'>
      <value>1645</value>
    </Data>
  </ExtendedData>
  <Point>
    <coordinates>81.8671998502411,29.880077390732968 </coordinates>
  </Point>
</Placemark><Placemark>
  <ExtendedData>
    <Data name='ag'>
      <value>1</value>
    </Data>
    <Data name='system:index'>
      <value>1646</value>
    </Data>
  </ExtendedData>
  <Point>
    <coordinates>84.19078216414465,27.831110059184752 </coordinates>
  </Point>
</Placemark><Placemark>
  <ExtendedData>
    <Data name='ag'>
      <value>1</value>
    </Data>
    <Data name='system:index'>
      <value>1647</value>
    </Data>
  </ExtendedData>
  <Point>
    <coordinates>82.98075147643566,27.60230915631951 </coordinates>
  </Point>
</Placemark><Placemark>
  <ExtendedData>
    <Data name='ag'>
      <value>1</value>
    </Data>
    <Data name='system:index'>
      <value>1648</value>
    </Data>
  </ExtendedData>
  <Point>
    <coordinates>83.06159985200641,27.862101936486876 </coordinates>
  </Point>
</Placemark><Placemark>
  <ExtendedData>
    <Data name='ag'>
      <value>1</value>
    </Data>
    <Data name='system:index'>
      <value>1649</value>
    </Data>
  </ExtendedData>
  <Point>
    <coordinates>80.60327024548494,28.82824002455742 </coordinates>
  </Point>
</Placemark><Placemark>
  <ExtendedData>
    <Data name='ag'>
      <value>1</value>
    </Data>
    <Data name='system:index'>
      <value>1650</value>
    </Data>
  </ExtendedData>
  <Point>
    <coordinates>86.33110816008782,27.510950491924554 </coordinates>
  </Point>
</Placemark><Placemark>
  <ExtendedData>
    <Data name='ag'>
      <value>1</value>
    </Data>
    <Data name='system:index'>
      <value>1651</value>
    </Data>
  </ExtendedData>
  <Point>
    <coordinates>83.0629473249326,28.20193460846929 </coordinates>
  </Point>
</Placemark><Placemark>
  <ExtendedData>
    <Data name='ag'>
      <value>1</value>
    </Data>
    <Data name='system:index'>
      <value>1652</value>
    </Data>
  </ExtendedData>
  <Point>
    <coordinates>83.17748252365783,27.7119934525105 </coordinates>
  </Point>
</Placemark><Placemark>
  <ExtendedData>
    <Data name='ag'>
      <value>1</value>
    </Data>
    <Data name='system:index'>
      <value>1653</value>
    </Data>
  </ExtendedData>
  <Point>
    <coordinates>84.8548168221658,27.122069805429213 </coordinates>
  </Point>
</Placemark><Placemark>
  <ExtendedData>
    <Data name='ag'>
      <value>1</value>
    </Data>
    <Data name='system:index'>
      <value>1654</value>
    </Data>
  </ExtendedData>
  <Point>
    <coordinates>80.67549479432815,28.706967461201284 </coordinates>
  </Point>
</Placemark><Placemark>
  <ExtendedData>
    <Data name='ag'>
      <value>1</value>
    </Data>
    <Data name='system:index'>
      <value>1655</value>
    </Data>
  </ExtendedData>
  <Point>
    <coordinates>82.36145291956366,28.05101764073721 </coordinates>
  </Point>
</Placemark><Placemark>
  <ExtendedData>
    <Data name='ag'>
      <value>1</value>
    </Data>
    <Data name='system:index'>
      <value>1656</value>
    </Data>
  </ExtendedData>
  <Point>
    <coordinates>85.28196573976463,27.08326258515525 </coordinates>
  </Point>
</Placemark><Placemark>
  <ExtendedData>
    <Data name='ag'>
      <value>1</value>
    </Data>
    <Data name='system:index'>
      <value>1657</value>
    </Data>
  </ExtendedData>
  <Point>
    <coordinates>86.16806393602013,26.816732440356986 </coordinates>
  </Point>
</Placemark><Placemark>
  <ExtendedData>
    <Data name='ag'>
      <value>1</value>
    </Data>
    <Data name='system:index'>
      <value>1658</value>
    </Data>
  </ExtendedData>
  <Point>
    <coordinates>84.36379768786607,28.136986413427447 </coordinates>
  </Point>
</Placemark><Placemark>
  <ExtendedData>
    <Data name='ag'>
      <value>1</value>
    </Data>
    <Data name='system:index'>
      <value>1659</value>
    </Data>
  </ExtendedData>
  <Point>
    <coordinates>83.2208711518808,28.411062406612317 </coordinates>
  </Point>
</Placemark><Placemark>
  <ExtendedData>
    <Data name='ag'>
      <value>1</value>
    </Data>
    <Data name='system:index'>
      <value>1660</value>
    </Data>
  </ExtendedData>
  <Point>
    <coordinates>81.12501176250154,28.430735511334532 </coordinates>
  </Point>
</Placemark><Placemark>
  <ExtendedData>
    <Data name='ag'>
      <value>1</value>
    </Data>
    <Data name='system:index'>
      <value>1661</value>
    </Data>
  </ExtendedData>
  <Point>
    <coordinates>84.78124480039641,27.17219579828308 </coordinates>
  </Point>
</Placemark><Placemark>
  <ExtendedData>
    <Data name='ag'>
      <value>1</value>
    </Data>
    <Data name='system:index'>
      <value>1662</value>
    </Data>
  </ExtendedData>
  <Point>
    <coordinates>83.23677133240972,27.570508795261677 </coordinates>
  </Point>
</Placemark><Placemark>
  <ExtendedData>
    <Data name='ag'>
      <value>1</value>
    </Data>
    <Data name='system:index'>
      <value>1663</value>
    </Data>
  </ExtendedData>
  <Point>
    <coordinates>85.30109985531638,27.774516196285223 </coordinates>
  </Point>
</Placemark><Placemark>
  <ExtendedData>
    <Data name='ag'>
      <value>1</value>
    </Data>
    <Data name='system:index'>
      <value>1664</value>
    </Data>
  </ExtendedData>
  <Point>
    <coordinates>85.37278541498912,27.00915157421539 </coordinates>
  </Point>
</Placemark><Placemark>
  <ExtendedData>
    <Data name='ag'>
      <value>1</value>
    </Data>
    <Data name='system:index'>
      <value>1665</value>
    </Data>
  </ExtendedData>
  <Point>
    <coordinates>85.62503234676988,27.819252297434375 </coordinates>
  </Point>
</Placemark><Placemark>
  <ExtendedData>
    <Data name='ag'>
      <value>1</value>
    </Data>
    <Data name='system:index'>
      <value>1666</value>
    </Data>
  </ExtendedData>
  <Point>
    <coordinates>87.89956664616051,26.61892341479387 </coordinates>
  </Point>
</Placemark><Placemark>
  <ExtendedData>
    <Data name='ag'>
      <value>1</value>
    </Data>
    <Data name='system:index'>
      <value>1667</value>
    </Data>
  </ExtendedData>
  <Point>
    <coordinates>81.71224046373048,29.455623418986494 </coordinates>
  </Point>
</Placemark><Placemark>
  <ExtendedData>
    <Data name='ag'>
      <value>1</value>
    </Data>
    <Data name='system:index'>
      <value>1668</value>
    </Data>
  </ExtendedData>
  <Point>
    <coordinates>85.91770346633602,27.738942911034087 </coordinates>
  </Point>
</Placemark><Placemark>
  <ExtendedData>
    <Data name='ag'>
      <value>1</value>
    </Data>
    <Data name='system:index'>
      <value>1669</value>
    </Data>
  </ExtendedData>
  <Point>
    <coordinates>87.51634534595512,26.54265644717212 </coordinates>
  </Point>
</Placemark><Placemark>
  <ExtendedData>
    <Data name='ag'>
      <value>1</value>
    </Data>
    <Data name='system:index'>
      <value>1670</value>
    </Data>
  </ExtendedData>
  <Point>
    <coordinates>82.14316230552261,28.515626305683828 </coordinates>
  </Point>
</Placemark><Placemark>
  <ExtendedData>
    <Data name='ag'>
      <value>1</value>
    </Data>
    <Data name='system:index'>
      <value>1671</value>
    </Data>
  </ExtendedData>
  <Point>
    <coordinates>84.3489754856781,28.102760601102496 </coordinates>
  </Point>
</Placemark><Placemark>
  <ExtendedData>
    <Data name='ag'>
      <value>1</value>
    </Data>
    <Data name='system:index'>
      <value>1672</value>
    </Data>
  </ExtendedData>
  <Point>
    <coordinates>81.82327223284766,28.44070681098826 </coordinates>
  </Point>
</Placemark><Placemark>
  <ExtendedData>
    <Data name='ag'>
      <value>1</value>
    </Data>
    <Data name='system:index'>
      <value>1673</value>
    </Data>
  </ExtendedData>
  <Point>
    <coordinates>87.38456249377478,26.44213496687915 </coordinates>
  </Point>
</Placemark><Placemark>
  <ExtendedData>
    <Data name='ag'>
      <value>1</value>
    </Data>
    <Data name='system:index'>
      <value>1674</value>
    </Data>
  </ExtendedData>
  <Point>
    <coordinates>82.9360153752865,28.18118352540613 </coordinates>
  </Point>
</Placemark><Placemark>
  <ExtendedData>
    <Data name='ag'>
      <value>1</value>
    </Data>
    <Data name='system:index'>
      <value>1675</value>
    </Data>
  </ExtendedData>
  <Point>
    <coordinates>87.8348879457039,26.642638938294624 </coordinates>
  </Point>
</Placemark><Placemark>
  <ExtendedData>
    <Data name='ag'>
      <value>1</value>
    </Data>
    <Data name='system:index'>
      <value>1676</value>
    </Data>
  </ExtendedData>
  <Point>
    <coordinates>82.17657963409187,29.311443815885312 </coordinates>
  </Point>
</Placemark><Placemark>
  <ExtendedData>
    <Data name='ag'>
      <value>1</value>
    </Data>
    <Data name='system:index'>
      <value>1677</value>
    </Data>
  </ExtendedData>
  <Point>
    <coordinates>83.60274497916001,27.492085870958043 </coordinates>
  </Point>
</Placemark><Placemark>
  <ExtendedData>
    <Data name='ag'>
      <value>1</value>
    </Data>
    <Data name='system:index'>
      <value>1678</value>
    </Data>
  </ExtendedData>
  <Point>
    <coordinates>83.33567584519128,28.22591962655528 </coordinates>
  </Point>
</Placemark><Placemark>
  <ExtendedData>
    <Data name='ag'>
      <value>1</value>
    </Data>
    <Data name='system:index'>
      <value>1679</value>
    </Data>
  </ExtendedData>
  <Point>
    <coordinates>88.05749047310871,26.720522873427786 </coordinates>
  </Point>
</Placemark><Placemark>
  <ExtendedData>
    <Data name='ag'>
      <value>1</value>
    </Data>
    <Data name='system:index'>
      <value>1680</value>
    </Data>
  </ExtendedData>
  <Point>
    <coordinates>85.30864570370298,27.880697062868148 </coordinates>
  </Point>
</Placemark><Placemark>
  <ExtendedData>
    <Data name='ag'>
      <value>1</value>
    </Data>
    <Data name='system:index'>
      <value>1681</value>
    </Data>
  </ExtendedData>
  <Point>
    <coordinates>87.14929372086388,26.549663306388254 </coordinates>
  </Point>
</Placemark><Placemark>
  <ExtendedData>
    <Data name='ag'>
      <value>1</value>
    </Data>
    <Data name='system:index'>
      <value>1682</value>
    </Data>
  </ExtendedData>
  <Point>
    <coordinates>84.65080942114226,28.182530998332307 </coordinates>
  </Point>
</Placemark><Placemark>
  <ExtendedData>
    <Data name='ag'>
      <value>1</value>
    </Data>
    <Data name='system:index'>
      <value>1683</value>
    </Data>
  </ExtendedData>
  <Point>
    <coordinates>85.2922065340036,27.054965653705484 </coordinates>
  </Point>
</Placemark><Placemark>
  <ExtendedData>
    <Data name='ag'>
      <value>1</value>
    </Data>
    <Data name='system:index'>
      <value>1684</value>
    </Data>
  </ExtendedData>
  <Point>
    <coordinates>85.58326068605832,26.96225951638435 </coordinates>
  </Point>
</Placemark><Placemark>
  <ExtendedData>
    <Data name='ag'>
      <value>1</value>
    </Data>
    <Data name='system:index'>
      <value>1685</value>
    </Data>
  </ExtendedData>
  <Point>
    <coordinates>84.49261609960881,27.627911141916915 </coordinates>
  </Point>
</Placemark><Placemark>
  <ExtendedData>
    <Data name='ag'>
      <value>1</value>
    </Data>
    <Data name='system:index'>
      <value>1686</value>
    </Data>
  </ExtendedData>
  <Point>
    <coordinates>85.72878776208569,27.629258614843096 </coordinates>
  </Point>
</Placemark><Placemark>
  <ExtendedData>
    <Data name='ag'>
      <value>1</value>
    </Data>
    <Data name='system:index'>
      <value>1687</value>
    </Data>
  </ExtendedData>
  <Point>
    <coordinates>82.9653902850772,28.909896883883885 </coordinates>
  </Point>
</Placemark><Placemark>
  <ExtendedData>
    <Data name='ag'>
      <value>1</value>
    </Data>
    <Data name='system:index'>
      <value>1688</value>
    </Data>
  </ExtendedData>
  <Point>
    <coordinates>86.0971868601031,27.384018542278465 </coordinates>
  </Point>
</Placemark><Placemark>
  <ExtendedData>
    <Data name='ag'>
      <value>1</value>
    </Data>
    <Data name='system:index'>
      <value>1689</value>
    </Data>
  </ExtendedData>
  <Point>
    <coordinates>85.50052584839091,26.999180274561663 </coordinates>
  </Point>
</Placemark><Placemark>
  <ExtendedData>
    <Data name='ag'>
      <value>1</value>
    </Data>
    <Data name='system:index'>
      <value>1690</value>
    </Data>
  </ExtendedData>
  <Point>
    <coordinates>86.6240487742392,26.629164209032833 </coordinates>
  </Point>
</Placemark><Placemark>
  <ExtendedData>
    <Data name='ag'>
      <value>1</value>
    </Data>
    <Data name='system:index'>
      <value>1691</value>
    </Data>
  </ExtendedData>
  <Point>
    <coordinates>85.81179209433833,26.941238938735953 </coordinates>
  </Point>
</Placemark><Placemark>
  <ExtendedData>
    <Data name='ag'>
      <value>1</value>
    </Data>
    <Data name='system:index'>
      <value>1692</value>
    </Data>
  </ExtendedData>
  <Point>
    <coordinates>85.85383324963512,26.699232801194153 </coordinates>
  </Point>
</Placemark><Placemark>
  <ExtendedData>
    <Data name='ag'>
      <value>1</value>
    </Data>
    <Data name='system:index'>
      <value>1693</value>
    </Data>
  </ExtendedData>
  <Point>
    <coordinates>80.48469262798115,28.666004284245435 </coordinates>
  </Point>
</Placemark><Placemark>
  <ExtendedData>
    <Data name='ag'>
      <value>1</value>
    </Data>
    <Data name='system:index'>
      <value>1694</value>
    </Data>
  </ExtendedData>
  <Point>
    <coordinates>84.40206591896957,28.20462955432165 </coordinates>
  </Point>
</Placemark><Placemark>
  <ExtendedData>
    <Data name='ag'>
      <value>1</value>
    </Data>
    <Data name='system:index'>
      <value>1695</value>
    </Data>
  </ExtendedData>
  <Point>
    <coordinates>83.98327133351304,28.277932081505803 </coordinates>
  </Point>
</Placemark><Placemark>
  <ExtendedData>
    <Data name='ag'>
      <value>1</value>
    </Data>
    <Data name='system:index'>
      <value>1696</value>
    </Data>
  </ExtendedData>
  <Point>
    <coordinates>85.26849101050284,27.385905004375118 </coordinates>
  </Point>
</Placemark><Placemark>
  <ExtendedData>
    <Data name='ag'>
      <value>1</value>
    </Data>
    <Data name='system:index'>
      <value>1697</value>
    </Data>
  </ExtendedData>
  <Point>
    <coordinates>86.45561465846679,26.753670707411796 </coordinates>
  </Point>
</Placemark><Placemark>
  <ExtendedData>
    <Data name='ag'>
      <value>1</value>
    </Data>
    <Data name='system:index'>
      <value>1698</value>
    </Data>
  </ExtendedData>
  <Point>
    <coordinates>87.06440292651459,27.502326665197007 </coordinates>
  </Point>
</Placemark><Placemark>
  <ExtendedData>
    <Data name='ag'>
      <value>1</value>
    </Data>
    <Data name='system:index'>
      <value>1699</value>
    </Data>
  </ExtendedData>
  <Point>
    <coordinates>85.85302476587941,26.73669254854194 </coordinates>
  </Point>
</Placemark><Placemark>
  <ExtendedData>
    <Data name='ag'>
      <value>1</value>
    </Data>
    <Data name='system:index'>
      <value>1700</value>
    </Data>
  </ExtendedData>
  <Point>
    <coordinates>83.5658242209827,27.505021611049365 </coordinates>
  </Point>
</Placemark><Placemark>
  <ExtendedData>
    <Data name='ag'>
      <value>1</value>
    </Data>
    <Data name='system:index'>
      <value>1701</value>
    </Data>
  </ExtendedData>
  <Point>
    <coordinates>82.3805870351154,27.993345799496737 </coordinates>
  </Point>
</Placemark><Placemark>
  <ExtendedData>
    <Data name='ag'>
      <value>1</value>
    </Data>
    <Data name='system:index'>
      <value>1702</value>
    </Data>
  </ExtendedData>
  <Point>
    <coordinates>86.40926158980622,26.586584064565567 </coordinates>
  </Point>
</Placemark><Placemark>
  <ExtendedData>
    <Data name='ag'>
      <value>1</value>
    </Data>
    <Data name='system:index'>
      <value>1703</value>
    </Data>
  </ExtendedData>
  <Point>
    <coordinates>87.97556411919702,26.666623956380615 </coordinates>
  </Point>
</Placemark><Placemark>
  <ExtendedData>
    <Data name='ag'>
      <value>1</value>
    </Data>
    <Data name='system:index'>
      <value>1704</value>
    </Data>
  </ExtendedData>
  <Point>
    <coordinates>81.53087060786675,28.972150133073367 </coordinates>
  </Point>
</Placemark><Placemark>
  <ExtendedData>
    <Data name='ag'>
      <value>1</value>
    </Data>
    <Data name='system:index'>
      <value>1705</value>
    </Data>
  </ExtendedData>
  <Point>
    <coordinates>84.79364155131726,27.183784065448226 </coordinates>
  </Point>
</Placemark><Placemark>
  <ExtendedData>
    <Data name='ag'>
      <value>1</value>
    </Data>
    <Data name='system:index'>
      <value>1707</value>
    </Data>
  </ExtendedData>
  <Point>
    <coordinates>83.06240833576211,28.072846702141316 </coordinates>
  </Point>
</Placemark><Placemark>
  <ExtendedData>
    <Data name='ag'>
      <value>1</value>
    </Data>
    <Data name='system:index'>
      <value>1708</value>
    </Data>
  </ExtendedData>
  <Point>
    <coordinates>87.54086935321158,26.459382620334242 </coordinates>
  </Point>
</Placemark><Placemark>
  <ExtendedData>
    <Data name='ag'>
      <value>1</value>
    </Data>
    <Data name='system:index'>
      <value>1709</value>
    </Data>
  </ExtendedData>
  <Point>
    <coordinates>87.40558307142318,26.56825843276953 </coordinates>
  </Point>
</Placemark><Placemark>
  <ExtendedData>
    <Data name='ag'>
      <value>1</value>
    </Data>
    <Data name='system:index'>
      <value>1710</value>
    </Data>
  </ExtendedData>
  <Point>
    <coordinates>86.63240310638152,27.378898145158985 </coordinates>
  </Point>
</Placemark><Placemark>
  <ExtendedData>
    <Data name='ag'>
      <value>1</value>
    </Data>
    <Data name='system:index'>
      <value>1711</value>
    </Data>
  </ExtendedData>
  <Point>
    <coordinates>85.42614534286582,26.987322512811286 </coordinates>
  </Point>
</Placemark><Placemark>
  <ExtendedData>
    <Data name='ag'>
      <value>1</value>
    </Data>
    <Data name='system:index'>
      <value>1712</value>
    </Data>
  </ExtendedData>
  <Point>
    <coordinates>86.67660021836019,26.622965833572408 </coordinates>
  </Point>
</Placemark><Placemark>
  <ExtendedData>
    <Data name='ag'>
      <value>1</value>
    </Data>
    <Data name='system:index'>
      <value>1713</value>
    </Data>
  </ExtendedData>
  <Point>
    <coordinates>86.38231213128263,26.7717268446226 </coordinates>
  </Point>
</Placemark><Placemark>
  <ExtendedData>
    <Data name='ag'>
      <value>1</value>
    </Data>
    <Data name='system:index'>
      <value>1715</value>
    </Data>
  </ExtendedData>
  <Point>
    <coordinates>84.78879064878302,27.043916375710815 </coordinates>
  </Point>
</Placemark><Placemark>
  <ExtendedData>
    <Data name='ag'>
      <value>1</value>
    </Data>
    <Data name='system:index'>
      <value>1716</value>
    </Data>
  </ExtendedData>
  <Point>
    <coordinates>85.65844967533913,27.100240744025108 </coordinates>
  </Point>
</Placemark><Placemark>
  <ExtendedData>
    <Data name='ag'>
      <value>1</value>
    </Data>
    <Data name='system:index'>
      <value>1717</value>
    </Data>
  </ExtendedData>
  <Point>
    <coordinates>80.65663017336163,29.32384056680616 </coordinates>
  </Point>
</Placemark><Placemark>
  <ExtendedData>
    <Data name='ag'>
      <value>1</value>
    </Data>
    <Data name='system:index'>
      <value>1718</value>
    </Data>
  </ExtendedData>
  <Point>
    <coordinates>84.51740960145051,27.580480094915405 </coordinates>
  </Point>
</Placemark><Placemark>
  <ExtendedData>
    <Data name='ag'>
      <value>1</value>
    </Data>
    <Data name='system:index'>
      <value>1719</value>
    </Data>
  </ExtendedData>
  <Point>
    <coordinates>88.00709498566961,26.657461140482596 </coordinates>
  </Point>
</Placemark><Placemark>
  <ExtendedData>
    <Data name='ag'>
      <value>1</value>
    </Data>
    <Data name='system:index'>
      <value>1720</value>
    </Data>
  </ExtendedData>
  <Point>
    <coordinates>85.25232133538869,27.6653708892647 </coordinates>
  </Point>
</Placemark><Placemark>
  <ExtendedData>
    <Data name='ag'>
      <value>1</value>
    </Data>
    <Data name='system:index'>
      <value>1721</value>
    </Data>
  </ExtendedData>
  <Point>
    <coordinates>82.54039732416027,28.7762275696069 </coordinates>
  </Point>
</Placemark><Placemark>
  <ExtendedData>
    <Data name='ag'>
      <value>1</value>
    </Data>
    <Data name='system:index'>
      <value>1722</value>
    </Data>
  </ExtendedData>
  <Point>
    <coordinates>87.4357664649696,26.627547241521416 </coordinates>
  </Point>
</Placemark><Placemark>
  <ExtendedData>
    <Data name='ag'>
      <value>1</value>
    </Data>
    <Data name='system:index'>
      <value>1723</value>
    </Data>
  </ExtendedData>
  <Point>
    <coordinates>82.91176086261528,28.27335067355679 </coordinates>
  </Point>
</Placemark><Placemark>
  <ExtendedData>
    <Data name='ag'>
      <value>1</value>
    </Data>
    <Data name='system:index'>
      <value>1724</value>
    </Data>
  </ExtendedData>
  <Point>
    <coordinates>84.39371158682725,28.145071250984525 </coordinates>
  </Point>
</Placemark><Placemark>
  <ExtendedData>
    <Data name='ag'>
      <value>1</value>
    </Data>
    <Data name='system:index'>
      <value>1725</value>
    </Data>
  </ExtendedData>
  <Point>
    <coordinates>81.18133613081584,28.369829735071228 </coordinates>
  </Point>
</Placemark><Placemark>
  <ExtendedData>
    <Data name='ag'>
      <value>1</value>
    </Data>
    <Data name='system:index'>
      <value>1726</value>
    </Data>
  </ExtendedData>
  <Point>
    <coordinates>81.53194858620769,28.117043814119995 </coordinates>
  </Point>
</Placemark><Placemark>
  <ExtendedData>
    <Data name='ag'>
      <value>1</value>
    </Data>
    <Data name='system:index'>
      <value>1727</value>
    </Data>
  </ExtendedData>
  <Point>
    <coordinates>82.21996826231484,28.457684969858118 </coordinates>
  </Point>
</Placemark><Placemark>
  <ExtendedData>
    <Data name='ag'>
      <value>1</value>
    </Data>
    <Data name='system:index'>
      <value>1728</value>
    </Data>
  </ExtendedData>
  <Point>
    <coordinates>80.3693489455002,28.954093995862564 </coordinates>
  </Point>
</Placemark><Placemark>
  <ExtendedData>
    <Data name='ag'>
      <value>1</value>
    </Data>
    <Data name='system:index'>
      <value>1729</value>
    </Data>
  </ExtendedData>
  <Point>
    <coordinates>80.3693489455002,28.703733526178453 </coordinates>
  </Point>
</Placemark><Placemark>
  <ExtendedData>
    <Data name='ag'>
      <value>1</value>
    </Data>
    <Data name='system:index'>
      <value>1730</value>
    </Data>
  </ExtendedData>
  <Point>
    <coordinates>87.56512386588281,27.15413966107228 </coordinates>
  </Point>
</Placemark><Placemark>
  <ExtendedData>
    <Data name='ag'>
      <value>1</value>
    </Data>
    <Data name='system:index'>
      <value>1731</value>
    </Data>
  </ExtendedData>
  <Point>
    <coordinates>82.05180364112766,28.590545800379395 </coordinates>
  </Point>
</Placemark><Placemark>
  <ExtendedData>
    <Data name='ag'>
      <value>1</value>
    </Data>
    <Data name='system:index'>
      <value>1732</value>
    </Data>
  </ExtendedData>
  <Point>
    <coordinates>85.31214913331105,27.02855518435237 </coordinates>
  </Point>
</Placemark><Placemark>
  <ExtendedData>
    <Data name='ag'>
      <value>1</value>
    </Data>
    <Data name='system:index'>
      <value>1733</value>
    </Data>
  </ExtendedData>
  <Point>
    <coordinates>83.64963703699105,27.564849408971725 </coordinates>
  </Point>
</Placemark><Placemark>
  <ExtendedData>
    <Data name='ag'>
      <value>1</value>
    </Data>
    <Data name='system:index'>
      <value>1734</value>
    </Data>
  </ExtendedData>
  <Point>
    <coordinates>86.75475364807859,26.54157846883118 </coordinates>
  </Point>
</Placemark><Placemark>
  <ExtendedData>
    <Data name='ag'>
      <value>1</value>
    </Data>
    <Data name='system:index'>
      <value>1736</value>
    </Data>
  </ExtendedData>
  <Point>
    <coordinates>87.20184516498487,26.66851041847727 </coordinates>
  </Point>
</Placemark><Placemark>
  <ExtendedData>
    <Data name='ag'>
      <value>1</value>
    </Data>
    <Data name='system:index'>
      <value>1737</value>
    </Data>
  </ExtendedData>
  <Point>
    <coordinates>84.4556953414315,27.78906890388796 </coordinates>
  </Point>
</Placemark><Placemark>
  <ExtendedData>
    <Data name='ag'>
      <value>1</value>
    </Data>
    <Data name='system:index'>
      <value>1738</value>
    </Data>
  </ExtendedData>
  <Point>
    <coordinates>85.49271050541907,27.24657630380818 </coordinates>
  </Point>
</Placemark><Placemark>
  <ExtendedData>
    <Data name='ag'>
      <value>1</value>
    </Data>
    <Data name='system:index'>
      <value>1739</value>
    </Data>
  </ExtendedData>
  <Point>
    <coordinates>87.99685419143066,26.458304641993298 </coordinates>
  </Point>
</Placemark><Placemark>
  <ExtendedData>
    <Data name='ag'>
      <value>1</value>
    </Data>
    <Data name='system:index'>
      <value>1740</value>
    </Data>
  </ExtendedData>
  <Point>
    <coordinates>86.75125021847052,27.035292548983268 </coordinates>
  </Point>
</Placemark><Placemark>
  <ExtendedData>
    <Data name='ag'>
      <value>1</value>
    </Data>
    <Data name='system:index'>
      <value>1741</value>
    </Data>
  </ExtendedData>
  <Point>
    <coordinates>86.31709444165556,26.638057530345616 </coordinates>
  </Point>
</Placemark><Placemark>
  <ExtendedData>
    <Data name='ag'>
      <value>1</value>
    </Data>
    <Data name='system:index'>
      <value>1742</value>
    </Data>
  </ExtendedData>
  <Point>
    <coordinates>86.07616628245471,26.83532756673826 </coordinates>
  </Point>
</Placemark><Placemark>
  <ExtendedData>
    <Data name='ag'>
      <value>1</value>
    </Data>
    <Data name='system:index'>
      <value>1743</value>
    </Data>
  </ExtendedData>
  <Point>
    <coordinates>81.80090418227307,28.912591829736243 </coordinates>
  </Point>
</Placemark><Placemark>
  <ExtendedData>
    <Data name='ag'>
      <value>1</value>
    </Data>
    <Data name='system:index'>
      <value>1744</value>
    </Data>
  </ExtendedData>
  <Point>
    <coordinates>83.03006898553382,28.02891908474787 </coordinates>
  </Point>
</Placemark><Placemark>
  <ExtendedData>
    <Data name='ag'>
      <value>1</value>
    </Data>
    <Data name='system:index'>
      <value>1745</value>
    </Data>
  </ExtendedData>
  <Point>
    <coordinates>86.34242693266773,26.660695075505426 </coordinates>
  </Point>
</Placemark><Placemark>
  <ExtendedData>
    <Data name='ag'>
      <value>1</value>
    </Data>
    <Data name='system:index'>
      <value>1746</value>
    </Data>
  </ExtendedData>
  <Point>
    <coordinates>87.74568523799084,26.461269082430892 </coordinates>
  </Point>
</Placemark><Placemark>
  <ExtendedData>
    <Data name='ag'>
      <value>1</value>
    </Data>
    <Data name='system:index'>
      <value>1747</value>
    </Data>
  </ExtendedData>
  <Point>
    <coordinates>85.0569377610927,27.371621791357615 </coordinates>
  </Point>
</Placemark><Placemark>
  <ExtendedData>
    <Data name='ag'>
      <value>1</value>
    </Data>
    <Data name='system:index'>
      <value>1748</value>
    </Data>
  </ExtendedData>
  <Point>
    <coordinates>86.74451285383962,26.50034579729009 </coordinates>
  </Point>
</Placemark><Placemark>
  <ExtendedData>
    <Data name='ag'>
      <value>1</value>
    </Data>
    <Data name='system:index'>
      <value>1751</value>
    </Data>
  </ExtendedData>
  <Point>
    <coordinates>83.01066537539684,27.545984788005214 </coordinates>
  </Point>
</Placemark><Placemark>
  <ExtendedData>
    <Data name='ag'>
      <value>1</value>
    </Data>
    <Data name='system:index'>
      <value>1752</value>
    </Data>
  </ExtendedData>
  <Point>
    <coordinates>82.2956962407661,28.527484067434205 </coordinates>
  </Point>
</Placemark><Placemark>
  <ExtendedData>
    <Data name='ag'>
      <value>1</value>
    </Data>
    <Data name='system:index'>
      <value>1753</value>
    </Data>
  </ExtendedData>
  <Point>
    <coordinates>84.7939110459025,27.111020527434544 </coordinates>
  </Point>
</Placemark><Placemark>
  <ExtendedData>
    <Data name='ag'>
      <value>1</value>
    </Data>
    <Data name='system:index'>
      <value>1754</value>
    </Data>
  </ExtendedData>
  <Point>
    <coordinates>83.94662006992097,28.062875402487588 </coordinates>
  </Point>
</Placemark><Placemark>
  <ExtendedData>
    <Data name='ag'>
      <value>1</value>
    </Data>
    <Data name='system:index'>
      <value>1755</value>
    </Data>
  </ExtendedData>
  <Point>
    <coordinates>82.11136194446479,28.66708226258638 </coordinates>
  </Point>
</Placemark><Placemark>
  <ExtendedData>
    <Data name='ag'>
      <value>1</value>
    </Data>
    <Data name='system:index'>
      <value>1756</value>
    </Data>
  </ExtendedData>
  <Point>
    <coordinates>87.30182765610738,27.32068731474804 </coordinates>
  </Point>
</Placemark><Placemark>
  <ExtendedData>
    <Data name='ag'>
      <value>1</value>
    </Data>
    <Data name='system:index'>
      <value>1757</value>
    </Data>
  </ExtendedData>
  <Point>
    <coordinates>80.49358594929393,28.857884428933364 </coordinates>
  </Point>
</Placemark><Placemark>
  <ExtendedData>
    <Data name='ag'>
      <value>1</value>
    </Data>
    <Data name='system:index'>
      <value>1758</value>
    </Data>
  </ExtendedData>
  <Point>
    <coordinates>80.62267385562191,29.49820356345376 </coordinates>
  </Point>
</Placemark><Placemark>
  <ExtendedData>
    <Data name='ag'>
      <value>1</value>
    </Data>
    <Data name='system:index'>
      <value>1760</value>
    </Data>
  </ExtendedData>
  <Point>
    <coordinates>87.68262350504564,26.564485508576226 </coordinates>
  </Point>
</Placemark><Placemark>
  <ExtendedData>
    <Data name='ag'>
      <value>1</value>
    </Data>
    <Data name='system:index'>
      <value>1761</value>
    </Data>
  </ExtendedData>
  <Point>
    <coordinates>86.12386682404146,26.629972692788538 </coordinates>
  </Point>
</Placemark><Placemark>
  <ExtendedData>
    <Data name='ag'>
      <value>1</value>
    </Data>
    <Data name='system:index'>
      <value>1762</value>
    </Data>
  </ExtendedData>
  <Point>
    <coordinates>80.60704316967824,28.74173226269671 </coordinates>
  </Point>
</Placemark><Placemark>
  <ExtendedData>
    <Data name='ag'>
      <value>1</value>
    </Data>
    <Data name='system:index'>
      <value>1763</value>
    </Data>
  </ExtendedData>
  <Point>
    <coordinates>80.94013847702975,28.61749525890298 </coordinates>
  </Point>
</Placemark><Placemark>
  <ExtendedData>
    <Data name='ag'>
      <value>1</value>
    </Data>
    <Data name='system:index'>
      <value>1764</value>
    </Data>
  </ExtendedData>
  <Point>
    <coordinates>81.37240779174806,29.26724670390663 </coordinates>
  </Point>
</Placemark><Placemark>
  <ExtendedData>
    <Data name='ag'>
      <value>1</value>
    </Data>
    <Data name='system:index'>
      <value>1765</value>
    </Data>
  </ExtendedData>
  <Point>
    <coordinates>84.2926511173638,27.9607369546832 </coordinates>
  </Point>
</Placemark><Placemark>
  <ExtendedData>
    <Data name='ag'>
      <value>1</value>
    </Data>
    <Data name='system:index'>
      <value>1766</value>
    </Data>
  </ExtendedData>
  <Point>
    <coordinates>87.69178632094366,27.21208099689799 </coordinates>
  </Point>
</Placemark><Placemark>
  <ExtendedData>
    <Data name='ag'>
      <value>1</value>
    </Data>
    <Data name='system:index'>
      <value>1767</value>
    </Data>
  </ExtendedData>
  <Point>
    <coordinates>83.76848414908007,27.418513849188656 </coordinates>
  </Point>
</Placemark><Placemark>
  <ExtendedData>
    <Data name='ag'>
      <value>1</value>
    </Data>
    <Data name='system:index'>
      <value>1768</value>
    </Data>
  </ExtendedData>
  <Point>
    <coordinates>86.30954859326896,27.49882323558894 </coordinates>
  </Point>
</Placemark><Placemark>
  <ExtendedData>
    <Data name='ag'>
      <value>1</value>
    </Data>
    <Data name='system:index'>
      <value>1769</value>
    </Data>
  </ExtendedData>
  <Point>
    <coordinates>86.45453668012584,26.798406808560948 </coordinates>
  </Point>
</Placemark><Placemark>
  <ExtendedData>
    <Data name='ag'>
      <value>1</value>
    </Data>
    <Data name='system:index'>
      <value>1770</value>
    </Data>
  </ExtendedData>
  <Point>
    <coordinates>85.43746411544572,26.954713667997748 </coordinates>
  </Point>
</Placemark><Placemark>
  <ExtendedData>
    <Data name='ag'>
      <value>1</value>
    </Data>
    <Data name='system:index'>
      <value>1772</value>
    </Data>
  </ExtendedData>
  <Point>
    <coordinates>85.51211411555606,27.537630455862903 </coordinates>
  </Point>
</Placemark><Placemark>
  <ExtendedData>
    <Data name='ag'>
      <value>1</value>
    </Data>
    <Data name='system:index'>
      <value>1774</value>
    </Data>
  </ExtendedData>
  <Point>
    <coordinates>84.53681321158749,27.99118984281485 </coordinates>
  </Point>
</Placemark><Placemark>
  <ExtendedData>
    <Data name='ag'>
      <value>1</value>
    </Data>
    <Data name='system:index'>
      <value>1775</value>
    </Data>
  </ExtendedData>
  <Point>
    <coordinates>81.03041916308376,28.47250717204609 </coordinates>
  </Point>
</Placemark><Placemark>
  <ExtendedData>
    <Data name='ag'>
      <value>1</value>
    </Data>
    <Data name='system:index'>
      <value>1776</value>
    </Data>
  </ExtendedData>
  <Point>
    <coordinates>84.89173758034312,27.036640021909445 </coordinates>
  </Point>
</Placemark><Placemark>
  <ExtendedData>
    <Data name='ag'>
      <value>1</value>
    </Data>
    <Data name='system:index'>
      <value>1777</value>
    </Data>
  </ExtendedData>
  <Point>
    <coordinates>82.83872783001635,27.572125762773094 </coordinates>
  </Point>
</Placemark><Placemark>
  <ExtendedData>
    <Data name='ag'>
      <value>1</value>
    </Data>
    <Data name='system:index'>
      <value>1778</value>
    </Data>
  </ExtendedData>
  <Point>
    <coordinates>80.62132638269573,29.9118777517908 </coordinates>
  </Point>
</Placemark><Placemark>
  <ExtendedData>
    <Data name='ag'>
      <value>1</value>
    </Data>
    <Data name='system:index'>
      <value>1779</value>
    </Data>
  </ExtendedData>
  <Point>
    <coordinates>82.71772476124546,28.32617161226302 </coordinates>
  </Point>
</Placemark><Placemark>
  <ExtendedData>
    <Data name='ag'>
      <value>1</value>
    </Data>
    <Data name='system:index'>
      <value>1780</value>
    </Data>
  </ExtendedData>
  <Point>
    <coordinates>83.64263017777492,28.607254464664017 </coordinates>
  </Point>
</Placemark><Placemark>
  <ExtendedData>
    <Data name='ag'>
      <value>1</value>
    </Data>
    <Data name='system:index'>
      <value>1781</value>
    </Data>
  </ExtendedData>
  <Point>
    <coordinates>84.11478469110814,27.674264210577483 </coordinates>
  </Point>
</Placemark><Placemark>
  <ExtendedData>
    <Data name='ag'>
      <value>1</value>
    </Data>
    <Data name='system:index'>
      <value>1782</value>
    </Data>
  </ExtendedData>
  <Point>
    <coordinates>81.83890291879133,28.05047865156674 </coordinates>
  </Point>
</Placemark><Placemark>
  <ExtendedData>
    <Data name='ag'>
      <value>1</value>
    </Data>
    <Data name='system:index'>
      <value>1783</value>
    </Data>
  </ExtendedData>
  <Point>
    <coordinates>82.30674551876078,28.411062406612317 </coordinates>
  </Point>
</Placemark><Placemark>
  <ExtendedData>
    <Data name='ag'>
      <value>1</value>
    </Data>
    <Data name='system:index'>
      <value>1784</value>
    </Data>
  </ExtendedData>
  <Point>
    <coordinates>88.01517982322669,26.56825843276953 </coordinates>
  </Point>
</Placemark><Placemark>
  <ExtendedData>
    <Data name='ag'>
      <value>1</value>
    </Data>
    <Data name='system:index'>
      <value>1785</value>
    </Data>
  </ExtendedData>
  <Point>
    <coordinates>87.51149444342087,26.6364405628342 </coordinates>
  </Point>
</Placemark><Placemark>
  <ExtendedData>
    <Data name='ag'>
      <value>1</value>
    </Data>
    <Data name='system:index'>
      <value>1786</value>
    </Data>
  </ExtendedData>
  <Point>
    <coordinates>87.76104642934928,27.147941285611857 </coordinates>
  </Point>
</Placemark><Placemark>
  <ExtendedData>
    <Data name='ag'>
      <value>1</value>
    </Data>
    <Data name='system:index'>
      <value>1787</value>
    </Data>
  </ExtendedData>
  <Point>
    <coordinates>83.13032097124156,27.62063478811555 </coordinates>
  </Point>
</Placemark><Placemark>
  <ExtendedData>
    <Data name='ag'>
      <value>1</value>
    </Data>
    <Data name='system:index'>
      <value>1788</value>
    </Data>
  </ExtendedData>
  <Point>
    <coordinates>87.76320238603117,27.00915157421539 </coordinates>
  </Point>
</Placemark><Placemark>
  <ExtendedData>
    <Data name='ag'>
      <value>1</value>
    </Data>
    <Data name='system:index'>
      <value>1789</value>
    </Data>
  </ExtendedData>
  <Point>
    <coordinates>81.16166302609362,29.592257173701075 </coordinates>
  </Point>
</Placemark><Placemark>
  <ExtendedData>
    <Data name='ag'>
      <value>1</value>
    </Data>
    <Data name='system:index'>
      <value>1790</value>
    </Data>
  </ExtendedData>
  <Point>
    <coordinates>83.87116158605492,27.993345799496737 </coordinates>
  </Point>
</Placemark><Placemark>
  <ExtendedData>
    <Data name='ag'>
      <value>1</value>
    </Data>
    <Data name='system:index'>
      <value>1791</value>
    </Data>
  </ExtendedData>
  <Point>
    <coordinates>80.9802931702299,29.049764573621296 </coordinates>
  </Point>
</Placemark><Placemark>
  <ExtendedData>
    <Data name='ag'>
      <value>1</value>
    </Data>
    <Data name='system:index'>
      <value>1792</value>
    </Data>
  </ExtendedData>
  <Point>
    <coordinates>80.64531140078172,29.623788040173668 </coordinates>
  </Point>
</Placemark><Placemark>
  <ExtendedData>
    <Data name='ag'>
      <value>1</value>
    </Data>
    <Data name='system:index'>
      <value>1793</value>
    </Data>
  </ExtendedData>
  <Point>
    <coordinates>82.0024861320295,29.407383888229276 </coordinates>
  </Point>
</Placemark><Placemark>
  <ExtendedData>
    <Data name='ag'>
      <value>1</value>
    </Data>
    <Data name='system:index'>
      <value>1794</value>
    </Data>
  </ExtendedData>
  <Point>
    <coordinates>85.14560147963529,26.961990021799114 </coordinates>
  </Point>
</Placemark><Placemark>
  <ExtendedData>
    <Data name='ag'>
      <value>1</value>
    </Data>
    <Data name='system:index'>
      <value>1795</value>
    </Data>
  </ExtendedData>
  <Point>
    <coordinates>81.46322746697255,28.23912486123184 </coordinates>
  </Point>
</Placemark><Placemark>
  <ExtendedData>
    <Data name='ag'>
      <value>1</value>
    </Data>
    <Data name='system:index'>
      <value>1797</value>
    </Data>
  </ExtendedData>
  <Point>
    <coordinates>86.52595274521335,26.593590923781697 </coordinates>
  </Point>
</Placemark><Placemark>
  <ExtendedData>
    <Data name='ag'>
      <value>1</value>
    </Data>
    <Data name='system:index'>
      <value>1798</value>
    </Data>
  </ExtendedData>
  <Point>
    <coordinates>87.1916043707459,26.511125580699527 </coordinates>
  </Point>
</Placemark><Placemark>
  <ExtendedData>
    <Data name='ag'>
      <value>1</value>
    </Data>
    <Data name='system:index'>
      <value>1799</value>
    </Data>
  </ExtendedData>
  <Point>
    <coordinates>84.5624151971849,27.624407712308848 </coordinates>
  </Point>
</Placemark><Placemark>
  <ExtendedData>
    <Data name='ag'>
      <value>1</value>
    </Data>
    <Data name='system:index'>
      <value>1800</value>
    </Data>
  </ExtendedData>
  <Point>
    <coordinates>83.39765959979553,27.672916737651303 </coordinates>
  </Point>
</Placemark><Placemark>
  <ExtendedData>
    <Data name='ag'>
      <value>1</value>
    </Data>
    <Data name='system:index'>
      <value>1801</value>
    </Data>
  </ExtendedData>
  <Point>
    <coordinates>80.33889605736856,29.374236054245266 </coordinates>
  </Point>
</Placemark><Placemark>
  <ExtendedData>
    <Data name='ag'>
      <value>1</value>
    </Data>
    <Data name='system:index'>
      <value>1802</value>
    </Data>
  </ExtendedData>
  <Point>
    <coordinates>85.49244101083384,27.335779011521247 </coordinates>
  </Point>
</Placemark><Placemark>
  <ExtendedData>
    <Data name='ag'>
      <value>1</value>
    </Data>
    <Data name='system:index'>
      <value>1803</value>
    </Data>
  </ExtendedData>
  <Point>
    <coordinates>85.45363379055988,27.05146222409742 </coordinates>
  </Point>
</Placemark><Placemark>
  <ExtendedData>
    <Data name='ag'>
      <value>1</value>
    </Data>
    <Data name='system:index'>
      <value>1804</value>
    </Data>
  </ExtendedData>
  <Point>
    <coordinates>84.35598234489423,28.12728460835896 </coordinates>
  </Point>
</Placemark><Placemark>
  <ExtendedData>
    <Data name='ag'>
      <value>1</value>
    </Data>
    <Data name='system:index'>
      <value>1805</value>
    </Data>
  </ExtendedData>
  <Point>
    <coordinates>87.90872946205853,26.50034579729009 </coordinates>
  </Point>
</Placemark><Placemark>
  <ExtendedData>
    <Data name='ag'>
      <value>1</value>
    </Data>
    <Data name='system:index'>
      <value>1807</value>
    </Data>
  </ExtendedData>
  <Point>
    <coordinates>83.13085996041202,27.4910078926171 </coordinates>
  </Point>
</Placemark><Placemark>
  <ExtendedData>
    <Data name='ag'>
      <value>1</value>
    </Data>
    <Data name='system:index'>
      <value>1808</value>
    </Data>
  </ExtendedData>
  <Point>
    <coordinates>81.55431663678226,29.039793273967568 </coordinates>
  </Point>
</Placemark><Placemark>
  <ExtendedData>
    <Data name='ag'>
      <value>1</value>
    </Data>
    <Data name='system:index'>
      <value>1809</value>
    </Data>
  </ExtendedData>
  <Point>
    <coordinates>80.84042548049248,29.667715657567115 </coordinates>
  </Point>
</Placemark><Placemark>
  <ExtendedData>
    <Data name='ag'>
      <value>1</value>
    </Data>
    <Data name='system:index'>
      <value>1810</value>
    </Data>
  </ExtendedData>
  <Point>
    <coordinates>88.02811556331801,26.383924136468202 </coordinates>
  </Point>
</Placemark><Placemark>
  <ExtendedData>
    <Data name='ag'>
      <value>1</value>
    </Data>
    <Data name='system:index'>
      <value>1811</value>
    </Data>
  </ExtendedData>
  <Point>
    <coordinates>80.4248648300588,29.223588581098422 </coordinates>
  </Point>
</Placemark><Placemark>
  <ExtendedData>
    <Data name='ag'>
      <value>1</value>
    </Data>
    <Data name='system:index'>
      <value>1812</value>
    </Data>
  </ExtendedData>
  <Point>
    <coordinates>83.24539515913726,28.131866016307967 </coordinates>
  </Point>
</Placemark><Placemark>
  <ExtendedData>
    <Data name='ag'>
      <value>1</value>
    </Data>
    <Data name='system:index'>
      <value>1813</value>
    </Data>
  </ExtendedData>
  <Point>
    <coordinates>87.94969263901437,26.516515472404244 </coordinates>
  </Point>
</Placemark><Placemark>
  <ExtendedData>
    <Data name='ag'>
      <value>1</value>
    </Data>
    <Data name='system:index'>
      <value>1814</value>
    </Data>
  </ExtendedData>
  <Point>
    <coordinates>85.94061050608107,26.922374317769442 </coordinates>
  </Point>
</Placemark><Placemark>
  <ExtendedData>
    <Data name='ag'>
      <value>1</value>
    </Data>
    <Data name='system:index'>
      <value>1815</value>
    </Data>
  </ExtendedData>
  <Point>
    <coordinates>81.78419551798845,29.52811746241494 </coordinates>
  </Point>
</Placemark><Placemark>
  <ExtendedData>
    <Data name='ag'>
      <value>1</value>
    </Data>
    <Data name='system:index'>
      <value>1816</value>
    </Data>
  </ExtendedData>
  <Point>
    <coordinates>83.56932765059076,27.59072088915437 </coordinates>
  </Point>
</Placemark><Placemark>
  <ExtendedData>
    <Data name='ag'>
      <value>1</value>
    </Data>
    <Data name='system:index'>
      <value>1817</value>
    </Data>
  </ExtendedData>
  <Point>
    <coordinates>83.0923222347233,28.394892731498164 </coordinates>
  </Point>
</Placemark><Placemark>
  <ExtendedData>
    <Data name='ag'>
      <value>1</value>
    </Data>
    <Data name='system:index'>
      <value>1818</value>
    </Data>
  </ExtendedData>
  <Point>
    <coordinates>86.07131537992046,27.420669805870542 </coordinates>
  </Point>
</Placemark><Placemark>
  <ExtendedData>
    <Data name='ag'>
      <value>1</value>
    </Data>
    <Data name='system:index'>
      <value>1819</value>
    </Data>
  </ExtendedData>
  <Point>
    <coordinates>81.6958012940311,28.864891288149497 </coordinates>
  </Point>
</Placemark><Placemark>
  <ExtendedData>
    <Data name='ag'>
      <value>1</value>
    </Data>
    <Data name='system:index'>
      <value>1820</value>
    </Data>
  </ExtendedData>
  <Point>
    <coordinates>85.23291772525171,28.002778109979992 </coordinates>
  </Point>
</Placemark><Placemark>
  <ExtendedData>
    <Data name='ag'>
      <value>1</value>
    </Data>
    <Data name='system:index'>
      <value>1821</value>
    </Data>
  </ExtendedData>
  <Point>
    <coordinates>82.76488631366173,27.590451394569133 </coordinates>
  </Point>
</Placemark><Placemark>
  <ExtendedData>
    <Data name='ag'>
      <value>1</value>
    </Data>
    <Data name='system:index'>
      <value>1822</value>
    </Data>
  </ExtendedData>
  <Point>
    <coordinates>83.61514173008086,28.034308976452586 </coordinates>
  </Point>
</Placemark><Placemark>
  <ExtendedData>
    <Data name='ag'>
      <value>1</value>
    </Data>
    <Data name='system:index'>
      <value>1823</value>
    </Data>
  </ExtendedData>
  <Point>
    <coordinates>85.49351898917479,26.954174678827275 </coordinates>
  </Point>
</Placemark><Placemark>
  <ExtendedData>
    <Data name='ag'>
      <value>1</value>
    </Data>
    <Data name='system:index'>
      <value>1824</value>
    </Data>
  </ExtendedData>
  <Point>
    <coordinates>80.59141248373456,29.342435693187436 </coordinates>
  </Point>
</Placemark><Placemark>
  <ExtendedData>
    <Data name='ag'>
      <value>1</value>
    </Data>
    <Data name='system:index'>
      <value>1825</value>
    </Data>
  </ExtendedData>
  <Point>
    <coordinates>81.3936978639817,28.307037496711274 </coordinates>
  </Point>
</Placemark><Placemark>
  <ExtendedData>
    <Data name='ag'>
      <value>1</value>
    </Data>
    <Data name='system:index'>
      <value>1826</value>
    </Data>
  </ExtendedData>
  <Point>
    <coordinates>80.09688991982675,28.845218183427278 </coordinates>
  </Point>
</Placemark><Placemark>
  <ExtendedData>
    <Data name='ag'>
      <value>1</value>
    </Data>
    <Data name='system:index'>
      <value>1827</value>
    </Data>
  </ExtendedData>
  <Point>
    <coordinates>83.01470779417538,27.536552477521962 </coordinates>
  </Point>
</Placemark><Placemark>
  <ExtendedData>
    <Data name='ag'>
      <value>1</value>
    </Data>
    <Data name='system:index'>
      <value>1828</value>
    </Data>
  </ExtendedData>
  <Point>
    <coordinates>81.09321140144371,28.678401035166285 </coordinates>
  </Point>
</Placemark><Placemark>
  <ExtendedData>
    <Data name='ag'>
      <value>1</value>
    </Data>
    <Data name='system:index'>
      <value>1829</value>
    </Data>
  </ExtendedData>
  <Point>
    <coordinates>85.17524588401123,27.064128469603503 </coordinates>
  </Point>
</Placemark><Placemark>
  <ExtendedData>
    <Data name='ag'>
      <value>1</value>
    </Data>
    <Data name='system:index'>
      <value>1830</value>
    </Data>
  </ExtendedData>
  <Point>
    <coordinates>85.81448704019068,26.856348144386658 </coordinates>
  </Point>
</Placemark><Placemark>
  <ExtendedData>
    <Data name='ag'>
      <value>1</value>
    </Data>
    <Data name='system:index'>
      <value>1831</value>
    </Data>
  </ExtendedData>
  <Point>
    <coordinates>83.07399660292727,27.483731538815732 </coordinates>
  </Point>
</Placemark><Placemark>
  <ExtendedData>
    <Data name='ag'>
      <value>1</value>
    </Data>
    <Data name='system:index'>
      <value>1832</value>
    </Data>
  </ExtendedData>
  <Point>
    <coordinates>86.35239823232146,27.569430816920736 </coordinates>
  </Point>
</Placemark><Placemark>
  <ExtendedData>
    <Data name='ag'>
      <value>1</value>
    </Data>
    <Data name='system:index'>
      <value>1833</value>
    </Data>
  </ExtendedData>
  <Point>
    <coordinates>84.58101032356618,27.990920348229615 </coordinates>
  </Point>
</Placemark><Placemark>
  <ExtendedData>
    <Data name='ag'>
      <value>1</value>
    </Data>
    <Data name='system:index'>
      <value>1834</value>
    </Data>
  </ExtendedData>
  <Point>
    <coordinates>82.36145291956366,28.083895980135985 </coordinates>
  </Point>
</Placemark><Placemark>
  <ExtendedData>
    <Data name='ag'>
      <value>1</value>
    </Data>
    <Data name='system:index'>
      <value>1836</value>
    </Data>
  </ExtendedData>
  <Point>
    <coordinates>84.81547061272137,27.09754579817275 </coordinates>
  </Point>
</Placemark><Placemark>
  <ExtendedData>
    <Data name='ag'>
      <value>1</value>
    </Data>
    <Data name='system:index'>
      <value>1837</value>
    </Data>
  </ExtendedData>
  <Point>
    <coordinates>85.18360021615355,26.986514029055577 </coordinates>
  </Point>
</Placemark><Placemark>
  <ExtendedData>
    <Data name='ag'>
      <value>1</value>
    </Data>
    <Data name='system:index'>
      <value>1838</value>
    </Data>
  </ExtendedData>
  <Point>
    <coordinates>86.38716303381688,26.71432449796736 </coordinates>
  </Point>
</Placemark><Placemark>
  <ExtendedData>
    <Data name='ag'>
      <value>1</value>
    </Data>
    <Data name='system:index'>
      <value>1839</value>
    </Data>
  </ExtendedData>
  <Point>
    <coordinates>82.0663563487304,28.63393442860237 </coordinates>
  </Point>
</Placemark><Placemark>
  <ExtendedData>
    <Data name='ag'>
      <value>1</value>
    </Data>
    <Data name='system:index'>
      <value>1840</value>
    </Data>
  </ExtendedData>
  <Point>
    <coordinates>80.8600985852147,29.511947787300787 </coordinates>
  </Point>
</Placemark><Placemark>
  <ExtendedData>
    <Data name='ag'>
      <value>1</value>
    </Data>
    <Data name='system:index'>
      <value>1841</value>
    </Data>
  </ExtendedData>
  <Point>
    <coordinates>81.4583765644383,28.757632443225628 </coordinates>
  </Point>
</Placemark><Placemark>
  <ExtendedData>
    <Data name='ag'>
      <value>1</value>
    </Data>
    <Data name='system:index'>
      <value>1842</value>
    </Data>
  </ExtendedData>
  <Point>
    <coordinates>86.45857909890438,26.92399128528086 </coordinates>
  </Point>
</Placemark><Placemark>
  <ExtendedData>
    <Data name='ag'>
      <value>1</value>
    </Data>
    <Data name='system:index'>
      <value>1843</value>
    </Data>
  </ExtendedData>
  <Point>
    <coordinates>80.46717547994082,29.291770711163092 </coordinates>
  </Point>
</Placemark><Placemark>
  <ExtendedData>
    <Data name='ag'>
      <value>1</value>
    </Data>
    <Data name='system:index'>
      <value>1844</value>
    </Data>
  </ExtendedData>
  <Point>
    <coordinates>83.25725292088765,27.99792720744575 </coordinates>
  </Point>
</Placemark><Placemark>
  <ExtendedData>
    <Data name='ag'>
      <value>1</value>
    </Data>
    <Data name='system:index'>
      <value>1845</value>
    </Data>
  </ExtendedData>
  <Point>
    <coordinates>85.92471032555216,26.792747422270995 </coordinates>
  </Point>
</Placemark><Placemark>
  <ExtendedData>
    <Data name='ag'>
      <value>1</value>
    </Data>
    <Data name='system:index'>
      <value>1846</value>
    </Data>
  </ExtendedData>
  <Point>
    <coordinates>85.79885635424701,26.776577747156846 </coordinates>
  </Point>
</Placemark><Placemark>
  <ExtendedData>
    <Data name='ag'>
      <value>1</value>
    </Data>
    <Data name='system:index'>
      <value>1848</value>
    </Data>
  </ExtendedData>
  <Point>
    <coordinates>84.22931988983338,28.15639002356443 </coordinates>
  </Point>
</Placemark><Placemark>
  <ExtendedData>
    <Data name='ag'>
      <value>1</value>
    </Data>
    <Data name='system:index'>
      <value>1849</value>
    </Data>
  </ExtendedData>
  <Point>
    <coordinates>83.60139750623384,28.120277749142826 </coordinates>
  </Point>
</Placemark><Placemark>
  <ExtendedData>
    <Data name='ag'>
      <value>1</value>
    </Data>
    <Data name='system:index'>
      <value>1850</value>
    </Data>
  </ExtendedData>
  <Point>
    <coordinates>82.98425490604372,27.749453199858287 </coordinates>
  </Point>
</Placemark><Placemark>
  <ExtendedData>
    <Data name='ag'>
      <value>1</value>
    </Data>
    <Data name='system:index'>
      <value>1851</value>
    </Data>
  </ExtendedData>
  <Point>
    <coordinates>83.85526140552601,27.444385329371297 </coordinates>
  </Point>
</Placemark><Placemark>
  <ExtendedData>
    <Data name='ag'>
      <value>1</value>
    </Data>
    <Data name='system:index'>
      <value>1852</value>
    </Data>
  </ExtendedData>
  <Point>
    <coordinates>87.39911520137753,27.75322612405159 </coordinates>
  </Point>
</Placemark><Placemark>
  <ExtendedData>
    <Data name='ag'>
      <value>1</value>
    </Data>
    <Data name='system:index'>
      <value>1853</value>
    </Data>
  </ExtendedData>
  <Point>
    <coordinates>84.86963902435377,27.81305392197395 </coordinates>
  </Point>
</Placemark><Placemark>
  <ExtendedData>
    <Data name='ag'>
      <value>1</value>
    </Data>
    <Data name='system:index'>
      <value>1854</value>
    </Data>
  </ExtendedData>
  <Point>
    <coordinates>83.3906527405794,28.2102889406116 </coordinates>
  </Point>
</Placemark><Placemark>
  <ExtendedData>
    <Data name='ag'>
      <value>1</value>
    </Data>
    <Data name='system:index'>
      <value>1855</value>
    </Data>
  </ExtendedData>
  <Point>
    <coordinates>81.61468342387509,28.196544716764574 </coordinates>
  </Point>
</Placemark><Placemark>
  <ExtendedData>
    <Data name='ag'>
      <value>1</value>
    </Data>
    <Data name='system:index'>
      <value>1856</value>
    </Data>
  </ExtendedData>
  <Point>
    <coordinates>86.47798270904137,26.767684425844063 </coordinates>
  </Point>
</Placemark><Placemark>
  <ExtendedData>
    <Data name='ag'>
      <value>1</value>
    </Data>
    <Data name='system:index'>
      <value>1857</value>
    </Data>
  </ExtendedData>
  <Point>
    <coordinates>85.3245458842319,27.531162585817242 </coordinates>
  </Point>
</Placemark><Placemark>
  <ExtendedData>
    <Data name='ag'>
      <value>1</value>
    </Data>
    <Data name='system:index'>
      <value>1858</value>
    </Data>
  </ExtendedData>
  <Point>
    <coordinates>85.52666682315879,27.666448867605645 </coordinates>
  </Point>
</Placemark><Placemark>
  <ExtendedData>
    <Data name='ag'>
      <value>1</value>
    </Data>
    <Data name='system:index'>
      <value>1859</value>
    </Data>
  </ExtendedData>
  <Point>
    <coordinates>86.39120545259541,27.02532124932954 </coordinates>
  </Point>
</Placemark><Placemark>
  <ExtendedData>
    <Data name='ag'>
      <value>1</value>
    </Data>
    <Data name='system:index'>
      <value>1860</value>
    </Data>
  </ExtendedData>
  <Point>
    <coordinates>81.38803847769175,28.984007894823744 </coordinates>
  </Point>
</Placemark><Placemark>
  <ExtendedData>
    <Data name='ag'>
      <value>1</value>
    </Data>
    <Data name='system:index'>
      <value>1861</value>
    </Data>
  </ExtendedData>
  <Point>
    <coordinates>80.91588396435853,29.254041469230074 </coordinates>
  </Point>
</Placemark><Placemark>
  <ExtendedData>
    <Data name='ag'>
      <value>1</value>
    </Data>
    <Data name='system:index'>
      <value>1862</value>
    </Data>
  </ExtendedData>
  <Point>
    <coordinates>82.19679172798455,29.497125585112816 </coordinates>
  </Point>
</Placemark><Placemark>
  <ExtendedData>
    <Data name='ag'>
      <value>1</value>
    </Data>
    <Data name='system:index'>
      <value>1863</value>
    </Data>
  </ExtendedData>
  <Point>
    <coordinates>87.40342711474129,26.503849226898158 </coordinates>
  </Point>
</Placemark><Placemark>
  <ExtendedData>
    <Data name='ag'>
      <value>1</value>
    </Data>
    <Data name='system:index'>
      <value>1864</value>
    </Data>
  </ExtendedData>
  <Point>
    <coordinates>81.35785508414533,28.822850132852704 </coordinates>
  </Point>
</Placemark><Placemark>
  <ExtendedData>
    <Data name='ag'>
      <value>1</value>
    </Data>
    <Data name='system:index'>
      <value>1865</value>
    </Data>
  </ExtendedData>
  <Point>
    <coordinates>85.65629371865724,27.356530094584407 </coordinates>
  </Point>
</Placemark><Placemark>
  <ExtendedData>
    <Data name='ag'>
      <value>1</value>
    </Data>
    <Data name='system:index'>
      <value>1866</value>
    </Data>
  </ExtendedData>
  <Point>
    <coordinates>86.76688090441421,26.76148605038364 </coordinates>
  </Point>
</Placemark><Placemark>
  <ExtendedData>
    <Data name='ag'>
      <value>1</value>
    </Data>
    <Data name='system:index'>
      <value>1867</value>
    </Data>
  </ExtendedData>
  <Point>
    <coordinates>80.74367692439282,29.581207895706402 </coordinates>
  </Point>
</Placemark><Placemark>
  <ExtendedData>
    <Data name='ag'>
      <value>1</value>
    </Data>
    <Data name='system:index'>
      <value>1868</value>
    </Data>
  </ExtendedData>
  <Point>
    <coordinates>80.30520923421408,28.763561324100817 </coordinates>
  </Point>
</Placemark><Placemark>
  <ExtendedData>
    <Data name='ag'>
      <value>1</value>
    </Data>
    <Data name='system:index'>
      <value>1869</value>
    </Data>
  </ExtendedData>
  <Point>
    <coordinates>83.84960201923606,27.365692910482426 </coordinates>
  </Point>
</Placemark><Placemark>
  <ExtendedData>
    <Data name='ag'>
      <value>1</value>
    </Data>
    <Data name='system:index'>
      <value>1870</value>
    </Data>
  </ExtendedData>
  <Point>
    <coordinates>87.55919498500762,26.608682620554905 </coordinates>
  </Point>
</Placemark><Placemark>
  <ExtendedData>
    <Data name='ag'>
      <value>1</value>
    </Data>
    <Data name='system:index'>
      <value>1871</value>
    </Data>
  </ExtendedData>
  <Point>
    <coordinates>87.89768018406386,26.63563207907849 </coordinates>
  </Point>
</Placemark><Placemark>
  <ExtendedData>
    <Data name='ag'>
      <value>1</value>
    </Data>
    <Data name='system:index'>
      <value>1872</value>
    </Data>
  </ExtendedData>
  <Point>
    <coordinates>84.15736483557541,27.822486232457205 </coordinates>
  </Point>
</Placemark><Placemark>
  <ExtendedData>
    <Data name='ag'>
      <value>1</value>
    </Data>
    <Data name='system:index'>
      <value>1873</value>
    </Data>
  </ExtendedData>
  <Point>
    <coordinates>82.03078306347926,28.6905282915019 </coordinates>
  </Point>
</Placemark><Placemark>
  <ExtendedData>
    <Data name='ag'>
      <value>1</value>
    </Data>
    <Data name='system:index'>
      <value>1874</value>
    </Data>
  </ExtendedData>
  <Point>
    <coordinates>85.27873180474181,26.783584606372976 </coordinates>
  </Point>
</Placemark><Placemark>
  <ExtendedData>
    <Data name='ag'>
      <value>1</value>
    </Data>
    <Data name='system:index'>
      <value>1875</value>
    </Data>
  </ExtendedData>
  <Point>
    <coordinates>85.94519191403008,26.9107860506043 </coordinates>
  </Point>
</Placemark><Placemark>
  <ExtendedData>
    <Data name='ag'>
      <value>1</value>
    </Data>
    <Data name='system:index'>
      <value>1876</value>
    </Data>
  </ExtendedData>
  <Point>
    <coordinates>81.28563053530212,28.87971349033747 </coordinates>
  </Point>
</Placemark><Placemark>
  <ExtendedData>
    <Data name='ag'>
      <value>1</value>
    </Data>
    <Data name='system:index'>
      <value>1877</value>
    </Data>
  </ExtendedData>
  <Point>
    <coordinates>85.44500996383233,26.794094895197176 </coordinates>
  </Point>
</Placemark><Placemark>
  <ExtendedData>
    <Data name='ag'>
      <value>1</value>
    </Data>
    <Data name='system:index'>
      <value>1878</value>
    </Data>
  </ExtendedData>
  <Point>
    <coordinates>85.62125942257657,27.92085175606829 </coordinates>
  </Point>
</Placemark><Placemark>
  <ExtendedData>
    <Data name='ag'>
      <value>1</value>
    </Data>
    <Data name='system:index'>
      <value>1879</value>
    </Data>
  </ExtendedData>
  <Point>
    <coordinates>84.25734732669791,27.8397338859123 </coordinates>
  </Point>
</Placemark><Placemark>
  <ExtendedData>
    <Data name='ag'>
      <value>1</value>
    </Data>
    <Data name='system:index'>
      <value>1880</value>
    </Data>
  </ExtendedData>
  <Point>
    <coordinates>85.9799567155255,26.837753018005383 </coordinates>
  </Point>
</Placemark><Placemark>
  <ExtendedData>
    <Data name='ag'>
      <value>1</value>
    </Data>
    <Data name='system:index'>
      <value>1882</value>
    </Data>
  </ExtendedData>
  <Point>
    <coordinates>86.24082747403381,26.665545978039674 </coordinates>
  </Point>
</Placemark><Placemark>
  <ExtendedData>
    <Data name='ag'>
      <value>1</value>
    </Data>
    <Data name='system:index'>
      <value>1883</value>
    </Data>
  </ExtendedData>
  <Point>
    <coordinates>81.50634660061029,29.005567461642613 </coordinates>
  </Point>
</Placemark><Placemark>
  <ExtendedData>
    <Data name='ag'>
      <value>1</value>
    </Data>
    <Data name='system:index'>
      <value>1884</value>
    </Data>
  </ExtendedData>
  <Point>
    <coordinates>83.569597145176,27.81817431909343 </coordinates>
  </Point>
</Placemark><Placemark>
  <ExtendedData>
    <Data name='ag'>
      <value>1</value>
    </Data>
    <Data name='system:index'>
      <value>1885</value>
    </Data>
  </ExtendedData>
  <Point>
    <coordinates>85.12431140740166,26.969805364770956 </coordinates>
  </Point>
</Placemark><Placemark>
  <ExtendedData>
    <Data name='ag'>
      <value>1</value>
    </Data>
    <Data name='system:index'>
      <value>1886</value>
    </Data>
  </ExtendedData>
  <Point>
    <coordinates>81.99979118617713,28.625580096460055 </coordinates>
  </Point>
</Placemark><Placemark>
  <ExtendedData>
    <Data name='ag'>
      <value>1</value>
    </Data>
    <Data name='system:index'>
      <value>1887</value>
    </Data>
  </ExtendedData>
  <Point>
    <coordinates>84.36029425825801,28.475202117898448 </coordinates>
  </Point>
</Placemark><Placemark>
  <ExtendedData>
    <Data name='ag'>
      <value>1</value>
    </Data>
    <Data name='system:index'>
      <value>1888</value>
    </Data>
  </ExtendedData>
  <Point>
    <coordinates>82.4444572518163,28.06018045663523 </coordinates>
  </Point>
</Placemark><Placemark>
  <ExtendedData>
    <Data name='ag'>
      <value>1</value>
    </Data>
    <Data name='system:index'>
      <value>1889</value>
    </Data>
  </ExtendedData>
  <Point>
    <coordinates>83.50330147720798,28.40109110695859 </coordinates>
  </Point>
</Placemark><Placemark>
  <ExtendedData>
    <Data name='ag'>
      <value>1</value>
    </Data>
    <Data name='system:index'>
      <value>1891</value>
    </Data>
  </ExtendedData>
  <Point>
    <coordinates>84.8825747644451,27.70498659329437 </coordinates>
  </Point>
</Placemark><Placemark>
  <ExtendedData>
    <Data name='ag'>
      <value>1</value>
    </Data>
    <Data name='system:index'>
      <value>1892</value>
    </Data>
  </ExtendedData>
  <Point>
    <coordinates>87.18001610358077,26.49711186226726 </coordinates>
  </Point>
</Placemark><Placemark>
  <ExtendedData>
    <Data name='ag'>
      <value>1</value>
    </Data>
    <Data name='system:index'>
      <value>1893</value>
    </Data>
  </ExtendedData>
  <Point>
    <coordinates>81.40474714197637,28.994518183647944 </coordinates>
  </Point>
</Placemark><Placemark>
  <ExtendedData>
    <Data name='ag'>
      <value>1</value>
    </Data>
    <Data name='system:index'>
      <value>1894</value>
    </Data>
  </ExtendedData>
  <Point>
    <coordinates>82.08549046428215,29.713799231642444 </coordinates>
  </Point>
</Placemark><Placemark>
  <ExtendedData>
    <Data name='ag'>
      <value>1</value>
    </Data>
    <Data name='system:index'>
      <value>1896</value>
    </Data>
  </ExtendedData>
  <Point>
    <coordinates>81.82461970577383,28.671124681364915 </coordinates>
  </Point>
</Placemark><Placemark>
  <ExtendedData>
    <Data name='ag'>
      <value>1</value>
    </Data>
    <Data name='system:index'>
      <value>1897</value>
    </Data>
  </ExtendedData>
  <Point>
    <coordinates>86.26373451377886,26.810803559481798 </coordinates>
  </Point>
</Placemark><Placemark>
  <ExtendedData>
    <Data name='ag'>
      <value>1</value>
    </Data>
    <Data name='system:index'>
      <value>1898</value>
    </Data>
  </ExtendedData>
  <Point>
    <coordinates>80.6256382960595,29.31818118051621 </coordinates>
  </Point>
</Placemark><Placemark>
  <ExtendedData>
    <Data name='ag'>
      <value>1</value>
    </Data>
    <Data name='system:index'>
      <value>1899</value>
    </Data>
  </ExtendedData>
  <Point>
    <coordinates>82.18708992291606,28.12647612460325 </coordinates>
  </Point>
</Placemark><Placemark>
  <ExtendedData>
    <Data name='ag'>
      <value>1</value>
    </Data>
    <Data name='system:index'>
      <value>1900</value>
    </Data>
  </ExtendedData>
  <Point>
    <coordinates>80.65097078707167,28.681634970189116 </coordinates>
  </Point>
</Placemark><Placemark>
  <ExtendedData>
    <Data name='ag'>
      <value>1</value>
    </Data>
    <Data name='system:index'>
      <value>1902</value>
    </Data>
  </ExtendedData>
  <Point>
    <coordinates>84.91787855511099,27.109673054508363 </coordinates>
  </Point>
</Placemark><Placemark>
  <ExtendedData>
    <Data name='ag'>
      <value>1</value>
    </Data>
    <Data name='system:index'>
      <value>1903</value>
    </Data>
  </ExtendedData>
  <Point>
    <coordinates>86.09098848464268,27.365692910482426 </coordinates>
  </Point>
</Placemark><Placemark>
  <ExtendedData>
    <Data name='ag'>
      <value>1</value>
    </Data>
    <Data name='system:index'>
      <value>1904</value>
    </Data>
  </ExtendedData>
  <Point>
    <coordinates>86.30927909868372,26.707587133336467 </coordinates>
  </Point>
</Placemark><Placemark>
  <ExtendedData>
    <Data name='ag'>
      <value>1</value>
    </Data>
    <Data name='system:index'>
      <value>1905</value>
    </Data>
  </ExtendedData>
  <Point>
    <coordinates>85.25582476499676,26.878446700376 </coordinates>
  </Point>
</Placemark><Placemark>
  <ExtendedData>
    <Data name='ag'>
      <value>1</value>
    </Data>
    <Data name='system:index'>
      <value>1907</value>
    </Data>
  </ExtendedData>
  <Point>
    <coordinates>86.3879715175726,26.645872873317455 </coordinates>
  </Point>
</Placemark><Placemark>
  <ExtendedData>
    <Data name='ag'>
      <value>1</value>
    </Data>
    <Data name='system:index'>
      <value>1908</value>
    </Data>
  </ExtendedData>
  <Point>
    <coordinates>83.7544704306478,27.50717756773125 </coordinates>
  </Point>
</Placemark><Placemark>
  <ExtendedData>
    <Data name='ag'>
      <value>1</value>
    </Data>
    <Data name='system:index'>
      <value>1909</value>
    </Data>
  </ExtendedData>
  <Point>
    <coordinates>85.66761249123715,27.554339120147528 </coordinates>
  </Point>
</Placemark><Placemark>
  <ExtendedData>
    <Data name='ag'>
      <value>1</value>
    </Data>
    <Data name='system:index'>
      <value>1910</value>
    </Data>
  </ExtendedData>
  <Point>
    <coordinates>82.76838974326981,27.616053380166537 </coordinates>
  </Point>
</Placemark><Placemark>
  <ExtendedData>
    <Data name='ag'>
      <value>1</value>
    </Data>
    <Data name='system:index'>
      <value>1911</value>
    </Data>
  </ExtendedData>
  <Point>
    <coordinates>86.0370895675955,27.40773406577922 </coordinates>
  </Point>
</Placemark><Placemark>
  <ExtendedData>
    <Data name='ag'>
      <value>1</value>
    </Data>
    <Data name='system:index'>
      <value>1912</value>
    </Data>
  </ExtendedData>
  <Point>
    <coordinates>86.83668000199029,26.628355725277125 </coordinates>
  </Point>
</Placemark><Placemark>
  <ExtendedData>
    <Data name='ag'>
      <value>1</value>
    </Data>
    <Data name='system:index'>
      <value>1913</value>
    </Data>
  </ExtendedData>
  <Point>
    <coordinates>82.47437115077749,28.69160626984284 </coordinates>
  </Point>
</Placemark><Placemark>
  <ExtendedData>
    <Data name='ag'>
      <value>1</value>
    </Data>
    <Data name='system:index'>
      <value>1916</value>
    </Data>
  </ExtendedData>
  <Point>
    <coordinates>81.01586645548103,28.674358616387746 </coordinates>
  </Point>
</Placemark><Placemark>
  <ExtendedData>
    <Data name='ag'>
      <value>1</value>
    </Data>
    <Data name='system:index'>
      <value>1917</value>
    </Data>
  </ExtendedData>
  <Point>
    <coordinates>86.4459128533983,26.733458613519108 </coordinates>
  </Point>
</Placemark><Placemark>
  <ExtendedData>
    <Data name='ag'>
      <value>1</value>
    </Data>
    <Data name='system:index'>
      <value>1918</value>
    </Data>
  </ExtendedData>
  <Point>
    <coordinates>86.58605003772094,26.74046547273524 </coordinates>
  </Point>
</Placemark><Placemark>
  <ExtendedData>
    <Data name='ag'>
      <value>1</value>
    </Data>
    <Data name='system:index'>
      <value>1919</value>
    </Data>
  </ExtendedData>
  <Point>
    <coordinates>86.58254660811288,26.51085608611429 </coordinates>
  </Point>
</Placemark><Placemark>
  <ExtendedData>
    <Data name='ag'>
      <value>1</value>
    </Data>
    <Data name='system:index'>
      <value>1920</value>
    </Data>
  </ExtendedData>
  <Point>
    <coordinates>83.25698342630241,27.489929914276157 </coordinates>
  </Point>
</Placemark><Placemark>
  <ExtendedData>
    <Data name='ag'>
      <value>1</value>
    </Data>
    <Data name='system:index'>
      <value>1921</value>
    </Data>
  </ExtendedData>
  <Point>
    <coordinates>86.27424480260306,26.762294534139343 </coordinates>
  </Point>
</Placemark><Placemark>
  <ExtendedData>
    <Data name='ag'>
      <value>1</value>
    </Data>
    <Data name='system:index'>
      <value>1922</value>
    </Data>
  </ExtendedData>
  <Point>
    <coordinates>86.19582187829943,26.62539128483953 </coordinates>
  </Point>
</Placemark><Placemark>
  <ExtendedData>
    <Data name='ag'>
      <value>1</value>
    </Data>
    <Data name='system:index'>
      <value>1923</value>
    </Data>
  </ExtendedData>
  <Point>
    <coordinates>83.55585292132898,27.610932983047057 </coordinates>
  </Point>
</Placemark><Placemark>
  <ExtendedData>
    <Data name='ag'>
      <value>1</value>
    </Data>
    <Data name='system:index'>
      <value>1924</value>
    </Data>
  </ExtendedData>
  <Point>
    <coordinates>86.8975857782536,26.606257169287783 </coordinates>
  </Point>
</Placemark><Placemark>
  <ExtendedData>
    <Data name='ag'>
      <value>1</value>
    </Data>
    <Data name='system:index'>
      <value>1925</value>
    </Data>
  </ExtendedData>
  <Point>
    <coordinates>85.27819281557133,27.772360239603334 </coordinates>
  </Point>
</Placemark><Placemark>
  <ExtendedData>
    <Data name='ag'>
      <value>1</value>
    </Data>
    <Data name='system:index'>
      <value>1926</value>
    </Data>
  </ExtendedData>
  <Point>
    <coordinates>87.93298397472975,26.918331898990907 </coordinates>
  </Point>
</Placemark><Placemark>
  <ExtendedData>
    <Data name='ag'>
      <value>1</value>
    </Data>
    <Data name='system:index'>
      <value>1927</value>
    </Data>
  </ExtendedData>
  <Point>
    <coordinates>85.17174245440317,26.894346880904916 </coordinates>
  </Point>
</Placemark><Placemark>
  <ExtendedData>
    <Data name='ag'>
      <value>1</value>
    </Data>
    <Data name='system:index'>
      <value>1928</value>
    </Data>
  </ExtendedData>
  <Point>
    <coordinates>83.52998144114633,28.28898135950047 </coordinates>
  </Point>
</Placemark><Placemark>
  <ExtendedData>
    <Data name='ag'>
      <value>1</value>
    </Data>
    <Data name='system:index'>
      <value>1929</value>
    </Data>
  </ExtendedData>
  <Point>
    <coordinates>82.81070039315183,27.69663226115206 </coordinates>
  </Point>
</Placemark><Placemark>
  <ExtendedData>
    <Data name='ag'>
      <value>1</value>
    </Data>
    <Data name='system:index'>
      <value>1930</value>
    </Data>
  </ExtendedData>
  <Point>
    <coordinates>81.82408071660336,28.81665175739228 </coordinates>
  </Point>
</Placemark><Placemark>
  <ExtendedData>
    <Data name='ag'>
      <value>1</value>
    </Data>
    <Data name='system:index'>
      <value>1932</value>
    </Data>
  </ExtendedData>
  <Point>
    <coordinates>81.66642638424038,29.278026487316065 </coordinates>
  </Point>
</Placemark><Placemark>
  <ExtendedData>
    <Data name='ag'>
      <value>1</value>
    </Data>
    <Data name='system:index'>
      <value>1933</value>
    </Data>
  </ExtendedData>
  <Point>
    <coordinates>81.14306789971235,28.583538941163262 </coordinates>
  </Point>
</Placemark><Placemark>
  <ExtendedData>
    <Data name='ag'>
      <value>1</value>
    </Data>
    <Data name='system:index'>
      <value>1935</value>
    </Data>
  </ExtendedData>
  <Point>
    <coordinates>87.42175274653734,26.687644534029012 </coordinates>
  </Point>
</Placemark><Placemark>
  <ExtendedData>
    <Data name='ag'>
      <value>1</value>
    </Data>
    <Data name='system:index'>
      <value>1936</value>
    </Data>
  </ExtendedData>
  <Point>
    <coordinates>83.71350725369194,28.127554102944195 </coordinates>
  </Point>
</Placemark><Placemark>
  <ExtendedData>
    <Data name='ag'>
      <value>1</value>
    </Data>
    <Data name='system:index'>
      <value>1937</value>
    </Data>
  </ExtendedData>
  <Point>
    <coordinates>86.06080509109626,27.408003560364456 </coordinates>
  </Point>
</Placemark><Placemark>
  <ExtendedData>
    <Data name='ag'>
      <value>1</value>
    </Data>
    <Data name='system:index'>
      <value>1938</value>
    </Data>
  </ExtendedData>
  <Point>
    <coordinates>83.57202259644312,27.518226845725923 </coordinates>
  </Point>
</Placemark><Placemark>
  <ExtendedData>
    <Data name='ag'>
      <value>1</value>
    </Data>
    <Data name='system:index'>
      <value>1939</value>
    </Data>
  </ExtendedData>
  <Point>
    <coordinates>82.87214515858561,28.117852297875704 </coordinates>
  </Point>
</Placemark><Placemark>
  <ExtendedData>
    <Data name='ag'>
      <value>1</value>
    </Data>
    <Data name='system:index'>
      <value>1940</value>
    </Data>
  </ExtendedData>
  <Point>
    <coordinates>83.34753360694165,28.24828767712986 </coordinates>
  </Point>
</Placemark><Placemark>
  <ExtendedData>
    <Data name='ag'>
      <value>1</value>
    </Data>
    <Data name='system:index'>
      <value>1941</value>
    </Data>
  </ExtendedData>
  <Point>
    <coordinates>82.70182458071655,28.69295374276902 </coordinates>
  </Point>
</Placemark><Placemark>
  <ExtendedData>
    <Data name='ag'>
      <value>1</value>
    </Data>
    <Data name='system:index'>
      <value>1942</value>
    </Data>
  </ExtendedData>
  <Point>
    <coordinates>81.95128216083468,28.375758615946417 </coordinates>
  </Point>
</Placemark><Placemark>
  <ExtendedData>
    <Data name='ag'>
      <value>1</value>
    </Data>
    <Data name='system:index'>
      <value>1943</value>
    </Data>
  </ExtendedData>
  <Point>
    <coordinates>81.91678685392449,27.868569806532534 </coordinates>
  </Point>
</Placemark><Placemark>
  <ExtendedData>
    <Data name='ag'>
      <value>1</value>
    </Data>
    <Data name='system:index'>
      <value>1944</value>
    </Data>
  </ExtendedData>
  <Point>
    <coordinates>81.31284948841095,28.445288218937268 </coordinates>
  </Point>
</Placemark><Placemark>
  <ExtendedData>
    <Data name='ag'>
      <value>1</value>
    </Data>
    <Data name='system:index'>
      <value>1945</value>
    </Data>
  </ExtendedData>
  <Point>
    <coordinates>80.42540381922926,28.71316583666171 </coordinates>
  </Point>
</Placemark><Placemark>
  <ExtendedData>
    <Data name='ag'>
      <value>1</value>
    </Data>
    <Data name='system:index'>
      <value>1946</value>
    </Data>
  </ExtendedData>
  <Point>
    <coordinates>85.39488397097846,27.455165112780733 </coordinates>
  </Point>
</Placemark><Placemark>
  <ExtendedData>
    <Data name='ag'>
      <value>1</value>
    </Data>
    <Data name='system:index'>
      <value>1947</value>
    </Data>
  </ExtendedData>
  <Point>
    <coordinates>82.04371880357058,28.78485139633445 </coordinates>
  </Point>
</Placemark><Placemark>
  <ExtendedData>
    <Data name='ag'>
      <value>1</value>
    </Data>
    <Data name='system:index'>
      <value>1948</value>
    </Data>
  </ExtendedData>
  <Point>
    <coordinates>80.40573071450704,28.685138399797182 </coordinates>
  </Point>
</Placemark><Placemark>
  <ExtendedData>
    <Data name='ag'>
      <value>1</value>
    </Data>
    <Data name='system:index'>
      <value>1949</value>
    </Data>
  </ExtendedData>
  <Point>
    <coordinates>86.85662260129774,26.970883343111897 </coordinates>
  </Point>
</Placemark><Placemark>
  <ExtendedData>
    <Data name='ag'>
      <value>1</value>
    </Data>
    <Data name='system:index'>
      <value>1950</value>
    </Data>
  </ExtendedData>
  <Point>
    <coordinates>81.23496555327777,28.816921251977515 </coordinates>
  </Point>
</Placemark><Placemark>
  <ExtendedData>
    <Data name='ag'>
      <value>1</value>
    </Data>
    <Data name='system:index'>
      <value>1952</value>
    </Data>
  </ExtendedData>
  <Point>
    <coordinates>81.29775779163774,29.64265266114018 </coordinates>
  </Point>
</Placemark><Placemark>
  <ExtendedData>
    <Data name='ag'>
      <value>1</value>
    </Data>
    <Data name='system:index'>
      <value>1953</value>
    </Data>
  </ExtendedData>
  <Point>
    <coordinates>81.57668468735685,29.18801529584729 </coordinates>
  </Point>
</Placemark><Placemark>
  <ExtendedData>
    <Data name='ag'>
      <value>1</value>
    </Data>
    <Data name='system:index'>
      <value>1954</value>
    </Data>
  </ExtendedData>
  <Point>
    <coordinates>87.62549065297564,27.14955825312327 </coordinates>
  </Point>
</Placemark><Placemark>
  <ExtendedData>
    <Data name='ag'>
      <value>1</value>
    </Data>
    <Data name='system:index'>
      <value>1955</value>
    </Data>
  </ExtendedData>
  <Point>
    <coordinates>82.75949642195702,27.81547937324107 </coordinates>
  </Point>
</Placemark><Placemark>
  <ExtendedData>
    <Data name='ag'>
      <value>1</value>
    </Data>
    <Data name='system:index'>
      <value>1956</value>
    </Data>
  </ExtendedData>
  <Point>
    <coordinates>82.09007187223115,29.153789483522335 </coordinates>
  </Point>
</Placemark><Placemark>
  <ExtendedData>
    <Data name='ag'>
      <value>1</value>
    </Data>
    <Data name='system:index'>
      <value>1957</value>
    </Data>
  </ExtendedData>
  <Point>
    <coordinates>86.08505960376749,27.31880085265139 </coordinates>
  </Point>
</Placemark><Placemark>
  <ExtendedData>
    <Data name='ag'>
      <value>1</value>
    </Data>
    <Data name='system:index'>
      <value>1958</value>
    </Data>
  </ExtendedData>
  <Point>
    <coordinates>86.26669895421645,27.236605004154452 </coordinates>
  </Point>
</Placemark><Placemark>
  <ExtendedData>
    <Data name='ag'>
      <value>1</value>
    </Data>
    <Data name='system:index'>
      <value>1960</value>
    </Data>
  </ExtendedData>
  <Point>
    <coordinates>82.82094118739079,27.500979192270826 </coordinates>
  </Point>
</Placemark><Placemark>
  <ExtendedData>
    <Data name='ag'>
      <value>1</value>
    </Data>
    <Data name='system:index'>
      <value>1961</value>
    </Data>
  </ExtendedData>
  <Point>
    <coordinates>80.1933689813412,29.005567461642613 </coordinates>
  </Point>
</Placemark><Placemark>
  <ExtendedData>
    <Data name='ag'>
      <value>1</value>
    </Data>
    <Data name='system:index'>
      <value>1962</value>
    </Data>
  </ExtendedData>
  <Point>
    <coordinates>85.46441357396931,26.930728649911757 </coordinates>
  </Point>
</Placemark><Placemark>
  <ExtendedData>
    <Data name='ag'>
      <value>1</value>
    </Data>
    <Data name='system:index'>
      <value>1963</value>
    </Data>
  </ExtendedData>
  <Point>
    <coordinates>83.31438577295765,27.59907522129668 </coordinates>
  </Point>
</Placemark><Placemark>
  <ExtendedData>
    <Data name='ag'>
      <value>1</value>
    </Data>
    <Data name='system:index'>
      <value>1964</value>
    </Data>
  </ExtendedData>
  <Point>
    <coordinates>81.32794118518414,29.040062768552804 </coordinates>
  </Point>
</Placemark><Placemark>
  <ExtendedData>
    <Data name='ag'>
      <value>1</value>
    </Data>
    <Data name='system:index'>
      <value>1965</value>
    </Data>
  </ExtendedData>
  <Point>
    <coordinates>82.76542530283221,28.104647063199145 </coordinates>
  </Point>
</Placemark><Placemark>
  <ExtendedData>
    <Data name='ag'>
      <value>1</value>
    </Data>
    <Data name='system:index'>
      <value>1966</value>
    </Data>
  </ExtendedData>
  <Point>
    <coordinates>86.05083379144253,27.24657630380818 </coordinates>
  </Point>
</Placemark><Placemark>
  <ExtendedData>
    <Data name='ag'>
      <value>1</value>
    </Data>
    <Data name='system:index'>
      <value>1967</value>
    </Data>
  </ExtendedData>
  <Point>
    <coordinates>87.78206700699768,26.4868710680283 </coordinates>
  </Point>
</Placemark><Placemark>
  <ExtendedData>
    <Data name='ag'>
      <value>1</value>
    </Data>
    <Data name='system:index'>
      <value>1968</value>
    </Data>
  </ExtendedData>
  <Point>
    <coordinates>87.92301267507602,26.974386772719964 </coordinates>
  </Point>
</Placemark><Placemark>
  <ExtendedData>
    <Data name='ag'>
      <value>1</value>
    </Data>
    <Data name='system:index'>
      <value>1969</value>
    </Data>
  </ExtendedData>
  <Point>
    <coordinates>85.90530671541516,26.63967449785703 </coordinates>
  </Point>
</Placemark><Placemark>
  <ExtendedData>
    <Data name='ag'>
      <value>1</value>
    </Data>
    <Data name='system:index'>
      <value>1970</value>
    </Data>
  </ExtendedData>
  <Point>
    <coordinates>86.73777548920873,26.538614028393585 </coordinates>
  </Point>
</Placemark><Placemark>
  <ExtendedData>
    <Data name='ag'>
      <value>1</value>
    </Data>
    <Data name='system:index'>
      <value>1971</value>
    </Data>
  </ExtendedData>
  <Point>
    <coordinates>82.36738180043885,27.998466196616217 </coordinates>
  </Point>
</Placemark><Placemark>
  <ExtendedData>
    <Data name='ag'>
      <value>1</value>
    </Data>
    <Data name='system:index'>
      <value>1972</value>
    </Data>
  </ExtendedData>
  <Point>
    <coordinates>82.26200941761162,28.297874680813255 </coordinates>
  </Point>
</Placemark><Placemark>
  <ExtendedData>
    <Data name='ag'>
      <value>1</value>
    </Data>
    <Data name='system:index'>
      <value>1973</value>
    </Data>
  </ExtendedData>
  <Point>
    <coordinates>82.67271916551107,28.347192189911418 </coordinates>
  </Point>
</Placemark><Placemark>
  <ExtendedData>
    <Data name='ag'>
      <value>1</value>
    </Data>
    <Data name='system:index'>
      <value>1974</value>
    </Data>
  </ExtendedData>
  <Point>
    <coordinates>85.75277278017168,26.750706266974202 </coordinates>
  </Point>
</Placemark><Placemark>
  <ExtendedData>
    <Data name='ag'>
      <value>1</value>
    </Data>
    <Data name='system:index'>
      <value>1975</value>
    </Data>
  </ExtendedData>
  <Point>
    <coordinates>85.94546140861532,26.88572305417737 </coordinates>
  </Point>
</Placemark><Placemark>
  <ExtendedData>
    <Data name='ag'>
      <value>1</value>
    </Data>
    <Data name='system:index'>
      <value>1976</value>
    </Data>
  </ExtendedData>
  <Point>
    <coordinates>87.63303650136224,26.62808623069189 </coordinates>
  </Point>
</Placemark><Placemark>
  <ExtendedData>
    <Data name='ag'>
      <value>1</value>
    </Data>
    <Data name='system:index'>
      <value>1977</value>
    </Data>
  </ExtendedData>
  <Point>
    <coordinates>81.78015309920991,29.610852300082346 </coordinates>
  </Point>
</Placemark><Placemark>
  <ExtendedData>
    <Data name='ag'>
      <value>1</value>
    </Data>
    <Data name='system:index'>
      <value>1978</value>
    </Data>
  </ExtendedData>
  <Point>
    <coordinates>83.35130653113495,28.26310987931783 </coordinates>
  </Point>
</Placemark><Placemark>
  <ExtendedData>
    <Data name='ag'>
      <value>1</value>
    </Data>
    <Data name='system:index'>
      <value>1979</value>
    </Data>
  </ExtendedData>
  <Point>
    <coordinates>88.08767386665514,26.901353740121046 </coordinates>
  </Point>
</Placemark><Placemark>
  <ExtendedData>
    <Data name='ag'>
      <value>1</value>
    </Data>
    <Data name='system:index'>
      <value>1980</value>
    </Data>
  </ExtendedData>
  <Point>
    <coordinates>83.21197783056802,28.267960781852075 </coordinates>
  </Point>
</Placemark><Placemark>
  <ExtendedData>
    <Data name='ag'>
      <value>1</value>
    </Data>
    <Data name='system:index'>
      <value>1981</value>
    </Data>
  </ExtendedData>
  <Point>
    <coordinates>85.30891519828822,27.594224318762432 </coordinates>
  </Point>
</Placemark><Placemark>
  <ExtendedData>
    <Data name='ag'>
      <value>1</value>
    </Data>
    <Data name='system:index'>
      <value>1982</value>
    </Data>
  </ExtendedData>
  <Point>
    <coordinates>82.86217385893188,27.499092730174176 </coordinates>
  </Point>
</Placemark><Placemark>
  <ExtendedData>
    <Data name='ag'>
      <value>1</value>
    </Data>
    <Data name='system:index'>
      <value>1983</value>
    </Data>
  </ExtendedData>
  <Point>
    <coordinates>86.13033469408711,26.706509154995523 </coordinates>
  </Point>
</Placemark><Placemark>
  <ExtendedData>
    <Data name='ag'>
      <value>1</value>
    </Data>
    <Data name='system:index'>
      <value>1984</value>
    </Data>
  </ExtendedData>
  <Point>
    <coordinates>80.67091338637913,28.777844537118316 </coordinates>
  </Point>
</Placemark><Placemark>
  <ExtendedData>
    <Data name='ag'>
      <value>1</value>
    </Data>
    <Data name='system:index'>
      <value>1985</value>
    </Data>
  </ExtendedData>
  <Point>
    <coordinates>85.22779732813223,27.50609958939031 </coordinates>
  </Point>
</Placemark><Placemark>
  <ExtendedData>
    <Data name='ag'>
      <value>1</value>
    </Data>
    <Data name='system:index'>
      <value>1986</value>
    </Data>
  </ExtendedData>
  <Point>
    <coordinates>84.12852891495517,27.664562405508992 </coordinates>
  </Point>
</Placemark><Placemark>
  <ExtendedData>
    <Data name='ag'>
      <value>1</value>
    </Data>
    <Data name='system:index'>
      <value>1987</value>
    </Data>
  </ExtendedData>
  <Point>
    <coordinates>82.41238739617323,28.03296150352641 </coordinates>
  </Point>
</Placemark><Placemark>
  <ExtendedData>
    <Data name='ag'>
      <value>1</value>
    </Data>
    <Data name='system:index'>
      <value>1988</value>
    </Data>
  </ExtendedData>
  <Point>
    <coordinates>81.6995742182244,29.52676998948876 </coordinates>
  </Point>
</Placemark><Placemark>
  <ExtendedData>
    <Data name='ag'>
      <value>1</value>
    </Data>
    <Data name='system:index'>
      <value>1989</value>
    </Data>
  </ExtendedData>
  <Point>
    <coordinates>80.98244912691177,29.385285332239935 </coordinates>
  </Point>
</Placemark><Placemark>
  <ExtendedData>
    <Data name='ag'>
      <value>1</value>
    </Data>
    <Data name='system:index'>
      <value>1990</value>
    </Data>
  </ExtendedData>
  <Point>
    <coordinates>80.75769064282508,28.628275042312413 </coordinates>
  </Point>
</Placemark><Placemark>
  <ExtendedData>
    <Data name='ag'>
      <value>1</value>
    </Data>
    <Data name='system:index'>
      <value>1991</value>
    </Data>
  </ExtendedData>
  <Point>
    <coordinates>81.09186392851754,28.50242107100727 </coordinates>
  </Point>
</Placemark><Placemark>
  <ExtendedData>
    <Data name='ag'>
      <value>1</value>
    </Data>
    <Data name='system:index'>
      <value>1992</value>
    </Data>
  </ExtendedData>
  <Point>
    <coordinates>84.93836014358892,27.84539327220225 </coordinates>
  </Point>
</Placemark><Placemark>
  <ExtendedData>
    <Data name='ag'>
      <value>1</value>
    </Data>
    <Data name='system:index'>
      <value>1993</value>
    </Data>
  </ExtendedData>
  <Point>
    <coordinates>83.78950472672847,28.8010210714486 </coordinates>
  </Point>
</Placemark><Placemark>
  <ExtendedData>
    <Data name='ag'>
      <value>1</value>
    </Data>
    <Data name='system:index'>
      <value>1994</value>
    </Data>
  </ExtendedData>
  <Point>
    <coordinates>84.72195599164452,27.879888579112443 </coordinates>
  </Point>
</Placemark><Placemark>
  <ExtendedData>
    <Data name='ag'>
      <value>1</value>
    </Data>
    <Data name='system:index'>
      <value>1995</value>
    </Data>
  </ExtendedData>
  <Point>
    <coordinates>83.2906702494569,27.65297413834385 </coordinates>
  </Point>
</Placemark><Placemark>
  <ExtendedData>
    <Data name='ag'>
      <value>1</value>
    </Data>
    <Data name='system:index'>
      <value>1996</value>
    </Data>
  </ExtendedData>
  <Point>
    <coordinates>87.51068595966517,26.444290923561034 </coordinates>
  </Point>
</Placemark><Placemark>
  <ExtendedData>
    <Data name='ag'>
      <value>1</value>
    </Data>
    <Data name='system:index'>
      <value>1997</value>
    </Data>
  </ExtendedData>
  <Point>
    <coordinates>82.25527205298073,28.053443092004333 </coordinates>
  </Point>
</Placemark><Placemark>
  <ExtendedData>
    <Data name='ag'>
      <value>1</value>
    </Data>
    <Data name='system:index'>
      <value>1998</value>
    </Data>
  </ExtendedData>
  <Point>
    <coordinates>85.90261176956281,27.810628470706828 </coordinates>
  </Point>
</Placemark><Placemark>
  <ExtendedData>
    <Data name='ag'>
      <value>1</value>
    </Data>
    <Data name='system:index'>
      <value>1999</value>
    </Data>
  </ExtendedData>
  <Point>
    <coordinates>80.92881970444985,29.383398870143285 </coordinates>
  </Point>
</Placemark><Placemark>
  <ExtendedData>
    <Data name='ag'>
      <value>1</value>
    </Data>
    <Data name='system:index'>
      <value>2000</value>
    </Data>
  </ExtendedData>
  <Point>
    <coordinates>87.66510635700531,27.410159517046345 </coordinates>
  </Point>
</Placemark><Placemark>
  <ExtendedData>
    <Data name='ag'>
      <value>1</value>
    </Data>
    <Data name='system:index'>
      <value>2001</value>
    </Data>
  </ExtendedData>
  <Point>
    <coordinates>85.34987837524407,26.93369309034935 </coordinates>
  </Point>
</Placemark><Placemark>
  <ExtendedData>
    <Data name='ag'>
      <value>1</value>
    </Data>
    <Data name='system:index'>
      <value>2002</value>
    </Data>
  </ExtendedData>
  <Point>
    <coordinates>85.88239967567013,26.80433568943614 </coordinates>
  </Point>
</Placemark><Placemark>
  <ExtendedData>
    <Data name='ag'>
      <value>1</value>
    </Data>
    <Data name='system:index'>
      <value>2004</value>
    </Data>
  </ExtendedData>
  <Point>
    <coordinates>80.9134585130914,28.553355547616846 </coordinates>
  </Point>
</Placemark><Placemark>
  <ExtendedData>
    <Data name='ag'>
      <value>1</value>
    </Data>
    <Data name='system:index'>
      <value>2005</value>
    </Data>
  </ExtendedData>
  <Point>
    <coordinates>84.56214570259966,28.074733164237966 </coordinates>
  </Point>
</Placemark><Placemark>
  <ExtendedData>
    <Data name='ag'>
      <value>1</value>
    </Data>
    <Data name='system:index'>
      <value>2006</value>
    </Data>
  </ExtendedData>
  <Point>
    <coordinates>82.02781862304167,29.21388677602993 </coordinates>
  </Point>
</Placemark><Placemark>
  <ExtendedData>
    <Data name='ag'>
      <value>1</value>
    </Data>
    <Data name='system:index'>
      <value>2007</value>
    </Data>
  </ExtendedData>
  <Point>
    <coordinates>83.17963848033972,27.854825582685507 </coordinates>
  </Point>
</Placemark><Placemark>
  <ExtendedData>
    <Data name='ag'>
      <value>1</value>
    </Data>
    <Data name='system:index'>
      <value>2008</value>
    </Data>
  </ExtendedData>
  <Point>
    <coordinates>80.46232457740658,29.337854285238425 </coordinates>
  </Point>
</Placemark><Placemark>
  <ExtendedData>
    <Data name='ag'>
      <value>1</value>
    </Data>
    <Data name='system:index'>
      <value>2009</value>
    </Data>
  </ExtendedData>
  <Point>
    <coordinates>81.02368179845287,28.46091890488095 </coordinates>
  </Point>
</Placemark><Placemark>
  <ExtendedData>
    <Data name='ag'>
      <value>1</value>
    </Data>
    <Data name='system:index'>
      <value>2010</value>
    </Data>
  </ExtendedData>
  <Point>
    <coordinates>81.63947692571679,28.044010781521077 </coordinates>
  </Point>
</Placemark><Placemark>
  <ExtendedData>
    <Data name='ag'>
      <value>1</value>
    </Data>
    <Data name='system:index'>
      <value>2011</value>
    </Data>
  </ExtendedData>
  <Point>
    <coordinates>85.59377097488252,27.5120284702655 </coordinates>
  </Point>
</Placemark><Placemark>
  <ExtendedData>
    <Data name='ag'>
      <value>1</value>
    </Data>
    <Data name='system:index'>
      <value>2013</value>
    </Data>
  </ExtendedData>
  <Point>
    <coordinates>85.23345671442218,27.576707170722102 </coordinates>
  </Point>
</Placemark><Placemark>
  <ExtendedData>
    <Data name='ag'>
      <value>1</value>
    </Data>
    <Data name='system:index'>
      <value>2014</value>
    </Data>
  </ExtendedData>
  <Point>
    <coordinates>85.37143794206294,26.85607864980142 </coordinates>
  </Point>
</Placemark><Placemark>
  <ExtendedData>
    <Data name='ag'>
      <value>1</value>
    </Data>
    <Data name='system:index'>
      <value>2015</value>
    </Data>
  </ExtendedData>
  <Point>
    <coordinates>86.07778324996612,27.832727026696165 </coordinates>
  </Point>
</Placemark><Placemark>
  <ExtendedData>
    <Data name='ag'>
      <value>1</value>
    </Data>
    <Data name='system:index'>
      <value>2016</value>
    </Data>
  </ExtendedData>
  <Point>
    <coordinates>81.49772277388274,28.127823597529428 </coordinates>
  </Point>
</Placemark><Placemark>
  <ExtendedData>
    <Data name='ag'>
      <value>1</value>
    </Data>
    <Data name='system:index'>
      <value>2017</value>
    </Data>
  </ExtendedData>
  <Point>
    <coordinates>87.3357839738471,26.577151754082312 </coordinates>
  </Point>
</Placemark><Placemark>
  <ExtendedData>
    <Data name='ag'>
      <value>1</value>
    </Data>
    <Data name='system:index'>
      <value>2018</value>
    </Data>
  </ExtendedData>
  <Point>
    <coordinates>81.10021826065984,28.65252955498364 </coordinates>
  </Point>
</Placemark><Placemark>
  <ExtendedData>
    <Data name='ag'>
      <value>1</value>
    </Data>
    <Data name='system:index'>
      <value>2019</value>
    </Data>
  </ExtendedData>
  <Point>
    <coordinates>84.74378505304863,27.163571971555534 </coordinates>
  </Point>
</Placemark><Placemark>
  <ExtendedData>
    <Data name='ag'>
      <value>1</value>
    </Data>
    <Data name='system:index'>
      <value>2020</value>
    </Data>
  </ExtendedData>
  <Point>
    <coordinates>87.77263469651442,27.239838939177282 </coordinates>
  </Point>
</Placemark><Placemark>
  <ExtendedData>
    <Data name='ag'>
      <value>1</value>
    </Data>
    <Data name='system:index'>
      <value>2021</value>
    </Data>
  </ExtendedData>
  <Point>
    <coordinates>82.28545544652715,28.843062226745392 </coordinates>
  </Point>
</Placemark><Placemark>
  <ExtendedData>
    <Data name='ag'>
      <value>1</value>
    </Data>
    <Data name='system:index'>
      <value>2022</value>
    </Data>
  </ExtendedData>
  <Point>
    <coordinates>85.92794426057499,26.95444417341251 </coordinates>
  </Point>
</Placemark><Placemark>
  <ExtendedData>
    <Data name='ag'>
      <value>1</value>
    </Data>
    <Data name='system:index'>
      <value>2023</value>
    </Data>
  </ExtendedData>
  <Point>
    <coordinates>86.32544877379787,26.821583342891234 </coordinates>
  </Point>
</Placemark><Placemark>
  <ExtendedData>
    <Data name='ag'>
      <value>1</value>
    </Data>
    <Data name='system:index'>
      <value>2025</value>
    </Data>
  </ExtendedData>
  <Point>
    <coordinates>83.31276880544623,28.10572504154009 </coordinates>
  </Point>
</Placemark><Placemark>
  <ExtendedData>
    <Data name='ag'>
      <value>1</value>
    </Data>
    <Data name='system:index'>
      <value>2026</value>
    </Data>
  </ExtendedData>
  <Point>
    <coordinates>84.68692169556387,27.725468181772296 </coordinates>
  </Point>
</Placemark><Placemark>
  <ExtendedData>
    <Data name='ag'>
      <value>1</value>
    </Data>
    <Data name='system:index'>
      <value>2027</value>
    </Data>
  </ExtendedData>
  <Point>
    <coordinates>86.24190545237475,26.736423053956702 </coordinates>
  </Point>
</Placemark><Placemark>
  <ExtendedData>
    <Data name='ag'>
      <value>1</value>
    </Data>
    <Data name='system:index'>
      <value>2028</value>
    </Data>
  </ExtendedData>
  <Point>
    <coordinates>85.6732718775271,26.896772332172038 </coordinates>
  </Point>
</Placemark><Placemark>
  <ExtendedData>
    <Data name='ag'>
      <value>1</value>
    </Data>
    <Data name='system:index'>
      <value>2029</value>
    </Data>
  </ExtendedData>
  <Point>
    <coordinates>84.09969299433493,28.1283625866999 </coordinates>
  </Point>
</Placemark><Placemark>
  <ExtendedData>
    <Data name='ag'>
      <value>1</value>
    </Data>
    <Data name='system:index'>
      <value>2030</value>
    </Data>
  </ExtendedData>
  <Point>
    <coordinates>83.09690364267232,27.54948821761328 </coordinates>
  </Point>
</Placemark><Placemark>
  <ExtendedData>
    <Data name='ag'>
      <value>1</value>
    </Data>
    <Data name='system:index'>
      <value>2031</value>
    </Data>
  </ExtendedData>
  <Point>
    <coordinates>82.29380977866946,28.41779977124321 </coordinates>
  </Point>
</Placemark><Placemark>
  <ExtendedData>
    <Data name='ag'>
      <value>1</value>
    </Data>
    <Data name='system:index'>
      <value>2032</value>
    </Data>
  </ExtendedData>
  <Point>
    <coordinates>85.38383469298378,26.944472873758784 </coordinates>
  </Point>
</Placemark><Placemark>
  <ExtendedData>
    <Data name='ag'>
      <value>1</value>
    </Data>
    <Data name='system:index'>
      <value>2033</value>
    </Data>
  </ExtendedData>
  <Point>
    <coordinates>82.98802783023703,27.55945951726701 </coordinates>
  </Point>
</Placemark><Placemark>
  <ExtendedData>
    <Data name='ag'>
      <value>1</value>
    </Data>
    <Data name='system:index'>
      <value>2034</value>
    </Data>
  </ExtendedData>
  <Point>
    <coordinates>85.23345671442218,27.70310013119772 </coordinates>
  </Point>
</Placemark><Placemark>
  <ExtendedData>
    <Data name='ag'>
      <value>1</value>
    </Data>
    <Data name='system:index'>
      <value>2035</value>
    </Data>
  </ExtendedData>
  <Point>
    <coordinates>82.62367115099815,27.906568543050792 </coordinates>
  </Point>
</Placemark><Placemark>
  <ExtendedData>
    <Data name='ag'>
      <value>1</value>
    </Data>
    <Data name='system:index'>
      <value>2036</value>
    </Data>
  </ExtendedData>
  <Point>
    <coordinates>87.0870404716744,26.53564958795599 </coordinates>
  </Point>
</Placemark><Placemark>
  <ExtendedData>
    <Data name='ag'>
      <value>1</value>
    </Data>
    <Data name='system:index'>
      <value>2037</value>
    </Data>
  </ExtendedData>
  <Point>
    <coordinates>87.3320110496538,27.614166918069888 </coordinates>
  </Point>
</Placemark><Placemark>
  <ExtendedData>
    <Data name='ag'>
      <value>1</value>
    </Data>
    <Data name='system:index'>
      <value>2038</value>
    </Data>
  </ExtendedData>
  <Point>
    <coordinates>80.83557457795824,28.7371508547477 </coordinates>
  </Point>
</Placemark><Placemark>
  <ExtendedData>
    <Data name='ag'>
      <value>1</value>
    </Data>
    <Data name='system:index'>
      <value>2039</value>
    </Data>
  </ExtendedData>
  <Point>
    <coordinates>82.10893649319766,28.75871042156657 </coordinates>
  </Point>
</Placemark><Placemark>
  <ExtendedData>
    <Data name='ag'>
      <value>1</value>
    </Data>
    <Data name='system:index'>
      <value>2040</value>
    </Data>
  </ExtendedData>
  <Point>
    <coordinates>85.97456682382078,26.858504101068547 </coordinates>
  </Point>
</Placemark><Placemark>
  <ExtendedData>
    <Data name='ag'>
      <value>1</value>
    </Data>
    <Data name='system:index'>
      <value>2042</value>
    </Data>
  </ExtendedData>
  <Point>
    <coordinates>88.00062711562396,26.396051392803816 </coordinates>
  </Point>
</Placemark><Placemark>
  <ExtendedData>
    <Data name='ag'>
      <value>1</value>
    </Data>
    <Data name='system:index'>
      <value>2043</value>
    </Data>
  </ExtendedData>
  <Point>
    <coordinates>81.64513631200676,28.001969626224284 </coordinates>
  </Point>
</Placemark><Placemark>
  <ExtendedData>
    <Data name='ag'>
      <value>1</value>
    </Data>
    <Data name='system:index'>
      <value>2044</value>
    </Data>
  </ExtendedData>
  <Point>
    <coordinates>86.64560834105806,26.478247241300753 </coordinates>
  </Point>
</Placemark><Placemark>
  <ExtendedData>
    <Data name='ag'>
      <value>1</value>
    </Data>
    <Data name='system:index'>
      <value>2045</value>
    </Data>
  </ExtendedData>
  <Point>
    <coordinates>83.7259040046128,27.439534426837053 </coordinates>
  </Point>
</Placemark><Placemark>
  <ExtendedData>
    <Data name='ag'>
      <value>1</value>
    </Data>
    <Data name='system:index'>
      <value>2047</value>
    </Data>
  </ExtendedData>
  <Point>
    <coordinates>80.5075996677262,29.35456294952305 </coordinates>
  </Point>
</Placemark><Placemark>
  <ExtendedData>
    <Data name='ag'>
      <value>1</value>
    </Data>
    <Data name='system:index'>
      <value>2048</value>
    </Data>
  </ExtendedData>
  <Point>
    <coordinates>80.61000761011583,29.52623100031829 </coordinates>
  </Point>
</Placemark><Placemark>
  <ExtendedData>
    <Data name='ag'>
      <value>1</value>
    </Data>
    <Data name='system:index'>
      <value>2049</value>
    </Data>
  </ExtendedData>
  <Point>
    <coordinates>88.02676809039183,26.738848505223825 </coordinates>
  </Point>
</Placemark><Placemark>
  <ExtendedData>
    <Data name='ag'>
      <value>1</value>
    </Data>
    <Data name='system:index'>
      <value>2050</value>
    </Data>
  </ExtendedData>
  <Point>
    <coordinates>87.85456105042611,27.356799589169643 </coordinates>
  </Point>
</Placemark><Placemark>
  <ExtendedData>
    <Data name='ag'>
      <value>1</value>
    </Data>
    <Data name='system:index'>
      <value>2051</value>
    </Data>
  </ExtendedData>
  <Point>
    <coordinates>82.8330684437264,27.579941105744933 </coordinates>
  </Point>
</Placemark><Placemark>
  <ExtendedData>
    <Data name='ag'>
      <value>1</value>
    </Data>
    <Data name='system:index'>
      <value>2052</value>
    </Data>
  </ExtendedData>
  <Point>
    <coordinates>84.56861357264532,27.648392730394843 </coordinates>
  </Point>
</Placemark><Placemark>
  <ExtendedData>
    <Data name='ag'>
      <value>1</value>
    </Data>
    <Data name='system:index'>
      <value>2054</value>
    </Data>
  </ExtendedData>
  <Point>
    <coordinates>85.21890400681944,26.804066194850904 </coordinates>
  </Point>
</Placemark><Placemark>
  <ExtendedData>
    <Data name='ag'>
      <value>1</value>
    </Data>
    <Data name='system:index'>
      <value>2055</value>
    </Data>
  </ExtendedData>
  <Point>
    <coordinates>87.39103036382045,26.494416916414902 </coordinates>
  </Point>
</Placemark><Placemark>
  <ExtendedData>
    <Data name='ag'>
      <value>1</value>
    </Data>
    <Data name='system:index'>
      <value>2056</value>
    </Data>
  </ExtendedData>
  <Point>
    <coordinates>84.66832656918258,28.065031359169474 </coordinates>
  </Point>
</Placemark><Placemark>
  <ExtendedData>
    <Data name='ag'>
      <value>1</value>
    </Data>
    <Data name='system:index'>
      <value>2057</value>
    </Data>
  </ExtendedData>
  <Point>
    <coordinates>87.08596249333345,26.635093089908022 </coordinates>
  </Point>
</Placemark><Placemark>
  <ExtendedData>
    <Data name='ag'>
      <value>1</value>
    </Data>
    <Data name='system:index'>
      <value>2058</value>
    </Data>
  </ExtendedData>
  <Point>
    <coordinates>86.88815346777034,26.589817999588398 </coordinates>
  </Point>
</Placemark><Placemark>
  <ExtendedData>
    <Data name='ag'>
      <value>1</value>
    </Data>
    <Data name='system:index'>
      <value>2059</value>
    </Data>
  </ExtendedData>
  <Point>
    <coordinates>81.60956302675562,29.530273419096826 </coordinates>
  </Point>
</Placemark><Placemark>
  <ExtendedData>
    <Data name='ag'>
      <value>1</value>
    </Data>
    <Data name='system:index'>
      <value>2060</value>
    </Data>
  </ExtendedData>
  <Point>
    <coordinates>83.09798162101325,27.537360961277667 </coordinates>
  </Point>
</Placemark><Placemark>
  <ExtendedData>
    <Data name='ag'>
      <value>1</value>
    </Data>
    <Data name='system:index'>
      <value>2061</value>
    </Data>
  </ExtendedData>
  <Point>
    <coordinates>82.91634227056429,28.26176240639165 </coordinates>
  </Point>
</Placemark><Placemark>
  <ExtendedData>
    <Data name='ag'>
      <value>1</value>
    </Data>
    <Data name='system:index'>
      <value>2062</value>
    </Data>
  </ExtendedData>
  <Point>
    <coordinates>87.75188361345126,26.92453027445133 </coordinates>
  </Point>
</Placemark><Placemark>
  <ExtendedData>
    <Data name='ag'>
      <value>1</value>
    </Data>
    <Data name='system:index'>
      <value>2063</value>
    </Data>
  </ExtendedData>
  <Point>
    <coordinates>81.97418920057973,28.9220241402195 </coordinates>
  </Point>
</Placemark><Placemark>
  <ExtendedData>
    <Data name='ag'>
      <value>1</value>
    </Data>
    <Data name='system:index'>
      <value>2064</value>
    </Data>
  </ExtendedData>
  <Point>
    <coordinates>85.19249353746633,27.34548081658974 </coordinates>
  </Point>
</Placemark><Placemark>
  <ExtendedData>
    <Data name='ag'>
      <value>1</value>
    </Data>
    <Data name='system:index'>
      <value>2065</value>
    </Data>
  </ExtendedData>
  <Point>
    <coordinates>83.13005147665632,27.684505004816447 </coordinates>
  </Point>
</Placemark><Placemark>
  <ExtendedData>
    <Data name='ag'>
      <value>1</value>
    </Data>
    <Data name='system:index'>
      <value>2066</value>
    </Data>
  </ExtendedData>
  <Point>
    <coordinates>81.79793974183548,29.354832444108283 </coordinates>
  </Point>
</Placemark><Placemark>
  <ExtendedData>
    <Data name='ag'>
      <value>1</value>
    </Data>
    <Data name='system:index'>
      <value>2067</value>
    </Data>
  </ExtendedData>
  <Point>
    <coordinates>87.17193126602369,26.48956601388066 </coordinates>
  </Point>
</Placemark><Placemark>
  <ExtendedData>
    <Data name='ag'>
      <value>1</value>
    </Data>
    <Data name='system:index'>
      <value>2068</value>
    </Data>
  </ExtendedData>
  <Point>
    <coordinates>82.10192963398153,29.235985332019272 </coordinates>
  </Point>
</Placemark><Placemark>
  <ExtendedData>
    <Data name='ag'>
      <value>1</value>
    </Data>
    <Data name='system:index'>
      <value>2069</value>
    </Data>
  </ExtendedData>
  <Point>
    <coordinates>84.6623976883074,27.040412946102748 </coordinates>
  </Point>
</Placemark><Placemark>
  <ExtendedData>
    <Data name='ag'>
      <value>1</value>
    </Data>
    <Data name='system:index'>
      <value>2070</value>
    </Data>
  </ExtendedData>
  <Point>
    <coordinates>82.2272446161162,28.84467919425681 </coordinates>
  </Point>
</Placemark><Placemark>
  <ExtendedData>
    <Data name='ag'>
      <value>1</value>
    </Data>
    <Data name='system:index'>
      <value>2071</value>
    </Data>
  </ExtendedData>
  <Point>
    <coordinates>81.58557800866963,28.04374128693584 </coordinates>
  </Point>
</Placemark><Placemark>
  <ExtendedData>
    <Data name='ag'>
      <value>1</value>
    </Data>
    <Data name='system:index'>
      <value>2072</value>
    </Data>
  </ExtendedData>
  <Point>
    <coordinates>81.60848504841468,29.129534970851108 </coordinates>
  </Point>
</Placemark><Placemark>
  <ExtendedData>
    <Data name='ag'>
      <value>1</value>
    </Data>
    <Data name='system:index'>
      <value>2073</value>
    </Data>
  </ExtendedData>
  <Point>
    <coordinates>87.2118164646386,26.68117666398335 </coordinates>
  </Point>
</Placemark><Placemark>
  <ExtendedData>
    <Data name='ag'>
      <value>1</value>
    </Data>
    <Data name='system:index'>
      <value>2074</value>
    </Data>
  </ExtendedData>
  <Point>
    <coordinates>86.50277621088307,26.694112404074673 </coordinates>
  </Point>
</Placemark><Placemark>
  <ExtendedData>
    <Data name='ag'>
      <value>1</value>
    </Data>
    <Data name='system:index'>
      <value>2075</value>
    </Data>
  </ExtendedData>
  <Point>
    <coordinates>84.2632762075731,27.506908073146015 </coordinates>
  </Point>
</Placemark><Placemark>
  <ExtendedData>
    <Data name='ag'>
      <value>1</value>
    </Data>
    <Data name='system:index'>
      <value>2076</value>
    </Data>
  </ExtendedData>
  <Point>
    <coordinates>83.29929407618444,27.61982630435984 </coordinates>
  </Point>
</Placemark><Placemark>
  <ExtendedData>
    <Data name='ag'>
      <value>1</value>
    </Data>
    <Data name='system:index'>
      <value>2077</value>
    </Data>
  </ExtendedData>
  <Point>
    <coordinates>87.74299029213847,27.21450644816511 </coordinates>
  </Point>
</Placemark><Placemark>
  <ExtendedData>
    <Data name='ag'>
      <value>1</value>
    </Data>
    <Data name='system:index'>
      <value>2078</value>
    </Data>
  </ExtendedData>
  <Point>
    <coordinates>85.66303108328813,27.93136204489249 </coordinates>
  </Point>
</Placemark><Placemark>
  <ExtendedData>
    <Data name='ag'>
      <value>1</value>
    </Data>
    <Data name='system:index'>
      <value>2079</value>
    </Data>
  </ExtendedData>
  <Point>
    <coordinates>84.96207566708968,27.14955825312327 </coordinates>
  </Point>
</Placemark><Placemark>
  <ExtendedData>
    <Data name='ag'>
      <value>1</value>
    </Data>
    <Data name='system:index'>
      <value>2080</value>
    </Data>
  </ExtendedData>
  <Point>
    <coordinates>81.68960291857067,29.52299706529546 </coordinates>
  </Point>
</Placemark><Placemark>
  <ExtendedData>
    <Data name='ag'>
      <value>1</value>
    </Data>
    <Data name='system:index'>
      <value>2081</value>
    </Data>
  </ExtendedData>
  <Point>
    <coordinates>86.52730021813953,26.543734425513065 </coordinates>
  </Point>
</Placemark><Placemark>
  <ExtendedData>
    <Data name='ag'>
      <value>1</value>
    </Data>
    <Data name='system:index'>
      <value>2082</value>
    </Data>
  </ExtendedData>
  <Point>
    <coordinates>84.50070093716589,27.658364030048567 </coordinates>
  </Point>
</Placemark><Placemark>
  <ExtendedData>
    <Data name='ag'>
      <value>1</value>
    </Data>
    <Data name='system:index'>
      <value>2083</value>
    </Data>
  </ExtendedData>
  <Point>
    <coordinates>82.26739930931635,28.308384969637455 </coordinates>
  </Point>
</Placemark><Placemark>
  <ExtendedData>
    <Data name='ag'>
      <value>1</value>
    </Data>
    <Data name='system:index'>
      <value>2084</value>
    </Data>
  </ExtendedData>
  <Point>
    <coordinates>85.63958505437262,27.535743993766253 </coordinates>
  </Point>
</Placemark><Placemark>
  <ExtendedData>
    <Data name='ag'>
      <value>1</value>
    </Data>
    <Data name='system:index'>
      <value>2085</value>
    </Data>
  </ExtendedData>
  <Point>
    <coordinates>84.56969155098626,28.006012045002823 </coordinates>
  </Point>
</Placemark><Placemark>
  <ExtendedData>
    <Data name='ag'>
      <value>1</value>
    </Data>
    <Data name='system:index'>
      <value>2086</value>
    </Data>
  </ExtendedData>
  <Point>
    <coordinates>84.95803324831114,28.4770885799951 </coordinates>
  </Point>
</Placemark><Placemark>
  <ExtendedData>
    <Data name='ag'>
      <value>1</value>
    </Data>
    <Data name='system:index'>
      <value>2087</value>
    </Data>
  </ExtendedData>
  <Point>
    <coordinates>80.84527638302673,28.526675583678497 </coordinates>
  </Point>
</Placemark><Placemark>
  <ExtendedData>
    <Data name='ag'>
      <value>1</value>
    </Data>
    <Data name='system:index'>
      <value>2088</value>
    </Data>
  </ExtendedData>
  <Point>
    <coordinates>81.64028540947251,28.92121565646379 </coordinates>
  </Point>
</Placemark><Placemark>
  <ExtendedData>
    <Data name='ag'>
      <value>1</value>
    </Data>
    <Data name='system:index'>
      <value>2089</value>
    </Data>
  </ExtendedData>
  <Point>
    <coordinates>82.15394208893206,28.41187089036802 </coordinates>
  </Point>
</Placemark><Placemark>
  <ExtendedData>
    <Data name='ag'>
      <value>1</value>
    </Data>
    <Data name='system:index'>
      <value>2091</value>
    </Data>
  </ExtendedData>
  <Point>
    <coordinates>81.673972232627,28.070690745459427 </coordinates>
  </Point>
</Placemark><Placemark>
  <ExtendedData>
    <Data name='ag'>
      <value>1</value>
    </Data>
    <Data name='system:index'>
      <value>2092</value>
    </Data>
  </ExtendedData>
  <Point>
    <coordinates>87.26248144666295,26.4154550029408 </coordinates>
  </Point>
</Placemark><Placemark>
  <ExtendedData>
    <Data name='ag'>
      <value>1</value>
    </Data>
    <Data name='system:index'>
      <value>2093</value>
    </Data>
  </ExtendedData>
  <Point>
    <coordinates>84.95614678621449,26.97546475106091 </coordinates>
  </Point>
</Placemark><Placemark>
  <ExtendedData>
    <Data name='ag'>
      <value>1</value>
    </Data>
    <Data name='system:index'>
      <value>2094</value>
    </Data>
  </ExtendedData>
  <Point>
    <coordinates>83.61379425715468,27.48211457130432 </coordinates>
  </Point>
</Placemark><Placemark>
  <ExtendedData>
    <Data name='ag'>
      <value>1</value>
    </Data>
    <Data name='system:index'>
      <value>2095</value>
    </Data>
  </ExtendedData>
  <Point>
    <coordinates>84.1099337885739,27.96909128682551 </coordinates>
  </Point>
</Placemark><Placemark>
  <ExtendedData>
    <Data name='ag'>
      <value>1</value>
    </Data>
    <Data name='system:index'>
      <value>2096</value>
    </Data>
  </ExtendedData>
  <Point>
    <coordinates>85.13859462041916,27.369196340090493 </coordinates>
  </Point>
</Placemark><Placemark>
  <ExtendedData>
    <Data name='ag'>
      <value>1</value>
    </Data>
    <Data name='system:index'>
      <value>2097</value>
    </Data>
  </ExtendedData>
  <Point>
    <coordinates>82.77324064580405,28.61938172099963 </coordinates>
  </Point>
</Placemark><Placemark>
  <ExtendedData>
    <Data name='ag'>
      <value>1</value>
    </Data>
    <Data name='system:index'>
      <value>2098</value>
    </Data>
  </ExtendedData>
  <Point>
    <coordinates>86.11928541609244,26.711360057529767 </coordinates>
  </Point>
</Placemark><Placemark>
  <ExtendedData>
    <Data name='ag'>
      <value>1</value>
    </Data>
    <Data name='system:index'>
      <value>2099</value>
    </Data>
  </ExtendedData>
  <Point>
    <coordinates>86.47367079567759,27.026938216840957 </coordinates>
  </Point>
</Placemark><Placemark>
  <ExtendedData>
    <Data name='ag'>
      <value>1</value>
    </Data>
    <Data name='system:index'>
      <value>2100</value>
    </Data>
  </ExtendedData>
  <Point>
    <coordinates>85.1682390247951,26.938005003713123 </coordinates>
  </Point>
</Placemark><Placemark>
  <ExtendedData>
    <Data name='ag'>
      <value>1</value>
    </Data>
    <Data name='system:index'>
      <value>2101</value>
    </Data>
  </ExtendedData>
  <Point>
    <coordinates>85.18198324864213,26.87063135740416 </coordinates>
  </Point>
</Placemark><Placemark>
  <ExtendedData>
    <Data name='ag'>
      <value>1</value>
    </Data>
    <Data name='system:index'>
      <value>2102</value>
    </Data>
  </ExtendedData>
  <Point>
    <coordinates>86.4413314454493,26.604909696361606 </coordinates>
  </Point>
</Placemark><Placemark>
  <ExtendedData>
    <Data name='ag'>
      <value>1</value>
    </Data>
    <Data name='system:index'>
      <value>2104</value>
    </Data>
  </ExtendedData>
  <Point>
    <coordinates>82.95083757747447,28.507271973541517 </coordinates>
  </Point>
</Placemark><Placemark>
  <ExtendedData>
    <Data name='ag'>
      <value>1</value>
    </Data>
    <Data name='system:index'>
      <value>2105</value>
    </Data>
  </ExtendedData>
  <Point>
    <coordinates>86.24837332242042,26.713516014211656 </coordinates>
  </Point>
</Placemark><Placemark>
  <ExtendedData>
    <Data name='ag'>
      <value>1</value>
    </Data>
    <Data name='system:index'>
      <value>2106</value>
    </Data>
  </ExtendedData>
  <Point>
    <coordinates>87.27218325173143,27.12745969713393 </coordinates>
  </Point>
</Placemark><Placemark>
  <ExtendedData>
    <Data name='ag'>
      <value>1</value>
    </Data>
    <Data name='system:index'>
      <value>2107</value>
    </Data>
  </ExtendedData>
  <Point>
    <coordinates>85.88428613776678,27.782062044671825 </coordinates>
  </Point>
</Placemark><Placemark>
  <ExtendedData>
    <Data name='ag'>
      <value>1</value>
    </Data>
    <Data name='system:index'>
      <value>2108</value>
    </Data>
  </ExtendedData>
  <Point>
    <coordinates>85.67434985586804,27.832727026696165 </coordinates>
  </Point>
</Placemark><Placemark>
  <ExtendedData>
    <Data name='ag'>
      <value>1</value>
    </Data>
    <Data name='system:index'>
      <value>2109</value>
    </Data>
  </ExtendedData>
  <Point>
    <coordinates>87.66268090573818,27.193485870516714 </coordinates>
  </Point>
</Placemark><Placemark>
  <ExtendedData>
    <Data name='ag'>
      <value>1</value>
    </Data>
    <Data name='system:index'>
      <value>2110</value>
    </Data>
  </ExtendedData>
  <Point>
    <coordinates>88.11947422771297,26.627547241521416 </coordinates>
  </Point>
</Placemark><Placemark>
  <ExtendedData>
    <Data name='ag'>
      <value>1</value>
    </Data>
    <Data name='system:index'>
      <value>2111</value>
    </Data>
  </ExtendedData>
  <Point>
    <coordinates>86.2114525642431,27.56107648477842 </coordinates>
  </Point>
</Placemark><Placemark>
  <ExtendedData>
    <Data name='ag'>
      <value>1</value>
    </Data>
    <Data name='system:index'>
      <value>2112</value>
    </Data>
  </ExtendedData>
  <Point>
    <coordinates>81.69822674529821,29.139506270504835 </coordinates>
  </Point>
</Placemark><Placemark>
  <ExtendedData>
    <Data name='ag'>
      <value>1</value>
    </Data>
    <Data name='system:index'>
      <value>2113</value>
    </Data>
  </ExtendedData>
  <Point>
    <coordinates>85.95947512704758,27.55272215263611 </coordinates>
  </Point>
</Placemark><Placemark>
  <ExtendedData>
    <Data name='ag'>
      <value>1</value>
    </Data>
    <Data name='system:index'>
      <value>2114</value>
    </Data>
  </ExtendedData>
  <Point>
    <coordinates>85.51885148018695,27.65944200838951 </coordinates>
  </Point>
</Placemark><Placemark>
  <ExtendedData>
    <Data name='ag'>
      <value>1</value>
    </Data>
    <Data name='system:index'>
      <value>2115</value>
    </Data>
  </ExtendedData>
  <Point>
    <coordinates>81.19427187090716,29.562882263910364 </coordinates>
  </Point>
</Placemark><Placemark>
  <ExtendedData>
    <Data name='ag'>
      <value>1</value>
    </Data>
    <Data name='system:index'>
      <value>2116</value>
    </Data>
  </ExtendedData>
  <Point>
    <coordinates>85.54903487373336,27.657825040878095 </coordinates>
  </Point>
</Placemark><Placemark>
  <ExtendedData>
    <Data name='ag'>
      <value>1</value>
    </Data>
    <Data name='system:index'>
      <value>2117</value>
    </Data>
  </ExtendedData>
  <Point>
    <coordinates>82.20110364134833,29.557761866790884 </coordinates>
  </Point>
</Placemark><Placemark>
  <ExtendedData>
    <Data name='ag'>
      <value>1</value>
    </Data>
    <Data name='system:index'>
      <value>2118</value>
    </Data>
  </ExtendedData>
  <Point>
    <coordinates>80.50544371104431,28.805063490227138 </coordinates>
  </Point>
</Placemark><Placemark>
  <ExtendedData>
    <Data name='ag'>
      <value>1</value>
    </Data>
    <Data name='system:index'>
      <value>2119</value>
    </Data>
  </ExtendedData>
  <Point>
    <coordinates>85.47303740069685,26.79301691685623 </coordinates>
  </Point>
</Placemark><Placemark>
  <ExtendedData>
    <Data name='ag'>
      <value>1</value>
    </Data>
    <Data name='system:index'>
      <value>2121</value>
    </Data>
  </ExtendedData>
  <Point>
    <coordinates>80.4046527361661,28.86462179356426 </coordinates>
  </Point>
</Placemark><Placemark>
  <ExtendedData>
    <Data name='ag'>
      <value>1</value>
    </Data>
    <Data name='system:index'>
      <value>2122</value>
    </Data>
  </ExtendedData>
  <Point>
    <coordinates>81.03688703312942,29.50925284144843 </coordinates>
  </Point>
</Placemark><Placemark>
  <ExtendedData>
    <Data name='ag'>
      <value>1</value>
    </Data>
    <Data name='system:index'>
      <value>2123</value>
    </Data>
  </ExtendedData>
  <Point>
    <coordinates>81.84267584298463,27.89956168383466 </coordinates>
  </Point>
</Placemark><Placemark>
  <ExtendedData>
    <Data name='ag'>
      <value>1</value>
    </Data>
    <Data name='system:index'>
      <value>2124</value>
    </Data>
  </ExtendedData>
  <Point>
    <coordinates>86.48472007367226,26.594399407537406 </coordinates>
  </Point>
</Placemark><Placemark>
  <ExtendedData>
    <Data name='ag'>
      <value>1</value>
    </Data>
    <Data name='system:index'>
      <value>2125</value>
    </Data>
  </ExtendedData>
  <Point>
    <coordinates>87.95750798198621,26.416263486696504 </coordinates>
  </Point>
</Placemark><Placemark>
  <ExtendedData>
    <Data name='ag'>
      <value>1</value>
    </Data>
    <Data name='system:index'>
      <value>2126</value>
    </Data>
  </ExtendedData>
  <Point>
    <coordinates>85.53286519861922,27.387252477301296 </coordinates>
  </Point>
</Placemark><Placemark>
  <ExtendedData>
    <Data name='ag'>
      <value>1</value>
    </Data>
    <Data name='system:index'>
      <value>2127</value>
    </Data>
  </ExtendedData>
  <Point>
    <coordinates>87.08299805289586,26.56744994901382 </coordinates>
  </Point>
</Placemark><Placemark>
  <ExtendedData>
    <Data name='ag'>
      <value>1</value>
    </Data>
    <Data name='system:index'>
      <value>2128</value>
    </Data>
  </ExtendedData>
  <Point>
    <coordinates>81.7709902833119,30.013477210424718 </coordinates>
  </Point>
</Placemark><Placemark>
  <ExtendedData>
    <Data name='ag'>
      <value>1</value>
    </Data>
    <Data name='system:index'>
      <value>2129</value>
    </Data>
  </ExtendedData>
  <Point>
    <coordinates>83.68467133307172,27.58479200827918 </coordinates>
  </Point>
</Placemark><Placemark>
  <ExtendedData>
    <Data name='ag'>
      <value>1</value>
    </Data>
    <Data name='system:index'>
      <value>2131</value>
    </Data>
  </ExtendedData>
  <Point>
    <coordinates>85.15449480094807,26.907013126410998 </coordinates>
  </Point>
</Placemark><Placemark>
  <ExtendedData>
    <Data name='ag'>
      <value>1</value>
    </Data>
    <Data name='system:index'>
      <value>2132</value>
    </Data>
  </ExtendedData>
  <Point>
    <coordinates>87.53305401023974,26.7431604185876 </coordinates>
  </Point>
</Placemark><Placemark>
  <ExtendedData>
    <Data name='ag'>
      <value>1</value>
    </Data>
    <Data name='system:index'>
      <value>2133</value>
    </Data>
  </ExtendedData>
  <Point>
    <coordinates>85.82257187774776,27.33631800069172 </coordinates>
  </Point>
</Placemark><Placemark>
  <ExtendedData>
    <Data name='ag'>
      <value>1</value>
    </Data>
    <Data name='system:index'>
      <value>2134</value>
    </Data>
  </ExtendedData>
  <Point>
    <coordinates>87.53305401023974,27.0460723323927 </coordinates>
  </Point>
</Placemark><Placemark>
  <ExtendedData>
    <Data name='ag'>
      <value>1</value>
    </Data>
    <Data name='system:index'>
      <value>2135</value>
    </Data>
  </ExtendedData>
  <Point>
    <coordinates>82.05476808156526,28.513739843587175 </coordinates>
  </Point>
</Placemark><Placemark>
  <ExtendedData>
    <Data name='ag'>
      <value>1</value>
    </Data>
    <Data name='system:index'>
      <value>2136</value>
    </Data>
  </ExtendedData>
  <Point>
    <coordinates>80.99295941573598,29.36480374376201 </coordinates>
  </Point>
</Placemark><Placemark>
  <ExtendedData>
    <Data name='ag'>
      <value>1</value>
    </Data>
    <Data name='system:index'>
      <value>2137</value>
    </Data>
  </ExtendedData>
  <Point>
    <coordinates>81.2411639287382,29.5345853324606 </coordinates>
  </Point>
</Placemark><Placemark>
  <ExtendedData>
    <Data name='ag'>
      <value>1</value>
    </Data>
    <Data name='system:index'>
      <value>2138</value>
    </Data>
  </ExtendedData>
  <Point>
    <coordinates>81.58153558989109,28.251252117567454 </coordinates>
  </Point>
</Placemark><Placemark>
  <ExtendedData>
    <Data name='ag'>
      <value>1</value>
    </Data>
    <Data name='system:index'>
      <value>2139</value>
    </Data>
  </ExtendedData>
  <Point>
    <coordinates>86.71864137365698,27.4872349684238 </coordinates>
  </Point>
</Placemark><Placemark>
  <ExtendedData>
    <Data name='ag'>
      <value>1</value>
    </Data>
    <Data name='system:index'>
      <value>2140</value>
    </Data>
  </ExtendedData>
  <Point>
    <coordinates>86.46666393646146,27.03771800025039 </coordinates>
  </Point>
</Placemark><Placemark>
  <ExtendedData>
    <Data name='ag'>
      <value>1</value>
    </Data>
    <Data name='system:index'>
      <value>2141</value>
    </Data>
  </ExtendedData>
  <Point>
    <coordinates>83.04138775811373,27.474299228332477 </coordinates>
  </Point>
</Placemark><Placemark>
  <ExtendedData>
    <Data name='ag'>
      <value>1</value>
    </Data>
    <Data name='system:index'>
      <value>2142</value>
    </Data>
  </ExtendedData>
  <Point>
    <coordinates>86.69088343137769,27.215584426506055 </coordinates>
  </Point>
</Placemark><Placemark>
  <ExtendedData>
    <Data name='ag'>
      <value>1</value>
    </Data>
    <Data name='system:index'>
      <value>2143</value>
    </Data>
  </ExtendedData>
  <Point>
    <coordinates>83.064564292444,27.87422919282249 </coordinates>
  </Point>
</Placemark><Placemark>
  <ExtendedData>
    <Data name='ag'>
      <value>1</value>
    </Data>
    <Data name='system:index'>
      <value>2144</value>
    </Data>
  </ExtendedData>
  <Point>
    <coordinates>85.28627765312841,27.571856268187858 </coordinates>
  </Point>
</Placemark><Placemark>
  <ExtendedData>
    <Data name='ag'>
      <value>1</value>
    </Data>
    <Data name='system:index'>
      <value>2145</value>
    </Data>
  </ExtendedData>
  <Point>
    <coordinates>81.24439786376104,29.563690747666072 </coordinates>
  </Point>
</Placemark><Placemark>
  <ExtendedData>
    <Data name='ag'>
      <value>1</value>
    </Data>
    <Data name='system:index'>
      <value>2146</value>
    </Data>
  </ExtendedData>
  <Point>
    <coordinates>82.61289136758872,28.993709699892236 </coordinates>
  </Point>
</Placemark><Placemark>
  <ExtendedData>
    <Data name='ag'>
      <value>1</value>
    </Data>
    <Data name='system:index'>
      <value>2147</value>
    </Data>
  </ExtendedData>
  <Point>
    <coordinates>86.66474245660982,26.5154374940633 </coordinates>
  </Point>
</Placemark><Placemark>
  <ExtendedData>
    <Data name='ag'>
      <value>1</value>
    </Data>
    <Data name='system:index'>
      <value>2148</value>
    </Data>
  </ExtendedData>
  <Point>
    <coordinates>82.45065562727673,27.83515247796329 </coordinates>
  </Point>
</Placemark><Placemark>
  <ExtendedData>
    <Data name='ag'>
      <value>1</value>
    </Data>
    <Data name='system:index'>
      <value>2149</value>
    </Data>
  </ExtendedData>
  <Point>
    <coordinates>84.36541465537749,27.664292910923756 </coordinates>
  </Point>
</Placemark><Placemark>
  <ExtendedData>
    <Data name='ag'>
      <value>1</value>
    </Data>
    <Data name='system:index'>
      <value>2150</value>
    </Data>
  </ExtendedData>
  <Point>
    <coordinates>88.04724967886976,26.418419443378394 </coordinates>
  </Point>
</Placemark><Placemark>
  <ExtendedData>
    <Data name='ag'>
      <value>1</value>
    </Data>
    <Data name='system:index'>
      <value>2151</value>
    </Data>
  </ExtendedData>
  <Point>
    <coordinates>80.38713558812577,28.930647966947046 </coordinates>
  </Point>
</Placemark><Placemark>
  <ExtendedData>
    <Data name='ag'>
      <value>1</value>
    </Data>
    <Data name='system:index'>
      <value>2152</value>
    </Data>
  </ExtendedData>
  <Point>
    <coordinates>81.49206338759278,28.94843460957261 </coordinates>
  </Point>
</Placemark><Placemark>
  <ExtendedData>
    <Data name='ag'>
      <value>1</value>
    </Data>
    <Data name='system:index'>
      <value>2154</value>
    </Data>
  </ExtendedData>
  <Point>
    <coordinates>81.30422566168339,29.37908695677951 </coordinates>
  </Point>
</Placemark><Placemark>
  <ExtendedData>
    <Data name='ag'>
      <value>1</value>
    </Data>
    <Data name='system:index'>
      <value>2155</value>
    </Data>
  </ExtendedData>
  <Point>
    <coordinates>83.10364100730321,27.596110780859085 </coordinates>
  </Point>
</Placemark><Placemark>
  <ExtendedData>
    <Data name='ag'>
      <value>1</value>
    </Data>
    <Data name='system:index'>
      <value>2156</value>
    </Data>
  </ExtendedData>
  <Point>
    <coordinates>81.2613760226309,28.328327568944907 </coordinates>
  </Point>
</Placemark><Placemark>
  <ExtendedData>
    <Data name='ag'>
      <value>1</value>
    </Data>
    <Data name='system:index'>
      <value>2157</value>
    </Data>
  </ExtendedData>
  <Point>
    <coordinates>87.37054877534253,27.258703560143793 </coordinates>
  </Point>
</Placemark><Placemark>
  <ExtendedData>
    <Data name='ag'>
      <value>1</value>
    </Data>
    <Data name='system:index'>
      <value>2159</value>
    </Data>
  </ExtendedData>
  <Point>
    <coordinates>85.50483776175469,26.894885870075385 </coordinates>
  </Point>
</Placemark><Placemark>
  <ExtendedData>
    <Data name='ag'>
      <value>1</value>
    </Data>
    <Data name='system:index'>
      <value>2160</value>
    </Data>
  </ExtendedData>
  <Point>
    <coordinates>87.2320285585313,26.71755843299019 </coordinates>
  </Point>
</Placemark><Placemark>
  <ExtendedData>
    <Data name='ag'>
      <value>1</value>
    </Data>
    <Data name='system:index'>
      <value>2161</value>
    </Data>
  </ExtendedData>
  <Point>
    <coordinates>86.55802260085642,27.02666872225572 </coordinates>
  </Point>
</Placemark><Placemark>
  <ExtendedData>
    <Data name='ag'>
      <value>1</value>
    </Data>
    <Data name='system:index'>
      <value>2162</value>
    </Data>
  </ExtendedData>
  <Point>
    <coordinates>80.33242818732289,28.73391691972487 </coordinates>
  </Point>
</Placemark><Placemark>
  <ExtendedData>
    <Data name='ag'>
      <value>1</value>
    </Data>
    <Data name='system:index'>
      <value>2163</value>
    </Data>
  </ExtendedData>
  <Point>
    <coordinates>87.60285310781583,26.637249046589908 </coordinates>
  </Point>
</Placemark><Placemark>
  <ExtendedData>
    <Data name='ag'>
      <value>1</value>
    </Data>
    <Data name='system:index'>
      <value>2164</value>
    </Data>
  </ExtendedData>
  <Point>
    <coordinates>82.77728306458259,27.59638027544432 </coordinates>
  </Point>
</Placemark><Placemark>
  <ExtendedData>
    <Data name='ag'>
      <value>1</value>
    </Data>
    <Data name='system:index'>
      <value>2165</value>
    </Data>
  </ExtendedData>
  <Point>
    <coordinates>82.6293305372881,28.46981222619373 </coordinates>
  </Point>
</Placemark><Placemark>
  <ExtendedData>
    <Data name='ag'>
      <value>1</value>
    </Data>
    <Data name='system:index'>
      <value>2166</value>
    </Data>
  </ExtendedData>
  <Point>
    <coordinates>82.31024894836885,28.539341829184583 </coordinates>
  </Point>
</Placemark><Placemark>
  <ExtendedData>
    <Data name='ag'>
      <value>1</value>
    </Data>
    <Data name='system:index'>
      <value>2167</value>
    </Data>
  </ExtendedData>
  <Point>
    <coordinates>82.10947548236813,28.65738045751789 </coordinates>
  </Point>
</Placemark><Placemark>
  <ExtendedData>
    <Data name='ag'>
      <value>1</value>
    </Data>
    <Data name='system:index'>
      <value>2168</value>
    </Data>
  </ExtendedData>
  <Point>
    <coordinates>82.90232855213202,27.56996980609121 </coordinates>
  </Point>
</Placemark><Placemark>
  <ExtendedData>
    <Data name='ag'>
      <value>1</value>
    </Data>
    <Data name='system:index'>
      <value>2169</value>
    </Data>
  </ExtendedData>
  <Point>
    <coordinates>80.78248414466677,29.53215988119348 </coordinates>
  </Point>
</Placemark><Placemark>
  <ExtendedData>
    <Data name='ag'>
      <value>1</value>
    </Data>
    <Data name='system:index'>
      <value>2170</value>
    </Data>
  </ExtendedData>
  <Point>
    <coordinates>82.74467421976905,27.63141457152498 </coordinates>
  </Point>
</Placemark><Placemark>
  <ExtendedData>
    <Data name='ag'>
      <value>1</value>
    </Data>
    <Data name='system:index'>
      <value>2171</value>
    </Data>
  </ExtendedData>
  <Point>
    <coordinates>87.55057115828008,27.04095193527322 </coordinates>
  </Point>
</Placemark><Placemark>
  <ExtendedData>
    <Data name='ag'>
      <value>1</value>
    </Data>
    <Data name='system:index'>
      <value>2172</value>
    </Data>
  </ExtendedData>
  <Point>
    <coordinates>87.68558794548323,26.618653920208633 </coordinates>
  </Point>
</Placemark><Placemark>
  <ExtendedData>
    <Data name='ag'>
      <value>1</value>
    </Data>
    <Data name='system:index'>
      <value>2173</value>
    </Data>
  </ExtendedData>
  <Point>
    <coordinates>83.64855905865011,28.248557171715092 </coordinates>
  </Point>
</Placemark><Placemark>
  <ExtendedData>
    <Data name='ag'>
      <value>1</value>
    </Data>
    <Data name='system:index'>
      <value>2174</value>
    </Data>
  </ExtendedData>
  <Point>
    <coordinates>81.39774028276024,29.415738220371587 </coordinates>
  </Point>
</Placemark><Placemark>
  <ExtendedData>
    <Data name='ag'>
      <value>1</value>
    </Data>
    <Data name='system:index'>
      <value>2175</value>
    </Data>
  </ExtendedData>
  <Point>
    <coordinates>82.74197927391668,28.08281800179504 </coordinates>
  </Point>
</Placemark><Placemark>
  <ExtendedData>
    <Data name='ag'>
      <value>1</value>
    </Data>
    <Data name='system:index'>
      <value>2176</value>
    </Data>
  </ExtendedData>
  <Point>
    <coordinates>80.81697945157697,28.61506980763586 </coordinates>
  </Point>
</Placemark><Placemark>
  <ExtendedData>
    <Data name='ag'>
      <value>1</value>
    </Data>
    <Data name='system:index'>
      <value>2177</value>
    </Data>
  </ExtendedData>
  <Point>
    <coordinates>83.39173071892034,27.493972333054696 </coordinates>
  </Point>
</Placemark><Placemark>
  <ExtendedData>
    <Data name='ag'>
      <value>1</value>
    </Data>
    <Data name='system:index'>
      <value>2178</value>
    </Data>
  </ExtendedData>
  <Point>
    <coordinates>85.91339155297224,26.759599588286985 </coordinates>
  </Point>
</Placemark><Placemark>
  <ExtendedData>
    <Data name='ag'>
      <value>1</value>
    </Data>
    <Data name='system:index'>
      <value>2179</value>
    </Data>
  </ExtendedData>
  <Point>
    <coordinates>80.46960093120795,29.755031903183532 </coordinates>
  </Point>
</Placemark><Placemark>
  <ExtendedData>
    <Data name='ag'>
      <value>1</value>
    </Data>
    <Data name='system:index'>
      <value>2180</value>
    </Data>
  </ExtendedData>
  <Point>
    <coordinates>81.78850743135223,29.34001024192031 </coordinates>
  </Point>
</Placemark><Placemark>
  <ExtendedData>
    <Data name='ag'>
      <value>1</value>
    </Data>
    <Data name='system:index'>
      <value>2181</value>
    </Data>
  </ExtendedData>
  <Point>
    <coordinates>86.65746610280844,26.541847963416416 </coordinates>
  </Point>
</Placemark><Placemark>
  <ExtendedData>
    <Data name='ag'>
      <value>1</value>
    </Data>
    <Data name='system:index'>
      <value>2182</value>
    </Data>
  </ExtendedData>
  <Point>
    <coordinates>86.44052296169359,26.786818541395807 </coordinates>
  </Point>
</Placemark><Placemark>
  <ExtendedData>
    <Data name='ag'>
      <value>1</value>
    </Data>
    <Data name='system:index'>
      <value>2183</value>
    </Data>
  </ExtendedData>
  <Point>
    <coordinates>82.47005923741371,28.289250854085708 </coordinates>
  </Point>
</Placemark><Placemark>
  <ExtendedData>
    <Data name='ag'>
      <value>1</value>
    </Data>
    <Data name='system:index'>
      <value>2184</value>
    </Data>
  </ExtendedData>
  <Point>
    <coordinates>87.58668343270168,26.617845436452924 </coordinates>
  </Point>
</Placemark><Placemark>
  <ExtendedData>
    <Data name='ag'>
      <value>1</value>
    </Data>
    <Data name='system:index'>
      <value>2185</value>
    </Data>
  </ExtendedData>
  <Point>
    <coordinates>82.23964136703705,28.629622515238594 </coordinates>
  </Point>
</Placemark><Placemark>
  <ExtendedData>
    <Data name='ag'>
      <value>1</value>
    </Data>
    <Data name='system:index'>
      <value>2187</value>
    </Data>
  </ExtendedData>
  <Point>
    <coordinates>87.68558794548323,26.484445616761178 </coordinates>
  </Point>
</Placemark><Placemark>
  <ExtendedData>
    <Data name='ag'>
      <value>1</value>
    </Data>
    <Data name='system:index'>
      <value>2188</value>
    </Data>
  </ExtendedData>
  <Point>
    <coordinates>85.49351898917479,27.725737676357532 </coordinates>
  </Point>
</Placemark><Placemark>
  <ExtendedData>
    <Data name='ag'>
      <value>1</value>
    </Data>
    <Data name='system:index'>
      <value>2189</value>
    </Data>
  </ExtendedData>
  <Point>
    <coordinates>87.12638668111883,27.033945076057087 </coordinates>
  </Point>
</Placemark><Placemark>
  <ExtendedData>
    <Data name='ag'>
      <value>1</value>
    </Data>
    <Data name='system:index'>
      <value>2190</value>
    </Data>
  </ExtendedData>
  <Point>
    <coordinates>86.01391303326523,26.827242729181187 </coordinates>
  </Point>
</Placemark><Placemark>
  <ExtendedData>
    <Data name='ag'>
      <value>1</value>
    </Data>
    <Data name='system:index'>
      <value>2191</value>
    </Data>
  </ExtendedData>
  <Point>
    <coordinates>80.90618215929003,29.50467143349942 </coordinates>
  </Point>
</Placemark><Placemark>
  <ExtendedData>
    <Data name='ag'>
      <value>1</value>
    </Data>
    <Data name='system:index'>
      <value>2192</value>
    </Data>
  </ExtendedData>
  <Point>
    <coordinates>83.45775689230312,27.664831900094228 </coordinates>
  </Point>
</Placemark><Placemark>
  <ExtendedData>
    <Data name='ag'>
      <value>1</value>
    </Data>
    <Data name='system:index'>
      <value>2193</value>
    </Data>
  </ExtendedData>
  <Point>
    <coordinates>84.00483090033191,28.284938940721933 </coordinates>
  </Point>
</Placemark><Placemark>
  <ExtendedData>
    <Data name='ag'>
      <value>1</value>
    </Data>
    <Data name='system:index'>
      <value>2194</value>
    </Data>
  </ExtendedData>
  <Point>
    <coordinates>87.628185598828,26.49199146514778 </coordinates>
  </Point>
</Placemark><Placemark>
  <ExtendedData>
    <Data name='ag'>
      <value>1</value>
    </Data>
    <Data name='system:index'>
      <value>2195</value>
    </Data>
  </ExtendedData>
  <Point>
    <coordinates>85.3471834293917,27.568891827750264 </coordinates>
  </Point>
</Placemark><Placemark>
  <ExtendedData>
    <Data name='ag'>
      <value>1</value>
    </Data>
    <Data name='system:index'>
      <value>2196</value>
    </Data>
  </ExtendedData>
  <Point>
    <coordinates>87.90010563533097,26.67093586974439 </coordinates>
  </Point>
</Placemark><Placemark>
  <ExtendedData>
    <Data name='ag'>
      <value>1</value>
    </Data>
    <Data name='system:index'>
      <value>2197</value>
    </Data>
  </ExtendedData>
  <Point>
    <coordinates>85.74792187763742,26.843951393465808 </coordinates>
  </Point>
</Placemark><Placemark>
  <ExtendedData>
    <Data name='ag'>
      <value>1</value>
    </Data>
    <Data name='system:index'>
      <value>2198</value>
    </Data>
  </ExtendedData>
  <Point>
    <coordinates>85.85545021714654,26.89785031051298 </coordinates>
  </Point>
</Placemark><Placemark>
  <ExtendedData>
    <Data name='ag'>
      <value>1</value>
    </Data>
    <Data name='system:index'>
      <value>2199</value>
    </Data>
  </ExtendedData>
  <Point>
    <coordinates>86.48283361157561,27.211272513142283 </coordinates>
  </Point>
</Placemark>
</Document>
</kml>