point_id,mean,min,max,std,status,total_non_crop,max_consecutive_non_crop,total_peaks,geo
1,0.375,0.0155,0.7996,0.1058,STABLE CROPLAND,1.0,1.0,22.0,"{""type"":""Point"",""coordinates"":[80.76046674115366,30.030556651726766]}"
2,0.5108,0.12,0.9908,0.1607,DISCARDED (Failed Phenology),5.0,3.0,18.0,"{""type"":""Point"",""coordinates"":[80.60233480354127,29.95658544093709]}"
3,0.5468,0.2952,0.8785,0.1024,DISCARDED (Static Vegetation / Low Amplitude),3.0,2.0,22.0,"{""type"":""Point"",""coordinates"":[80.65252980650226,29.948095190692346]}"
4,0.4563,0.2024,0.8936,0.0942,STABLE CROPLAND,0.0,0.0,23.0,"{""type"":""Point"",""coordinates"":[80.59762010992817,29.928070116122583]}"
5,0.594,0.3095,0.9186,0.0863,DISCARDED (Static Vegetation / Low Amplitude),4.0,2.0,22.0,"{""type"":""Point"",""coordinates"":[80.66792937516786,29.924955186356794]}"
6,0.4717,0.1954,0.9214,0.152,DISCARDED (Failed Phenology),4.0,3.0,21.0,"{""type"":""Point"",""coordinates"":[80.57807763348198,29.91223197688871]}"
7,0.3883,0.1104,0.82,0.0711,STABLE CROPLAND,0.0,0.0,23.0,"{""type"":""Point"",""coordinates"":[81.87108523324754,29.96626725625508]}"
8,0.5585,0.2514,0.9482,0.1232,DISCARDED (Static Vegetation / Low Amplitude),3.0,2.0,27.0,"{""type"":""Point"",""coordinates"":[80.59943702105757,29.899462484590433]}"
9,0.5642,0.3114,0.9173,0.1306,DISCARDED (Static Vegetation / Low Amplitude),4.0,2.0,22.0,"{""type"":""Point"",""coordinates"":[80.6282297121558,29.89371251426264]}"
10,0.5246,0.178,0.8385,0.0452,STABLE CROPLAND,0.0,0.0,23.0,"{""type"":""Point"",""coordinates"":[81.84888613639478,29.94218301982773]}"
11,0.4372,0.1561,0.8817,0.1541,STABLE CROPLAND,2.0,1.0,23.0,"{""type"":""Point"",""coordinates"":[80.5837780144959,29.87621444311198]}"
12,0.4304,0.1451,0.8481,0.0628,STABLE CROPLAND,0.0,0.0,23.0,"{""type"":""Point"",""coordinates"":[81.86622990481807,29.93114395293358]}"
13,0.4757,0.2143,0.8609,0.077,STABLE CROPLAND,0.0,0.0,23.0,"{""type"":""Point"",""coordinates"":[80.56449108117694,29.863183362629993]}"
14,0.5167,0.1037,0.9016,0.0884,STABLE CROPLAND,2.0,1.0,21.0,"{""type"":""Point"",""coordinates"":[81.8772488142732,29.915769834167754]}"
15,0.4672,0.1313,0.8531,0.0669,STABLE CROPLAND,0.0,0.0,23.0,"{""type"":""Point"",""coordinates"":[81.86369682813141,29.892896980126103]}"
16,0.3871,0.1186,0.8206,0.0657,STABLE CROPLAND,0.0,0.0,23.0,"{""type"":""Point"",""coordinates"":[81.86640221434511,29.8746907292431]}"
17,0.5571,0.257,0.8714,0.0771,DISCARDED (Static Vegetation / Low Amplitude),1.0,1.0,23.0,"{""type"":""Point"",""coordinates"":[80.4353309959024,29.802762445955747]}"
18,0.4833,0.1323,0.887,0.0679,STABLE CROPLAND,0.0,0.0,23.0,"{""type"":""Point"",""coordinates"":[81.8803484646874,29.857990360340516]}"
19,0.564,0.2491,0.8797,0.0648,STABLE CROPLAND,1.0,1.0,28.0,"{""type"":""Point"",""coordinates"":[80.48317693749249,29.792245339970545]}"
20,0.5176,0.3162,0.8025,0.0569,DISCARDED (Static Vegetation / Low Amplitude),0.0,0.0,24.0,"{""type"":""Point"",""coordinates"":[80.62500771664925,29.797310510556134]}"
21,0.548,0.2626,0.9031,0.1264,DISCARDED (Static Vegetation / Low Amplitude),2.0,1.0,24.0,"{""type"":""Point"",""coordinates"":[80.77531248127076,29.799161503646044]}"
22,0.5256,0.2866,0.8676,0.1131,DISCARDED (Static Vegetation / Low Amplitude),1.0,1.0,22.0,"{""type"":""Point"",""coordinates"":[80.64754464316097,29.784506759702065]}"
23,0.5286,0.2909,0.8697,0.1239,DISCARDED (Static Vegetation / Low Amplitude),7.0,2.0,17.0,"{""type"":""Point"",""coordinates"":[80.87282200962835,29.793104340740985]}"
24,0.4906,0.166,0.8729,0.0545,STABLE CROPLAND,0.0,0.0,23.0,"{""type"":""Point"",""coordinates"":[81.88005791982592,29.836099385961184]}"
25,0.4975,0.161,0.8898,0.0662,STABLE CROPLAND,0.0,0.0,23.0,"{""type"":""Point"",""coordinates"":[81.95980937170835,29.83455627633524]}"
26,0.4195,0.2007,0.7494,0.0979,DISCARDED (Static Vegetation / Low Amplitude),1.0,1.0,22.0,"{""type"":""Point"",""coordinates"":[80.69149347425792,29.767482659417308]}"
27,0.4047,0.1489,0.8575,0.0934,STABLE CROPLAND,0.0,0.0,23.0,"{""type"":""Point"",""coordinates"":[81.85417233151756,29.813850832251166]}"
28,0.5354,0.2042,0.8491,0.097,DISCARDED (Failed Phenology),4.0,1.0,22.0,"{""type"":""Point"",""coordinates"":[80.48061420885236,29.7418504865812]}"
29,0.5496,0.3533,0.8493,0.1102,DISCARDED (Static Vegetation / Low Amplitude),2.0,1.0,21.0,"{""type"":""Point"",""coordinates"":[80.84090811913815,29.755672387765383]}"
30,0.4724,0.1887,0.8539,0.0939,STABLE CROPLAND,3.0,1.0,26.0,"{""type"":""Point"",""coordinates"":[80.69161762414569,29.746788595654603]}"
31,0.5517,0.2135,0.8897,0.0826,DISCARDED (Failed Phenology),7.0,3.0,18.0,"{""type"":""Point"",""coordinates"":[80.79671294128515,29.75117425265192]}"
32,0.5276,0.218,0.8888,0.1105,STABLE CROPLAND,3.0,1.0,21.0,"{""type"":""Point"",""coordinates"":[80.75576035980697,29.746560558868588]}"
33,0.4224,0.1671,0.8585,0.0714,STABLE CROPLAND,0.0,0.0,23.0,"{""type"":""Point"",""coordinates"":[81.90734143733243,29.794469608498975]}"
34,0.5408,0.2495,0.8571,0.0592,STABLE CROPLAND,0.0,0.0,23.0,"{""type"":""Point"",""coordinates"":[80.6153137114556,29.730694941003506]}"
35,0.4023,0.1274,0.8088,0.0725,STABLE CROPLAND,0.0,0.0,23.0,"{""type"":""Point"",""coordinates"":[81.94880506298074,29.786827592939236]}"
36,0.51,0.1272,0.9505,0.0716,STABLE CROPLAND,0.0,0.0,23.0,"{""type"":""Point"",""coordinates"":[82.01237364084109,29.789001185409624]}"
37,0.4178,0.1889,0.8155,0.0862,STABLE CROPLAND,0.0,0.0,23.0,"{""type"":""Point"",""coordinates"":[80.71933646994825,29.73132427950093]}"
38,0.5686,0.2532,0.9072,0.0737,DISCARDED (Static Vegetation / Low Amplitude),3.0,1.0,23.0,"{""type"":""Point"",""coordinates"":[80.84211695012193,29.733882396309088]}"
39,0.3998,0.1022,0.7385,0.0604,STABLE CROPLAND,0.0,0.0,23.0,"{""type"":""Point"",""coordinates"":[81.92783426890493,29.77662934063584]}"
40,0.4748,0.1855,0.8626,0.126,DISCARDED (Failed Phenology),7.0,2.0,18.0,"{""type"":""Point"",""coordinates"":[80.46641248679975,29.7101419981422]}"
41,0.4569,0.2158,0.8573,0.0767,STABLE CROPLAND,0.0,0.0,23.0,"{""type"":""Point"",""coordinates"":[80.60383868991165,29.71492424654884]}"
42,0.4395,0.229,0.7674,0.0568,DISCARDED (Static Vegetation / Low Amplitude),0.0,0.0,23.0,"{""type"":""Point"",""coordinates"":[80.5556097193608,29.71020035704953]}"
43,0.5088,0.1845,0.883,0.0821,DISCARDED (Failed Phenology),4.0,1.0,26.0,"{""type"":""Point"",""coordinates"":[80.41883444653386,29.703056443456312]}"
44,0.4415,0.1854,0.8633,0.0631,STABLE CROPLAND,0.0,0.0,23.0,"{""type"":""Point"",""coordinates"":[81.97722709599795,29.771660844975084]}"
45,0.5737,0.1985,0.9221,0.0456,STABLE CROPLAND,0.0,0.0,23.0,"{""type"":""Point"",""coordinates"":[82.08887279071233,29.77417863354431]}"
46,0.4159,0.1352,0.8283,0.1333,STABLE CROPLAND,2.0,1.0,21.0,"{""type"":""Point"",""coordinates"":[80.64898704389599,29.708920658181793]}"
47,0.4212,0.1679,0.8093,0.1262,STABLE CROPLAND,1.0,1.0,22.0,"{""type"":""Point"",""coordinates"":[80.53076003601053,29.700745094261492]}"
48,0.4624,0.1565,0.919,0.0656,STABLE CROPLAND,0.0,0.0,23.0,"{""type"":""Point"",""coordinates"":[82.0178012981567,29.767225897464368]}"
49,0.5191,0.2202,0.8971,0.0747,STABLE CROPLAND,0.0,0.0,35.0,"{""type"":""Point"",""coordinates"":[80.38402913352336,29.68951913258666]}"
50,0.4999,0.2401,0.8327,0.1019,STABLE CROPLAND,1.0,1.0,22.0,"{""type"":""Point"",""coordinates"":[80.57277719165428,29.69379251935166]}"
51,0.4426,0.1721,0.8544,0.1231,STABLE CROPLAND,0.0,0.0,23.0,"{""type"":""Point"",""coordinates"":[80.43368410495526,29.682651185798417]}"
52,0.4464,0.2176,0.8209,0.0977,STABLE CROPLAND,1.0,1.0,22.0,"{""type"":""Point"",""coordinates"":[80.61724786031762,29.690905555458876]}"
53,0.364,0.1591,0.7241,0.0593,STABLE CROPLAND,0.0,0.0,23.0,"{""type"":""Point"",""coordinates"":[82.03633424859375,29.751640053338168]}"
54,0.4595,0.213,0.857,0.1133,STABLE CROPLAND,1.0,1.0,22.0,"{""type"":""Point"",""coordinates"":[80.50923323985532,29.684416415734454]}"
55,0.4456,0.2383,0.8131,0.0546,STABLE CROPLAND,0.0,0.0,23.0,"{""type"":""Point"",""coordinates"":[82.06245631653064,29.747173755812515]}"
56,0.4343,0.1907,0.9358,0.0989,STABLE CROPLAND,0.0,0.0,23.0,"{""type"":""Point"",""coordinates"":[82.0869306684734,29.748601193191245]}"
57,0.5264,0.2284,0.9154,0.1025,STABLE CROPLAND,1.0,1.0,22.0,"{""type"":""Point"",""coordinates"":[80.5864207770226,29.674893020896857]}"
58,0.548,0.2329,0.8622,0.0596,DISCARDED (Failed Phenology),4.0,1.0,29.0,"{""type"":""Point"",""coordinates"":[80.55779291424807,29.671734744578607]}"
59,0.5574,0.232,0.903,0.0593,STABLE CROPLAND,0.0,0.0,23.0,"{""type"":""Point"",""coordinates"":[80.40009387863623,29.659611323448928]}"
60,0.5206,0.1988,0.895,0.0901,STABLE CROPLAND,1.0,1.0,22.0,"{""type"":""Point"",""coordinates"":[81.83586846067566,29.72333010796873]}"
61,0.5097,0.2637,0.8778,0.0894,DISCARDED (Static Vegetation / Low Amplitude),0.0,0.0,23.0,"{""type"":""Point"",""coordinates"":[80.51410544411416,29.663807927145356]}"
62,0.5354,0.2407,0.8561,0.0726,DISCARDED (Failed Phenology),5.0,1.0,23.0,"{""type"":""Point"",""coordinates"":[80.53471813093391,29.665506918576572]}"
63,0.5091,0.1694,0.9298,0.1309,DISCARDED (Failed Phenology),4.0,1.0,25.0,"{""type"":""Point"",""coordinates"":[81.71029989382069,29.713835200276357]}"
64,0.4395,0.1202,0.8825,0.0714,STABLE CROPLAND,0.0,0.0,23.0,"{""type"":""Point"",""coordinates"":[82.09541709035575,29.719378195644968]}"
65,0.4068,0.1853,0.7959,0.0992,STABLE CROPLAND,1.0,1.0,29.0,"{""type"":""Point"",""coordinates"":[80.57410152756012,29.653113919042752]}"
66,0.5061,0.2152,0.8785,0.0951,STABLE CROPLAND,1.0,1.0,25.0,"{""type"":""Point"",""coordinates"":[80.61021652736993,29.65399598262772]}"
67,0.5112,0.1861,0.8577,0.0841,STABLE CROPLAND,2.0,1.0,22.0,"{""type"":""Point"",""coordinates"":[80.41745653075826,29.644007911149473]}"
68,0.5444,0.2307,0.8932,0.092,STABLE CROPLAND,1.0,1.0,24.0,"{""type"":""Point"",""coordinates"":[80.47649203454463,29.645504933990978]}"
69,0.3318,0.141,0.719,0.0857,STABLE CROPLAND,0.0,0.0,23.0,"{""type"":""Point"",""coordinates"":[81.99516723964216,29.71242949271816]}"
70,0.4721,0.1721,0.8737,0.0749,STABLE CROPLAND,0.0,0.0,23.0,"{""type"":""Point"",""coordinates"":[81.83732301386956,29.702867030230504]}"
71,0.5587,0.2376,0.8924,0.0726,STABLE CROPLAND,3.0,1.0,27.0,"{""type"":""Point"",""coordinates"":[80.51045037098768,29.639998426744793]}"
72,0.4286,0.1723,0.817,0.0918,STABLE CROPLAND,0.0,0.0,23.0,"{""type"":""Point"",""coordinates"":[80.55332932667737,29.64385813022163]}"
73,0.4518,0.182,0.8989,0.0937,STABLE CROPLAND,0.0,0.0,23.0,"{""type"":""Point"",""coordinates"":[81.97527243539936,29.702401148014154]}"
74,0.4775,0.1791,0.8582,0.0482,STABLE CROPLAND,0.0,0.0,23.0,"{""type"":""Point"",""coordinates"":[82.0212541159449,29.70237144971378]}"
75,0.5149,0.2428,0.8541,0.0904,DISCARDED (Failed Phenology),5.0,2.0,26.0,"{""type"":""Point"",""coordinates"":[80.82251688734947,29.65063754460435]}"
76,0.5614,0.3025,0.8711,0.0889,DISCARDED (Static Vegetation / Low Amplitude),1.0,1.0,23.0,"{""type"":""Point"",""coordinates"":[80.64039420635056,29.64091694533023]}"
77,0.6032,0.2727,0.8863,0.0528,DISCARDED (Static Vegetation / Low Amplitude),10.0,1.0,13.0,"{""type"":""Point"",""coordinates"":[81.64507033022407,29.685289511695462]}"
78,0.4738,0.2069,0.8669,0.1309,DISCARDED (Failed Phenology),4.0,2.0,23.0,"{""type"":""Point"",""coordinates"":[81.69640333525821,29.682514738865347]}"
79,0.4111,0.2335,0.7384,0.1048,DISCARDED (Static Vegetation / Low Amplitude),6.0,2.0,20.0,"{""type"":""Point"",""coordinates"":[80.71797448270635,29.637457343135384]}"
80,0.4944,0.1834,0.8402,0.1264,STABLE CROPLAND,1.0,1.0,22.0,"{""type"":""Point"",""coordinates"":[80.52703673014095,29.626233423827287]}"
81,0.2999,0.1199,0.6509,0.1011,DISCARDED (Static Vegetation / Low Amplitude),4.0,3.0,19.0,"{""type"":""Point"",""coordinates"":[81.92755594008173,29.685152995153032]}"
82,0.2829,0.1217,0.5978,0.1059,DISCARDED (Static Vegetation / Low Amplitude),5.0,3.0,18.0,"{""type"":""Point"",""coordinates"":[81.9511246664138,29.68331485258453]}"
83,0.5258,0.2411,0.8801,0.0837,STABLE CROPLAND,2.0,1.0,25.0,"{""type"":""Point"",""coordinates"":[81.8528137967947,29.679115547611993]}"
84,0.4852,0.1707,0.8946,0.1076,STABLE CROPLAND,2.0,2.0,26.0,"{""type"":""Point"",""coordinates"":[80.4789961209065,29.618021219910684]}"
85,0.5668,0.1759,0.8979,0.0436,DISCARDED (Failed Phenology),6.0,2.0,22.0,"{""type"":""Point"",""coordinates"":[80.5555945794798,29.616341286911304]}"
86,0.5245,0.2406,0.8769,0.0719,DISCARDED (Failed Phenology),6.0,2.0,22.0,"{""type"":""Point"",""coordinates"":[80.63467518540602,29.620005189926374]}"
87,0.472,0.2162,0.8427,0.1028,STABLE CROPLAND,2.0,1.0,21.0,"{""type"":""Point"",""coordinates"":[80.91136442567962,29.63325940353643]}"
88,0.471,0.1923,0.8499,0.0868,STABLE CROPLAND,0.0,0.0,23.0,"{""type"":""Point"",""coordinates"":[81.67037554302185,29.664941878876817]}"
89,0.4481,0.1968,0.8192,0.0664,STABLE CROPLAND,0.0,0.0,23.0,"{""type"":""Point"",""coordinates"":[81.75721942830292,29.666104159485894]}"
90,0.5083,0.2289,0.871,0.1049,DISCARDED (Failed Phenology),5.0,2.0,18.0,"{""type"":""Point"",""coordinates"":[80.95578590891033,29.628852742047457]}"
91,0.482,0.2339,0.8974,0.102,STABLE CROPLAND,2.0,1.0,21.0,"{""type"":""Point"",""coordinates"":[81.78901988257489,29.664750982937463]}"
92,0.4691,0.2508,0.8119,0.0823,DISCARDED (Static Vegetation / Low Amplitude),1.0,1.0,29.0,"{""type"":""Point"",""coordinates"":[80.74363123480835,29.618295636352446]}"
93,0.5351,0.2128,0.8787,0.1087,DISCARDED (Failed Phenology),6.0,2.0,18.0,"{""type"":""Point"",""coordinates"":[81.69832847474322,29.660809312920634]}"
94,0.4839,0.2002,0.8734,0.1028,STABLE CROPLAND,2.0,1.0,23.0,"{""type"":""Point"",""coordinates"":[80.51131721282141,29.605641146566402]}"
95,0.5008,0.2,0.894,0.0997,STABLE CROPLAND,3.0,1.0,25.0,"{""type"":""Point"",""coordinates"":[80.69812150894886,29.615320353157472]}"
96,0.4974,0.1608,0.8959,0.0753,STABLE CROPLAND,3.0,1.0,24.0,"{""type"":""Point"",""coordinates"":[80.41034378234512,29.600349593903204]}"
97,0.4889,0.1415,0.8817,0.0948,DISCARDED (Failed Phenology),3.0,3.0,26.0,"{""type"":""Point"",""coordinates"":[81.90921166966025,29.665357087727337]}"
98,0.3775,0.136,0.8191,0.1063,STABLE CROPLAND,0.0,0.0,26.0,"{""type"":""Point"",""coordinates"":[81.86099329647702,29.659968574677556]}"
99,0.5138,0.3084,0.8267,0.0992,DISCARDED (Static Vegetation / Low Amplitude),1.0,1.0,22.0,"{""type"":""Point"",""coordinates"":[80.82672413105698,29.61482907533712]}"
100,0.4702,0.2155,0.7763,0.0791,DISCARDED (Failed Phenology),5.0,2.0,22.0,"{""type"":""Point"",""coordinates"":[81.11085696307184,29.625153616733904]}"
101,0.481,0.2432,0.8315,0.0984,DISCARDED (Failed Phenology),3.0,3.0,23.0,"{""type"":""Point"",""coordinates"":[80.86385255451901,29.614217428143903]}"
102,0.5251,0.2989,0.8458,0.0992,DISCARDED (Static Vegetation / Low Amplitude),4.0,3.0,19.0,"{""type"":""Point"",""coordinates"":[80.80245502116867,29.608320127897922]}"
103,0.5314,0.3337,0.8369,0.0797,DISCARDED (Static Vegetation / Low Amplitude),1.0,1.0,22.0,"{""type"":""Point"",""coordinates"":[80.91203151122002,29.613139707240578]}"
104,0.535,0.2869,0.8836,0.0732,DISCARDED (Static Vegetation / Low Amplitude),0.0,0.0,23.0,"{""type"":""Point"",""coordinates"":[81.66879891875364,29.6446159174798]}"
105,0.4948,0.1679,0.8378,0.0774,DISCARDED (Failed Phenology),6.0,3.0,22.0,"{""type"":""Point"",""coordinates"":[80.65479684470105,29.601890534362308]}"
106,0.5457,0.2648,0.9239,0.1076,DISCARDED (Static Vegetation / Low Amplitude),2.0,1.0,21.0,"{""type"":""Point"",""coordinates"":[80.55632963057333,29.593706318715554]}"
107,0.5183,0.2251,0.8191,0.0736,DISCARDED (Failed Phenology),6.0,2.0,18.0,"{""type"":""Point"",""coordinates"":[81.13046599652473,29.619118438456994]}"
108,0.3972,0.1416,0.8345,0.078,STABLE CROPLAND,0.0,0.0,23.0,"{""type"":""Point"",""coordinates"":[81.93270712224708,29.65031197496355]}"
109,0.474,0.2319,0.884,0.1269,STABLE CROPLAND,0.0,0.0,27.0,"{""type"":""Point"",""coordinates"":[80.68976456991648,29.596360901723735]}"
110,0.4717,0.2501,0.8604,0.1049,DISCARDED (Static Vegetation / Low Amplitude),0.0,0.0,23.0,"{""type"":""Point"",""coordinates"":[81.29206790780606,29.621439476275658]}"
111,0.4608,0.1929,0.8305,0.0976,DISCARDED (Failed Phenology),5.0,2.0,25.0,"{""type"":""Point"",""coordinates"":[80.61195238712077,29.589801434245704]}"
112,0.5056,0.2808,0.9011,0.1076,DISCARDED (Static Vegetation / Low Amplitude),2.0,1.0,26.0,"{""type"":""Point"",""coordinates"":[81.76991755606336,29.638783809177433]}"
113,0.4468,0.1991,0.8474,0.1023,STABLE CROPLAND,2.0,1.0,21.0,"{""type"":""Point"",""coordinates"":[80.89709710620117,29.60040832491307]}"
114,0.4262,0.1789,0.8296,0.1154,STABLE CROPLAND,1.0,1.0,27.0,"{""type"":""Point"",""coordinates"":[81.25102832571802,29.617101158081997]}"
115,0.3837,0.1412,0.8215,0.1149,STABLE CROPLAND,0.0,0.0,25.0,"{""type"":""Point"",""coordinates"":[81.86013691446492,29.64141329875053]}"
116,0.4724,0.1854,0.8159,0.0795,STABLE CROPLAND,3.0,1.0,26.0,"{""type"":""Point"",""coordinates"":[80.87264987137871,29.597124669913427]}"
117,0.5191,0.1833,0.881,0.0791,STABLE CROPLAND,3.0,2.0,26.0,"{""type"":""Point"",""coordinates"":[80.50342031883962,29.579002491028945]}"
118,0.4786,0.1637,0.8556,0.0724,DISCARDED (Failed Phenology),5.0,2.0,26.0,"{""type"":""Point"",""coordinates"":[81.27639224386309,29.609541572181044]}"
119,0.4419,0.1909,0.8289,0.1067,STABLE CROPLAND,0.0,0.0,23.0,"{""type"":""Point"",""coordinates"":[81.33291629725768,29.61150640198676]}"
120,0.4269,0.2394,0.7836,0.1034,DISCARDED (Static Vegetation / Low Amplitude),5.0,2.0,18.0,"{""type"":""Point"",""coordinates"":[80.73589021727682,29.584561991316992]}"
121,0.5161,0.2599,0.7947,0.0796,DISCARDED (Static Vegetation / Low Amplitude),5.0,1.0,21.0,"{""type"":""Point"",""coordinates"":[81.15131862003354,29.59837299945271]}"
122,0.3671,0.1321,0.803,0.1013,STABLE CROPLAND,0.0,0.0,23.0,"{""type"":""Point"",""coordinates"":[81.9807813243271,29.63023247477745]}"
123,0.276,0.1404,0.603,0.0811,DISCARDED (Static Vegetation / Low Amplitude),3.0,1.0,20.0,"{""type"":""Point"",""coordinates"":[81.84897157493903,29.62513499357796]}"
124,0.4564,0.2198,0.8818,0.1253,STABLE CROPLAND,3.0,1.0,23.0,"{""type"":""Point"",""coordinates"":[81.23314112761672,29.597921891790296]}"
125,0.4752,0.2392,0.8296,0.0899,STABLE CROPLAND,0.0,0.0,24.0,"{""type"":""Point"",""coordinates"":[81.30625867223924,29.600874708233828]}"
126,0.492,0.302,0.7758,0.0767,DISCARDED (Static Vegetation / Low Amplitude),1.0,1.0,25.0,"{""type"":""Point"",""coordinates"":[80.80078213738798,29.575538158685813]}"
127,0.3895,0.1399,0.804,0.1148,STABLE CROPLAND,0.0,0.0,23.0,"{""type"":""Point"",""coordinates"":[81.74258079797137,29.615312919741584]}"
128,0.3663,0.1495,0.7982,0.1151,STABLE CROPLAND,0.0,0.0,23.0,"{""type"":""Point"",""coordinates"":[81.96062753418842,29.623475186048818]}"
129,0.5761,0.3262,0.9093,0.0803,DISCARDED (Static Vegetation / Low Amplitude),5.0,2.0,20.0,"{""type"":""Point"",""coordinates"":[80.76110368756005,29.570296080548022]}"
130,0.439,0.2055,0.8613,0.1049,STABLE CROPLAND,1.0,1.0,25.0,"{""type"":""Point"",""coordinates"":[80.87116334338165,29.577482359245316]}"
131,0.3732,0.172,0.7616,0.0993,STABLE CROPLAND,0.0,0.0,23.0,"{""type"":""Point"",""coordinates"":[81.7700982489879,29.61158442512232]}"
132,0.485,0.21,0.8271,0.099,STABLE CROPLAND,2.0,1.0,21.0,"{""type"":""Point"",""coordinates"":[81.70311686490753,29.608879926680405]}"
133,0.5428,0.2673,0.8798,0.0909,DISCARDED (Static Vegetation / Low Amplitude),1.0,1.0,26.0,"{""type"":""Point"",""coordinates"":[81.32525406984477,29.59105106318705]}"
134,0.5578,0.2412,0.8459,0.0495,DISCARDED (Failed Phenology),4.0,1.0,24.0,"{""type"":""Point"",""coordinates"":[81.26373870263743,29.588514663330365]}"
135,0.2836,0.1283,0.5735,0.0689,DISCARDED (Static Vegetation / Low Amplitude),1.0,1.0,22.0,"{""type"":""Point"",""coordinates"":[81.88630575143337,29.613694078465432]}"
136,0.4791,0.2785,0.8137,0.1066,DISCARDED (Static Vegetation / Low Amplitude),5.0,2.0,18.0,"{""type"":""Point"",""coordinates"":[81.35735556854317,29.59256245605777]}"
137,0.4465,0.2139,0.8355,0.0963,STABLE CROPLAND,0.0,0.0,23.0,"{""type"":""Point"",""coordinates"":[80.35040964897429,29.542528121871403]}"
138,0.4888,0.1925,0.9138,0.1232,STABLE CROPLAND,2.0,2.0,27.0,"{""type"":""Point"",""coordinates"":[80.42567662539686,29.546566926644388]}"
139,0.3313,0.1322,0.6945,0.0798,STABLE CROPLAND,0.0,0.0,23.0,"{""type"":""Point"",""coordinates"":[81.79229891218328,29.60338949080928]}"
140,0.4831,0.2126,0.8614,0.1049,STABLE CROPLAND,1.0,1.0,27.0,"{""type"":""Point"",""coordinates"":[80.39119273675958,29.54137072564405]}"
141,0.5274,0.2431,0.872,0.0754,STABLE CROPLAND,1.0,1.0,22.0,"{""type"":""Point"",""coordinates"":[81.86106157999772,29.604235317546426]}"
142,0.3561,0.1152,0.7319,0.0793,STABLE CROPLAND,0.0,0.0,23.0,"{""type"":""Point"",""coordinates"":[82.04941415996346,29.610743349676124]}"
143,0.5141,0.1756,0.8798,0.104,STABLE CROPLAND,3.0,1.0,23.0,"{""type"":""Point"",""coordinates"":[81.29199604094003,29.580084693840313]}"
144,0.5394,0.3429,0.8647,0.0969,DISCARDED (Static Vegetation / Low Amplitude),1.0,1.0,22.0,"{""type"":""Point"",""coordinates"":[81.01835936563162,29.566131728808216]}"
145,0.3774,0.1462,0.786,0.0943,STABLE CROPLAND,0.0,0.0,23.0,"{""type"":""Point"",""coordinates"":[81.9598526306805,29.603925155874013]}"
146,0.4501,0.2005,0.8702,0.0744,STABLE CROPLAND,0.0,0.0,23.0,"{""type"":""Point"",""coordinates"":[81.98416673875948,29.602966342454064]}"
147,0.437,0.2054,0.8,0.1126,STABLE CROPLAND,2.0,1.0,22.0,"{""type"":""Point"",""coordinates"":[80.87933721069815,29.559792572186936]}"
148,0.5152,0.2102,0.8087,0.0792,STABLE CROPLAND,1.0,1.0,23.0,"{""type"":""Point"",""coordinates"":[81.72782126237863,29.59080114850926]}"
149,0.3728,0.164,0.7431,0.0634,STABLE CROPLAND,0.0,0.0,23.0,"{""type"":""Point"",""coordinates"":[82.0975303321971,29.603765525461206]}"
150,0.3079,0.1221,0.7333,0.1158,STABLE CROPLAND,3.0,2.0,20.0,"{""type"":""Point"",""coordinates"":[82.02795499920943,29.598340553269573]}"
151,0.3611,0.1666,0.7322,0.0963,STABLE CROPLAND,1.0,1.0,22.0,"{""type"":""Point"",""coordinates"":[81.76492979823826,29.587807999446927]}"
152,0.4402,0.2096,0.8478,0.0999,STABLE CROPLAND,0.0,0.0,23.0,"{""type"":""Point"",""coordinates"":[81.21363798893339,29.56376868862905]}"
153,0.457,0.1555,0.9054,0.0775,STABLE CROPLAND,0.0,0.0,23.0,"{""type"":""Point"",""coordinates"":[82.14252892071005,29.59895365463429]}"
154,0.4945,0.1446,0.8401,0.0636,DISCARDED (Failed Phenology),6.0,1.0,22.0,"{""type"":""Point"",""coordinates"":[81.18477838530126,29.55840678140693]}"
155,0.491,0.1475,0.8594,0.0747,STABLE CROPLAND,3.0,1.0,20.0,"{""type"":""Point"",""coordinates"":[82.07238238203475,29.59366996311566]}"
156,0.4398,0.1853,0.8425,0.1121,STABLE CROPLAND,0.0,0.0,23.0,"{""type"":""Point"",""coordinates"":[82.00529135460967,29.590239705069607]}"
157,0.5187,0.2364,0.8525,0.0865,STABLE CROPLAND,3.0,1.0,23.0,"{""type"":""Point"",""coordinates"":[81.01157010282085,29.548571693291372]}"
158,0.4201,0.1816,0.7835,0.1106,STABLE CROPLAND,0.0,0.0,30.0,"{""type"":""Point"",""coordinates"":[80.40121611472381,29.51818149931134]}"
159,0.4947,0.2293,0.8196,0.0898,STABLE CROPLAND,1.0,1.0,28.0,"{""type"":""Point"",""coordinates"":[81.04631435448165,29.547511906097885]}"
160,0.4097,0.1812,0.8438,0.1422,STABLE CROPLAND,2.0,1.0,21.0,"{""type"":""Point"",""coordinates"":[81.2527471694957,29.55567780564773]}"
161,0.5309,0.3033,0.8669,0.1041,DISCARDED (Static Vegetation / Low Amplitude),1.0,1.0,22.0,"{""type"":""Point"",""coordinates"":[81.15390317232504,29.551202828182944]}"
162,0.5349,0.2361,0.8448,0.0679,DISCARDED (Failed Phenology),7.0,3.0,22.0,"{""type"":""Point"",""coordinates"":[80.56229590344107,29.522492337358866]}"
163,0.4591,0.1238,0.864,0.0738,STABLE CROPLAND,2.0,2.0,21.0,"{""type"":""Point"",""coordinates"":[82.09390331497552,29.58592402910875]}"
164,0.4175,0.1861,0.8535,0.1296,STABLE CROPLAND,0.0,0.0,23.0,"{""type"":""Point"",""coordinates"":[81.23086118445023,29.548541885676386]}"
165,0.5171,0.2389,0.8805,0.0979,DISCARDED (Failed Phenology),6.0,2.0,26.0,"{""type"":""Point"",""coordinates"":[80.4695718901845,29.512592547184088]}"
166,0.5305,0.3085,0.8157,0.0776,DISCARDED (Static Vegetation / Low Amplitude),1.0,1.0,22.0,"{""type"":""Point"",""coordinates"":[80.91441447900478,29.533755403498585]}"
167,0.4128,0.1463,0.8349,0.0744,STABLE CROPLAND,0.0,0.0,23.0,"{""type"":""Point"",""coordinates"":[82.13038200472485,29.58300883919179]}"
168,0.3555,0.1488,0.7395,0.0863,STABLE CROPLAND,0.0,0.0,23.0,"{""type"":""Point"",""coordinates"":[82.31827608259222,29.589063224514778]}"
169,0.3349,0.0945,0.7148,0.0848,STABLE CROPLAND,0.0,0.0,23.0,"{""type"":""Point"",""coordinates"":[82.2779439690014,29.58690262841176]}"
170,0.4702,0.1987,0.7737,0.0521,STABLE CROPLAND,1.0,1.0,30.0,"{""type"":""Point"",""coordinates"":[81.08659050264772,29.542025741250036]}"
171,0.385,0.1816,0.8215,0.1149,STABLE CROPLAND,1.0,1.0,22.0,"{""type"":""Point"",""coordinates"":[82.16617908383483,29.580738188422036]}"
172,0.4129,0.2037,0.7574,0.0939,STABLE CROPLAND,0.0,0.0,23.0,"{""type"":""Point"",""coordinates"":[80.34275112153554,29.501548133547953]}"
173,0.5272,0.2187,0.906,0.0751,STABLE CROPLAND,1.0,1.0,27.0,"{""type"":""Point"",""coordinates"":[81.203890124834,29.54335612843803]}"
174,0.5264,0.254,0.842,0.0692,DISCARDED (Static Vegetation / Low Amplitude),3.0,1.0,29.0,"{""type"":""Point"",""coordinates"":[80.96524732290442,29.529863649256086]}"
175,0.4104,0.0766,0.851,0.0943,STABLE CROPLAND,0.0,0.0,23.0,"{""type"":""Point"",""coordinates"":[81.78615648343532,29.564764719265483]}"
176,0.443,0.2049,0.8468,0.1129,STABLE CROPLAND,1.0,1.0,22.0,"{""type"":""Point"",""coordinates"":[81.27867126331368,29.543158337917028]}"
177,0.4925,0.1742,0.899,0.1238,STABLE CROPLAND,1.0,1.0,29.0,"{""type"":""Point"",""coordinates"":[80.38739297427998,29.500512740149716]}"
178,0.5405,0.1671,0.9016,0.0814,DISCARDED (Failed Phenology),5.0,1.0,24.0,"{""type"":""Point"",""coordinates"":[81.0583341790483,29.529270253099906]}"
179,0.4545,0.2163,0.8544,0.1316,STABLE CROPLAND,1.0,1.0,26.0,"{""type"":""Point"",""coordinates"":[80.51028239384141,29.502949255890858]}"
180,0.5007,0.1438,0.8549,0.0599,STABLE CROPLAND,2.0,1.0,22.0,"{""type"":""Point"",""coordinates"":[82.027938686172,29.56973273441556]}"
181,0.4016,-0.0032,0.8192,0.0826,STABLE CROPLAND,0.0,0.0,23.0,"{""type"":""Point"",""coordinates"":[82.2548959513958,29.57387031207442]}"
182,0.3049,0.1697,0.6198,0.0684,DISCARDED (Static Vegetation / Low Amplitude),0.0,0.0,23.0,"{""type"":""Point"",""coordinates"":[81.80667177113303,29.55609769924165]}"
183,0.4577,0.229,0.8669,0.0941,STABLE CROPLAND,0.0,0.0,23.0,"{""type"":""Point"",""coordinates"":[82.1441086237072,29.56891723243747]}"
184,0.4815,0.215,0.8856,0.1009,STABLE CROPLAND,1.0,1.0,23.0,"{""type"":""Point"",""coordinates"":[81.14241028125355,29.527274059386514]}"
185,0.4197,0.2006,0.7814,0.1097,STABLE CROPLAND,0.0,0.0,23.0,"{""type"":""Point"",""coordinates"":[80.55863944862881,29.501309273547893]}"
186,0.4103,0.1453,0.79,0.1424,DISCARDED (Failed Phenology),5.0,2.0,20.0,"{""type"":""Point"",""coordinates"":[81.16522860426363,29.529804721304565]}"
187,0.472,0.1803,0.8234,0.0849,STABLE CROPLAND,1.0,1.0,29.0,"{""type"":""Point"",""coordinates"":[81.03613775141288,29.52129442842747]}"
188,0.5799,0.2727,0.9012,0.077,DISCARDED (Static Vegetation / Low Amplitude),1.0,1.0,22.0,"{""type"":""Point"",""coordinates"":[81.48371951870605,29.538681858047646]}"
189,0.4703,0.1785,0.8934,0.1144,STABLE CROPLAND,2.0,1.0,23.0,"{""type"":""Point"",""coordinates"":[81.2329139540111,29.527929754369353]}"
190,0.5311,0.2508,0.8965,0.0782,DISCARDED (Static Vegetation / Low Amplitude),2.0,2.0,23.0,"{""type"":""Point"",""coordinates"":[81.25818499364149,29.529000660421413]}"
191,0.4928,0.198,0.8501,0.0719,STABLE CROPLAND,0.0,0.0,37.0,"{""type"":""Point"",""coordinates"":[81.77297462614278,29.5449376844455]}"
192,0.5234,0.2318,0.8643,0.0861,STABLE CROPLAND,2.0,1.0,21.0,"{""type"":""Point"",""coordinates"":[81.61534404733489,29.53673065724923]}"
193,0.372,0.1043,0.8839,0.1181,STABLE CROPLAND,0.0,0.0,25.0,"{""type"":""Point"",""coordinates"":[82.16247174645574,29.556826615016625]}"
194,0.4659,0.2196,0.8265,0.1087,STABLE CROPLAND,1.0,1.0,22.0,"{""type"":""Point"",""coordinates"":[80.47019503641057,29.483672321521798]}"
195,0.5743,0.3053,0.902,0.0762,DISCARDED (Static Vegetation / Low Amplitude),2.0,1.0,25.0,"{""type"":""Point"",""coordinates"":[81.45376318072928,29.526857137862045]}"
196,0.5424,0.1696,0.891,0.0718,STABLE CROPLAND,2.0,1.0,30.0,"{""type"":""Point"",""coordinates"":[80.35188506359823,29.474644571460967]}"
197,0.4265,0.2267,0.7912,0.0734,STABLE CROPLAND,0.0,0.0,23.0,"{""type"":""Point"",""coordinates"":[81.12874853548887,29.511067470773863]}"
198,0.4934,0.206,0.8493,0.1022,STABLE CROPLAND,3.0,2.0,31.0,"{""type"":""Point"",""coordinates"":[80.43062655097451,29.47649213827487]}"
199,0.5431,0.2783,0.8694,0.0792,DISCARDED (Static Vegetation / Low Amplitude),0.0,0.0,23.0,"{""type"":""Point"",""coordinates"":[81.4087522703496,29.519937969370755]}"
200,0.4791,0.1394,0.7922,0.0612,STABLE CROPLAND,2.0,1.0,32.0,"{""type"":""Point"",""coordinates"":[81.07152845332102,29.499856989209757]}"
201,0.434,0.1569,0.7555,0.0787,STABLE CROPLAND,2.0,2.0,34.0,"{""type"":""Point"",""coordinates"":[81.04721813596252,29.504923494694854]}"
202,0.4415,0.1464,0.8284,0.0909,DISCARDED (Failed Phenology),4.0,3.0,23.0,"{""type"":""Point"",""coordinates"":[81.74493585629459,29.5295059612914]}"
203,0.4574,0.1721,0.8076,0.0735,STABLE CROPLAND,2.0,1.0,31.0,"{""type"":""Point"",""coordinates"":[81.10315110183426,29.498810556067493]}"
204,0.5263,0.2205,0.872,0.0817,STABLE CROPLAND,3.0,1.0,25.0,"{""type"":""Point"",""coordinates"":[81.44052092727755,29.511983206288832]}"
205,0.5039,0.258,0.8954,0.113,DISCARDED (Static Vegetation / Low Amplitude),0.0,0.0,33.0,"{""type"":""Point"",""coordinates"":[81.85681853549032,29.52837761733093]}"
206,0.475,0.1656,0.8652,0.0635,STABLE CROPLAND,0.0,0.0,33.0,"{""type"":""Point"",""coordinates"":[81.77955896411292,29.524700504336185]}"
207,0.4338,0.1623,0.8361,0.0936,STABLE CROPLAND,0.0,0.0,25.0,"{""type"":""Point"",""coordinates"":[82.15582614113919,29.53835267106768]}"
208,0.4031,0.1935,0.7767,0.0715,STABLE CROPLAND,0.0,0.0,23.0,"{""type"":""Point"",""coordinates"":[82.19610667571447,29.540413056246237]}"
209,0.503,0.2132,0.8586,0.0993,STABLE CROPLAND,0.0,0.0,25.0,"{""type"":""Point"",""coordinates"":[81.93341071274072,29.526180930759207]}"
210,0.4716,0.1336,0.8302,0.0628,STABLE CROPLAND,2.0,1.0,26.0,"{""type"":""Point"",""coordinates"":[81.05160834327661,29.486669729548005]}"
211,0.5127,0.2436,0.8407,0.077,STABLE CROPLAND,2.0,1.0,30.0,"{""type"":""Point"",""coordinates"":[81.80788045611683,29.518338099654024]}"
212,0.3848,0.1565,0.7625,0.0693,STABLE CROPLAND,0.0,0.0,23.0,"{""type"":""Point"",""coordinates"":[81.65163253835193,29.511108133190607]}"
213,0.4302,0.1288,0.8359,0.0756,STABLE CROPLAND,0.0,0.0,25.0,"{""type"":""Point"",""coordinates"":[80.28518942693312,29.449875215306633]}"
214,0.4758,0.1473,0.8873,0.0777,STABLE CROPLAND,3.0,1.0,28.0,"{""type"":""Point"",""coordinates"":[80.48754135238505,29.458941445583367]}"
215,0.4679,0.2331,0.8381,0.0829,STABLE CROPLAND,0.0,0.0,34.0,"{""type"":""Point"",""coordinates"":[80.55509325013706,29.460805538448586]}"
216,0.332,0.1568,0.7143,0.0815,STABLE CROPLAND,0.0,0.0,23.0,"{""type"":""Point"",""coordinates"":[81.76190360229887,29.512439322971616]}"
217,0.4288,0.1638,0.8595,0.0996,STABLE CROPLAND,1.0,1.0,23.0,"{""type"":""Point"",""coordinates"":[81.82877391199376,29.51345465337193]}"
218,0.427,0.1382,0.8468,0.1251,STABLE CROPLAND,2.0,2.0,25.0,"{""type"":""Point"",""coordinates"":[80.30683089988423,29.442215619366536]}"
219,0.4981,0.1785,0.785,0.0679,DISCARDED (Failed Phenology),5.0,3.0,23.0,"{""type"":""Point"",""coordinates"":[81.02900956975282,29.47632124469463]}"
220,0.5434,0.2159,0.8453,0.0792,STABLE CROPLAND,2.0,2.0,29.0,"{""type"":""Point"",""coordinates"":[80.53494164253348,29.453148584492702]}"
221,0.5378,0.2783,0.869,0.0966,DISCARDED (Static Vegetation / Low Amplitude),0.0,0.0,30.0,"{""type"":""Point"",""coordinates"":[80.46263482308396,29.4472762764413]}"
222,0.5309,0.2357,0.8808,0.0737,STABLE CROPLAND,2.0,1.0,21.0,"{""type"":""Point"",""coordinates"":[81.43317378847792,29.491684654521936]}"
223,0.401,0.1839,0.8151,0.081,STABLE CROPLAND,0.0,0.0,23.0,"{""type"":""Point"",""coordinates"":[81.89852058995494,29.511139956892784]}"
224,0.4459,0.1967,0.7835,0.1121,STABLE CROPLAND,0.0,0.0,23.0,"{""type"":""Point"",""coordinates"":[80.83847210888821,29.464347056115283]}"
225,0.397,0.1228,0.8943,0.1236,STABLE CROPLAND,0.0,0.0,23.0,"{""type"":""Point"",""coordinates"":[82.18884978939528,29.518859500801845]}"
226,0.4034,0.1359,0.7263,0.0627,STABLE CROPLAND,2.0,1.0,29.0,"{""type"":""Point"",""coordinates"":[80.99286973908814,29.471539315127274]}"
227,0.4816,0.2484,0.8143,0.0909,STABLE CROPLAND,1.0,1.0,33.0,"{""type"":""Point"",""coordinates"":[81.68082518788559,29.501795830986165]}"
228,0.4026,0.1421,0.8417,0.0733,STABLE CROPLAND,0.0,0.0,23.0,"{""type"":""Point"",""coordinates"":[80.40671019191174,29.439747299482917]}"
229,0.4694,0.1709,0.7756,0.0606,DISCARDED (Failed Phenology),4.0,2.0,25.0,"{""type"":""Point"",""coordinates"":[80.95710424057316,29.464491022658308]}"
230,0.3611,0.1277,0.7607,0.1081,STABLE CROPLAND,1.0,1.0,22.0,"{""type"":""Point"",""coordinates"":[80.91874045207385,29.461727683917626]}"
231,0.4868,0.237,0.8325,0.0792,STABLE CROPLAND,0.0,0.0,23.0,"{""type"":""Point"",""coordinates"":[81.4137815634872,29.482891976440673]}"
232,0.5287,0.2664,0.8907,0.1028,DISCARDED (Static Vegetation / Low Amplitude),1.0,1.0,23.0,"{""type"":""Point"",""coordinates"":[81.4912316477153,29.486019749452453]}"
233,0.4715,0.1972,0.8362,0.0897,STABLE CROPLAND,0.0,0.0,23.0,"{""type"":""Point"",""coordinates"":[81.8142940050802,29.497658115155016]}"
234,0.4914,0.2302,0.8269,0.1053,STABLE CROPLAND,1.0,1.0,22.0,"{""type"":""Point"",""coordinates"":[81.380619615601,29.4791627786732]}"
235,0.5326,0.2475,0.8763,0.0765,STABLE CROPLAND,0.0,0.0,37.0,"{""type"":""Point"",""coordinates"":[81.7564494427216,29.493864188950944]}"
236,0.5692,0.2404,0.8736,0.0675,DISCARDED (Failed Phenology),4.0,2.0,25.0,"{""type"":""Point"",""coordinates"":[81.63172686243537,29.489210467126505]}"
237,0.4735,0.1543,0.9108,0.1082,STABLE CROPLAND,1.0,1.0,22.0,"{""type"":""Point"",""coordinates"":[81.87395383830797,29.496512216098218]}"
238,0.4527,0.1693,0.8495,0.1011,STABLE CROPLAND,2.0,1.0,29.0,"{""type"":""Point"",""coordinates"":[80.28072878943644,29.42440025312729]}"
239,0.3861,0.2111,0.7778,0.0967,STABLE CROPLAND,0.0,0.0,24.0,"{""type"":""Point"",""coordinates"":[81.70139299069878,29.487201806541364]}"
240,0.5052,0.2437,0.8427,0.1107,DISCARDED (Failed Phenology),5.0,1.0,19.0,"{""type"":""Point"",""coordinates"":[80.34655209984695,29.424536257341504]}"
241,0.5063,0.1881,0.843,0.0798,STABLE CROPLAND,3.0,2.0,25.0,"{""type"":""Point"",""coordinates"":[80.5379023584707,29.43339563804455]}"
242,0.2936,0.0797,0.7684,0.1045,STABLE CROPLAND,1.0,1.0,23.0,"{""type"":""Point"",""coordinates"":[81.72224509349039,29.484720624342845]}"
243,0.5096,0.229,0.8311,0.0734,STABLE CROPLAND,2.0,2.0,28.0,"{""type"":""Point"",""coordinates"":[81.06927226409304,29.45649173515783]}"
244,0.523,0.2507,0.8577,0.0781,DISCARDED (Static Vegetation / Low Amplitude),2.0,2.0,22.0,"{""type"":""Point"",""coordinates"":[81.13674723909598,29.458566539114702]}"
245,0.3919,0.1703,0.7836,0.1012,STABLE CROPLAND,0.0,0.0,23.0,"{""type"":""Point"",""coordinates"":[80.47486191858576,29.42576355075765]}"
246,0.3711,0.1112,0.8273,0.1378,STABLE CROPLAND,1.0,1.0,24.0,"{""type"":""Point"",""coordinates"":[80.94115560154128,29.446806303145802]}"
247,0.4529,0.2146,0.8706,0.1034,STABLE CROPLAND,3.0,1.0,27.0,"{""type"":""Point"",""coordinates"":[80.31457000361124,29.415985869740027]}"
248,0.4284,0.1408,0.902,0.1079,STABLE CROPLAND,0.0,0.0,23.0,"{""type"":""Point"",""coordinates"":[81.92251514474073,29.48831128032044]}"
249,0.4611,0.1287,0.8309,0.1019,STABLE CROPLAND,2.0,1.0,22.0,"{""type"":""Point"",""coordinates"":[80.98586061946814,29.447308364870732]}"
250,0.5237,0.2228,0.8798,0.0836,STABLE CROPLAND,2.0,1.0,25.0,"{""type"":""Point"",""coordinates"":[81.47243692875071,29.467374257182225]}"
251,0.5381,0.2991,0.8707,0.075,DISCARDED (Static Vegetation / Low Amplitude),0.0,0.0,28.0,"{""type"":""Point"",""coordinates"":[81.61534196090662,29.475825327965858]}"
252,0.3973,0.1678,0.7917,0.0894,STABLE CROPLAND,0.0,0.0,23.0,"{""type"":""Point"",""coordinates"":[81.74132054238211,29.477266239022075]}"
253,0.4436,0.208,0.7933,0.1035,DISCARDED (Failed Phenology),8.0,3.0,18.0,"{""type"":""Point"",""coordinates"":[80.41780291896349,29.419055304227257]}"
254,0.5384,0.2473,0.8536,0.0727,DISCARDED (Failed Phenology),4.0,2.0,24.0,"{""type"":""Point"",""coordinates"":[81.52061479385284,29.464617163606267]}"
255,0.4441,0.1539,0.8401,0.0926,STABLE CROPLAND,1.0,1.0,23.0,"{""type"":""Point"",""coordinates"":[81.69117748159626,29.47013790968325]}"
256,0.4575,0.1942,0.7951,0.0982,DISCARDED (Failed Phenology),4.0,3.0,22.0,"{""type"":""Point"",""coordinates"":[81.16348552049352,29.447244222910353]}"
257,0.5516,0.3431,0.8504,0.0692,DISCARDED (Static Vegetation / Low Amplitude),1.0,1.0,23.0,"{""type"":""Point"",""coordinates"":[81.49743378423135,29.464886986452026]}"
258,0.433,0.2183,0.6938,0.0744,DISCARDED (Static Vegetation / Low Amplitude),4.0,2.0,19.0,"{""type"":""Point"",""coordinates"":[80.39558968813068,29.40805751287237]}"
259,0.5421,0.1987,0.889,0.0834,DISCARDED (Failed Phenology),5.0,3.0,18.0,"{""type"":""Point"",""coordinates"":[81.25385455735213,29.447774611838007]}"
260,0.6018,0.3025,0.8131,0.0354,DISCARDED (Static Vegetation / Low Amplitude),1.0,1.0,22.0,"{""type"":""Point"",""coordinates"":[80.43676624303248,29.409056202893968]}"
261,0.5601,0.2517,0.8683,0.064,DISCARDED (Static Vegetation / Low Amplitude),8.0,3.0,21.0,"{""type"":""Point"",""coordinates"":[81.44860990529345,29.45647584214471]}"
262,0.5587,0.2374,0.8394,0.0571,STABLE CROPLAND,3.0,1.0,27.0,"{""type"":""Point"",""coordinates"":[80.5046874002281,29.41061279645911]}"
263,0.3956,0.1939,0.7027,0.0681,DISCARDED (Static Vegetation / Low Amplitude),0.0,0.0,23.0,"{""type"":""Point"",""coordinates"":[80.3066178901757,29.399143129828218]}"
264,0.4455,0.2067,0.7309,0.0636,DISCARDED (Static Vegetation / Low Amplitude),2.0,2.0,23.0,"{""type"":""Point"",""coordinates"":[80.2859818153745,29.393497951053227]}"
265,0.4912,0.2161,0.8384,0.0851,STABLE CROPLAND,2.0,2.0,23.0,"{""type"":""Point"",""coordinates"":[81.20798684710762,29.437170349053815]}"
266,0.4749,0.2031,0.856,0.0979,STABLE CROPLAND,0.0,0.0,24.0,"{""type"":""Point"",""coordinates"":[81.61137672425842,29.453981488739213]}"
267,0.3662,0.1526,0.7688,0.0897,STABLE CROPLAND,1.0,1.0,23.0,"{""type"":""Point"",""coordinates"":[81.72111818429156,29.45714393758731]}"
268,0.5899,0.3394,0.8741,0.0691,DISCARDED (Static Vegetation / Low Amplitude),2.0,1.0,26.0,"{""type"":""Point"",""coordinates"":[81.69630185952727,29.451228703170656]}"
269,0.5256,0.2613,0.8398,0.0788,DISCARDED (Static Vegetation / Low Amplitude),3.0,1.0,25.0,"{""type"":""Point"",""coordinates"":[80.65684231803209,29.40266534573747]}"
270,0.4451,0.1902,0.7734,0.0771,STABLE CROPLAND,3.0,1.0,24.0,"{""type"":""Point"",""coordinates"":[80.40509985026083,29.389011102030477]}"
271,0.3566,0.1995,0.7642,0.0873,STABLE CROPLAND,2.0,1.0,29.0,"{""type"":""Point"",""coordinates"":[80.33543794587534,29.38527681753066]}"
272,0.52,0.2676,0.8081,0.0604,DISCARDED (Static Vegetation / Low Amplitude),4.0,1.0,22.0,"{""type"":""Point"",""coordinates"":[80.85424307439733,29.41194775423576]}"
273,0.4293,0.1867,0.7516,0.0842,STABLE CROPLAND,2.0,1.0,22.0,"{""type"":""Point"",""coordinates"":[80.31423557656105,29.38112117988726]}"
274,0.4581,0.1873,0.8501,0.0918,STABLE CROPLAND,0.0,0.0,23.0,"{""type"":""Point"",""coordinates"":[80.9061668099067,29.409910515414584]}"
275,0.4331,0.1556,0.7667,0.0773,STABLE CROPLAND,3.0,1.0,27.0,"{""type"":""Point"",""coordinates"":[80.36198912604398,29.37889285862237]}"
276,0.4254,0.185,0.8194,0.1027,STABLE CROPLAND,1.0,1.0,29.0,"{""type"":""Point"",""coordinates"":[81.71304612182436,29.433989140423016]}"
277,0.4526,0.1454,0.8521,0.1108,STABLE CROPLAND,2.0,1.0,25.0,"{""type"":""Point"",""coordinates"":[80.42950598171552,29.373737652039114]}"
278,0.5018,0.2062,0.8845,0.0783,STABLE CROPLAND,1.0,1.0,22.0,"{""type"":""Point"",""coordinates"":[80.38181408059083,29.370868838735294]}"
279,0.4295,0.1545,0.8102,0.1,STABLE CROPLAND,2.0,1.0,26.0,"{""type"":""Point"",""coordinates"":[80.28229355562523,29.364647410305054]}"
280,0.4416,0.1527,0.8285,0.0974,DISCARDED (Failed Phenology),4.0,1.0,25.0,"{""type"":""Point"",""coordinates"":[80.30339165877442,29.36394989840273]}"
281,0.4976,0.2246,0.8673,0.1095,STABLE CROPLAND,3.0,1.0,24.0,"{""type"":""Point"",""coordinates"":[80.46032790276482,29.367579746459313]}"
282,0.4434,0.1591,0.8417,0.0851,STABLE CROPLAND,2.0,2.0,28.0,"{""type"":""Point"",""coordinates"":[80.3308840602673,29.360164004720463]}"
283,0.4535,0.2284,0.8243,0.103,STABLE CROPLAND,0.0,0.0,23.0,"{""type"":""Point"",""coordinates"":[81.4010866017007,29.406152035915248]}"
284,0.5334,0.2815,0.8658,0.1067,DISCARDED (Static Vegetation / Low Amplitude),7.0,3.0,16.0,"{""type"":""Point"",""coordinates"":[81.22910588995147,29.398166351335682]}"
285,0.4131,0.1886,0.8123,0.1062,DISCARDED (Failed Phenology),6.0,3.0,23.0,"{""type"":""Point"",""coordinates"":[81.32745910419817,29.403086448037048]}"
286,0.4757,0.2081,0.8473,0.108,STABLE CROPLAND,0.0,0.0,28.0,"{""type"":""Point"",""coordinates"":[81.29561970026758,29.401727454558266]}"
287,0.4666,0.1914,0.8238,0.0995,STABLE CROPLAND,2.0,1.0,28.0,"{""type"":""Point"",""coordinates"":[80.86754025850097,29.380482614684297]}"
288,0.4847,0.1854,0.8486,0.1006,DISCARDED (Failed Phenology),5.0,4.0,23.0,"{""type"":""Point"",""coordinates"":[80.5849431272078,29.36351708038014]}"
289,0.4532,0.2158,0.777,0.0744,STABLE CROPLAND,0.0,0.0,23.0,"{""type"":""Point"",""coordinates"":[80.36790036728266,29.352218398140973]}"
290,0.4792,0.2254,0.8657,0.1185,STABLE CROPLAND,0.0,0.0,23.0,"{""type"":""Point"",""coordinates"":[81.38197843316019,29.39846768276007]}"
291,0.432,0.2033,0.78,0.0948,STABLE CROPLAND,1.0,1.0,23.0,"{""type"":""Point"",""coordinates"":[80.9833663316314,29.382214772161085]}"
292,0.3875,0.162,0.747,0.1029,STABLE CROPLAND,1.0,1.0,26.0,"{""type"":""Point"",""coordinates"":[80.7643413907641,29.367424135349513]}"
293,0.4915,0.2101,0.8573,0.0534,STABLE CROPLAND,3.0,1.0,30.0,"{""type"":""Point"",""coordinates"":[80.78804772307538,29.36848118243833]}"
294,0.5146,0.1869,0.8516,0.0909,STABLE CROPLAND,1.0,1.0,31.0,"{""type"":""Point"",""coordinates"":[80.40856046730956,29.349951937249386]}"
295,0.5053,0.1984,0.8878,0.0965,DISCARDED (Failed Phenology),4.0,2.0,19.0,"{""type"":""Point"",""coordinates"":[80.31059979332575,29.344818057540483]}"
296,0.351,0.1476,0.7245,0.0765,STABLE CROPLAND,1.0,1.0,22.0,"{""type"":""Point"",""coordinates"":[81.73952900591425,29.409578173322114]}"
297,0.3934,0.1757,0.7855,0.0746,STABLE CROPLAND,0.0,0.0,23.0,"{""type"":""Point"",""coordinates"":[81.70201363676307,29.405870534133914]}"
298,0.4172,0.1633,0.7511,0.0902,STABLE CROPLAND,3.0,1.0,29.0,"{""type"":""Point"",""coordinates"":[80.71929845350974,29.362399236074253]}"
299,0.4622,0.198,0.8192,0.0923,STABLE CROPLAND,0.0,0.0,23.0,"{""type"":""Point"",""coordinates"":[80.89331457307486,29.370288552195415]}"
300,0.4572,0.1775,0.8591,0.1349,STABLE CROPLAND,1.0,1.0,27.0,"{""type"":""Point"",""coordinates"":[80.46533673798235,29.347890397176787]}"
301,0.4573,0.1804,0.8494,0.1152,STABLE CROPLAND,2.0,1.0,22.0,"{""type"":""Point"",""coordinates"":[81.36063037273,29.389452379639785]}"
302,0.4033,0.1466,0.8645,0.1285,STABLE CROPLAND,0.0,0.0,32.0,"{""type"":""Point"",""coordinates"":[80.50755682952325,29.35066148015425]}"
303,0.4582,0.1795,0.8836,0.1285,STABLE CROPLAND,1.0,1.0,29.0,"{""type"":""Point"",""coordinates"":[80.54093412003473,29.34737667445942]}"
304,0.4397,0.203,0.8025,0.092,STABLE CROPLAND,1.0,1.0,22.0,"{""type"":""Point"",""coordinates"":[80.83318295895779,29.35999377024212]}"
305,0.4283,0.1495,0.8287,0.1115,STABLE CROPLAND,1.0,1.0,26.0,"{""type"":""Point"",""coordinates"":[80.56239457332119,29.346998244896533]}"
306,0.4322,0.1734,0.8472,0.1085,STABLE CROPLAND,0.0,0.0,23.0,"{""type"":""Point"",""coordinates"":[80.32885772680906,29.33396842566522]}"
307,0.4523,0.1833,0.8578,0.1101,STABLE CROPLAND,1.0,1.0,28.0,"{""type"":""Point"",""coordinates"":[81.22671705574368,29.375846386657912]}"
308,0.3909,0.1597,0.8152,0.1435,STABLE CROPLAND,2.0,1.0,24.0,"{""type"":""Point"",""coordinates"":[80.91995747861077,29.361781434476345]}"
309,0.4533,0.1752,0.8687,0.123,STABLE CROPLAND,2.0,1.0,23.0,"{""type"":""Point"",""coordinates"":[80.99655694447125,29.36488876459355]}"
310,0.4614,0.2034,0.8385,0.0967,STABLE CROPLAND,1.0,1.0,22.0,"{""type"":""Point"",""coordinates"":[80.62027269217926,29.347025668421345]}"
311,0.4797,0.1955,0.8635,0.0945,STABLE CROPLAND,3.0,1.0,27.0,"{""type"":""Point"",""coordinates"":[80.35887750503385,29.331217756255203]}"
312,0.474,0.2174,0.8533,0.1152,STABLE CROPLAND,3.0,1.0,25.0,"{""type"":""Point"",""coordinates"":[81.20156493796937,29.369876598531626]}"
313,0.3827,0.1357,0.8495,0.1529,DISCARDED (Failed Phenology),4.0,2.0,24.0,"{""type"":""Point"",""coordinates"":[80.86796259179108,29.35811927214109]}"
314,0.5295,0.2301,0.8415,0.0883,STABLE CROPLAND,3.0,2.0,21.0,"{""type"":""Point"",""coordinates"":[80.67018080437968,29.343048623665457]}"
315,0.4328,0.2182,0.7839,0.0855,STABLE CROPLAND,0.0,0.0,26.0,"{""type"":""Point"",""coordinates"":[80.43682871794826,29.330389445256408]}"
316,0.4508,0.1932,0.8204,0.0864,STABLE CROPLAND,0.0,0.0,23.0,"{""type"":""Point"",""coordinates"":[80.48087465576361,29.332271694852174]}"
317,0.4329,0.2167,0.811,0.0966,STABLE CROPLAND,1.0,1.0,22.0,"{""type"":""Point"",""coordinates"":[81.70942648866111,29.387967905555627]}"
318,0.4353,0.2087,0.8348,0.1263,DISCARDED (Failed Phenology),4.0,2.0,24.0,"{""type"":""Point"",""coordinates"":[81.29649812123368,29.36688376349321]}"
319,0.4302,0.1745,0.7945,0.0795,STABLE CROPLAND,2.0,1.0,28.0,"{""type"":""Point"",""coordinates"":[80.89516317519492,29.34878071527607]}"
320,0.459,0.2059,0.8407,0.1039,STABLE CROPLAND,3.0,1.0,30.0,"{""type"":""Point"",""coordinates"":[80.71247998945542,29.336218252128493]}"
321,0.4495,0.1875,0.8755,0.1044,STABLE CROPLAND,2.0,1.0,26.0,"{""type"":""Point"",""coordinates"":[81.24761523826906,29.359522675090833]}"
322,0.4985,0.1957,0.8597,0.1032,DISCARDED (Failed Phenology),6.0,2.0,19.0,"{""type"":""Point"",""coordinates"":[80.38816499146384,29.322851808069053]}"
323,0.4153,0.1154,0.7794,0.085,DISCARDED (Failed Phenology),6.0,2.0,23.0,"{""type"":""Point"",""coordinates"":[80.32878355076342,29.31562094414247]}"
324,0.4013,0.1546,0.8489,0.1156,STABLE CROPLAND,1.0,1.0,25.0,"{""type"":""Point"",""coordinates"":[80.64136508034635,29.33114727749708]}"
325,0.3922,0.1558,0.7841,0.1071,STABLE CROPLAND,1.0,1.0,29.0,"{""type"":""Point"",""coordinates"":[80.86175994717138,29.338925317686712]}"
326,0.4042,0.1889,0.8221,0.1274,DISCARDED (Failed Phenology),5.0,1.0,21.0,"{""type"":""Point"",""coordinates"":[80.81256417528371,29.335528077697703]}"
327,0.432,0.1801,0.8446,0.1321,STABLE CROPLAND,1.0,1.0,28.0,"{""type"":""Point"",""coordinates"":[80.55964106263868,29.32279649873884]}"
328,0.5006,0.2347,0.8863,0.0882,STABLE CROPLAND,0.0,0.0,24.0,"{""type"":""Point"",""coordinates"":[80.58525002064849,29.324923351724404]}"
329,0.449,0.2066,0.8657,0.1242,STABLE CROPLAND,1.0,1.0,22.0,"{""type"":""Point"",""coordinates"":[81.32997755959174,29.356804672736413]}"
330,0.4686,0.1549,0.8504,0.0975,STABLE CROPLAND,2.0,1.0,32.0,"{""type"":""Point"",""coordinates"":[80.66119094510537,29.324564813951397]}"
331,0.3614,0.1483,0.7586,0.1351,STABLE CROPLAND,2.0,1.0,22.0,"{""type"":""Point"",""coordinates"":[80.94281452939335,29.336670603741567]}"
332,0.373,0.1734,0.8091,0.0889,STABLE CROPLAND,1.0,1.0,22.0,"{""type"":""Point"",""coordinates"":[81.71513162419716,29.36829364217589]}"
333,0.5605,0.2888,0.8678,0.0756,DISCARDED (Static Vegetation / Low Amplitude),3.0,1.0,28.0,"{""type"":""Point"",""coordinates"":[81.69328420177807,29.366833618711638]}"
334,0.5237,0.2388,0.8636,0.0737,STABLE CROPLAND,1.0,1.0,34.0,"{""type"":""Point"",""coordinates"":[81.73680370316116,29.36852277576898]}"
335,0.4074,0.1643,0.8331,0.1401,DISCARDED (Failed Phenology),5.0,3.0,25.0,"{""type"":""Point"",""coordinates"":[81.31107503872408,29.347444383220708]}"
336,0.5636,0.3122,0.8712,0.0798,DISCARDED (Static Vegetation / Low Amplitude),3.0,3.0,23.0,"{""type"":""Point"",""coordinates"":[81.26380151218031,29.342705893210294]}"
337,0.4454,0.1797,0.8621,0.1111,STABLE CROPLAND,1.0,1.0,26.0,"{""type"":""Point"",""coordinates"":[81.37771182838082,29.34701591561648]}"
338,0.4672,0.205,0.8587,0.1029,STABLE CROPLAND,1.0,1.0,26.0,"{""type"":""Point"",""coordinates"":[80.61231971407616,29.31252639299879]}"
339,0.5175,0.1945,0.8604,0.0941,STABLE CROPLAND,3.0,1.0,24.0,"{""type"":""Point"",""coordinates"":[80.63350690107524,29.313408512470073]}"
340,0.366,0.181,0.7553,0.0758,STABLE CROPLAND,0.0,0.0,23.0,"{""type"":""Point"",""coordinates"":[81.75623893843611,29.358262202151916]}"
341,0.4112,0.1424,0.8418,0.1126,STABLE CROPLAND,1.0,1.0,31.0,"{""type"":""Point"",""coordinates"":[80.69218846783855,29.313547839317664]}"
342,0.4335,0.1395,0.8077,0.0818,STABLE CROPLAND,2.0,1.0,28.0,"{""type"":""Point"",""coordinates"":[80.76134090472529,29.315688901016745]}"
343,0.5163,0.2771,0.8159,0.0682,DISCARDED (Static Vegetation / Low Amplitude),0.0,0.0,39.0,"{""type"":""Point"",""coordinates"":[81.79465146652883,29.358317926631926]}"
344,0.3039,0.0919,0.7921,0.1609,STABLE CROPLAND,3.0,1.0,22.0,"{""type"":""Point"",""coordinates"":[80.92468683275541,29.319431843683574]}"
345,0.489,0.2515,0.866,0.1296,DISCARDED (Static Vegetation / Low Amplitude),1.0,1.0,35.0,"{""type"":""Point"",""coordinates"":[81.83833654904963,29.35727064316651]}"
346,0.4749,0.1384,0.8136,0.0667,DISCARDED (Failed Phenology),4.0,1.0,27.0,"{""type"":""Point"",""coordinates"":[80.71379735453976,29.308613337072508]}"
347,0.4934,0.206,0.8292,0.0769,STABLE CROPLAND,2.0,1.0,27.0,"{""type"":""Point"",""coordinates"":[81.29269396517093,29.33246926245347]}"
348,0.5163,0.1613,0.8217,0.072,DISCARDED (Failed Phenology),5.0,1.0,27.0,"{""type"":""Point"",""coordinates"":[80.36837585028856,29.288288562384007]}"
349,0.5146,0.2088,0.8054,0.0463,STABLE CROPLAND,3.0,1.0,31.0,"{""type"":""Point"",""coordinates"":[81.73403088666561,29.34797953925232]}"
350,0.4297,0.1702,0.8113,0.1385,STABLE CROPLAND,2.0,1.0,24.0,"{""type"":""Point"",""coordinates"":[81.21212920256727,29.325807037595744]}"
351,0.4634,0.1733,0.9038,0.0978,DISCARDED (Failed Phenology),4.0,2.0,25.0,"{""type"":""Point"",""coordinates"":[80.340916574936,29.285550436600357]}"
352,0.5095,0.2628,0.8706,0.0774,DISCARDED (Static Vegetation / Low Amplitude),2.0,1.0,23.0,"{""type"":""Point"",""coordinates"":[81.39732062865806,29.333413158933435]}"
353,0.4841,0.216,0.8271,0.0845,STABLE CROPLAND,1.0,1.0,22.0,"{""type"":""Point"",""coordinates"":[81.041068332343,29.31799555286368]}"
354,0.4179,0.1895,0.6496,0.0494,DISCARDED (Static Vegetation / Low Amplitude),7.0,1.0,22.0,"{""type"":""Point"",""coordinates"":[80.74567695228035,29.301929736035433]}"
355,0.3855,0.2226,0.7592,0.1511,DISCARDED (Static Vegetation / Low Amplitude),6.0,1.0,18.0,"{""type"":""Point"",""coordinates"":[81.01659727693965,29.312992656845093]}"
356,0.3896,0.1456,0.8167,0.0899,STABLE CROPLAND,0.0,0.0,23.0,"{""type"":""Point"",""coordinates"":[81.77740381522743,29.345035391866308]}"
357,0.4923,0.1711,0.8411,0.0694,STABLE CROPLAND,2.0,1.0,25.0,"{""type"":""Point"",""coordinates"":[80.8091068607769,29.303681921502523]}"
358,0.3981,0.1736,0.8159,0.1353,STABLE CROPLAND,1.0,1.0,25.0,"{""type"":""Point"",""coordinates"":[80.64680553363632,29.295141021055084]}"
359,0.4944,0.2552,0.8406,0.0924,DISCARDED (Static Vegetation / Low Amplitude),0.0,0.0,27.0,"{""type"":""Point"",""coordinates"":[80.57238531781925,29.29048087287308]}"
360,0.4466,0.1683,0.852,0.1288,STABLE CROPLAND,2.0,1.0,22.0,"{""type"":""Point"",""coordinates"":[81.24867538935396,29.321873592017052]}"
361,0.3549,0.1502,0.7058,0.0862,STABLE CROPLAND,0.0,0.0,24.0,"{""type"":""Point"",""coordinates"":[80.78161232616583,29.30172514068062]}"
362,0.4931,0.2279,0.8405,0.0701,DISCARDED (Failed Phenology),5.0,1.0,24.0,"{""type"":""Point"",""coordinates"":[81.07193748729459,29.311185587464085]}"
363,0.4766,0.2157,0.8253,0.0908,STABLE CROPLAND,1.0,1.0,24.0,"{""type"":""Point"",""coordinates"":[80.88775369215153,29.301708297383684]}"
364,0.4299,0.1708,0.8625,0.1035,STABLE CROPLAND,0.0,0.0,26.0,"{""type"":""Point"",""coordinates"":[80.61058282234917,29.28530109812486]}"
365,0.339,0.1615,0.7618,0.0966,STABLE CROPLAND,0.0,0.0,23.0,"{""type"":""Point"",""coordinates"":[81.80991752394932,29.333360867958714]}"
366,0.4885,0.2031,0.8664,0.1124,DISCARDED (Failed Phenology),4.0,2.0,26.0,"{""type"":""Point"",""coordinates"":[81.27548436943832,29.313333189491978]}"
367,0.3639,0.1986,0.7129,0.1042,DISCARDED (Static Vegetation / Low Amplitude),2.0,2.0,21.0,"{""type"":""Point"",""coordinates"":[80.55224991837,29.276659721648716]}"
368,0.4812,0.1037,0.8734,0.0574,DISCARDED (Failed Phenology),8.0,3.0,20.0,"{""type"":""Point"",""coordinates"":[80.84906353188153,29.288267301469876]}"
369,0.4792,0.2523,0.8216,0.0638,DISCARDED (Static Vegetation / Low Amplitude),1.0,1.0,31.0,"{""type"":""Point"",""coordinates"":[81.78798678956794,29.328417935195155]}"
370,0.4513,0.2083,0.837,0.0954,STABLE CROPLAND,0.0,0.0,25.0,"{""type"":""Point"",""coordinates"":[81.72070924923538,29.327237408036247]}"
371,0.4377,0.0808,0.8126,0.099,STABLE CROPLAND,2.0,1.0,22.0,"{""type"":""Point"",""coordinates"":[81.98103199039397,29.333766171379903]}"
372,0.4652,0.1987,0.8481,0.1086,STABLE CROPLAND,2.0,1.0,24.0,"{""type"":""Point"",""coordinates"":[81.23328735087414,29.302713322800656]}"
373,0.4369,0.1865,0.8154,0.1221,STABLE CROPLAND,2.0,1.0,23.0,"{""type"":""Point"",""coordinates"":[81.30301823164216,29.304795587903026]}"
374,0.4845,0.2058,0.847,0.1013,STABLE CROPLAND,2.0,1.0,22.0,"{""type"":""Point"",""coordinates"":[80.75994410752534,29.279888831049156]}"
375,0.4304,0.1457,0.7855,0.0754,DISCARDED (Failed Phenology),4.0,2.0,31.0,"{""type"":""Point"",""coordinates"":[80.97349330330847,29.287268227762805]}"
376,0.2959,0.1296,0.7873,0.1141,DISCARDED (Failed Phenology),4.0,3.0,19.0,"{""type"":""Point"",""coordinates"":[81.76771452022058,29.31962515129498]}"
377,0.4349,0.1986,0.8283,0.13,DISCARDED (Failed Phenology),5.0,3.0,24.0,"{""type"":""Point"",""coordinates"":[80.6774827920035,29.271200601940926]}"
378,0.5497,0.3295,0.8435,0.0653,DISCARDED (Static Vegetation / Low Amplitude),1.0,1.0,26.0,"{""type"":""Point"",""coordinates"":[81.74271827721111,29.3181665991667]}"
379,0.5534,0.2127,0.8456,0.0795,DISCARDED (Failed Phenology),14.0,4.0,10.0,"{""type"":""Point"",""coordinates"":[80.71795720019547,29.271848680513404]}"
380,0.5401,0.2684,0.8202,0.0622,DISCARDED (Static Vegetation / Low Amplitude),5.0,1.0,19.0,"{""type"":""Point"",""coordinates"":[80.86766995805269,29.27664592586296]}"
381,0.4583,0.2332,0.8063,0.0924,STABLE CROPLAND,0.0,0.0,23.0,"{""type"":""Point"",""coordinates"":[81.2120900488053,29.29110981093198]}"
382,0.5173,0.1912,0.872,0.0729,STABLE CROPLAND,3.0,2.0,26.0,"{""type"":""Point"",""coordinates"":[80.92961365469918,29.278354895478202]}"
383,0.4908,0.2264,0.8021,0.095,STABLE CROPLAND,2.0,1.0,23.0,"{""type"":""Point"",""coordinates"":[81.28958338461845,29.290662444789923]}"
384,0.4496,0.1887,0.8365,0.0854,DISCARDED (Failed Phenology),5.0,2.0,26.0,"{""type"":""Point"",""coordinates"":[81.04020114320825,29.279442603747622]}"
385,0.5287,0.1639,0.8702,0.0633,STABLE CROPLAND,3.0,1.0,23.0,"{""type"":""Point"",""coordinates"":[81.24407445385611,29.28495393829507]}"
386,0.4951,0.2157,0.8424,0.0947,STABLE CROPLAND,0.0,0.0,24.0,"{""type"":""Point"",""coordinates"":[80.80567842305531,29.26092570554535]}"
387,0.5784,0.2901,0.8858,0.0733,DISCARDED (Static Vegetation / Low Amplitude),5.0,3.0,22.0,"{""type"":""Point"",""coordinates"":[80.74301035859732,29.25806702317029]}"
388,0.4955,0.2581,0.8237,0.0775,DISCARDED (Static Vegetation / Low Amplitude),0.0,0.0,23.0,"{""type"":""Point"",""coordinates"":[80.84353455467466,29.262114149979016]}"
389,0.4039,0.1677,0.7688,0.0933,STABLE CROPLAND,0.0,0.0,23.0,"{""type"":""Point"",""coordinates"":[81.72270279658362,29.300173382783548]}"
390,0.4455,0.1875,0.7974,0.0859,DISCARDED (Failed Phenology),5.0,2.0,27.0,"{""type"":""Point"",""coordinates"":[80.65923616669902,29.252241633683568]}"
391,0.5028,0.1631,0.8469,0.0744,STABLE CROPLAND,0.0,0.0,30.0,"{""type"":""Point"",""coordinates"":[81.75234545287584,29.302024119923455]}"
392,0.3119,0.1317,0.7608,0.1471,DISCARDED (Failed Phenology),3.0,3.0,20.0,"{""type"":""Point"",""coordinates"":[81.77738732297087,29.29792112181407]}"
393,0.4531,0.11,0.7854,0.1121,DISCARDED (Failed Phenology),4.0,1.0,19.0,"{""type"":""Point"",""coordinates"":[81.20293280726939,29.272445569443512]}"
394,0.5499,0.2014,0.8697,0.0676,DISCARDED (Failed Phenology),6.0,1.0,23.0,"{""type"":""Point"",""coordinates"":[81.59469837663835,29.28868830695597]}"
395,0.4688,0.1823,0.8679,0.0634,DISCARDED (Failed Phenology),6.0,1.0,21.0,"{""type"":""Point"",""coordinates"":[80.94359894799292,29.25925194865753]}"
396,0.4134,0.1696,0.778,0.0888,STABLE CROPLAND,3.0,1.0,26.0,"{""type"":""Point"",""coordinates"":[80.91617578330528,29.25387458845996]}"
397,0.5301,0.2339,0.7716,0.0462,DISCARDED (Static Vegetation / Low Amplitude),4.0,3.0,21.0,"{""type"":""Point"",""coordinates"":[81.22447638537405,29.266625557025197]}"
398,0.4872,0.245,0.8388,0.0891,STABLE CROPLAND,1.0,1.0,27.0,"{""type"":""Point"",""coordinates"":[81.14352656610943,29.261353056972723]}"
399,0.5705,0.3398,0.8543,0.0792,DISCARDED (Static Vegetation / Low Amplitude),1.0,1.0,29.0,"{""type"":""Point"",""coordinates"":[81.71206305107935,29.28460644902587]}"
400,0.5034,0.2425,0.8036,0.075,STABLE CROPLAND,0.0,0.0,27.0,"{""type"":""Point"",""coordinates"":[81.17958705585318,29.260534233683696]}"
401,0.3603,0.1222,0.8433,0.135,STABLE CROPLAND,1.0,1.0,26.0,"{""type"":""Point"",""coordinates"":[80.82623388681179,29.2440677846731]}"
402,0.4782,0.2416,0.8744,0.0999,STABLE CROPLAND,0.0,0.0,23.0,"{""type"":""Point"",""coordinates"":[81.7924754862603,29.282033715864834]}"
403,0.4781,0.2151,0.8045,0.085,DISCARDED (Failed Phenology),6.0,2.0,17.0,"{""type"":""Point"",""coordinates"":[81.03451831992334,29.24902835019611]}"
404,0.4591,0.1685,0.8574,0.0914,STABLE CROPLAND,2.0,1.0,34.0,"{""type"":""Point"",""coordinates"":[80.892106419061,29.2415120880458]}"
405,0.4658,0.2122,0.8358,0.1036,STABLE CROPLAND,1.0,1.0,25.0,"{""type"":""Point"",""coordinates"":[81.24725072527107,29.25636425848591]}"
406,0.449,0.0932,0.819,0.0857,STABLE CROPLAND,3.0,1.0,27.0,"{""type"":""Point"",""coordinates"":[81.74994103726569,29.274423552200137]}"
407,0.4885,0.1513,0.9247,0.0741,STABLE CROPLAND,2.0,1.0,26.0,"{""type"":""Point"",""coordinates"":[80.95443293043117,29.241840030557018]}"
408,0.4119,0.1464,0.8202,0.1201,STABLE CROPLAND,2.0,1.0,26.0,"{""type"":""Point"",""coordinates"":[80.85953718206424,29.235132782066287]}"
409,0.5074,0.2516,0.8407,0.1076,DISCARDED (Static Vegetation / Low Amplitude),1.0,1.0,24.0,"{""type"":""Point"",""coordinates"":[81.60299277496196,29.266751868108287]}"
410,0.3961,0.1764,0.8426,0.1309,STABLE CROPLAND,2.0,2.0,22.0,"{""type"":""Point"",""coordinates"":[80.99716234893789,29.237835057946807]}"
411,0.4891,0.2554,0.8217,0.0776,DISCARDED (Static Vegetation / Low Amplitude),5.0,3.0,20.0,"{""type"":""Point"",""coordinates"":[80.64933520798049,29.22137584944471]}"
412,0.4314,0.1752,0.8248,0.0838,STABLE CROPLAND,2.0,1.0,27.0,"{""type"":""Point"",""coordinates"":[81.21711829419023,29.24666852071094]}"
413,0.3041,0.0565,0.6873,0.0964,STABLE CROPLAND,3.0,1.0,20.0,"{""type"":""Point"",""coordinates"":[81.70029240503811,29.261095254576237]}"
414,0.5041,0.2458,0.846,0.0771,STABLE CROPLAND,1.0,1.0,28.0,"{""type"":""Point"",""coordinates"":[81.62305144219526,29.256759136060943]}"
415,0.4785,0.1695,0.8665,0.0636,STABLE CROPLAND,2.0,1.0,29.0,"{""type"":""Point"",""coordinates"":[81.17083424581732,29.236511215845955]}"
416,0.3844,0.1742,0.7718,0.1215,DISCARDED (Failed Phenology),4.0,1.0,27.0,"{""type"":""Point"",""coordinates"":[80.83868258823227,29.222181654029985]}"
417,0.3826,0.173,0.7445,0.0887,STABLE CROPLAND,2.0,1.0,21.0,"{""type"":""Point"",""coordinates"":[80.95921888127732,29.22346047698372]}"
418,0.4421,0.1819,0.7845,0.081,STABLE CROPLAND,1.0,1.0,31.0,"{""type"":""Point"",""coordinates"":[81.15067570904128,29.23215645235431]}"
419,0.4218,0.132,0.8067,0.1091,STABLE CROPLAND,1.0,1.0,22.0,"{""type"":""Point"",""coordinates"":[82.1200100311728,29.27125925833716]}"
420,0.4652,0.2072,0.7854,0.0724,STABLE CROPLAND,2.0,2.0,31.0,"{""type"":""Point"",""coordinates"":[80.92676241540697,29.219979829688835]}"
421,0.3678,0.0844,0.7808,0.1413,STABLE CROPLAND,2.0,1.0,21.0,"{""type"":""Point"",""coordinates"":[82.18478084936356,29.272371125392926]}"
422,0.5676,0.2598,0.8785,0.0831,DISCARDED (Static Vegetation / Low Amplitude),8.0,3.0,20.0,"{""type"":""Point"",""coordinates"":[81.72598221602635,29.252538985986718]}"
423,0.4158,0.2083,0.8464,0.1451,STABLE CROPLAND,2.0,1.0,22.0,"{""type"":""Point"",""coordinates"":[81.25321117265787,29.230758599120083]}"
424,0.4563,0.1821,0.8269,0.0873,STABLE CROPLAND,1.0,1.0,26.0,"{""type"":""Point"",""coordinates"":[81.04980464147222,29.220615055131848]}"
425,0.3882,0.1077,0.8821,0.1516,STABLE CROPLAND,1.0,1.0,23.0,"{""type"":""Point"",""coordinates"":[82.23349555418365,29.26435464035259]}"
426,0.4212,0.1819,0.8056,0.1024,STABLE CROPLAND,2.0,1.0,25.0,"{""type"":""Point"",""coordinates"":[81.08052314122747,29.216934204595162]}"
427,0.534,0.2407,0.892,0.086,DISCARDED (Failed Phenology),5.0,2.0,23.0,"{""type"":""Point"",""coordinates"":[80.53188870444788,29.190117979758885]}"
428,0.3816,0.217,0.7399,0.1031,DISCARDED (Static Vegetation / Low Amplitude),1.0,1.0,22.0,"{""type"":""Point"",""coordinates"":[81.66997606061172,29.240508931687426]}"
429,0.4982,0.1733,0.8067,0.0836,DISCARDED (Failed Phenology),9.0,2.0,16.0,"{""type"":""Point"",""coordinates"":[80.28843383633162,29.17822984710484]}"
430,0.4474,0.1713,0.7968,0.0897,STABLE CROPLAND,1.0,1.0,31.0,"{""type"":""Point"",""coordinates"":[81.23276733479716,29.222981179904234]}"
431,0.4906,0.2454,0.867,0.0791,STABLE CROPLAND,2.0,1.0,32.0,"{""type"":""Point"",""coordinates"":[81.17493697925129,29.21809014628054]}"
432,0.5639,0.2739,0.8286,0.0452,DISCARDED (Static Vegetation / Low Amplitude),1.0,1.0,22.0,"{""type"":""Point"",""coordinates"":[80.33511061547607,29.177603144388982]}"
433,0.5479,0.2999,0.8337,0.0596,DISCARDED (Static Vegetation / Low Amplitude),1.0,1.0,27.0,"{""type"":""Point"",""coordinates"":[81.61589099622057,29.234022743095217]}"
434,0.5351,0.237,0.8199,0.0541,STABLE CROPLAND,3.0,1.0,27.0,"{""type"":""Point"",""coordinates"":[81.28585227610692,29.21883664227075]}"
435,0.4982,0.1802,0.8311,0.0594,STABLE CROPLAND,3.0,1.0,26.0,"{""type"":""Point"",""coordinates"":[81.2581920769224,29.21139277292136]}"
436,0.4754,0.2019,0.7905,0.0815,STABLE CROPLAND,3.0,1.0,28.0,"{""type"":""Point"",""coordinates"":[81.20884609374154,29.2291380752658]}"
437,0.4539,0.2211,0.8471,0.1002,STABLE CROPLAND,0.0,0.0,24.0,"{""type"":""Point"",""coordinates"":[80.98767503442052,29.196621368145692]}"
438,0.3879,0.0652,0.7874,0.0698,STABLE CROPLAND,0.0,0.0,23.0,"{""type"":""Point"",""coordinates"":[81.65013012960362,29.22467285241194]}"
439,0.3666,0.1356,0.819,0.1239,STABLE CROPLAND,3.0,2.0,21.0,"{""type"":""Point"",""coordinates"":[81.20896841625392,29.20404562671791]}"
440,0.3996,0.1047,0.8476,0.0985,STABLE CROPLAND,1.0,1.0,22.0,"{""type"":""Point"",""coordinates"":[81.96921457345925,29.231481575157595]}"
441,0.4306,0.1305,0.8252,0.0689,STABLE CROPLAND,0.0,0.0,25.0,"{""type"":""Point"",""coordinates"":[81.91468811691522,29.22758126751185]}"
442,0.3864,0.1754,0.7955,0.099,STABLE CROPLAND,0.0,0.0,25.0,"{""type"":""Point"",""coordinates"":[81.22965920245305,29.2013454105467]}"
443,0.5447,0.2776,0.857,0.0789,DISCARDED (Static Vegetation / Low Amplitude),5.0,3.0,23.0,"{""type"":""Point"",""coordinates"":[81.53444849023856,29.211638400163146]}"
444,0.3886,0.0907,0.8067,0.0926,STABLE CROPLAND,0.0,0.0,24.0,"{""type"":""Point"",""coordinates"":[82.05642543061927,29.232201795003835]}"
445,0.4693,0.1474,0.8355,0.0717,STABLE CROPLAND,3.0,1.0,21.0,"{""type"":""Point"",""coordinates"":[82.00462756456966,29.228430392721943]}"
446,0.5231,0.3005,0.8451,0.0812,DISCARDED (Static Vegetation / Low Amplitude),1.0,1.0,22.0,"{""type"":""Point"",""coordinates"":[81.10443137446508,29.189842334559835]}"
447,0.4174,0.1289,0.8504,0.0907,STABLE CROPLAND,2.0,1.0,29.0,"{""type"":""Point"",""coordinates"":[80.27592687819714,29.14993167698786]}"
448,0.4526,0.2103,0.7593,0.069,DISCARDED (Static Vegetation / Low Amplitude),4.0,1.0,20.0,"{""type"":""Point"",""coordinates"":[80.32020311728664,29.15207169586227]}"
449,0.4093,0.1885,0.8091,0.1234,STABLE CROPLAND,1.0,1.0,23.0,"{""type"":""Point"",""coordinates"":[81.02427913572282,29.185467409154626]}"
450,0.3518,0.1646,0.7562,0.118,STABLE CROPLAND,3.0,2.0,20.0,"{""type"":""Point"",""coordinates"":[81.07890973147833,29.185397014779817]}"
451,0.4483,0.1321,0.8275,0.0881,DISCARDED (Failed Phenology),7.0,2.0,23.0,"{""type"":""Point"",""coordinates"":[80.29824440147972,29.14691673285944]}"
452,0.4572,0.2334,0.7942,0.0907,STABLE CROPLAND,1.0,1.0,22.0,"{""type"":""Point"",""coordinates"":[81.61271780993319,29.205252155965947]}"
453,0.4603,0.1654,0.8237,0.0814,STABLE CROPLAND,0.0,0.0,30.0,"{""type"":""Point"",""coordinates"":[81.20533930434394,29.184514052010094]}"
454,0.4328,0.1916,0.844,0.1275,DISCARDED (Failed Phenology),4.0,1.0,27.0,"{""type"":""Point"",""coordinates"":[81.3764241891746,29.190832860187868]}"
455,0.4783,0.2146,0.801,0.0982,STABLE CROPLAND,0.0,0.0,28.0,"{""type"":""Point"",""coordinates"":[81.26090697779775,29.183957516643765]}"
456,0.4534,0.1366,0.7845,0.0771,STABLE CROPLAND,3.0,1.0,26.0,"{""type"":""Point"",""coordinates"":[81.18035347707028,29.17869051021957]}"
457,0.4396,0.1447,0.851,0.0835,DISCARDED (Failed Phenology),5.0,1.0,24.0,"{""type"":""Point"",""coordinates"":[80.25840825715784,29.13489227376989]}"
458,0.4698,0.1565,0.8257,0.1083,STABLE CROPLAND,3.0,1.0,20.0,"{""type"":""Point"",""coordinates"":[80.34174020017704,29.13865298576273]}"
459,0.4574,0.1427,0.842,0.0951,DISCARDED (Failed Phenology),4.0,1.0,22.0,"{""type"":""Point"",""coordinates"":[80.36252989181187,29.137992405086752]}"
460,0.3679,0.1506,0.7966,0.1139,STABLE CROPLAND,2.0,1.0,29.0,"{""type"":""Point"",""coordinates"":[81.04650360022936,29.169167416813874]}"
461,0.4899,0.1756,0.841,0.0801,DISCARDED (Failed Phenology),5.0,1.0,22.0,"{""type"":""Point"",""coordinates"":[80.38494203918812,29.134167716385218]}"
462,0.4989,0.2158,0.848,0.072,DISCARDED (Failed Phenology),7.0,2.0,23.0,"{""type"":""Point"",""coordinates"":[81.11776618458609,29.172497241131165]}"
463,0.4819,0.1455,0.8854,0.084,STABLE CROPLAND,1.0,1.0,24.0,"{""type"":""Point"",""coordinates"":[81.90254286543063,29.20158458578178]}"
464,0.4472,0.2341,0.7371,0.0739,DISCARDED (Static Vegetation / Low Amplitude),2.0,1.0,26.0,"{""type"":""Point"",""coordinates"":[81.00127204390984,29.162822028105715]}"
465,0.4268,0.1669,0.8056,0.1142,STABLE CROPLAND,0.0,0.0,28.0,"{""type"":""Point"",""coordinates"":[81.2854929138819,29.175682401386254]}"
466,0.4696,0.2173,0.7926,0.0711,DISCARDED (Failed Phenology),4.0,3.0,26.0,"{""type"":""Point"",""coordinates"":[80.96216158823354,29.15913754459415]}"
467,0.4739,0.2048,0.8239,0.098,STABLE CROPLAND,2.0,1.0,22.0,"{""type"":""Point"",""coordinates"":[81.32211014077842,29.17323672702457]}"
468,0.5088,0.232,0.8316,0.0833,STABLE CROPLAND,1.0,1.0,27.0,"{""type"":""Point"",""coordinates"":[81.55589289835831,29.17642787254554]}"
469,0.4879,0.2243,0.8407,0.1005,STABLE CROPLAND,3.0,1.0,28.0,"{""type"":""Point"",""coordinates"":[81.2574609384466,29.162606810094942]}"
470,0.424,0.2446,0.7711,0.0923,DISCARDED (Static Vegetation / Low Amplitude),1.0,1.0,22.0,"{""type"":""Point"",""coordinates"":[81.60937210739085,29.17783795531854]}"
471,0.461,0.1646,0.8645,0.08,STABLE CROPLAND,2.0,1.0,24.0,"{""type"":""Point"",""coordinates"":[80.50446067891171,29.127916408304678]}"
472,0.4428,0.168,0.8289,0.0935,DISCARDED (Failed Phenology),5.0,1.0,24.0,"{""type"":""Point"",""coordinates"":[80.47674990760845,29.124886201362536]}"
473,0.5126,0.2091,0.8696,0.0676,STABLE CROPLAND,0.0,0.0,23.0,"{""type"":""Point"",""coordinates"":[81.8875314804245,29.185903585045768]}"
474,0.4388,0.1924,0.8031,0.1222,STABLE CROPLAND,3.0,2.0,21.0,"{""type"":""Point"",""coordinates"":[80.33985787202334,29.118246502171022]}"
475,0.4691,0.1855,0.7989,0.0971,STABLE CROPLAND,2.0,1.0,24.0,"{""type"":""Point"",""coordinates"":[81.03330489386103,29.148639780744613]}"
476,0.4053,0.1542,0.7872,0.1016,DISCARDED (Failed Phenology),5.0,1.0,22.0,"{""type"":""Point"",""coordinates"":[80.44533681154662,29.121106017429604]}"
477,0.4154,0.2046,0.7959,0.1222,STABLE CROPLAND,3.0,2.0,26.0,"{""type"":""Point"",""coordinates"":[80.99166074017889,29.14517287417115]}"
478,0.5234,0.2527,0.8386,0.0874,DISCARDED (Static Vegetation / Low Amplitude),2.0,1.0,27.0,"{""type"":""Point"",""coordinates"":[81.30118300490402,29.158729239157164]}"
479,0.3762,0.1704,0.6655,0.0769,DISCARDED (Static Vegetation / Low Amplitude),1.0,1.0,22.0,"{""type"":""Point"",""coordinates"":[81.27782847403279,29.157136113658698]}"
480,0.4184,0.1429,0.7894,0.0913,STABLE CROPLAND,3.0,1.0,27.0,"{""type"":""Point"",""coordinates"":[80.2540609172718,29.10791157315085]}"
481,0.4485,0.2059,0.7681,0.0648,STABLE CROPLAND,2.0,1.0,28.0,"{""type"":""Point"",""coordinates"":[81.20037298843877,29.146998233766634]}"
482,0.4847,0.2276,0.8608,0.1068,STABLE CROPLAND,1.0,1.0,22.0,"{""type"":""Point"",""coordinates"":[81.59267755650848,29.161545679046505]}"
483,0.4245,0.2212,0.7653,0.1167,DISCARDED (Static Vegetation / Low Amplitude),5.0,2.0,23.0,"{""type"":""Point"",""coordinates"":[80.691268046121,29.120950673419063]}"
484,0.4919,0.1903,0.8254,0.1016,DISCARDED (Failed Phenology),4.0,2.0,21.0,"{""type"":""Point"",""coordinates"":[81.23213711746266,29.144213983973415]}"
485,0.4758,0.1816,0.7884,0.0613,DISCARDED (Failed Phenology),6.0,1.0,20.0,"{""type"":""Point"",""coordinates"":[80.34984876798234,29.09918639412235]}"
486,0.5046,0.1591,0.8428,0.0825,DISCARDED (Failed Phenology),4.0,2.0,22.0,"{""type"":""Point"",""coordinates"":[81.86410856179566,29.167278250012775]}"
487,0.5014,0.2421,0.8293,0.0853,DISCARDED (Failed Phenology),4.0,2.0,19.0,"{""type"":""Point"",""coordinates"":[81.82660182018108,29.163363178156605]}"
488,0.4437,0.2137,0.819,0.1065,STABLE CROPLAND,1.0,1.0,29.0,"{""type"":""Point"",""coordinates"":[81.26916068233872,29.138551067439586]}"
489,0.4636,0.2484,0.8186,0.0769,STABLE CROPLAND,0.0,0.0,23.0,"{""type"":""Point"",""coordinates"":[81.03797150367603,29.12492056032841]}"
490,0.4739,0.177,0.8227,0.0678,DISCARDED (Failed Phenology),6.0,2.0,24.0,"{""type"":""Point"",""coordinates"":[81.01334061734204,29.122130273838827]}"
491,0.4215,0.1866,0.856,0.1356,STABLE CROPLAND,3.0,1.0,24.0,"{""type"":""Point"",""coordinates"":[80.67469657081166,29.103835103277905]}"
492,0.43,0.1643,0.7411,0.089,STABLE CROPLAND,2.0,1.0,23.0,"{""type"":""Point"",""coordinates"":[80.37147046235866,29.088787836897264]}"
493,0.4731,0.109,0.8651,0.0858,STABLE CROPLAND,1.0,1.0,24.0,"{""type"":""Point"",""coordinates"":[81.77967188213246,29.15241782389709]}"
494,0.4849,0.2289,0.801,0.0634,STABLE CROPLAND,0.0,0.0,24.0,"{""type"":""Point"",""coordinates"":[81.75690986502096,29.143676631437195]}"
495,0.5073,0.2496,0.8415,0.0866,STABLE CROPLAND,3.0,2.0,26.0,"{""type"":""Point"",""coordinates"":[80.96436552641325,29.109236543910107]}"
496,0.4866,0.184,0.8495,0.0842,DISCARDED (Failed Phenology),6.0,1.0,21.0,"{""type"":""Point"",""coordinates"":[80.5644274840507,29.091566271430704]}"
497,0.5297,0.3016,0.8333,0.0857,DISCARDED (Static Vegetation / Low Amplitude),1.0,1.0,26.0,"{""type"":""Point"",""coordinates"":[81.59652787882558,29.134565739838433]}"
498,0.5176,0.2401,0.8215,0.0763,STABLE CROPLAND,2.0,1.0,28.0,"{""type"":""Point"",""coordinates"":[81.61776960431122,29.136477804928393]}"
499,0.4372,0.1917,0.7718,0.0784,STABLE CROPLAND,3.0,2.0,26.0,"{""type"":""Point"",""coordinates"":[80.6603393155346,29.089904493491034]}"
500,0.5048,0.2035,0.8532,0.0824,STABLE CROPLAND,3.0,1.0,24.0,"{""type"":""Point"",""coordinates"":[80.4139921259817,29.077425943799444]}"
501,0.4694,0.21,0.8465,0.099,STABLE CROPLAND,0.0,0.0,23.0,"{""type"":""Point"",""coordinates"":[81.55822467047314,29.12539533099366]}"
502,0.4774,0.1387,0.8304,0.0634,STABLE CROPLAND,2.0,1.0,23.0,"{""type"":""Point"",""coordinates"":[81.81746687829954,29.141152458110646]}"
503,0.4686,0.2363,0.8556,0.1234,STABLE CROPLAND,3.0,1.0,20.0,"{""type"":""Point"",""coordinates"":[80.6040126086743,29.076462612628553]}"
504,0.4484,0.2654,0.8322,0.1017,DISCARDED (Static Vegetation / Low Amplitude),1.0,1.0,22.0,"{""type"":""Point"",""coordinates"":[81.74821110622436,29.126423845473155]}"
505,0.4579,0.2158,0.7383,0.0701,DISCARDED (Static Vegetation / Low Amplitude),7.0,1.0,21.0,"{""type"":""Point"",""coordinates"":[80.14124318040061,29.055891339464914]}"
506,0.4498,0.1887,0.8014,0.0908,DISCARDED (Failed Phenology),5.0,1.0,24.0,"{""type"":""Point"",""coordinates"":[81.08028786615665,29.09490811021885]}"
507,0.5163,0.232,0.8116,0.0882,STABLE CROPLAND,1.0,1.0,23.0,"{""type"":""Point"",""coordinates"":[81.65289448057717,29.117634479064144]}"
508,0.433,0.1867,0.7383,0.0886,DISCARDED (Failed Phenology),7.0,2.0,19.0,"{""type"":""Point"",""coordinates"":[81.25988794618094,29.100631857468457]}"
509,0.4512,0.1817,0.8331,0.1307,DISCARDED (Failed Phenology),6.0,2.0,20.0,"{""type"":""Point"",""coordinates"":[81.23633848271518,29.099694577714853]}"
510,0.5154,0.2246,0.7976,0.0964,DISCARDED (Failed Phenology),7.0,2.0,17.0,"{""type"":""Point"",""coordinates"":[80.46946370118707,29.063275977125784]}"
511,0.5397,0.2243,0.9078,0.0933,STABLE CROPLAND,2.0,1.0,30.0,"{""type"":""Point"",""coordinates"":[81.69470861786291,29.11880409247497]}"
512,0.5726,0.2576,0.8665,0.0812,DISCARDED (Static Vegetation / Low Amplitude),4.0,2.0,20.0,"{""type"":""Point"",""coordinates"":[80.79025215288559,29.07746532984355]}"
513,0.4334,0.1987,0.8101,0.115,DISCARDED (Failed Phenology),5.0,2.0,21.0,"{""type"":""Point"",""coordinates"":[81.53515749257213,29.10922660293279]}"
514,0.4609,0.1756,0.7905,0.0771,DISCARDED (Failed Phenology),5.0,1.0,24.0,"{""type"":""Point"",""coordinates"":[81.20952856023402,29.093236732229435]}"
515,0.5767,0.3386,0.8964,0.0624,DISCARDED (Static Vegetation / Low Amplitude),0.0,0.0,28.0,"{""type"":""Point"",""coordinates"":[81.71817304640189,29.11410513584418]}"
516,0.3459,0.1499,0.8834,0.1549,STABLE CROPLAND,1.0,1.0,22.0,"{""type"":""Point"",""coordinates"":[81.80096997145628,29.11840504061312]}"
517,0.4424,0.1625,0.8258,0.0924,DISCARDED (Failed Phenology),5.0,1.0,24.0,"{""type"":""Point"",""coordinates"":[81.29328493777275,29.095475067154798]}"
518,0.5128,0.1958,0.8138,0.0665,DISCARDED (Failed Phenology),9.0,3.0,18.0,"{""type"":""Point"",""coordinates"":[81.39017569042801,29.096089604086977]}"
519,0.4112,0.2052,0.7642,0.0961,STABLE CROPLAND,0.0,0.0,23.0,"{""type"":""Point"",""coordinates"":[81.43387351812754,29.094014176257414]}"
520,0.5395,0.2664,0.8706,0.0742,DISCARDED (Static Vegetation / Low Amplitude),0.0,0.0,25.0,"{""type"":""Point"",""coordinates"":[81.77574301508845,29.10475708286131]}"
521,0.4269,0.2073,0.7497,0.1181,DISCARDED (Static Vegetation / Low Amplitude),3.0,3.0,20.0,"{""type"":""Point"",""coordinates"":[81.41063632880642,29.08996583274349]}"
522,0.5214,0.2394,0.8995,0.0901,STABLE CROPLAND,1.0,1.0,28.0,"{""type"":""Point"",""coordinates"":[81.74167359804161,29.102273128694634]}"
523,0.4906,0.2163,0.7962,0.0877,DISCARDED (Failed Phenology),5.0,2.0,21.0,"{""type"":""Point"",""coordinates"":[81.50699172858097,29.091473097033763]}"
524,0.476,0.2119,0.8339,0.0929,DISCARDED (Failed Phenology),3.0,3.0,26.0,"{""type"":""Point"",""coordinates"":[81.58861204635932,29.09440693544902]}"
525,0.5286,0.2321,0.8201,0.0715,STABLE CROPLAND,1.0,1.0,24.0,"{""type"":""Point"",""coordinates"":[81.70869968061221,29.09713732057967]}"
526,0.5092,0.2742,0.9124,0.1012,DISCARDED (Static Vegetation / Low Amplitude),0.0,0.0,26.0,"{""type"":""Point"",""coordinates"":[81.68740627099282,29.094541036000745]}"
527,0.4767,0.2369,0.8221,0.1107,DISCARDED (Failed Phenology),5.0,2.0,20.0,"{""type"":""Point"",""coordinates"":[81.04598435221399,29.067147003650103]}"
528,0.5116,0.183,0.7901,0.0489,DISCARDED (Failed Phenology),6.0,2.0,23.0,"{""type"":""Point"",""coordinates"":[80.1502801093424,29.024433035296177]}"
529,0.4543,0.2364,0.8102,0.0752,STABLE CROPLAND,0.0,0.0,23.0,"{""type"":""Point"",""coordinates"":[81.45403140248077,29.08448764268386]}"
530,0.4731,0.1872,0.8354,0.0864,STABLE CROPLAND,1.0,1.0,26.0,"{""type"":""Point"",""coordinates"":[81.37389263336428,29.079594681990788]}"
531,0.4394,0.1928,0.7586,0.0856,STABLE CROPLAND,2.0,1.0,23.0,"{""type"":""Point"",""coordinates"":[81.31090642943477,29.074017082847888]}"
532,0.5214,0.1979,0.9016,0.0738,STABLE CROPLAND,0.0,0.0,26.0,"{""type"":""Point"",""coordinates"":[81.7591409135172,29.08907821476538]}"
533,0.4182,0.1633,0.7899,0.0901,DISCARDED (Failed Phenology),5.0,1.0,22.0,"{""type"":""Point"",""coordinates"":[80.55897682672438,29.03458520864404]}"
534,0.5491,0.2935,0.8717,0.0863,DISCARDED (Static Vegetation / Low Amplitude),2.0,1.0,22.0,"{""type"":""Point"",""coordinates"":[81.65321568300459,29.082173729784845]}"
535,0.3751,0.1465,0.7666,0.105,STABLE CROPLAND,2.0,1.0,26.0,"{""type"":""Point"",""coordinates"":[81.1574683346156,29.05908847110699]}"
536,0.487,0.2284,0.7422,0.0493,DISCARDED (Static Vegetation / Low Amplitude),7.0,3.0,21.0,"{""type"":""Point"",""coordinates"":[80.49656289530412,29.0285556785563]}"
537,0.4737,0.1714,0.8548,0.0811,STABLE CROPLAND,1.0,1.0,25.0,"{""type"":""Point"",""coordinates"":[81.41280926898233,29.069092489935926]}"
538,0.4734,0.1981,0.8409,0.0968,STABLE CROPLAND,3.0,1.0,24.0,"{""type"":""Point"",""coordinates"":[81.29497480661824,29.06269899530007]}"
539,0.4782,0.2427,0.8487,0.1164,STABLE CROPLAND,1.0,1.0,23.0,"{""type"":""Point"",""coordinates"":[81.03024936722584,29.050117184449675]}"
540,0.362,0.1249,0.8422,0.1678,DISCARDED (Failed Phenology),4.0,1.0,20.0,"{""type"":""Point"",""coordinates"":[81.10698737308205,29.05233965750049]}"
541,0.501,0.259,0.8574,0.1092,DISCARDED (Static Vegetation / Low Amplitude),0.0,0.0,23.0,"{""type"":""Point"",""coordinates"":[81.4504801326922,29.066030187389053]}"
542,0.5189,0.2932,0.8484,0.0991,DISCARDED (Static Vegetation / Low Amplitude),2.0,1.0,23.0,"{""type"":""Point"",""coordinates"":[81.35075395130892,29.061039348410723]}"
543,0.5793,0.2548,0.866,0.0649,DISCARDED (Static Vegetation / Low Amplitude),10.0,4.0,14.0,"{""type"":""Point"",""coordinates"":[81.26935549428711,29.055571787204762]}"
544,0.4119,0.1727,0.7946,0.1241,STABLE CROPLAND,1.0,1.0,22.0,"{""type"":""Point"",""coordinates"":[81.19270914690588,29.05375531247799]}"
545,0.4507,0.223,0.7468,0.0936,DISCARDED (Static Vegetation / Low Amplitude),5.0,1.0,22.0,"{""type"":""Point"",""coordinates"":[80.64435963006198,29.026263773619352]}"
546,0.5136,0.2279,0.9002,0.0807,STABLE CROPLAND,0.0,0.0,26.0,"{""type"":""Point"",""coordinates"":[81.74881913582362,29.070273634951327]}"
547,0.5021,0.1848,0.8157,0.0685,DISCARDED (Failed Phenology),5.0,2.0,21.0,"{""type"":""Point"",""coordinates"":[81.32477008284218,29.052776591596903]}"
548,0.4456,0.1587,0.8192,0.1189,DISCARDED (Failed Phenology),6.0,3.0,22.0,"{""type"":""Point"",""coordinates"":[81.47904306364998,29.057853026014186]}"
549,0.4923,0.1943,0.8873,0.057,STABLE CROPLAND,3.0,1.0,26.0,"{""type"":""Point"",""coordinates"":[80.1231832552293,28.99436607976967]}"
550,0.4587,0.1991,0.8176,0.1156,STABLE CROPLAND,0.0,0.0,24.0,"{""type"":""Point"",""coordinates"":[81.2376474863797,29.046180605197925]}"
551,0.4549,0.2016,0.8867,0.1312,DISCARDED (Failed Phenology),5.0,1.0,23.0,"{""type"":""Point"",""coordinates"":[80.7775906472986,29.024518031286803]}"
552,0.4165,0.1675,0.6901,0.06,DISCARDED (Static Vegetation / Low Amplitude),3.0,1.0,24.0,"{""type"":""Point"",""coordinates"":[80.2061176620459,28.99622394416362]}"
553,0.4738,0.1885,0.8404,0.1122,DISCARDED (Failed Phenology),4.0,2.0,24.0,"{""type"":""Point"",""coordinates"":[81.17148182877173,29.04108594016002]}"
554,0.4189,0.1726,0.8076,0.1073,STABLE CROPLAND,3.0,2.0,28.0,"{""type"":""Point"",""coordinates"":[81.07634329080449,29.034416077143273]}"
555,0.4266,0.2221,0.7892,0.1094,STABLE CROPLAND,1.0,1.0,23.0,"{""type"":""Point"",""coordinates"":[81.34784297768415,29.03847435958417]}"
556,0.4285,0.1752,0.8045,0.1125,DISCARDED (Failed Phenology),4.0,1.0,23.0,"{""type"":""Point"",""coordinates"":[80.74135973381712,29.011167407261844]}"
557,,,,,DISCARDED (Insufficient Samples),,,,"{""type"":""Point"",""coordinates"":[80.58828045493841,29.002372809402466]}"
558,0.4199,0.1833,0.771,0.0791,STABLE CROPLAND,0.0,0.0,23.0,"{""type"":""Point"",""coordinates"":[81.39678536977401,29.038614512805744]}"
559,0.4578,0.1916,0.7725,0.096,STABLE CROPLAND,1.0,1.0,29.0,"{""type"":""Point"",""coordinates"":[81.19433787807739,29.03091796407986]}"
560,0.4612,0.1622,0.875,0.0701,DISCARDED (Failed Phenology),5.0,1.0,26.0,"{""type"":""Point"",""coordinates"":[80.17197137629043,28.97758275197183]}"
561,0.4539,0.1829,0.7998,0.0903,DISCARDED (Failed Phenology),5.0,2.0,24.0,"{""type"":""Point"",""coordinates"":[81.3120648749879,29.028030791601267]}"
562,0.4658,0.1632,0.8049,0.0818,STABLE CROPLAND,2.0,1.0,30.0,"{""type"":""Point"",""coordinates"":[81.14075686066401,29.02126968489683]}"
563,0.466,0.1675,0.8211,0.0949,STABLE CROPLAND,2.0,1.0,24.0,"{""type"":""Point"",""coordinates"":[81.43594783716247,29.031528537543224]}"
564,0.5082,0.1868,0.8282,0.0747,DISCARDED (Failed Phenology),6.0,3.0,20.0,"{""type"":""Point"",""coordinates"":[80.9637858431381,29.00895454583219]}"
565,0.4854,0.1725,0.8251,0.0458,DISCARDED (Failed Phenology),8.0,2.0,20.0,"{""type"":""Point"",""coordinates"":[80.29260435887737,28.986217578344196]}"
566,0.4353,0.1465,0.7618,0.0846,DISCARDED (Failed Phenology),4.0,1.0,23.0,"{""type"":""Point"",""coordinates"":[80.24652079461723,28.979369542059445]}"
567,0.4797,0.119,0.8224,0.0529,DISCARDED (Failed Phenology),5.0,2.0,24.0,"{""type"":""Point"",""coordinates"":[80.20253914633736,28.97248783083301]}"
568,0.4815,0.1554,0.8588,0.076,DISCARDED (Failed Phenology),4.0,2.0,25.0,"{""type"":""Point"",""coordinates"":[80.14976971293244,28.967374413291473]}"
569,0.4756,0.1936,0.789,0.063,STABLE CROPLAND,3.0,1.0,25.0,"{""type"":""Point"",""coordinates"":[80.11725745287688,28.96684051034423]}"
570,0.4129,0.1577,0.8064,0.0964,STABLE CROPLAND,1.0,1.0,22.0,"{""type"":""Point"",""coordinates"":[81.40656644400342,29.021840239750237]}"
571,0.4484,0.1463,0.8138,0.0697,STABLE CROPLAND,1.0,1.0,23.0,"{""type"":""Point"",""coordinates"":[81.26146305517962,29.01461585290978]}"
572,0.5823,0.2888,0.9134,0.0811,DISCARDED (Static Vegetation / Low Amplitude),4.0,1.0,25.0,"{""type"":""Point"",""coordinates"":[81.55563976308797,29.022118717264334]}"
573,0.3766,0.1722,0.7712,0.0872,STABLE CROPLAND,0.0,0.0,23.0,"{""type"":""Point"",""coordinates"":[82.57757177994691,29.05978173344148]}"
574,0.4634,0.2184,0.7825,0.0864,DISCARDED (Failed Phenology),7.0,2.0,21.0,"{""type"":""Point"",""coordinates"":[80.27400327431964,28.964009026755658]}"
575,0.4881,0.1862,0.8015,0.0625,DISCARDED (Failed Phenology),4.0,1.0,20.0,"{""type"":""Point"",""coordinates"":[81.48608542846627,29.01517093915242]}"
576,,,,,DISCARDED (Insufficient Samples),,,,"{""type"":""Point"",""coordinates"":[80.7721732397096,28.982997634761386]}"
577,0.4993,0.2197,0.8569,0.0833,DISCARDED (Failed Phenology),5.0,1.0,19.0,"{""type"":""Point"",""coordinates"":[81.00945307963305,28.99364985013544]}"
578,0.4581,0.1377,0.8852,0.076,DISCARDED (Failed Phenology),7.0,1.0,22.0,"{""type"":""Point"",""coordinates"":[80.31268883362821,28.967683057468047]}"
579,0.4429,0.2288,0.6986,0.0569,DISCARDED (Static Vegetation / Low Amplitude),5.0,3.0,19.0,"{""type"":""Point"",""coordinates"":[80.24589468057466,28.95784029810278]}"
580,0.4361,0.1711,0.8612,0.0815,STABLE CROPLAND,0.0,0.0,23.0,"{""type"":""Point"",""coordinates"":[82.73790038019207,29.056893568780087]}"
581,0.4821,0.1753,0.9249,0.0758,DISCARDED (Failed Phenology),5.0,1.0,28.0,"{""type"":""Point"",""coordinates"":[80.22223008399574,28.962233259132212]}"
582,0.4024,0.1899,0.7856,0.1221,STABLE CROPLAND,2.0,1.0,21.0,"{""type"":""Point"",""coordinates"":[81.42117414788532,29.006374325558298]}"
583,0.4613,0.1782,0.846,0.101,STABLE CROPLAND,2.0,1.0,23.0,"{""type"":""Point"",""coordinates"":[81.36776025421548,29.00449709171567]}"
584,0.4722,0.1811,0.7941,0.0904,DISCARDED (Failed Phenology),7.0,2.0,18.0,"{""type"":""Point"",""coordinates"":[80.09252622418074,28.967758074024]}"
585,0.46,0.2386,0.7896,0.0765,DISCARDED (Failed Phenology),6.0,2.0,26.0,"{""type"":""Point"",""coordinates"":[80.17570947353687,28.946511369736683]}"
586,0.4148,0.1491,0.7763,0.0688,DISCARDED (Failed Phenology),5.0,2.0,19.0,"{""type"":""Point"",""coordinates"":[81.26978886353928,28.99727734392066]}"
587,0.4809,0.2042,0.8162,0.064,DISCARDED (Failed Phenology),8.0,1.0,22.0,"{""type"":""Point"",""coordinates"":[80.36388964176551,28.954292426488255]}"
588,0.4636,0.1676,0.7897,0.066,DISCARDED (Failed Phenology),6.0,2.0,21.0,"{""type"":""Point"",""coordinates"":[80.28431126929155,28.948054279752004]}"
589,0.4137,0.0924,0.8449,0.0767,STABLE CROPLAND,0.0,0.0,24.0,"{""type"":""Point"",""coordinates"":[82.56190330278895,29.042520549587984]}"
590,0.4683,0.1958,0.868,0.0761,DISCARDED (Failed Phenology),10.0,4.0,17.0,"{""type"":""Point"",""coordinates"":[80.85640553773872,28.97408165544027]}"
591,0.5304,0.2482,0.8885,0.0964,DISCARDED (Failed Phenology),6.0,2.0,19.0,"{""type"":""Point"",""coordinates"":[81.39042871531952,28.994718223163915]}"
592,0.4711,0.2,0.8377,0.0803,STABLE CROPLAND,2.0,1.0,23.0,"{""type"":""Point"",""coordinates"":[81.50920241110354,28.995565632766166]}"
593,0.4455,0.1792,0.8277,0.1106,STABLE CROPLAND,2.0,1.0,22.0,"{""type"":""Point"",""coordinates"":[81.41483829497503,28.98924426473582]}"
594,0.5536,0.2824,0.8432,0.0687,DISCARDED (Static Vegetation / Low Amplitude),7.0,2.0,20.0,"{""type"":""Point"",""coordinates"":[81.64361805406547,28.997920606825]}"
595,0.4619,0.1549,0.8088,0.0628,STABLE CROPLAND,3.0,1.0,29.0,"{""type"":""Point"",""coordinates"":[80.35298754618839,28.9370241155507]}"
596,0.4882,0.2754,0.7555,0.0734,DISCARDED (Static Vegetation / Low Amplitude),5.0,1.0,25.0,"{""type"":""Point"",""coordinates"":[80.20040338968582,28.932104567926604]}"
597,0.4731,0.1737,0.7996,0.0825,DISCARDED (Failed Phenology),6.0,1.0,25.0,"{""type"":""Point"",""coordinates"":[80.379162700511,28.937770801144065]}"
598,0.4147,0.1937,0.8218,0.1115,DISCARDED (Failed Phenology),5.0,1.0,27.0,"{""type"":""Point"",""coordinates"":[81.28795396528659,28.9797723365168]}"
599,0.4162,0.1049,0.7951,0.0823,DISCARDED (Failed Phenology),4.0,1.0,28.0,"{""type"":""Point"",""coordinates"":[80.2766676176052,28.929516017435674]}"
600,0.4422,0.1555,0.8242,0.0697,DISCARDED (Failed Phenology),5.0,1.0,27.0,"{""type"":""Point"",""coordinates"":[80.1371841696946,28.923222021488172]}"
601,0.466,0.16,0.78,0.0569,DISCARDED (Failed Phenology),7.0,1.0,21.0,"{""type"":""Point"",""coordinates"":[80.15631488610981,28.991583675578138]}"
602,0.4218,0.1447,0.7693,0.0787,DISCARDED (Failed Phenology),7.0,1.0,23.0,"{""type"":""Point"",""coordinates"":[80.18548175334703,29.00627977676146]}"
603,0.4728,0.2044,0.8816,0.0718,DISCARDED (Failed Phenology),5.0,1.0,28.0,"{""type"":""Point"",""coordinates"":[80.13834425633301,28.95038234048844]}"
604,0.4132,0.1187,0.8258,0.0747,STABLE CROPLAND,3.0,1.0,28.0,"{""type"":""Point"",""coordinates"":[80.11728087895578,28.927681968831152]}"
605,0.5139,0.2246,0.8622,0.0825,DISCARDED (Failed Phenology),5.0,1.0,21.0,"{""type"":""Point"",""coordinates"":[81.53367575426189,28.984189970234606]}"
606,0.4606,0.1449,0.8206,0.0822,DISCARDED (Failed Phenology),5.0,1.0,21.0,"{""type"":""Point"",""coordinates"":[81.1480047306434,28.964357090260172]}"
607,0.459,0.1855,0.8742,0.1116,STABLE CROPLAND,2.0,1.0,28.0,"{""type"":""Point"",""coordinates"":[82.555461037984,29.019704189351906]}"
608,,,,,DISCARDED (Insufficient Samples),,,,"{""type"":""Point"",""coordinates"":[80.96072560954099,28.95416145062318]}"
609,0.4443,0.1339,0.8179,0.084,STABLE CROPLAND,3.0,1.0,20.0,"{""type"":""Point"",""coordinates"":[82.79071409732053,29.021903682447846]}"
610,0.4466,0.1604,0.7492,0.0598,STABLE CROPLAND,3.0,1.0,33.0,"{""type"":""Point"",""coordinates"":[80.25504983253695,28.9367235125102]}"
611,0.4066,0.1541,0.7972,0.0832,STABLE CROPLAND,2.0,1.0,28.0,"{""type"":""Point"",""coordinates"":[80.23047315001742,28.93052932683047]}"
612,,,,,DISCARDED (Insufficient Samples),,,,"{""type"":""Point"",""coordinates"":[80.52360479439179,28.92774122859211]}"
613,0.4459,0.1371,0.7754,0.0867,DISCARDED (Failed Phenology),6.0,1.0,19.0,"{""type"":""Point"",""coordinates"":[80.41909044169535,28.933603151051685]}"
614,,,,,DISCARDED (Insufficient Samples),,,,"{""type"":""Point"",""coordinates"":[80.93389099552024,28.946910517776853]}"
615,,,,,DISCARDED (Insufficient Samples),,,,"{""type"":""Point"",""coordinates"":[80.90682845456931,28.94188653824548]}"
616,0.6238,0.3535,0.9407,0.0915,DISCARDED (Static Vegetation / Low Amplitude),5.0,2.0,24.0,"{""type"":""Point"",""coordinates"":[82.20944646342032,28.99342518563272]}"
617,0.4851,0.2057,0.8287,0.1044,DISCARDED (Failed Phenology),8.0,2.0,19.0,"{""type"":""Point"",""coordinates"":[81.48885933926942,28.965420862217535]}"
618,0.5212,0.2039,0.7979,0.1048,STABLE CROPLAND,3.0,2.0,21.0,"{""type"":""Point"",""coordinates"":[80.24652763322398,28.90729745268985]}"
619,0.4755,0.1557,0.8855,0.0817,DISCARDED (Failed Phenology),7.0,1.0,22.0,"{""type"":""Point"",""coordinates"":[80.41243576447569,28.914917822326572]}"
620,0.5292,0.2357,0.85,0.07,STABLE CROPLAND,2.0,2.0,21.0,"{""type"":""Point"",""coordinates"":[82.66589899586691,29.00525041355949]}"
621,0.4505,0.191,0.8454,0.0809,STABLE CROPLAND,0.0,0.0,24.0,"{""type"":""Point"",""coordinates"":[81.54153990006617,28.963713660399183]}"
622,0.4832,0.2137,0.8051,0.0691,DISCARDED (Failed Phenology),8.0,2.0,21.0,"{""type"":""Point"",""coordinates"":[80.37423351968866,28.910057661498115]}"
623,0.5723,0.3058,0.8904,0.0793,DISCARDED (Static Vegetation / Low Amplitude),6.0,1.0,21.0,"{""type"":""Point"",""coordinates"":[81.70566974485972,28.9686521253143]}"
624,0.3437,0.0882,0.7224,0.0935,STABLE CROPLAND,1.0,1.0,31.0,"{""type"":""Point"",""coordinates"":[80.20349787134731,28.951847772541388]}"
625,,,,,DISCARDED (Insufficient Samples),,,,"{""type"":""Point"",""coordinates"":[80.96917198324202,28.936253190812156]}"
626,0.4232,0.1264,0.8276,0.1138,STABLE CROPLAND,2.0,1.0,24.0,"{""type"":""Point"",""coordinates"":[82.80950342880814,29.005119649230497]}"
627,0.4689,0.1457,0.8548,0.0942,STABLE CROPLAND,3.0,1.0,26.0,"{""type"":""Point"",""coordinates"":[80.22023659657482,28.904943885692152]}"
628,0.4143,0.1149,0.8388,0.0807,DISCARDED (Failed Phenology),5.0,1.0,25.0,"{""type"":""Point"",""coordinates"":[80.33997504029114,28.92153886688717]}"
629,0.4531,0.1923,0.8061,0.0807,DISCARDED (Failed Phenology),6.0,2.0,25.0,"{""type"":""Point"",""coordinates"":[80.35338095592714,28.904266675836517]}"
630,0.4767,0.1744,0.8576,0.1035,DISCARDED (Failed Phenology),7.0,2.0,19.0,"{""type"":""Point"",""coordinates"":[81.4776415987834,28.948838728879007]}"
631,0.4291,0.1659,0.818,0.0997,DISCARDED (Failed Phenology),6.0,3.0,23.0,"{""type"":""Point"",""coordinates"":[81.34229311494057,28.942001403650632]}"
632,0.5332,0.2217,0.8905,0.0824,DISCARDED (Failed Phenology),7.0,2.0,20.0,"{""type"":""Point"",""coordinates"":[81.42828878532231,28.944769171232473]}"
633,,,,,DISCARDED (Insufficient Samples),,,,"{""type"":""Point"",""coordinates"":[80.42856611394508,28.896408613186093]}"
634,0.5427,0.3229,0.893,0.1051,DISCARDED (Static Vegetation / Low Amplitude),3.0,3.0,26.0,"{""type"":""Point"",""coordinates"":[82.23110074898464,28.972833643745474]}"
635,0.4298,0.1705,0.8468,0.1126,DISCARDED (Failed Phenology),6.0,1.0,22.0,"{""type"":""Point"",""coordinates"":[81.32180343423768,28.934964546098392]}"
636,0.3663,0.1598,0.7749,0.082,STABLE CROPLAND,1.0,1.0,22.0,"{""type"":""Point"",""coordinates"":[81.50149311900573,28.94289087404302]}"
637,0.4987,0.2129,0.8723,0.0994,DISCARDED (Failed Phenology),6.0,2.0,22.0,"{""type"":""Point"",""coordinates"":[82.52366806563612,28.979900973506382]}"
638,0.5547,0.3037,0.9308,0.0874,DISCARDED (Static Vegetation / Low Amplitude),1.0,1.0,27.0,"{""type"":""Point"",""coordinates"":[82.2694877650035,28.97048482815707]}"
639,0.4496,0.1901,0.7549,0.0692,DISCARDED (Failed Phenology),4.0,1.0,24.0,"{""type"":""Point"",""coordinates"":[81.27829574477643,28.931369096438743]}"
640,0.3623,0.1954,0.67,0.0797,DISCARDED (Static Vegetation / Low Amplitude),1.0,1.0,22.0,"{""type"":""Point"",""coordinates"":[82.64547011214044,28.982158941580817]}"
641,0.5428,0.2259,0.8195,0.05,DISCARDED (Failed Phenology),9.0,3.0,21.0,"{""type"":""Point"",""coordinates"":[81.54362100979732,28.940565662664326]}"
642,0.485,0.2226,0.8613,0.0884,STABLE CROPLAND,2.0,1.0,28.0,"{""type"":""Point"",""coordinates"":[81.79683590071181,28.949790849729638]}"
643,0.4252,0.1596,0.8311,0.087,STABLE CROPLAND,1.0,1.0,28.0,"{""type"":""Point"",""coordinates"":[81.4567709506147,28.932894473860703]}"
644,0.3999,0.2088,0.7131,0.0992,DISCARDED (Static Vegetation / Low Amplitude),0.0,0.0,23.0,"{""type"":""Point"",""coordinates"":[81.60239662174413,28.937029122886884]}"
645,0.4507,0.2038,0.7825,0.0671,DISCARDED (Failed Phenology),4.0,2.0,26.0,"{""type"":""Point"",""coordinates"":[80.34106914051205,28.878923975308876]}"
646,0.4502,0.1348,0.856,0.0801,DISCARDED (Failed Phenology),5.0,3.0,24.0,"{""type"":""Point"",""coordinates"":[81.62683655241166,28.93508203042029]}"
647,0.4135,0.1925,0.8021,0.1203,STABLE CROPLAND,2.0,1.0,21.0,"{""type"":""Point"",""coordinates"":[81.66380442810244,28.933767546111714]}"
648,0.4652,0.1807,0.7969,0.0703,DISCARDED (Failed Phenology),4.0,1.0,28.0,"{""type"":""Point"",""coordinates"":[80.06297149080346,28.87109908585546]}"
649,0.5546,0.2924,0.8911,0.0871,DISCARDED (Static Vegetation / Low Amplitude),6.0,1.0,23.0,"{""type"":""Point"",""coordinates"":[82.23977084123061,28.955109866862156]}"
650,0.422,0.2121,0.8019,0.1301,STABLE CROPLAND,3.0,2.0,21.0,"{""type"":""Point"",""coordinates"":[81.09915707309797,28.908974221888595]}"
651,0.4794,0.1861,0.8655,0.0936,STABLE CROPLAND,3.0,1.0,22.0,"{""type"":""Point"",""coordinates"":[81.2023407617487,28.913533569576998]}"
652,0.5002,0.2395,0.8606,0.0737,DISCARDED (Failed Phenology),5.0,1.0,22.0,"{""type"":""Point"",""coordinates"":[81.75849795179944,28.93267053380163]}"
653,0.5591,0.2915,0.9147,0.0913,DISCARDED (Static Vegetation / Low Amplitude),5.0,2.0,25.0,"{""type"":""Point"",""coordinates"":[82.26097726176805,28.950591882334233]}"
654,0.5166,0.1684,0.8701,0.072,DISCARDED (Failed Phenology),5.0,1.0,19.0,"{""type"":""Point"",""coordinates"":[81.43327292341053,28.91737937231874]}"
655,0.4425,0.1692,0.8052,0.0712,DISCARDED (Failed Phenology),6.0,1.0,23.0,"{""type"":""Point"",""coordinates"":[81.36795507967547,28.91443593538208]}"
656,0.4324,0.1762,0.8397,0.1173,DISCARDED (Failed Phenology),8.0,2.0,21.0,"{""type"":""Point"",""coordinates"":[81.54344825618776,28.92112506968191]}"
657,0.4346,0.1071,0.8584,0.0828,DISCARDED (Failed Phenology),5.0,1.0,24.0,"{""type"":""Point"",""coordinates"":[80.38132473404066,28.8648527789344]}"
658,,,,,DISCARDED (Insufficient Samples),,,,"{""type"":""Point"",""coordinates"":[80.5002498815293,28.875491088520153]}"
659,0.3841,0.176,0.7383,0.078,STABLE CROPLAND,0.0,0.0,23.0,"{""type"":""Point"",""coordinates"":[81.64277942158682,28.9210311095449]}"
660,0.3337,0.1411,0.703,0.0836,STABLE CROPLAND,2.0,1.0,21.0,"{""type"":""Point"",""coordinates"":[81.60580078232834,28.91716815177259]}"
661,0.4565,0.1657,0.8449,0.0792,DISCARDED (Failed Phenology),5.0,1.0,23.0,"{""type"":""Point"",""coordinates"":[80.33089361068139,28.857985992723393]}"
662,0.3619,0.1546,0.7349,0.1026,STABLE CROPLAND,1.0,1.0,22.0,"{""type"":""Point"",""coordinates"":[81.111631597068,28.894559560778255]}"
663,0.4493,0.1379,0.873,0.0919,DISCARDED (Failed Phenology),5.0,1.0,29.0,"{""type"":""Point"",""coordinates"":[80.40600276719523,28.861580555847258]}"
664,,,,,DISCARDED (Insufficient Samples),,,,"{""type"":""Point"",""coordinates"":[80.4407872581209,28.863217784486583]}"
665,0.44,0.1342,0.7931,0.0654,DISCARDED (Failed Phenology),4.0,2.0,24.0,"{""type"":""Point"",""coordinates"":[80.35519988583191,28.858606587978528]}"
666,,,,,DISCARDED (Insufficient Samples),,,,"{""type"":""Point"",""coordinates"":[80.51576317200615,28.900768153763018]}"
667,0.3873,0.1877,0.7507,0.1049,STABLE CROPLAND,1.0,1.0,22.0,"{""type"":""Point"",""coordinates"":[81.5620813242553,28.90677380680945]}"
668,,,,,DISCARDED (Insufficient Samples),,,,"{""type"":""Point"",""coordinates"":[80.66008896759195,28.864684177183875]}"
669,,,,,DISCARDED (Insufficient Samples),,,,"{""type"":""Point"",""coordinates"":[80.51102878173204,28.856312870892125]}"
670,0.5627,0.2998,0.886,0.0797,DISCARDED (Static Vegetation / Low Amplitude),2.0,2.0,31.0,"{""type"":""Point"",""coordinates"":[82.23316783048706,28.928467787888202]}"
671,0.4044,0.1763,0.7472,0.0932,DISCARDED (Failed Phenology),6.0,2.0,21.0,"{""type"":""Point"",""coordinates"":[81.229924489415,28.885651713339705]}"
672,,,,,DISCARDED (Insufficient Samples),,,,"{""type"":""Point"",""coordinates"":[80.42797187492177,28.847062910148505]}"
673,0.4325,0.1695,0.8481,0.109,STABLE CROPLAND,2.0,1.0,25.0,"{""type"":""Point"",""coordinates"":[81.67396319981077,28.902907447905847]}"
674,0.5493,0.2677,0.8561,0.0712,DISCARDED (Static Vegetation / Low Amplitude),5.0,1.0,23.0,"{""type"":""Point"",""coordinates"":[82.15014821381094,28.920617229792256]}"
675,,,,,DISCARDED (Insufficient Samples),,,,"{""type"":""Point"",""coordinates"":[80.53528264909127,28.85149503572657]}"
676,0.4375,0.1703,0.8716,0.0831,DISCARDED (Failed Phenology),5.0,1.0,28.0,"{""type"":""Point"",""coordinates"":[81.04491344559756,28.8740060614821]}"
677,0.5656,0.2349,0.8957,0.07,DISCARDED (Failed Phenology),5.0,3.0,20.0,"{""type"":""Point"",""coordinates"":[82.25353331579501,28.92209607695646]}"
678,0.4702,0.1131,0.8199,0.0793,DISCARDED (Failed Phenology),5.0,1.0,24.0,"{""type"":""Point"",""coordinates"":[80.08602816177394,28.88088961411978]}"
679,0.48,0.178,0.8088,0.0699,DISCARDED (Failed Phenology),6.0,1.0,26.0,"{""type"":""Point"",""coordinates"":[80.073337158186,28.84061751259156]}"
680,0.5041,0.1153,0.9326,0.0922,DISCARDED (Failed Phenology),5.0,1.0,23.0,"{""type"":""Point"",""coordinates"":[80.08643108036317,28.927075556004475]}"
681,0.4539,0.1594,0.8335,0.0975,DISCARDED (Failed Phenology),6.0,1.0,21.0,"{""type"":""Point"",""coordinates"":[80.06269253686975,28.895019001253477]}"
682,0.3977,0.0965,0.8462,0.0856,DISCARDED (Failed Phenology),4.0,1.0,22.0,"{""type"":""Point"",""coordinates"":[80.10175822853284,28.911262938846296]}"
683,0.4001,0.0738,0.8155,0.0645,DISCARDED (Failed Phenology),4.0,1.0,22.0,"{""type"":""Point"",""coordinates"":[80.0996933469055,28.849959312384662]}"
684,0.4059,0.0873,0.8657,0.0901,DISCARDED (Failed Phenology),4.0,1.0,26.0,"{""type"":""Point"",""coordinates"":[80.09172429002933,28.831331401775355]}"
685,0.4678,0.128,0.8605,0.0795,DISCARDED (Failed Phenology),5.0,2.0,23.0,"{""type"":""Point"",""coordinates"":[80.07569627887771,28.911427537303222]}"
686,0.4648,0.1738,0.8295,0.0828,DISCARDED (Failed Phenology),6.0,1.0,23.0,"{""type"":""Point"",""coordinates"":[80.08100593739647,28.857539302098893]}"
687,0.4384,0.1565,0.8451,0.0843,DISCARDED (Failed Phenology),4.0,1.0,24.0,"{""type"":""Point"",""coordinates"":[81.52319629435894,28.894851282745456]}"
688,0.5034,0.2805,0.8074,0.0823,DISCARDED (Static Vegetation / Low Amplitude),7.0,1.0,17.0,"{""type"":""Point"",""coordinates"":[81.75932288677424,28.899778364773212]}"
689,0.3963,0.1288,0.7453,0.0927,DISCARDED (Failed Phenology),5.0,2.0,23.0,"{""type"":""Point"",""coordinates"":[81.25940651289523,28.878845187779735]}"
690,0.451,0.2395,0.7164,0.0761,DISCARDED (Static Vegetation / Low Amplitude),1.0,1.0,22.0,"{""type"":""Point"",""coordinates"":[81.07884940864143,28.870779700376175]}"
691,0.4388,0.1082,0.8588,0.0965,DISCARDED (Failed Phenology),5.0,1.0,29.0,"{""type"":""Point"",""coordinates"":[80.35111643277821,28.837274948519067]}"
692,,,,,DISCARDED (Insufficient Samples),,,,"{""type"":""Point"",""coordinates"":[80.64149645208893,28.852230013010313]}"
693,0.5459,0.2494,0.9067,0.079,STABLE CROPLAND,3.0,2.0,26.0,"{""type"":""Point"",""coordinates"":[82.29839604869504,28.91764933662495]}"
694,0.4081,0.2128,0.754,0.092,DISCARDED (Static Vegetation / Low Amplitude),1.0,1.0,22.0,"{""type"":""Point"",""coordinates"":[81.78813412546735,28.89771171379298]}"
695,0.4876,0.2146,0.8548,0.0787,DISCARDED (Failed Phenology),5.0,1.0,26.0,"{""type"":""Point"",""coordinates"":[81.69738961982912,28.894674952573805]}"
696,0.4291,0.0859,0.8803,0.0652,DISCARDED (Failed Phenology),4.0,1.0,21.0,"{""type"":""Point"",""coordinates"":[81.62385183093414,28.885704651335942]}"
697,0.4615,0.1481,0.828,0.0887,DISCARDED (Failed Phenology),6.0,2.0,21.0,"{""type"":""Point"",""coordinates"":[81.6462134058909,28.885614113993192]}"
698,0.4856,0.2456,0.8883,0.1276,DISCARDED (Failed Phenology),4.0,1.0,22.0,"{""type"":""Point"",""coordinates"":[81.94001576846212,28.89712391563499]}"
699,0.5328,0.1716,0.87,0.0711,DISCARDED (Failed Phenology),7.0,3.0,18.0,"{""type"":""Point"",""coordinates"":[81.5108654648292,28.878767570149375]}"
700,,,,,DISCARDED (Insufficient Samples),,,,"{""type"":""Point"",""coordinates"":[80.51064387645852,28.83279027820233]}"
701,0.506,0.2501,0.8578,0.108,DISCARDED (Static Vegetation / Low Amplitude),2.0,1.0,24.0,"{""type"":""Point"",""coordinates"":[82.17406963226001,28.899977784865282]}"
702,,,,,DISCARDED (Insufficient Samples),,,,"{""type"":""Point"",""coordinates"":[80.555712093622,28.832396711552658]}"
703,0.4677,0.1902,0.8235,0.083,STABLE CROPLAND,2.0,1.0,24.0,"{""type"":""Point"",""coordinates"":[81.19458122600916,28.856859733732506]}"
704,0.3987,0.1078,0.7815,0.0838,DISCARDED (Failed Phenology),5.0,1.0,26.0,"{""type"":""Point"",""coordinates"":[80.40685955655717,28.835888976336562]}"
705,0.5327,0.3262,0.8749,0.1284,DISCARDED (Static Vegetation / Low Amplitude),5.0,1.0,23.0,"{""type"":""Point"",""coordinates"":[82.43189543364987,28.901925406651937]}"
706,0.456,0.2165,0.8867,0.1212,DISCARDED (Failed Phenology),6.0,1.0,25.0,"{""type"":""Point"",""coordinates"":[81.96288373582294,28.884743984606768]}"
707,0.4506,0.2281,0.8679,0.1505,DISCARDED (Failed Phenology),5.0,1.0,19.0,"{""type"":""Point"",""coordinates"":[82.00782192184103,28.884359184959578]}"
708,0.4343,0.1075,0.811,0.0669,DISCARDED (Failed Phenology),4.0,1.0,25.0,"{""type"":""Point"",""coordinates"":[80.37417549156604,28.817583764865393]}"
709,0.3892,0.1789,0.7043,0.0823,DISCARDED (Static Vegetation / Low Amplitude),1.0,1.0,23.0,"{""type"":""Point"",""coordinates"":[81.67294926394241,28.870517460997554]}"
710,0.3859,0.1423,0.7725,0.1281,DISCARDED (Failed Phenology),5.0,2.0,18.0,"{""type"":""Point"",""coordinates"":[80.40419384030018,28.812966659536446]}"
711,,,,,DISCARDED (Insufficient Samples),,,,"{""type"":""Point"",""coordinates"":[81.23328834874653,28.850867679057227]}"
712,0.4182,0.1685,0.79,0.08,DISCARDED (Failed Phenology),4.0,1.0,28.0,"{""type"":""Point"",""coordinates"":[81.2903684696849,28.853045359095443]}"
713,0.3793,0.0761,0.8222,0.1214,DISCARDED (Failed Phenology),5.0,1.0,24.0,"{""type"":""Point"",""coordinates"":[80.38606900597608,28.836250760824015]}"
714,0.5202,0.2096,0.8547,0.0515,STABLE CROPLAND,3.0,1.0,23.0,"{""type"":""Point"",""coordinates"":[81.75214806185845,28.870092263845795]}"
715,0.5446,0.2573,0.8877,0.0922,DISCARDED (Static Vegetation / Low Amplitude),2.0,1.0,26.0,"{""type"":""Point"",""coordinates"":[82.27630026385718,28.890765294556253]}"
716,,,,,DISCARDED (Insufficient Samples),,,,"{""type"":""Point"",""coordinates"":[80.5377059829644,28.8210252600789]}"
717,,,,,DISCARDED (Insufficient Samples),,,,"{""type"":""Point"",""coordinates"":[80.5288880877345,28.883117219036766]}"
718,,,,,DISCARDED (Insufficient Samples),,,,"{""type"":""Point"",""coordinates"":[80.58758393494091,28.83535065514796]}"
719,0.3852,0.1626,0.7973,0.0796,STABLE CROPLAND,0.0,0.0,23.0,"{""type"":""Point"",""coordinates"":[81.69341843682881,28.862967951863315]}"
720,0.4806,0.1777,0.8525,0.0922,DISCARDED (Failed Phenology),5.0,2.0,20.0,"{""type"":""Point"",""coordinates"":[80.25363723714517,28.79731903357087]}"
721,0.4671,0.2331,0.8805,0.1408,DISCARDED (Failed Phenology),4.0,1.0,21.0,"{""type"":""Point"",""coordinates"":[81.94268711256736,28.869324963644086]}"
722,,,,,DISCARDED (Insufficient Samples),,,,"{""type"":""Point"",""coordinates"":[81.3219746135466,28.84354776629157]}"
723,0.4025,0.1378,0.847,0.0911,STABLE CROPLAND,1.0,1.0,27.0,"{""type"":""Point"",""coordinates"":[81.15203153498503,28.83640590383316]}"
724,0.3916,0.149,0.9198,0.1169,STABLE CROPLAND,2.0,1.0,30.0,"{""type"":""Point"",""coordinates"":[81.21458553291619,28.838723658901674]}"
725,0.5564,0.2586,0.8941,0.0872,DISCARDED (Static Vegetation / Low Amplitude),8.0,3.0,18.0,"{""type"":""Point"",""coordinates"":[82.47020815846228,28.88691359758973]}"
726,0.4526,0.2216,0.8506,0.0977,STABLE CROPLAND,1.0,1.0,22.0,"{""type"":""Point"",""coordinates"":[81.6194369999395,28.853295874863313]}"
727,0.4281,0.1007,0.8073,0.0943,STABLE CROPLAND,3.0,2.0,27.0,"{""type"":""Point"",""coordinates"":[80.36451434707857,28.798142483217955]}"
728,0.5119,0.1676,0.8529,0.0611,DISCARDED (Failed Phenology),9.0,2.0,17.0,"{""type"":""Point"",""coordinates"":[82.50551593242093,28.887252865627424]}"
729,,,,,DISCARDED (Insufficient Samples),,,,"{""type"":""Point"",""coordinates"":[80.56879604617946,28.806249654537343]}"
730,0.4603,0.134,0.7095,0.0996,DISCARDED (Failed Phenology),17.0,12.0,6.0,"{""type"":""Point"",""coordinates"":[80.22029094148787,28.787070827257732]}"
731,,,,,DISCARDED (Insufficient Samples),,,,"{""type"":""Point"",""coordinates"":[81.27482672197394,28.836977047393265]}"
732,0.5356,0.2519,0.892,0.0665,DISCARDED (Static Vegetation / Low Amplitude),4.0,1.0,25.0,"{""type"":""Point"",""coordinates"":[82.1171263506003,28.86666828588534]}"
733,0.5266,0.2195,0.8596,0.0904,DISCARDED (Failed Phenology),7.0,3.0,22.0,"{""type"":""Point"",""coordinates"":[82.15911737979734,28.867877692260805]}"
734,0.4664,0.1939,0.854,0.117,STABLE CROPLAND,2.0,1.0,28.0,"{""type"":""Point"",""coordinates"":[82.00874338588191,28.861629912794744]}"
735,0.435,0.0819,0.8618,0.113,DISCARDED (Failed Phenology),6.0,6.0,17.0,"{""type"":""Point"",""coordinates"":[83.8182241080925,28.91415753945629]}"
736,,,,,DISCARDED (Insufficient Samples),,,,"{""type"":""Point"",""coordinates"":[80.68117448711203,28.80277677956991]}"
737,,,,,DISCARDED (Insufficient Samples),,,,"{""type"":""Point"",""coordinates"":[80.55115475735514,28.797050071499847]}"
738,,,,,DISCARDED (Insufficient Samples),,,,"{""type"":""Point"",""coordinates"":[81.34836275229684,28.82966695927917]}"
739,0.5006,0.2943,0.8914,0.1092,DISCARDED (Static Vegetation / Low Amplitude),5.0,2.0,26.0,"{""type"":""Point"",""coordinates"":[82.19320369019287,28.86164097967997]}"
740,0.5647,0.3378,0.9057,0.0897,DISCARDED (Static Vegetation / Low Amplitude),1.0,1.0,23.0,"{""type"":""Point"",""coordinates"":[82.24791942295369,28.863911504209906]}"
741,0.4643,0.1505,0.8622,0.1011,STABLE CROPLAND,2.0,1.0,24.0,"{""type"":""Point"",""coordinates"":[80.18860255198324,28.77397094613041]}"
742,,,,,DISCARDED (Insufficient Samples),,,,"{""type"":""Point"",""coordinates"":[80.6218656063786,28.795408199009806]}"
743,0.4549,0.1851,0.8172,0.1089,DISCARDED (Failed Phenology),9.0,3.0,18.0,"{""type"":""Point"",""coordinates"":[81.46640995451484,28.83115234371092]}"
744,0.4163,0.2055,0.883,0.1834,STABLE CROPLAND,3.0,1.0,24.0,"{""type"":""Point"",""coordinates"":[81.93866739740899,28.84991236781634]}"
745,0.5113,0.1766,0.8521,0.0711,DISCARDED (Failed Phenology),5.0,1.0,18.0,"{""type"":""Point"",""coordinates"":[81.58000128097157,28.835567501403897]}"
746,0.4855,0.1668,0.8288,0.0542,DISCARDED (Failed Phenology),4.0,1.0,25.0,"{""type"":""Point"",""coordinates"":[81.60900113571905,28.836554134213344]}"
747,0.4278,0.1589,0.9022,0.0855,STABLE CROPLAND,2.0,1.0,26.0,"{""type"":""Point"",""coordinates"":[81.1954303409309,28.818743175608958]}"
748,0.3639,0.077,0.7316,0.1265,STABLE CROPLAND,1.0,1.0,22.0,"{""type"":""Point"",""coordinates"":[82.44005784857401,28.866415478920427]}"
749,0.4903,0.2431,0.8686,0.1054,STABLE CROPLAND,2.0,1.0,25.0,"{""type"":""Point"",""coordinates"":[82.38396220860636,28.863102529306968]}"
750,,,,,DISCARDED (Insufficient Samples),,,,"{""type"":""Point"",""coordinates"":[80.64216392489048,28.790247044003653]}"
751,0.4893,0.2095,0.8074,0.0647,DISCARDED (Failed Phenology),10.0,2.0,17.0,"{""type"":""Point"",""coordinates"":[81.23794929685717,28.818516044340466]}"
752,0.3785,0.1534,0.7881,0.1292,STABLE CROPLAND,3.0,1.0,26.0,"{""type"":""Point"",""coordinates"":[81.26614502096922,28.81831341261701]}"
753,0.5198,0.1821,0.8489,0.1079,STABLE CROPLAND,3.0,2.0,22.0,"{""type"":""Point"",""coordinates"":[80.2720941685767,28.772474279474714]}"
754,0.5329,0.2356,0.8533,0.0862,DISCARDED (Failed Phenology),5.0,3.0,23.0,"{""type"":""Point"",""coordinates"":[82.10653842653448,28.848951248417535]}"
755,0.4691,0.2448,0.8091,0.0827,STABLE CROPLAND,0.0,0.0,23.0,"{""type"":""Point"",""coordinates"":[81.64529582787655,28.829260669904738]}"
756,0.5246,0.2593,0.8668,0.1053,DISCARDED (Static Vegetation / Low Amplitude),5.0,2.0,19.0,"{""type"":""Point"",""coordinates"":[80.29371163585698,28.767679491172863]}"
757,0.6049,0.3122,0.8739,0.0511,DISCARDED (Static Vegetation / Low Amplitude),0.0,0.0,23.0,"{""type"":""Point"",""coordinates"":[82.40963276114162,28.855321645067605]}"
758,0.5717,0.3405,0.8875,0.0886,DISCARDED (Static Vegetation / Low Amplitude),4.0,1.0,21.0,"{""type"":""Point"",""coordinates"":[82.14945309597253,28.846409049001704]}"
759,0.4685,0.2281,0.8678,0.1261,STABLE CROPLAND,2.0,1.0,27.0,"{""type"":""Point"",""coordinates"":[82.47508722945408,28.860343087711506]}"
760,0.4345,0.1616,0.8626,0.1501,STABLE CROPLAND,1.0,1.0,28.0,"{""type"":""Point"",""coordinates"":[81.96094304189417,28.838104254360193]}"
761,0.4555,0.1681,0.8812,0.13,DISCARDED (Failed Phenology),3.0,3.0,20.0,"{""type"":""Point"",""coordinates"":[82.28163332335399,28.849753848357437]}"
762,,,,,DISCARDED (Insufficient Samples),,,,"{""type"":""Point"",""coordinates"":[81.37796414520767,28.813563921888196]}"
763,,,,,DISCARDED (Insufficient Samples),,,,"{""type"":""Point"",""coordinates"":[81.41779466845003,28.812648234309805]}"
764,,,,,DISCARDED (Insufficient Samples),,,,"{""type"":""Point"",""coordinates"":[80.72643014774357,28.783396410662384]}"
765,0.5246,0.317,0.8506,0.0759,DISCARDED (Static Vegetation / Low Amplitude),5.0,2.0,25.0,"{""type"":""Point"",""coordinates"":[82.08884370665699,28.837400240829556]}"
766,0.393,0.1526,0.7898,0.0825,STABLE CROPLAND,0.0,0.0,23.0,"{""type"":""Point"",""coordinates"":[81.58699413927825,28.818095364952015]}"
767,0.3682,0.1074,0.7643,0.0955,STABLE CROPLAND,3.0,1.0,28.0,"{""type"":""Point"",""coordinates"":[80.39120752733763,28.77519767898424]}"
768,,,,,DISCARDED (Insufficient Samples),,,,"{""type"":""Point"",""coordinates"":[81.32840174184659,28.806559256076277]}"
769,0.4681,0.1546,0.8283,0.0833,DISCARDED (Failed Phenology),7.0,2.0,19.0,"{""type"":""Point"",""coordinates"":[81.66210286017177,28.81705491248663]}"
770,0.406,0.17,0.8172,0.1476,DISCARDED (Failed Phenology),6.0,2.0,24.0,"{""type"":""Point"",""coordinates"":[81.94358217238656,28.82594439497084]}"
771,,,,,DISCARDED (Insufficient Samples),,,,"{""type"":""Point"",""coordinates"":[80.69645932096235,28.779132716852192]}"
772,0.4538,0.1815,0.8477,0.1299,DISCARDED (Failed Phenology),7.0,2.0,21.0,"{""type"":""Point"",""coordinates"":[81.74643659452063,28.817955100925985]}"
773,0.4408,0.2041,0.8577,0.1275,DISCARDED (Failed Phenology),5.0,1.0,25.0,"{""type"":""Point"",""coordinates"":[82.00371809141711,28.826155772348272]}"
774,0.5139,0.2522,0.8339,0.0772,DISCARDED (Static Vegetation / Low Amplitude),5.0,1.0,23.0,"{""type"":""Point"",""coordinates"":[82.17973264593888,28.833813036112872]}"
775,0.397,0.0904,0.8737,0.1048,STABLE CROPLAND,3.0,1.0,26.0,"{""type"":""Point"",""coordinates"":[80.35268284115024,28.76094639384916]}"
776,,,,,DISCARDED (Insufficient Samples),,,,"{""type"":""Point"",""coordinates"":[80.5464759336345,28.760974476676672]}"
777,0.4803,0.2026,0.8424,0.1279,STABLE CROPLAND,3.0,1.0,21.0,"{""type"":""Point"",""coordinates"":[81.24236942438175,28.7920116216692]}"
778,0.4075,0.1812,0.853,0.1485,DISCARDED (Failed Phenology),5.0,2.0,23.0,"{""type"":""Point"",""coordinates"":[81.97301172755476,28.82074243824858]}"
779,0.4469,0.1837,0.823,0.0776,DISCARDED (Failed Phenology),4.0,1.0,20.0,"{""type"":""Point"",""coordinates"":[81.5515979522257,28.80286473727327]}"
780,,,,,DISCARDED (Insufficient Samples),,,,"{""type"":""Point"",""coordinates"":[80.75727130157458,28.768493876894702]}"
781,0.3872,0.1454,0.8919,0.1079,STABLE CROPLAND,1.0,1.0,30.0,"{""type"":""Point"",""coordinates"":[81.1993141693938,28.78729423978207]}"
782,0.4504,0.1332,0.854,0.0802,DISCARDED (Failed Phenology),4.0,1.0,22.0,"{""type"":""Point"",""coordinates"":[81.61776112346892,28.803323008576882]}"
783,0.4975,0.2759,0.8335,0.1029,DISCARDED (Static Vegetation / Low Amplitude),2.0,1.0,23.0,"{""type"":""Point"",""coordinates"":[81.91196455138366,28.814429348774137]}"
784,0.4472,0.1603,0.8193,0.0834,DISCARDED (Failed Phenology),7.0,2.0,22.0,"{""type"":""Point"",""coordinates"":[80.28776680502938,28.78654221922194]}"
785,0.4431,0.1528,0.8114,0.0722,DISCARDED (Failed Phenology),5.0,1.0,25.0,"{""type"":""Point"",""coordinates"":[80.31166634708704,28.748458496376607]}"
786,0.5179,0.2655,0.8996,0.0923,DISCARDED (Static Vegetation / Low Amplitude),4.0,2.0,21.0,"{""type"":""Point"",""coordinates"":[82.23559155667687,28.82549807247397]}"
787,,,,,DISCARDED (Insufficient Samples),,,,"{""type"":""Point"",""coordinates"":[81.3912568391963,28.793096861181642]}"
788,,,,,DISCARDED (Insufficient Samples),,,,"{""type"":""Point"",""coordinates"":[80.66123567981826,28.759583459889523]}"
789,0.4443,0.1131,0.8632,0.0777,DISCARDED (Failed Phenology),6.0,1.0,23.0,"{""type"":""Point"",""coordinates"":[81.68340009644896,28.803897623971547]}"
790,0.5143,0.1835,0.8922,0.0835,DISCARDED (Failed Phenology),9.0,4.0,15.0,"{""type"":""Point"",""coordinates"":[82.3709661904872,28.82851218127174]}"
791,0.4767,0.1938,0.8843,0.1122,STABLE CROPLAND,0.0,0.0,23.0,"{""type"":""Point"",""coordinates"":[82.44257630653048,28.83052129726515]}"
792,,,,,DISCARDED (Insufficient Samples),,,,"{""type"":""Point"",""coordinates"":[80.8196191147991,28.763273977378073]}"
793,,,,,DISCARDED (Insufficient Samples),,,,"{""type"":""Point"",""coordinates"":[80.39452647568433,28.74258705524376]}"
794,0.4818,0.2144,0.8234,0.097,DISCARDED (Failed Phenology),4.0,1.0,25.0,"{""type"":""Point"",""coordinates"":[81.16349260622259,28.778471738498826]}"
795,,,,,DISCARDED (Insufficient Samples),,,,"{""type"":""Point"",""coordinates"":[81.32534817669969,28.78311303920101]}"
796,0.4869,0.19,0.8121,0.067,DISCARDED (Failed Phenology),5.0,1.0,26.0,"{""type"":""Point"",""coordinates"":[81.85681432682028,28.80423255256966]}"
797,0.525,0.227,0.8821,0.0969,STABLE CROPLAND,1.0,1.0,24.0,"{""type"":""Point"",""coordinates"":[81.8118030996269,28.80137456049782]}"
798,0.4551,0.1886,0.831,0.1112,DISCARDED (Failed Phenology),8.0,3.0,20.0,"{""type"":""Point"",""coordinates"":[80.84469232236823,28.76125612026189]}"
799,0.5931,0.3384,0.8953,0.0973,DISCARDED (Static Vegetation / Low Amplitude),3.0,2.0,21.0,"{""type"":""Point"",""coordinates"":[82.16698734819475,28.814247576085144]}"
800,0.4675,0.1739,0.8776,0.0807,STABLE CROPLAND,2.0,1.0,23.0,"{""type"":""Point"",""coordinates"":[81.64612514831649,28.7931987844304]}"
801,0.459,0.1517,0.7944,0.0732,DISCARDED (Failed Phenology),7.0,2.0,24.0,"{""type"":""Point"",""coordinates"":[80.33779934533511,28.73645614802329]}"
802,,,,,DISCARDED (Insufficient Samples),,,,"{""type"":""Point"",""coordinates"":[80.69877132073704,28.758956862012344]}"
803,0.4749,0.1967,0.8674,0.1109,STABLE CROPLAND,2.0,1.0,24.0,"{""type"":""Point"",""coordinates"":[82.11494337722995,28.810777611195928]}"
804,0.4929,0.1717,0.8708,0.1004,DISCARDED (Failed Phenology),4.0,1.0,23.0,"{""type"":""Point"",""coordinates"":[81.58603926841674,28.78982173373821]}"
805,,,,,DISCARDED (Insufficient Samples),,,,"{""type"":""Point"",""coordinates"":[81.3032718625431,28.77728311458901]}"
806,,,,,DISCARDED (Insufficient Samples),,,,"{""type"":""Point"",""coordinates"":[81.45562035234131,28.783370295619687]}"
807,0.4908,0.1982,0.8707,0.0985,DISCARDED (Failed Phenology),5.0,1.0,24.0,"{""type"":""Point"",""coordinates"":[82.05622955323855,28.80751244717348]}"
808,,,,,DISCARDED (Insufficient Samples),,,,"{""type"":""Point"",""coordinates"":[81.42197282398239,28.782212927702616]}"
809,0.3816,0.1418,0.8672,0.1318,DISCARDED (Failed Phenology),5.0,1.0,23.0,"{""type"":""Point"",""coordinates"":[81.2217410429974,28.773656773156368]}"
810,0.3645,0.1355,0.8303,0.1206,STABLE CROPLAND,3.0,1.0,25.0,"{""type"":""Point"",""coordinates"":[81.24295813855913,28.773412866571903]}"
811,,,,,DISCARDED (Insufficient Samples),,,,"{""type"":""Point"",""coordinates"":[80.79874158782086,28.750357260006407]}"
812,,,,,DISCARDED (Insufficient Samples),,,,"{""type"":""Point"",""coordinates"":[81.34634572101118,28.774057992084185]}"
813,0.4012,0.1425,0.8292,0.1024,DISCARDED (Failed Phenology),4.0,2.0,22.0,"{""type"":""Point"",""coordinates"":[80.2717041242799,28.72495920707391]}"
814,0.5461,0.2836,0.8986,0.1055,DISCARDED (Static Vegetation / Low Amplitude),4.0,1.0,22.0,"{""type"":""Point"",""coordinates"":[82.22132977659757,28.80722499323541]}"
815,,,,,DISCARDED (Insufficient Samples),,,,"{""type"":""Point"",""coordinates"":[80.58671291613786,28.736253296703946]}"
816,0.4843,0.1984,0.8789,0.1135,DISCARDED (Failed Phenology),4.0,1.0,23.0,"{""type"":""Point"",""coordinates"":[81.62356320570315,28.782483916991367]}"
817,0.4627,0.189,0.8341,0.0891,DISCARDED (Failed Phenology),7.0,1.0,22.0,"{""type"":""Point"",""coordinates"":[82.08914511568194,28.79979149952207]}"
818,0.4452,0.1846,0.7943,0.0829,DISCARDED (Failed Phenology),6.0,2.0,23.0,"{""type"":""Point"",""coordinates"":[81.66388004139284,28.78187476724045]}"
819,0.5127,0.2269,0.8208,0.0881,DISCARDED (Failed Phenology),4.0,1.0,20.0,"{""type"":""Point"",""coordinates"":[81.03503541953242,28.755605374780984]}"
820,0.4574,0.2112,0.8993,0.1294,DISCARDED (Failed Phenology),4.0,1.0,28.0,"{""type"":""Point"",""coordinates"":[81.54433109668025,28.777706260967875]}"
821,0.4494,0.2072,0.8265,0.1267,STABLE CROPLAND,2.0,1.0,21.0,"{""type"":""Point"",""coordinates"":[81.96894866817513,28.793262762639475]}"
822,0.4343,0.1629,0.8708,0.1312,STABLE CROPLAND,3.0,1.0,22.0,"{""type"":""Point"",""coordinates"":[82.01426165115035,28.794299364644658]}"
823,0.4172,0.1683,0.7253,0.1097,DISCARDED (Failed Phenology),5.0,2.0,18.0,"{""type"":""Point"",""coordinates"":[82.36731186176401,28.806354497101548]}"
824,0.5022,0.1823,0.9277,0.0832,STABLE CROPLAND,2.0,1.0,25.0,"{""type"":""Point"",""coordinates"":[81.87461730801277,28.78949599933916]}"
825,,,,,DISCARDED (Insufficient Samples),,,,"{""type"":""Point"",""coordinates"":[80.76435654811421,28.74013143675723]}"
826,,,,,DISCARDED (Insufficient Samples),,,,"{""type"":""Point"",""coordinates"":[80.85723582936794,28.74628076957861]}"
827,0.4744,0.1764,0.8485,0.0821,DISCARDED (Failed Phenology),8.0,2.0,17.0,"{""type"":""Point"",""coordinates"":[81.56648543782697,28.777024132051437]}"
828,,,,,DISCARDED (Insufficient Samples),,,,"{""type"":""Point"",""coordinates"":[80.81770939300276,28.74302470812964]}"
829,0.4768,0.2061,0.859,0.0747,STABLE CROPLAND,2.0,1.0,28.0,"{""type"":""Point"",""coordinates"":[82.46490832123602,28.80717972557329]}"
830,,,,,DISCARDED (Insufficient Samples),,,,"{""type"":""Point"",""coordinates"":[80.65471321329136,28.734035943976384]}"
831,,,,,DISCARDED (Insufficient Samples),,,,"{""type"":""Point"",""coordinates"":[80.55803053254597,28.73760780313862]}"
832,0.471,0.1882,0.8796,0.1152,STABLE CROPLAND,1.0,1.0,26.0,"{""type"":""Point"",""coordinates"":[82.15890504087501,28.792854477068563]}"
833,,,,,DISCARDED (Insufficient Samples),,,,"{""type"":""Point"",""coordinates"":[80.92119163212452,28.7416965458871]}"
834,,,,,DISCARDED (Insufficient Samples),,,,"{""type"":""Point"",""coordinates"":[81.36597524505856,28.762090946129092]}"
835,0.3858,0.1458,0.8061,0.1297,STABLE CROPLAND,3.0,1.0,21.0,"{""type"":""Point"",""coordinates"":[82.04641622992003,28.789413491844428]}"
836,,,,,DISCARDED (Insufficient Samples),,,,"{""type"":""Point"",""coordinates"":[80.67779145900278,28.72691329249603]}"
837,0.477,0.2119,0.8092,0.0835,DISCARDED (Failed Phenology),7.0,1.0,19.0,"{""type"":""Point"",""coordinates"":[82.27927671562801,28.79256451624856]}"
838,,,,,DISCARDED (Insufficient Samples),,,,"{""type"":""Point"",""coordinates"":[80.57787254955204,28.788433686027698]}"
839,,,,,DISCARDED (Insufficient Samples),,,,"{""type"":""Point"",""coordinates"":[80.59945115883588,28.756342191782128]}"
840,,,,,DISCARDED (Insufficient Samples),,,,"{""type"":""Point"",""coordinates"":[80.57639453403297,28.764920053040623]}"
841,,,,,DISCARDED (Insufficient Samples),,,,"{""type"":""Point"",""coordinates"":[80.61414813128395,28.740308079890504]}"
842,,,,,DISCARDED (Insufficient Samples),,,,"{""type"":""Point"",""coordinates"":[80.6021694888991,28.78179061033599]}"
843,,,,,DISCARDED (Insufficient Samples),,,,"{""type"":""Point"",""coordinates"":[80.59355603460092,28.801224979078608]}"
844,,,,,DISCARDED (Insufficient Samples),,,,"{""type"":""Point"",""coordinates"":[81.28959849533328,28.754709862470936]}"
845,,,,,DISCARDED (Insufficient Samples),,,,"{""type"":""Point"",""coordinates"":[80.53925349884157,28.7190974387085]}"
846,,,,,DISCARDED (Insufficient Samples),,,,"{""type"":""Point"",""coordinates"":[81.25047964239477,28.752192366204387]}"
847,,,,,DISCARDED (Insufficient Samples),,,,"{""type"":""Point"",""coordinates"":[80.56596897976479,28.718255330080424]}"
848,,,,,DISCARDED (Insufficient Samples),,,,"{""type"":""Point"",""coordinates"":[80.52077319785846,28.795299180950305]}"
849,,,,,DISCARDED (Insufficient Samples),,,,"{""type"":""Point"",""coordinates"":[80.48617878611138,28.85604278619823]}"
850,,,,,DISCARDED (Insufficient Samples),,,,"{""type"":""Point"",""coordinates"":[80.51255586068348,28.770113027848573]}"
851,,,,,DISCARDED (Insufficient Samples),,,,"{""type"":""Point"",""coordinates"":[80.48488006765615,28.83303454111063]}"
852,,,,,DISCARDED (Insufficient Samples),,,,"{""type"":""Point"",""coordinates"":[80.48413284306739,28.812388257079245]}"
853,,,,,DISCARDED (Insufficient Samples),,,,"{""type"":""Point"",""coordinates"":[80.50953412789802,28.75007113168334]}"
854,0.3666,0.1388,0.8311,0.1237,STABLE CROPLAND,2.0,1.0,28.0,"{""type"":""Point"",""coordinates"":[82.35282179895198,28.79099757411909]}"
855,,,,,DISCARDED (Insufficient Samples),,,,"{""type"":""Point"",""coordinates"":[80.58952901511513,28.717909603510602]}"
856,0.5107,0.1812,0.9337,0.0883,DISCARDED (Failed Phenology),4.0,1.0,29.0,"{""type"":""Point"",""coordinates"":[82.50325243945201,28.79403056610589]}"
857,0.4874,0.2068,0.9071,0.1215,STABLE CROPLAND,1.0,1.0,22.0,"{""type"":""Point"",""coordinates"":[81.56786964601147,28.758678423549583]}"
858,0.5671,0.2026,0.8716,0.0705,DISCARDED (Failed Phenology),4.0,1.0,21.0,"{""type"":""Point"",""coordinates"":[81.6564402977738,28.760955214501266]}"
859,0.4656,0.1592,0.8778,0.086,DISCARDED (Failed Phenology),5.0,1.0,21.0,"{""type"":""Point"",""coordinates"":[81.623272954867,28.760896272389875]}"
860,,,,,DISCARDED (Insufficient Samples),,,,"{""type"":""Point"",""coordinates"":[80.84609692741861,28.725757431144373]}"
861,,,,,DISCARDED (Insufficient Samples),,,,"{""type"":""Point"",""coordinates"":[81.38395140991518,28.749667337232157]}"
862,0.4762,0.1695,0.8649,0.0956,DISCARDED (Failed Phenology),5.0,1.0,24.0,"{""type"":""Point"",""coordinates"":[82.02147153279195,28.772083948486994]}"
863,0.3319,0.1185,0.7022,0.1099,STABLE CROPLAND,3.0,1.0,27.0,"{""type"":""Point"",""coordinates"":[82.3348060687734,28.782396120214916]}"
864,0.4934,0.1975,0.8721,0.0975,DISCARDED (Failed Phenology),8.0,2.0,19.0,"{""type"":""Point"",""coordinates"":[82.3906114043632,28.781207788234653]}"
865,0.4063,0.1516,0.8261,0.1191,STABLE CROPLAND,3.0,1.0,24.0,"{""type"":""Point"",""coordinates"":[81.9050428628091,28.76272928338776]}"
866,0.5066,0.237,0.8306,0.0722,STABLE CROPLAND,0.0,0.0,23.0,"{""type"":""Point"",""coordinates"":[82.29062674381059,28.77626200608986]}"
867,0.4304,0.177,0.8287,0.0903,STABLE CROPLAND,3.0,1.0,26.0,"{""type"":""Point"",""coordinates"":[81.00793215858518,28.72332750356272]}"
868,,,,,DISCARDED (Insufficient Samples),,,,"{""type"":""Point"",""coordinates"":[81.22293074697788,28.732564360287725]}"
869,,,,,DISCARDED (Insufficient Samples),,,,"{""type"":""Point"",""coordinates"":[80.89157150450741,28.725830401335227]}"
870,0.4416,0.1793,0.7922,0.1074,DISCARDED (Failed Phenology),6.0,2.0,27.0,"{""type"":""Point"",""coordinates"":[82.06248567498753,28.76577668118009]}"
871,,,,,DISCARDED (Insufficient Samples),,,,"{""type"":""Point"",""coordinates"":[80.5703332676143,28.699812176384977]}"
872,,,,,DISCARDED (Insufficient Samples),,,,"{""type"":""Point"",""coordinates"":[80.61144826890683,28.703201213562423]}"
873,0.3867,0.144,0.8688,0.1293,DISCARDED (Failed Phenology),5.0,1.0,24.0,"{""type"":""Point"",""coordinates"":[81.98348736481387,28.75862530631526]}"
874,,,,,DISCARDED (Insufficient Samples),,,,"{""type"":""Point"",""coordinates"":[80.67915298886714,28.70411224074879]}"
875,0.4355,0.1568,0.8615,0.1144,DISCARDED (Failed Phenology),7.0,2.0,22.0,"{""type"":""Point"",""coordinates"":[82.0941901225178,28.75901955477943]}"
876,,,,,DISCARDED (Insufficient Samples),,,,"{""type"":""Point"",""coordinates"":[80.94970187222724,28.73397477066514]}"
877,0.4531,0.1521,0.8694,0.1416,STABLE CROPLAND,2.0,1.0,25.0,"{""type"":""Point"",""coordinates"":[81.92431956997957,28.752462397951238]}"
878,0.4963,0.2464,0.8946,0.108,DISCARDED (Failed Phenology),6.0,1.0,24.0,"{""type"":""Point"",""coordinates"":[82.11975162287004,28.75933023693938]}"
879,,,,,DISCARDED (Insufficient Samples),,,,"{""type"":""Point"",""coordinates"":[80.87574142040505,28.708843963142446]}"
880,,,,,DISCARDED (Insufficient Samples),,,,"{""type"":""Point"",""coordinates"":[80.54498224302893,28.69272392962914]}"
881,0.4889,0.211,0.7921,0.0705,DISCARDED (Failed Phenology),6.0,1.0,20.0,"{""type"":""Point"",""coordinates"":[81.08599398486653,28.720391847760734]}"
882,0.4449,0.1476,0.7982,0.0685,DISCARDED (Failed Phenology),6.0,1.0,22.0,"{""type"":""Point"",""coordinates"":[80.34033363831911,28.681430898985894]}"
883,,,,,DISCARDED (Insufficient Samples),,,,"{""type"":""Point"",""coordinates"":[81.41454780351262,28.728611932548553]}"
884,,,,,DISCARDED (Insufficient Samples),,,,"{""type"":""Point"",""coordinates"":[80.36794653885316,28.682506961413637]}"
885,,,,,DISCARDED (Insufficient Samples),,,,"{""type"":""Point"",""coordinates"":[80.59334061023068,28.693281141071306]}"
886,0.4581,0.2114,0.7697,0.0802,STABLE CROPLAND,3.0,1.0,24.0,"{""type"":""Point"",""coordinates"":[81.2660085149547,28.723724702841174]}"
887,,,,,DISCARDED (Insufficient Samples),,,,"{""type"":""Point"",""coordinates"":[80.91991144324274,28.706845998496462]}"
888,0.3816,0.13,0.8328,0.1664,DISCARDED (Failed Phenology),5.0,1.0,21.0,"{""type"":""Point"",""coordinates"":[81.94874749718524,28.747862588022024]}"
889,0.4821,0.1789,0.8216,0.0618,DISCARDED (Failed Phenology),6.0,1.0,21.0,"{""type"":""Point"",""coordinates"":[81.57877570476838,28.733792399564855]}"
890,0.375,0.1554,0.7925,0.117,STABLE CROPLAND,0.0,0.0,23.0,"{""type"":""Point"",""coordinates"":[82.04417874369753,28.75125219532477]}"
891,,,,,DISCARDED (Insufficient Samples),,,,"{""type"":""Point"",""coordinates"":[80.76297707195444,28.697884299941613]}"
892,,,,,DISCARDED (Insufficient Samples),,,,"{""type"":""Point"",""coordinates"":[80.84794751490091,28.701244469442205]}"
893,0.3617,0.1212,0.8627,0.1735,DISCARDED (Failed Phenology),4.0,1.0,24.0,"{""type"":""Point"",""coordinates"":[82.00730245165263,28.74857709375133]}"
894,0.5272,0.257,0.887,0.0949,DISCARDED (Static Vegetation / Low Amplitude),5.0,1.0,22.0,"{""type"":""Point"",""coordinates"":[82.19954456918718,28.75642177515602]}"
895,,,,,DISCARDED (Insufficient Samples),,,,"{""type"":""Point"",""coordinates"":[80.9712720916428,28.701666134841073]}"
896,,,,,DISCARDED (Insufficient Samples),,,,"{""type"":""Point"",""coordinates"":[81.01494193685662,28.703888963836416]}"
897,,,,,DISCARDED (Insufficient Samples),,,,"{""type"":""Point"",""coordinates"":[80.63575581793654,28.682586150521868]}"
898,,,,,DISCARDED (Insufficient Samples),,,,"{""type"":""Point"",""coordinates"":[80.50707165406371,28.67584672277561]}"
899,,,,,DISCARDED (Insufficient Samples),,,,"{""type"":""Point"",""coordinates"":[80.90126098557494,28.694666591793297]}"
900,,,,,DISCARDED (Insufficient Samples),,,,"{""type"":""Point"",""coordinates"":[80.93950726758258,28.69952266096303]}"
901,0.5304,0.1863,0.8909,0.0834,DISCARDED (Failed Phenology),9.0,2.0,18.0,"{""type"":""Point"",""coordinates"":[82.2786393249745,28.749424747088625]}"
902,,,,,DISCARDED (Insufficient Samples),,,,"{""type"":""Point"",""coordinates"":[80.66984423479836,28.68246288351135]}"
903,0.5604,0.2903,0.8628,0.0919,DISCARDED (Static Vegetation / Low Amplitude),5.0,1.0,20.0,"{""type"":""Point"",""coordinates"":[81.91496197729954,28.73620641755806]}"
904,0.5263,0.1968,0.8544,0.0932,DISCARDED (Failed Phenology),9.0,3.0,17.0,"{""type"":""Point"",""coordinates"":[81.6996098938265,28.72589763843882]}"
905,0.5256,0.1994,0.8334,0.0848,DISCARDED (Failed Phenology),8.0,2.0,19.0,"{""type"":""Point"",""coordinates"":[81.49659631551584,28.71768018022953]}"
906,,,,,DISCARDED (Insufficient Samples),,,,"{""type"":""Point"",""coordinates"":[80.99314105903319,28.705269083379257]}"
907,,,,,DISCARDED (Insufficient Samples),,,,"{""type"":""Point"",""coordinates"":[80.47628331588939,28.693353740276528]}"
908,,,,,DISCARDED (Insufficient Samples),,,,"{""type"":""Point"",""coordinates"":[80.42755962933109,28.713487658984423]}"
909,0.4619,0.1689,0.8306,0.0802,STABLE CROPLAND,3.0,1.0,26.0,"{""type"":""Point"",""coordinates"":[81.03453839106271,28.694232317654038]}"
910,,,,,DISCARDED (Insufficient Samples),,,,"{""type"":""Point"",""coordinates"":[80.72788199770385,28.7045312987603]}"
911,,,,,DISCARDED (Insufficient Samples),,,,"{""type"":""Point"",""coordinates"":[80.74822543089867,28.683217428757334]}"
912,,,,,DISCARDED (Insufficient Samples),,,,"{""type"":""Point"",""coordinates"":[80.72463231577126,28.743109364121207]}"
913,0.4415,0.2083,0.8719,0.1164,DISCARDED (Failed Phenology),7.0,1.0,22.0,"{""type"":""Point"",""coordinates"":[82.33800540475683,28.745103267617576]}"
914,,,,,DISCARDED (Insufficient Samples),,,,"{""type"":""Point"",""coordinates"":[80.41297766242663,28.663424180698296]}"
915,,,,,DISCARDED (Insufficient Samples),,,,"{""type"":""Point"",""coordinates"":[80.83051672224441,28.6837564390988]}"
916,0.463,0.2093,0.7809,0.0888,STABLE CROPLAND,3.0,1.0,23.0,"{""type"":""Point"",""coordinates"":[82.03682389749522,28.73171419817113]}"
917,0.4647,0.212,0.826,0.1144,STABLE CROPLAND,2.0,1.0,26.0,"{""type"":""Point"",""coordinates"":[81.85827461580615,28.722902299720456]}"
918,,,,,DISCARDED (Insufficient Samples),,,,"{""type"":""Point"",""coordinates"":[80.58373348455446,28.66689375075089]}"
919,0.4573,0.1455,0.8799,0.0931,STABLE CROPLAND,3.0,1.0,25.0,"{""type"":""Point"",""coordinates"":[81.982162363684,28.724116119466537]}"
920,,,,,DISCARDED (Insufficient Samples),,,,"{""type"":""Point"",""coordinates"":[80.99094398482093,28.68313881765252]}"
921,0.4193,0.1585,0.8392,0.1203,STABLE CROPLAND,1.0,1.0,23.0,"{""type"":""Point"",""coordinates"":[81.89345843749405,28.716441629853772]}"
922,,,,,DISCARDED (Insufficient Samples),,,,"{""type"":""Point"",""coordinates"":[81.01726982646322,28.680145636676176]}"
923,,,,,DISCARDED (Insufficient Samples),,,,"{""type"":""Point"",""coordinates"":[80.78111494667232,28.667507573871895]}"
924,0.4401,0.1672,0.7872,0.0887,STABLE CROPLAND,0.0,0.0,23.0,"{""type"":""Point"",""coordinates"":[82.01886714683046,28.717593401865884]}"
925,,,,,DISCARDED (Insufficient Samples),,,,"{""type"":""Point"",""coordinates"":[80.50554528413451,28.652010546920543]}"
926,0.5348,0.2038,0.8588,0.0686,DISCARDED (Failed Phenology),11.0,2.0,16.0,"{""type"":""Point"",""coordinates"":[82.28725650979945,28.72617930098557]}"
927,,,,,DISCARDED (Insufficient Samples),,,,"{""type"":""Point"",""coordinates"":[80.68241332406609,28.660607257475817]}"
928,,,,,DISCARDED (Insufficient Samples),,,,"{""type"":""Point"",""coordinates"":[80.8774862919794,28.68956002321702]}"
929,,,,,DISCARDED (Insufficient Samples),,,,"{""type"":""Point"",""coordinates"":[81.39666406797919,28.690241107406187]}"
930,0.4596,0.168,0.871,0.1033,DISCARDED (Failed Phenology),5.0,1.0,22.0,"{""type"":""Point"",""coordinates"":[81.52334731887974,28.692801657489476]}"
931,,,,,DISCARDED (Insufficient Samples),,,,"{""type"":""Point"",""coordinates"":[80.36192561257558,28.639746189967923]}"
932,,,,,DISCARDED (Insufficient Samples),,,,"{""type"":""Point"",""coordinates"":[80.91641351953089,28.66671842385004]}"
933,,,,,DISCARDED (Insufficient Samples),,,,"{""type"":""Point"",""coordinates"":[80.9475688071972,28.676513330682635]}"
934,0.5326,0.2047,0.8733,0.0797,DISCARDED (Failed Phenology),7.0,2.0,21.0,"{""type"":""Point"",""coordinates"":[82.23920386969982,28.718030127120745]}"
935,0.5068,0.2092,0.8497,0.0715,DISCARDED (Failed Phenology),4.0,2.0,24.0,"{""type"":""Point"",""coordinates"":[82.41760628534908,28.724102925559244]}"
936,0.409,0.1834,0.8478,0.1441,STABLE CROPLAND,1.0,1.0,22.0,"{""type"":""Point"",""coordinates"":[82.0017166416981,28.706876311417737]}"
937,0.4685,0.1429,0.8932,0.0947,DISCARDED (Failed Phenology),5.0,2.0,24.0,"{""type"":""Point"",""coordinates"":[82.13103838144195,28.712256935282838]}"
938,,,,,DISCARDED (Insufficient Samples),,,,"{""type"":""Point"",""coordinates"":[80.7573121498549,28.65690845667378]}"
939,0.5105,0.2054,0.8428,0.0633,DISCARDED (Failed Phenology),9.0,2.0,16.0,"{""type"":""Point"",""coordinates"":[81.97417517761879,28.70312598438245]}"
940,0.3567,0.1303,0.8542,0.1598,DISCARDED (Failed Phenology),6.0,3.0,25.0,"{""type"":""Point"",""coordinates"":[81.88807504980656,28.697866834237725]}"
941,,,,,DISCARDED (Insufficient Samples),,,,"{""type"":""Point"",""coordinates"":[80.63541642885913,28.644947448523318]}"
942,0.5827,0.3137,0.9006,0.098,DISCARDED (Static Vegetation / Low Amplitude),3.0,1.0,21.0,"{""type"":""Point"",""coordinates"":[82.38099872784095,28.714155622397662]}"
943,0.4034,0.121,0.9156,0.1206,DISCARDED (Failed Phenology),7.0,3.0,20.0,"{""type"":""Point"",""coordinates"":[81.42449115550222,28.676646041966553]}"
944,0.4806,0.1822,0.8237,0.0893,STABLE CROPLAND,2.0,1.0,29.0,"{""type"":""Point"",""coordinates"":[82.20331610114725,28.711173711016908]}"
945,,,,,DISCARDED (Insufficient Samples),,,,"{""type"":""Point"",""coordinates"":[80.8993955344029,28.655756649330968]}"
946,,,,,DISCARDED (Insufficient Samples),,,,"{""type"":""Point"",""coordinates"":[80.82303915590032,28.66400282902819]}"
947,,,,,DISCARDED (Insufficient Samples),,,,"{""type"":""Point"",""coordinates"":[80.60541549209192,28.670259116580386]}"
948,0.4163,0.1802,0.8683,0.1099,STABLE CROPLAND,0.0,0.0,23.0,"{""type"":""Point"",""coordinates"":[82.68660347402675,28.719135807137235]}"
949,0.5208,0.2077,0.8808,0.1134,DISCARDED (Failed Phenology),8.0,4.0,17.0,"{""type"":""Point"",""coordinates"":[82.44326422211616,28.707916629631924]}"
950,,,,,DISCARDED (Insufficient Samples),,,,"{""type"":""Point"",""coordinates"":[83.68385288040601,28.742827257172877]}"
951,0.3915,0.18,0.7492,0.0828,STABLE CROPLAND,3.0,1.0,28.0,"{""type"":""Point"",""coordinates"":[82.22222026485177,28.698512862244705]}"
952,0.3826,0.1344,0.8098,0.1072,STABLE CROPLAND,3.0,1.0,26.0,"{""type"":""Point"",""coordinates"":[82.14484605698412,28.694598720333115]}"
953,0.5053,0.2842,0.8218,0.0825,DISCARDED (Static Vegetation / Low Amplitude),0.0,0.0,23.0,"{""type"":""Point"",""coordinates"":[82.30495368694424,28.69999760770019]}"
954,0.4881,0.2246,0.7789,0.0535,DISCARDED (Failed Phenology),6.0,1.0,23.0,"{""type"":""Point"",""coordinates"":[82.06779907451752,28.691716521028507]}"
955,0.444,0.2078,0.7769,0.0898,STABLE CROPLAND,3.0,2.0,21.0,"{""type"":""Point"",""coordinates"":[81.79420661674747,28.6831157926121]}"
956,,,,,DISCARDED (Insufficient Samples),,,,"{""type"":""Point"",""coordinates"":[80.7542129429803,28.63410376559031]}"
957,0.394,0.188,0.7783,0.1383,DISCARDED (Failed Phenology),4.0,2.0,19.0,"{""type"":""Point"",""coordinates"":[81.96369222160257,28.68475210243107]}"
958,0.4382,0.1501,0.8186,0.0741,DISCARDED (Failed Phenology),7.0,2.0,21.0,"{""type"":""Point"",""coordinates"":[82.03225497938455,28.68787799546549]}"
959,0.4228,0.1382,0.8531,0.0734,DISCARDED (Failed Phenology),6.0,2.0,25.0,"{""type"":""Point"",""coordinates"":[82.27483406251929,28.69592803913879]}"
960,0.4101,0.1661,0.7745,0.1095,DISCARDED (Failed Phenology),4.0,1.0,21.0,"{""type"":""Point"",""coordinates"":[81.45140714787705,28.665299723409742]}"
961,0.4313,0.1825,0.8188,0.1117,DISCARDED (Failed Phenology),8.0,2.0,17.0,"{""type"":""Point"",""coordinates"":[82.11354371264417,28.690039576652545]}"
962,0.4806,0.202,0.8626,0.0915,STABLE CROPLAND,3.0,1.0,25.0,"{""type"":""Point"",""coordinates"":[82.40638773218274,28.698835151063683]}"
963,0.3298,0.1503,0.6522,0.098,DISCARDED (Static Vegetation / Low Amplitude),2.0,1.0,21.0,"{""type"":""Point"",""coordinates"":[81.51893841378376,28.66444269138421]}"
964,,,,,DISCARDED (Insufficient Samples),,,,"{""type"":""Point"",""coordinates"":[81.01374267537543,28.660368662165148]}"
965,0.489,0.2033,0.8179,0.0827,DISCARDED (Failed Phenology),11.0,2.0,15.0,"{""type"":""Point"",""coordinates"":[81.8242713631664,28.675057810761054]}"
966,0.5205,0.2427,0.878,0.0933,DISCARDED (Failed Phenology),5.0,2.0,22.0,"{""type"":""Point"",""coordinates"":[82.47103652692368,28.698509630272063]}"
967,0.4227,0.1488,0.7957,0.0721,DISCARDED (Failed Phenology),4.0,1.0,24.0,"{""type"":""Point"",""coordinates"":[82.00476677382272,28.680729104160513]}"
968,,,,,DISCARDED (Insufficient Samples),,,,"{""type"":""Point"",""coordinates"":[80.81145889954234,28.631251370052187]}"
969,,,,,DISCARDED (Insufficient Samples),,,,"{""type"":""Point"",""coordinates"":[80.70281917736338,28.623101046724766]}"
970,,,,,DISCARDED (Insufficient Samples),,,,"{""type"":""Point"",""coordinates"":[80.51108050721949,28.618383100392123]}"
971,0.4853,0.2266,0.8378,0.0861,STABLE CROPLAND,0.0,0.0,23.0,"{""type"":""Point"",""coordinates"":[82.44527620800172,28.689609912851683]}"
972,0.4932,0.2161,0.8586,0.1044,STABLE CROPLAND,0.0,0.0,23.0,"{""type"":""Point"",""coordinates"":[82.37224580024947,28.68530250067967]}"
973,,,,,DISCARDED (Insufficient Samples),,,,"{""type"":""Point"",""coordinates"":[80.72970666801992,28.6224902255797]}"
974,,,,,DISCARDED (Insufficient Samples),,,,"{""type"":""Point"",""coordinates"":[81.064360702455,28.635200776257125]}"
975,0.4738,0.1927,0.8426,0.1157,DISCARDED (Failed Phenology),6.0,2.0,18.0,"{""type"":""Point"",""coordinates"":[81.92632009168629,28.668884549790764]}"
976,0.4652,0.1508,0.8818,0.0662,DISCARDED (Failed Phenology),4.0,1.0,23.0,"{""type"":""Point"",""coordinates"":[82.22191473266004,28.677809560978066]}"
977,0.5166,0.2304,0.8395,0.0988,DISCARDED (Failed Phenology),5.0,1.0,20.0,"{""type"":""Point"",""coordinates"":[82.31602236768364,28.68009057725028]}"
978,0.4629,0.1463,0.7359,0.0657,DISCARDED (Failed Phenology),5.0,1.0,21.0,"{""type"":""Point"",""coordinates"":[80.31546533737055,28.726675078646988]}"
979,,,,,DISCARDED (Insufficient Samples),,,,"{""type"":""Point"",""coordinates"":[80.38580832322613,28.696362869973573]}"
980,,,,,DISCARDED (Insufficient Samples),,,,"{""type"":""Point"",""coordinates"":[80.47932772642797,28.648231877902564]}"
981,,,,,DISCARDED (Insufficient Samples),,,,"{""type"":""Point"",""coordinates"":[80.43785413425539,28.66767321240915]}"
982,,,,,DISCARDED (Insufficient Samples),,,,"{""type"":""Point"",""coordinates"":[80.34452961488375,28.661268019469848]}"
983,0.4657,0.1704,0.771,0.0716,DISCARDED (Failed Phenology),8.0,2.0,19.0,"{""type"":""Point"",""coordinates"":[80.29096322605548,28.74902588826405]}"
984,0.4671,0.0131,0.8226,0.0933,STABLE CROPLAND,3.0,1.0,20.0,"{""type"":""Point"",""coordinates"":[80.30578386979433,28.708208422530223]}"
985,,,,,DISCARDED (Insufficient Samples),,,,"{""type"":""Point"",""coordinates"":[80.44336452065662,28.648028819896794]}"
986,0.4647,0.1381,0.8096,0.0941,STABLE CROPLAND,1.0,1.0,24.0,"{""type"":""Point"",""coordinates"":[80.29481125510348,28.724728322437407]}"
987,,,,,DISCARDED (Insufficient Samples),,,,"{""type"":""Point"",""coordinates"":[80.43582305080442,28.688388545624825]}"
988,0.4865,0.1761,0.8783,0.1148,STABLE CROPLAND,3.0,1.0,22.0,"{""type"":""Point"",""coordinates"":[80.35710734524692,28.70055785588858]}"
989,,,,,DISCARDED (Insufficient Samples),,,,"{""type"":""Point"",""coordinates"":[80.39805879562995,28.716160997966583]}"
990,,,,,DISCARDED (Insufficient Samples),,,,"{""type"":""Point"",""coordinates"":[80.47274982011831,28.631023297072126]}"
991,0.4614,0.1557,0.8272,0.1078,DISCARDED (Failed Phenology),6.0,2.0,20.0,"{""type"":""Point"",""coordinates"":[80.23050233514581,28.764392227909216]}"
992,,,,,DISCARDED (Insufficient Samples),,,,"{""type"":""Point"",""coordinates"":[80.39313193327277,28.6736856765942]}"
993,,,,,DISCARDED (Insufficient Samples),,,,"{""type"":""Point"",""coordinates"":[80.38218924727644,28.65376449129706]}"
994,0.3951,0.1096,0.7232,0.0917,DISCARDED (Failed Phenology),5.0,2.0,20.0,"{""type"":""Point"",""coordinates"":[80.32887703922108,28.707832076935745]}"
995,,,,,DISCARDED (Insufficient Samples),,,,"{""type"":""Point"",""coordinates"":[80.45948951917877,28.661755064690503]}"
996,,,,,DISCARDED (Insufficient Samples),,,,"{""type"":""Point"",""coordinates"":[80.39598416763002,28.637708012370346]}"
997,,,,,DISCARDED (Insufficient Samples),,,,"{""type"":""Point"",""coordinates"":[80.37515810575341,28.712643440415185]}"
998,,,,,DISCARDED (Insufficient Samples),,,,"{""type"":""Point"",""coordinates"":[80.47935335290065,28.60420074826178]}"
999,0.3612,0.1676,0.6174,0.0743,DISCARDED (Static Vegetation / Low Amplitude),7.0,2.0,17.0,"{""type"":""Point"",""coordinates"":[81.99142492052647,28.664817884084975]}"
1000,,,,,DISCARDED (Insufficient Samples),,,,"{""type"":""Point"",""coordinates"":[81.1309121097175,28.629026833493995]}"
1001,0.3898,0.156,0.8482,0.1408,DISCARDED (Failed Phenology),3.0,3.0,21.0,"{""type"":""Point"",""coordinates"":[82.04188670050026,28.66516819084432]}"
1002,0.4505,0.1527,0.829,0.0853,DISCARDED (Failed Phenology),5.0,2.0,23.0,"{""type"":""Point"",""coordinates"":[82.13306515967518,28.66734372507824]}"
1003,,,,,DISCARDED (Insufficient Samples),,,,"{""type"":""Point"",""coordinates"":[80.93073751720759,28.630949018865067]}"
1004,0.3909,0.1221,0.831,0.1233,STABLE CROPLAND,3.0,1.0,26.0,"{""type"":""Point"",""coordinates"":[82.1983286688934,28.669612164761343]}"
1005,0.5108,0.2245,0.8774,0.1108,STABLE CROPLAND,1.0,1.0,23.0,"{""type"":""Point"",""coordinates"":[82.69282462324999,28.685388046531735]}"
1006,0.4576,0.1441,0.8561,0.069,DISCARDED (Failed Phenology),5.0,1.0,22.0,"{""type"":""Point"",""coordinates"":[82.10875011741736,28.664913831167535]}"
1007,0.466,0.1689,0.8122,0.0902,DISCARDED (Failed Phenology),6.0,2.0,21.0,"{""type"":""Point"",""coordinates"":[81.54857584287863,28.642610910261784]}"
1008,0.4415,0.173,0.868,0.0898,STABLE CROPLAND,0.0,0.0,23.0,"{""type"":""Point"",""coordinates"":[82.82419829420051,28.686523624098783]}"
1009,0.4478,0.1562,0.8653,0.137,DISCARDED (Failed Phenology),7.0,2.0,20.0,"{""type"":""Point"",""coordinates"":[82.01427234883953,28.65778903326782]}"
1010,0.4627,0.2361,0.8263,0.1224,STABLE CROPLAND,2.0,1.0,25.0,"{""type"":""Point"",""coordinates"":[82.46112222103363,28.672721250309113]}"
1011,0.408,0.1711,0.7708,0.115,DISCARDED (Failed Phenology),5.0,2.0,19.0,"{""type"":""Point"",""coordinates"":[81.16181651917634,28.622109515548903]}"
1012,0.4055,0.1594,0.7954,0.1252,DISCARDED (Failed Phenology),4.0,1.0,21.0,"{""type"":""Point"",""coordinates"":[80.97531165685312,28.615594967251262]}"
1013,,,,,DISCARDED (Insufficient Samples),,,,"{""type"":""Point"",""coordinates"":[80.71490996000713,28.60118729915707]}"
1014,,,,,DISCARDED (Insufficient Samples),,,,"{""type"":""Point"",""coordinates"":[80.95468728978973,28.611635849313735]}"
1015,0.54,0.2859,0.8893,0.0953,DISCARDED (Static Vegetation / Low Amplitude),4.0,1.0,27.0,"{""type"":""Point"",""coordinates"":[82.79106296655021,28.680287767979436]}"
1016,0.4911,0.1684,0.882,0.0552,DISCARDED (Failed Phenology),5.0,2.0,23.0,"{""type"":""Point"",""coordinates"":[82.33550960433386,28.664735429037748]}"
1017,0.4584,0.1979,0.8418,0.102,DISCARDED (Failed Phenology),9.0,3.0,17.0,"{""type"":""Point"",""coordinates"":[82.2329360733919,28.660668124798484]}"
1018,0.5394,0.253,0.8596,0.0818,DISCARDED (Static Vegetation / Low Amplitude),2.0,1.0,21.0,"{""type"":""Point"",""coordinates"":[82.65871708241883,28.674347120947637]}"
1019,0.5203,0.2376,0.8731,0.0659,DISCARDED (Failed Phenology),8.0,1.0,20.0,"{""type"":""Point"",""coordinates"":[81.39425215200706,28.626815904688492]}"
1020,0.4658,0.2141,0.8517,0.0839,DISCARDED (Failed Phenology),8.0,2.0,17.0,"{""type"":""Point"",""coordinates"":[82.16059135728638,28.656450775019117]}"
1021,0.4114,0.1681,0.8566,0.151,STABLE CROPLAND,3.0,1.0,21.0,"{""type"":""Point"",""coordinates"":[81.9705413892974,28.6484463259115]}"
1022,,,,,DISCARDED (Insufficient Samples),,,,"{""type"":""Point"",""coordinates"":[80.98051075234113,28.654843057942056]}"
1023,,,,,DISCARDED (Insufficient Samples),,,,"{""type"":""Point"",""coordinates"":[80.94390299628837,28.656126622893122]}"
1024,,,,,DISCARDED (Insufficient Samples),,,,"{""type"":""Point"",""coordinates"":[80.96297045591676,28.64167227583732]}"
1025,0.5166,0.2054,0.9027,0.1347,DISCARDED (Failed Phenology),4.0,2.0,21.0,"{""type"":""Point"",""coordinates"":[82.1840133812279,28.654031979145987]}"
1026,0.4189,0.048,0.8942,0.1093,STABLE CROPLAND,0.0,0.0,23.0,"{""type"":""Point"",""coordinates"":[82.85606779535588,28.67569734996796]}"
1027,0.4503,0.2243,0.7908,0.1,STABLE CROPLAND,2.0,1.0,22.0,"{""type"":""Point"",""coordinates"":[81.52020546098605,28.62644109929973]}"
1028,0.4082,0.1061,0.9028,0.079,DISCARDED (Failed Phenology),7.0,2.0,23.0,"{""type"":""Point"",""coordinates"":[82.13835996865542,28.64977228935004]}"
1029,,,,,DISCARDED (Insufficient Samples),,,,"{""type"":""Point"",""coordinates"":[81.00255011043474,28.60321327939575]}"
1030,0.4859,0.2375,0.8734,0.1096,DISCARDED (Failed Phenology),4.0,2.0,21.0,"{""type"":""Point"",""coordinates"":[82.51119441836579,28.66220926518746]}"
1031,0.4188,0.1924,0.7593,0.0993,DISCARDED (Failed Phenology),4.0,3.0,29.0,"{""type"":""Point"",""coordinates"":[82.2142145901258,28.6523590518814]}"
1032,0.5081,0.1555,0.8589,0.0963,DISCARDED (Failed Phenology),8.0,2.0,20.0,"{""type"":""Point"",""coordinates"":[82.08170810474896,28.646684974878987]}"
1033,0.4486,0.1893,0.8334,0.1088,STABLE CROPLAND,0.0,0.0,23.0,"{""type"":""Point"",""coordinates"":[82.40813298498773,28.648808488229633]}"
1034,,,,,DISCARDED (Insufficient Samples),,,,"{""type"":""Point"",""coordinates"":[80.89814738419928,28.637582850784558]}"
1035,0.4898,0.1627,0.8733,0.0704,DISCARDED (Failed Phenology),9.0,2.0,18.0,"{""type"":""Point"",""coordinates"":[82.54056179938246,28.652803591303538]}"
1036,0.4709,0.2132,0.8329,0.1104,DISCARDED (Failed Phenology),5.0,1.0,20.0,"{""type"":""Point"",""coordinates"":[82.28389372779951,28.64359641287976]}"
1037,0.4885,0.1357,0.9205,0.0521,DISCARDED (Failed Phenology),4.0,1.0,23.0,"{""type"":""Point"",""coordinates"":[82.38792889586944,28.645307345835125]}"
1038,0.4808,0.2116,0.8106,0.0883,DISCARDED (Failed Phenology),4.0,1.0,23.0,"{""type"":""Point"",""coordinates"":[82.24804313772815,28.642099413893497]}"
1039,0.4924,0.2307,0.8331,0.0718,DISCARDED (Failed Phenology),4.0,1.0,21.0,"{""type"":""Point"",""coordinates"":[81.48518085772416,28.60956124245029]}"
1040,,,,,DISCARDED (Insufficient Samples),,,,"{""type"":""Point"",""coordinates"":[80.91849429552812,28.595337449252057]}"
1041,0.4707,0.1757,0.8563,0.1056,STABLE CROPLAND,0.0,0.0,23.0,"{""type"":""Point"",""coordinates"":[82.89157454064586,28.660432178396615]}"
1042,0.4503,0.1703,0.8345,0.0578,DISCARDED (Failed Phenology),6.0,1.0,23.0,"{""type"":""Point"",""coordinates"":[82.33106054031295,28.64365044563163]}"
1043,,,,,DISCARDED (Insufficient Samples),,,,"{""type"":""Point"",""coordinates"":[80.6716291006973,28.64414553014375]}"
1044,,,,,DISCARDED (Insufficient Samples),,,,"{""type"":""Point"",""coordinates"":[80.728220441978,28.574581150038725]}"
1045,0.3832,0.1272,0.8407,0.1273,DISCARDED (Failed Phenology),5.0,1.0,28.0,"{""type"":""Point"",""coordinates"":[82.01881641760876,28.62853040994396]}"
1046,0.3715,0.0951,0.8309,0.0782,DISCARDED (Failed Phenology),4.0,1.0,24.0,"{""type"":""Point"",""coordinates"":[82.07453367037819,28.628751926985515]}"
1047,0.4599,0.1829,0.8,0.1065,DISCARDED (Failed Phenology),5.0,2.0,21.0,"{""type"":""Point"",""coordinates"":[81.99158129627281,28.624604405722625]}"
1048,0.4564,0.1906,0.8517,0.1368,DISCARDED (Failed Phenology),6.0,2.0,18.0,"{""type"":""Point"",""coordinates"":[82.15083417834921,28.63089302494257]}"
1049,0.4804,0.0484,0.8766,0.1304,DISCARDED (Failed Phenology),6.0,3.0,25.0,"{""type"":""Point"",""coordinates"":[82.425436036817,28.637202200084857]}"
1050,0.4096,0.1601,0.7842,0.1083,STABLE CROPLAND,0.0,0.0,23.0,"{""type"":""Point"",""coordinates"":[82.09457591878922,28.624995527825764]}"
1051,0.3263,0.0795,0.8479,0.1736,STABLE CROPLAND,3.0,1.0,23.0,"{""type"":""Point"",""coordinates"":[82.19763604687584,28.628489501794853]}"
1052,0.2978,0.1244,0.7293,0.1456,DISCARDED (Failed Phenology),6.0,2.0,18.0,"{""type"":""Point"",""coordinates"":[82.1184708885429,28.62545338940253]}"
1053,,,,,DISCARDED (Insufficient Samples),,,,"{""type"":""Point"",""coordinates"":[80.4927698119561,28.58106792278027]}"
1054,,,,,DISCARDED (Insufficient Samples),,,,"{""type"":""Point"",""coordinates"":[80.51468659270357,28.57442865874866]}"
1055,0.5257,0.1461,0.8879,0.0548,DISCARDED (Failed Phenology),5.0,2.0,24.0,"{""type"":""Point"",""coordinates"":[82.57336132787195,28.638842276304256]}"
1056,,,,,DISCARDED (Insufficient Samples),,,,"{""type"":""Point"",""coordinates"":[80.92512980766529,28.57647284558316]}"
1057,,,,,DISCARDED (Insufficient Samples),,,,"{""type"":""Point"",""coordinates"":[80.52082730470462,28.555760246815407]}"
1058,0.4491,0.1671,0.7566,0.087,DISCARDED (Failed Phenology),6.0,2.0,22.0,"{""type"":""Point"",""coordinates"":[81.63271814999489,28.603686073018576]}"
1059,0.4061,0.1217,0.8233,0.0961,DISCARDED (Failed Phenology),4.0,1.0,22.0,"{""type"":""Point"",""coordinates"":[81.12501982109215,28.581380618472814]}"
1060,0.488,0.1665,0.8822,0.0981,STABLE CROPLAND,0.0,0.0,23.0,"{""type"":""Point"",""coordinates"":[82.61833854861801,28.638584781377908]}"
1061,0.4534,0.2029,0.7965,0.0882,STABLE CROPLAND,3.0,2.0,26.0,"{""type"":""Point"",""coordinates"":[81.58564522359771,28.602502063083893]}"
1062,,,,,DISCARDED (Insufficient Samples),,,,"{""type"":""Point"",""coordinates"":[81.95707430558775,28.613865160863764]}"
1063,0.4087,0.132,0.7694,0.1075,STABLE CROPLAND,3.0,1.0,24.0,"{""type"":""Point"",""coordinates"":[81.16479826380872,28.58212484166516]}"
1064,0.4554,0.1785,0.8644,0.1031,DISCARDED (Failed Phenology),7.0,2.0,22.0,"{""type"":""Point"",""coordinates"":[81.87729046767434,28.61111661014556]}"
1065,0.4558,0.1892,0.8567,0.0894,DISCARDED (Failed Phenology),6.0,1.0,22.0,"{""type"":""Point"",""coordinates"":[82.34635094232242,28.627150621040858]}"
1066,0.5029,0.3062,0.8916,0.078,DISCARDED (Static Vegetation / Low Amplitude),1.0,1.0,23.0,"{""type"":""Point"",""coordinates"":[82.70932778882579,28.639770829513996]}"
1067,0.4507,0.1639,0.7901,0.0892,STABLE CROPLAND,3.0,1.0,27.0,"{""type"":""Point"",""coordinates"":[81.67485856838702,28.599299814330944]}"
1068,0.337,0.1019,0.8167,0.1322,DISCARDED (Failed Phenology),5.0,1.0,22.0,"{""type"":""Point"",""coordinates"":[82.16795505951113,28.61821093245951]}"
1069,0.3763,0.1888,0.7143,0.0816,DISCARDED (Static Vegetation / Low Amplitude),5.0,1.0,27.0,"{""type"":""Point"",""coordinates"":[82.27766989521635,28.61904074136938]}"
1070,0.4241,0.1767,0.8112,0.0828,DISCARDED (Failed Phenology),5.0,1.0,22.0,"{""type"":""Point"",""coordinates"":[82.32144554009433,28.623522845273623]}"
1071,0.561,0.2538,0.8635,0.0428,DISCARDED (Static Vegetation / Low Amplitude),6.0,2.0,22.0,"{""type"":""Point"",""coordinates"":[82.37784269117472,28.621217457237456]}"
1072,,,,,DISCARDED (Insufficient Samples),,,,"{""type"":""Point"",""coordinates"":[80.99549940404769,28.569297570985277]}"
1073,0.3872,0.1253,0.8402,0.1435,DISCARDED (Failed Phenology),5.0,2.0,24.0,"{""type"":""Point"",""coordinates"":[82.14566233383573,28.61180935427997]}"
1074,0.3989,0.149,0.8602,0.1339,STABLE CROPLAND,1.0,1.0,22.0,"{""type"":""Point"",""coordinates"":[82.21776564406039,28.615947587081408]}"
1075,,,,,DISCARDED (Insufficient Samples),,,,"{""type"":""Point"",""coordinates"":[82.00430926927376,28.605204661378764]}"
1076,0.4375,0.1528,0.8493,0.1172,STABLE CROPLAND,2.0,1.0,21.0,"{""type"":""Point"",""coordinates"":[83.61561530574834,28.655332260787286]}"
1077,0.485,0.171,0.8902,0.1298,DISCARDED (Failed Phenology),7.0,1.0,19.0,"{""type"":""Point"",""coordinates"":[81.90589234432801,28.601028621514157]}"
1078,0.4232,0.149,0.7203,0.0977,STABLE CROPLAND,2.0,1.0,23.0,"{""type"":""Point"",""coordinates"":[81.57175204445008,28.58610445889117]}"
1079,0.4176,0.1433,0.8341,0.1111,DISCARDED (Failed Phenology),7.0,2.0,22.0,"{""type"":""Point"",""coordinates"":[81.93558582303815,28.598374558091933]}"
1080,,,,,DISCARDED (Insufficient Samples),,,,"{""type"":""Point"",""coordinates"":[80.77521297204595,28.549027307684703]}"
1081,0.4695,0.1511,0.8665,0.1075,STABLE CROPLAND,3.0,2.0,27.0,"{""type"":""Point"",""coordinates"":[82.60682152815494,28.62209334967501]}"
1082,0.4796,0.1583,0.8746,0.0698,STABLE CROPLAND,0.0,0.0,23.0,"{""type"":""Point"",""coordinates"":[82.75699689116477,28.625553391678533]}"
1083,0.5527,0.169,0.9036,0.0763,STABLE CROPLAND,3.0,1.0,24.0,"{""type"":""Point"",""coordinates"":[82.44299172809372,28.61381132732126]}"
1084,0.4283,0.1329,0.8796,0.0731,STABLE CROPLAND,3.0,1.0,26.0,"{""type"":""Point"",""coordinates"":[81.52078757106247,28.578078225258277]}"
1085,0.4961,0.2452,0.8913,0.1042,STABLE CROPLAND,0.0,0.0,24.0,"{""type"":""Point"",""coordinates"":[82.73132982842655,28.623175681820726]}"
1086,0.3417,0.123,0.7684,0.1296,DISCARDED (Failed Phenology),6.0,1.0,27.0,"{""type"":""Point"",""coordinates"":[82.0288552207136,28.59838238046783]}"
1087,0.4131,0.1739,0.7942,0.1159,DISCARDED (Failed Phenology),5.0,2.0,23.0,"{""type"":""Point"",""coordinates"":[81.14987967590919,28.56209833285367]}"
1088,0.4292,0.1824,0.7504,0.0795,DISCARDED (Failed Phenology),7.0,1.0,18.0,"{""type"":""Point"",""coordinates"":[81.2427791790897,28.56383682645015]}"
1089,0.4111,0.1286,0.8807,0.098,STABLE CROPLAND,0.0,0.0,23.0,"{""type"":""Point"",""coordinates"":[82.77724787747825,28.618876486754207]}"
1090,0.4286,0.1625,0.7718,0.0963,DISCARDED (Failed Phenology),5.0,2.0,19.0,"{""type"":""Point"",""coordinates"":[81.6972560036442,28.58138732321312]}"
1091,0.437,0.1816,0.862,0.1237,STABLE CROPLAND,3.0,1.0,24.0,"{""type"":""Point"",""coordinates"":[82.51209388532182,28.610082515769644]}"
1092,0.393,0.1722,0.7191,0.0779,DISCARDED (Static Vegetation / Low Amplitude),5.0,1.0,22.0,"{""type"":""Point"",""coordinates"":[81.44309865708493,28.569076790237865]}"
1093,0.446,0.1906,0.7481,0.0678,STABLE CROPLAND,2.0,1.0,21.0,"{""type"":""Point"",""coordinates"":[81.62099955689182,28.576074838253266]}"
1094,0.341,0.0936,0.7527,0.1116,DISCARDED (Failed Phenology),7.0,2.0,25.0,"{""type"":""Point"",""coordinates"":[82.05589550724522,28.592111533136542]}"
1095,0.3954,0.1517,0.7378,0.0795,DISCARDED (Failed Phenology),5.0,2.0,22.0,"{""type"":""Point"",""coordinates"":[81.64330773738942,28.57751421738915]}"
1096,0.5179,0.1968,0.8548,0.0753,DISCARDED (Failed Phenology),9.0,3.0,18.0,"{""type"":""Point"",""coordinates"":[82.40886556240253,28.603179716830425]}"
1097,0.4341,0.137,0.8436,0.1199,DISCARDED (Failed Phenology),7.0,2.0,19.0,"{""type"":""Point"",""coordinates"":[82.17246064328403,28.595095297118707]}"
1098,0.5128,0.2675,0.8807,0.1148,DISCARDED (Static Vegetation / Low Amplitude),2.0,1.0,22.0,"{""type"":""Point"",""coordinates"":[82.34017962600004,28.59981659913113]}"
1099,,,,,DISCARDED (Insufficient Samples),,,,"{""type"":""Point"",""coordinates"":[80.91988776675964,28.543749438006685]}"
1100,0.4717,0.156,0.8899,0.1376,STABLE CROPLAND,0.0,0.0,23.0,"{""type"":""Point"",""coordinates"":[82.01212446408606,28.586744605021522]}"
1101,0.5267,0.1788,0.9268,0.0861,DISCARDED (Failed Phenology),4.0,1.0,25.0,"{""type"":""Point"",""coordinates"":[82.62622965822057,28.607914904178234]}"
1102,0.4411,0.2092,0.8793,0.1201,STABLE CROPLAND,3.0,1.0,22.0,"{""type"":""Point"",""coordinates"":[82.316519488297,28.596141870452627]}"
1103,0.4285,0.1195,0.8691,0.1267,DISCARDED (Failed Phenology),4.0,2.0,30.0,"{""type"":""Point"",""coordinates"":[82.29466293103516,28.59604112492599]}"
1104,0.5097,0.1924,0.8177,0.0703,DISCARDED (Failed Phenology),6.0,1.0,26.0,"{""type"":""Point"",""coordinates"":[81.5030006088221,28.56360870744516]}"
1105,0.4468,0.1383,0.8037,0.0974,DISCARDED (Failed Phenology),6.0,1.0,22.0,"{""type"":""Point"",""coordinates"":[81.94936700077615,28.58206490306616]}"
1106,0.5505,0.2573,0.8817,0.0949,DISCARDED (Static Vegetation / Low Amplitude),2.0,1.0,25.0,"{""type"":""Point"",""coordinates"":[82.4888068204168,28.599319808728783]}"
1107,0.4917,0.2567,0.8465,0.102,DISCARDED (Static Vegetation / Low Amplitude),1.0,1.0,23.0,"{""type"":""Point"",""coordinates"":[82.65921787232848,28.60429315354374]}"
1108,0.4649,0.1665,0.8144,0.1334,DISCARDED (Failed Phenology),5.0,2.0,18.0,"{""type"":""Point"",""coordinates"":[81.98066337293383,28.58063156562469]}"
1109,0.5217,0.1896,0.8736,0.0871,DISCARDED (Failed Phenology),10.0,4.0,15.0,"{""type"":""Point"",""coordinates"":[82.15331611493029,28.58577122389061]}"
1110,0.4946,0.2427,0.8562,0.09,DISCARDED (Failed Phenology),5.0,1.0,25.0,"{""type"":""Point"",""coordinates"":[82.36700755974198,28.59142573190271]}"
1111,0.4607,0.2348,0.877,0.147,STABLE CROPLAND,1.0,1.0,23.0,"{""type"":""Point"",""coordinates"":[82.76472723319299,28.60441909105299]}"
1112,0.3943,0.1768,0.752,0.1065,DISCARDED (Failed Phenology),5.0,1.0,23.0,"{""type"":""Point"",""coordinates"":[80.859740576799,28.529004084384592]}"
1113,0.5106,0.2152,0.875,0.0928,DISCARDED (Failed Phenology),8.0,2.0,17.0,"{""type"":""Point"",""coordinates"":[82.24333272211452,28.583312038901397]}"
1114,0.48,0.1977,0.9025,0.0919,STABLE CROPLAND,2.0,1.0,29.0,"{""type"":""Point"",""coordinates"":[82.390720500397,28.58825014968498]}"
1115,0.432,0.1824,0.8034,0.1073,STABLE CROPLAND,3.0,1.0,21.0,"{""type"":""Point"",""coordinates"":[81.109670345996,28.53750524325105]}"
1116,0.4623,0.1282,0.8804,0.0926,DISCARDED (Failed Phenology),8.0,2.0,22.0,"{""type"":""Point"",""coordinates"":[82.4297620796689,28.585991184992267]}"
1117,0.6303,0.4191,0.8782,0.0899,DISCARDED (Static Vegetation / Low Amplitude),5.0,1.0,18.0,"{""type"":""Point"",""coordinates"":[82.55884771507856,28.589817860209166]}"
1118,,,,,DISCARDED (Insufficient Samples),,,,"{""type"":""Point"",""coordinates"":[80.9385251849373,28.525677107806725]}"
1119,0.4278,0.0964,0.8379,0.1141,DISCARDED (Failed Phenology),10.0,5.0,16.0,"{""type"":""Point"",""coordinates"":[81.99844573460123,28.56999983477852]}"
1120,0.5125,0.1976,0.8911,0.0764,DISCARDED (Failed Phenology),4.0,1.0,23.0,"{""type"":""Point"",""coordinates"":[81.74260241919802,28.557805749722334]}"
1121,0.427,0.1632,0.8118,0.0809,STABLE CROPLAND,0.0,0.0,27.0,"{""type"":""Point"",""coordinates"":[81.70527167357646,28.555081175728496]}"
1122,0.5278,0.2136,0.9047,0.0695,DISCARDED (Failed Phenology),7.0,1.0,21.0,"{""type"":""Point"",""coordinates"":[82.26959158828329,28.574648112973396]}"
1123,0.4141,0.1143,0.7796,0.0707,DISCARDED (Failed Phenology),6.0,3.0,22.0,"{""type"":""Point"",""coordinates"":[82.20458081016167,28.571457658261664]}"
1124,0.3958,0.1586,0.8725,0.1541,DISCARDED (Failed Phenology),5.0,2.0,22.0,"{""type"":""Point"",""coordinates"":[82.10974434322813,28.5670189322298]}"
1125,0.4292,0.1559,0.8624,0.1118,STABLE CROPLAND,3.0,1.0,24.0,"{""type"":""Point"",""coordinates"":[82.07447060099025,28.564300381626314]}"
1126,0.4574,0.1467,0.8308,0.0473,DISCARDED (Failed Phenology),6.0,1.0,21.0,"{""type"":""Point"",""coordinates"":[81.9402455844986,28.559127152058938]}"
1127,0.3839,0.1414,0.8849,0.1468,STABLE CROPLAND,2.0,1.0,25.0,"{""type"":""Point"",""coordinates"":[82.13283358859067,28.566106937390042]}"
1128,0.4876,0.2577,0.8453,0.1101,DISCARDED (Static Vegetation / Low Amplitude),4.0,1.0,21.0,"{""type"":""Point"",""coordinates"":[81.62598062002638,28.54986911364755]}"
1129,0.4164,0.1288,0.7943,0.1041,STABLE CROPLAND,2.0,1.0,23.0,"{""type"":""Point"",""coordinates"":[81.59733041424832,28.576709542599918]}"
1130,0.4596,0.2116,0.8172,0.1085,DISCARDED (Failed Phenology),7.0,2.0,17.0,"{""type"":""Point"",""coordinates"":[81.60591942852285,28.540444483344643]}"
1131,0.5507,0.3071,0.8832,0.1152,DISCARDED (Static Vegetation / Low Amplitude),4.0,1.0,20.0,"{""type"":""Point"",""coordinates"":[82.50408876646718,28.572430530602663]}"
1132,0.3722,0.1439,0.813,0.1484,DISCARDED (Failed Phenology),4.0,1.0,23.0,"{""type"":""Point"",""coordinates"":[82.04017623105233,28.5557822490601]}"
1133,0.5256,0.2196,0.862,0.0755,DISCARDED (Failed Phenology),7.0,2.0,20.0,"{""type"":""Point"",""coordinates"":[82.31329143866733,28.563984935528854]}"
1134,0.4879,0.2581,0.7873,0.0989,DISCARDED (Static Vegetation / Low Amplitude),4.0,2.0,19.0,"{""type"":""Point"",""coordinates"":[82.63040268843952,28.576573995189037]}"
1135,0.4453,0.1955,0.7976,0.0906,DISCARDED (Failed Phenology),6.0,3.0,21.0,"{""type"":""Point"",""coordinates"":[81.72363548682165,28.543022137464803]}"
1136,0.4976,0.1699,0.8341,0.0773,DISCARDED (Failed Phenology),9.0,2.0,16.0,"{""type"":""Point"",""coordinates"":[81.21363254789583,28.51916238293803]}"
1137,0.4137,0.1713,0.7789,0.0756,DISCARDED (Failed Phenology),6.0,2.0,23.0,"{""type"":""Point"",""coordinates"":[82.28678535780392,28.559250099655845]}"
1138,,,,,DISCARDED (Insufficient Samples),,,,"{""type"":""Point"",""coordinates"":[81.12811654897256,28.51394834219343]}"
1139,0.3718,0.1375,0.8052,0.1324,DISCARDED (Failed Phenology),5.0,1.0,22.0,"{""type"":""Point"",""coordinates"":[82.15571109598041,28.55336411161548]}"
1140,0.4795,0.1647,0.8507,0.0894,DISCARDED (Failed Phenology),4.0,1.0,26.0,"{""type"":""Point"",""coordinates"":[81.69102584950194,28.535426714252544]}"
1141,0.4645,0.248,0.8633,0.1108,DISCARDED (Failed Phenology),8.0,2.0,20.0,"{""type"":""Point"",""coordinates"":[82.41534930455714,28.561757672103436]}"
1142,0.4726,0.22,0.8388,0.0858,STABLE CROPLAND,3.0,1.0,27.0,"{""type"":""Point"",""coordinates"":[82.33509237540865,28.557863358473888]}"
1143,,,,,DISCARDED (Insufficient Samples),,,,"{""type"":""Point"",""coordinates"":[80.78356070508592,28.623377305465883]}"
1144,,,,,DISCARDED (Insufficient Samples),,,,"{""type"":""Point"",""coordinates"":[80.80424316808602,28.559596868998156]}"
1145,,,,,DISCARDED (Insufficient Samples),,,,"{""type"":""Point"",""coordinates"":[80.8127058535591,28.53245346421935]}"
1146,,,,,DISCARDED (Insufficient Samples),,,,"{""type"":""Point"",""coordinates"":[80.77978081282804,28.57541868192346]}"
1147,,,,,DISCARDED (Insufficient Samples),,,,"{""type"":""Point"",""coordinates"":[80.80893610203248,28.68253504524474]}"
1148,,,,,DISCARDED (Insufficient Samples),,,,"{""type"":""Point"",""coordinates"":[80.79676329230871,28.598557673609818]}"
1149,,,,,DISCARDED (Insufficient Samples),,,,"{""type"":""Point"",""coordinates"":[80.81121433335274,28.57776834218997]}"
1150,,,,,DISCARDED (Insufficient Samples),,,,"{""type"":""Point"",""coordinates"":[80.81507505972607,28.707507220977394]}"
1151,,,,,DISCARDED (Insufficient Samples),,,,"{""type"":""Point"",""coordinates"":[80.7974747097241,28.652119493640495]}"
1152,,,,,DISCARDED (Insufficient Samples),,,,"{""type"":""Point"",""coordinates"":[80.75560019754502,28.591315226353856]}"
1153,,,,,DISCARDED (Insufficient Samples),,,,"{""type"":""Point"",""coordinates"":[80.79281465155293,28.538643763606867]}"
1154,,,,,DISCARDED (Insufficient Samples),,,,"{""type"":""Point"",""coordinates"":[80.82618870087352,28.555794785935504]}"
1155,0.4697,0.2141,0.865,0.1182,DISCARDED (Failed Phenology),6.0,1.0,22.0,"{""type"":""Point"",""coordinates"":[82.43981558589483,28.560673686455367]}"
1156,0.4361,0.1421,0.8046,0.1009,DISCARDED (Failed Phenology),9.0,3.0,17.0,"{""type"":""Point"",""coordinates"":[81.62815761004484,28.528374811915636]}"
1157,,,,,DISCARDED (Insufficient Samples),,,,"{""type"":""Point"",""coordinates"":[80.94178053183617,28.55372370500154]}"
1158,0.4991,0.2377,0.8627,0.1101,DISCARDED (Failed Phenology),4.0,1.0,23.0,"{""type"":""Point"",""coordinates"":[82.462947772838,28.55821205456064]}"
1159,,,,,DISCARDED (Insufficient Samples),,,,"{""type"":""Point"",""coordinates"":[80.86166957295231,28.49451544698931]}"
1160,0.4163,0.1706,0.8314,0.0939,DISCARDED (Failed Phenology),11.0,3.0,20.0,"{""type"":""Point"",""coordinates"":[81.75607236944947,28.529435972467418]}"
1161,0.4396,0.2301,0.7442,0.0832,DISCARDED (Static Vegetation / Low Amplitude),2.0,1.0,22.0,"{""type"":""Point"",""coordinates"":[82.10468188791589,28.543475701668495]}"
1162,0.4454,0.1303,0.7578,0.0602,STABLE CROPLAND,3.0,1.0,22.0,"{""type"":""Point"",""coordinates"":[81.18746414513092,28.506178802959052]}"
1163,0.4403,0.125,0.8701,0.1108,DISCARDED (Failed Phenology),4.0,1.0,23.0,"{""type"":""Point"",""coordinates"":[82.12970802268987,28.54294681585747]}"
1164,,,,,DISCARDED (Insufficient Samples),,,,"{""type"":""Point"",""coordinates"":[80.91526749374948,28.494633927059006]}"
1165,,,,,DISCARDED (Insufficient Samples),,,,"{""type"":""Point"",""coordinates"":[81.94944481408486,28.538111949859886]}"
1166,0.4467,0.1437,0.8462,0.0881,DISCARDED (Failed Phenology),4.0,3.0,28.0,"{""type"":""Point"",""coordinates"":[82.22222664734716,28.552068675700344]}"
1167,,,,,DISCARDED (Insufficient Samples),,,,"{""type"":""Point"",""coordinates"":[81.92962355424935,28.532395133152146]}"
1168,0.5306,0.2843,0.838,0.0783,DISCARDED (Static Vegetation / Low Amplitude),8.0,2.0,20.0,"{""type"":""Point"",""coordinates"":[82.39590390968293,28.54796160129271]}"
1169,0.5219,0.2049,0.9175,0.1063,STABLE CROPLAND,2.0,1.0,22.0,"{""type"":""Point"",""coordinates"":[82.66369411709171,28.557181638520834]}"
1170,,,,,DISCARDED (Insufficient Samples),,,,"{""type"":""Point"",""coordinates"":[81.99488594522346,28.533663986217917]}"
1171,,,,,DISCARDED (Insufficient Samples),,,,"{""type"":""Point"",""coordinates"":[82.01593997593058,28.540185940768776]}"
1172,0.4844,0.2257,0.8633,0.0995,STABLE CROPLAND,1.0,1.0,22.0,"{""type"":""Point"",""coordinates"":[82.690513278126,28.556198617855756]}"
1173,0.5014,0.2571,0.8616,0.1135,DISCARDED (Static Vegetation / Low Amplitude),4.0,1.0,20.0,"{""type"":""Point"",""coordinates"":[82.6406002597355,28.554700340723272]}"
1174,,,,,DISCARDED (Insufficient Samples),,,,"{""type"":""Point"",""coordinates"":[80.9361065937119,28.495742839623684]}"
1175,0.5253,0.2304,0.9375,0.1156,STABLE CROPLAND,2.0,1.0,22.0,"{""type"":""Point"",""coordinates"":[82.71486174966215,28.556040285901833]}"
1176,0.542,0.3301,0.879,0.1058,DISCARDED (Static Vegetation / Low Amplitude),3.0,1.0,21.0,"{""type"":""Point"",""coordinates"":[82.5299641205611,28.547355933895304]}"
1177,,,,,DISCARDED (Insufficient Samples),,,,"{""type"":""Point"",""coordinates"":[81.20731910535714,28.496091409086823]}"
1178,0.4144,0.0892,0.8548,0.1158,DISCARDED (Failed Phenology),5.0,1.0,23.0,"{""type"":""Point"",""coordinates"":[82.04749800690566,28.53021828375411]}"
1179,0.3978,0.144,0.812,0.1272,DISCARDED (Failed Phenology),6.0,2.0,19.0,"{""type"":""Point"",""coordinates"":[81.97306053882389,28.525326313969327]}"
1180,0.5834,0.2728,0.8709,0.0701,DISCARDED (Static Vegetation / Low Amplitude),9.0,2.0,17.0,"{""type"":""Point"",""coordinates"":[82.43750655728292,28.541765046036197]}"
1181,0.524,0.2653,0.8513,0.0846,DISCARDED (Static Vegetation / Low Amplitude),1.0,1.0,22.0,"{""type"":""Point"",""coordinates"":[82.33083411302054,28.537192199497888]}"
1182,0.5039,0.2206,0.8361,0.0881,DISCARDED (Failed Phenology),6.0,2.0,20.0,"{""type"":""Point"",""coordinates"":[81.58753468513784,28.50992889805081]}"
1183,0.5198,0.1535,0.8989,0.104,STABLE CROPLAND,2.0,2.0,21.0,"{""type"":""Point"",""coordinates"":[82.08585482611007,28.529298546788166]}"
1184,0.4608,0.1677,0.8821,0.0966,DISCARDED (Failed Phenology),7.0,2.0,21.0,"{""type"":""Point"",""coordinates"":[82.3022229530204,28.53584554109644]}"
1185,0.4299,0.1788,0.8479,0.1217,STABLE CROPLAND,0.0,0.0,23.0,"{""type"":""Point"",""coordinates"":[83.32299203083454,28.566195253392525]}"
1186,,,,,DISCARDED (Insufficient Samples),,,,"{""type"":""Point"",""coordinates"":[81.28632139563658,28.494464091710327]}"
1187,0.5546,0.267,0.9114,0.0945,DISCARDED (Static Vegetation / Low Amplitude),2.0,1.0,25.0,"{""type"":""Point"",""coordinates"":[82.6228181528952,28.54327878798941]}"
1188,,,,,DISCARDED (Insufficient Samples),,,,"{""type"":""Point"",""coordinates"":[82.02035791265057,28.52165342891688]}"
1189,0.4454,0.1329,0.8439,0.077,STABLE CROPLAND,1.0,1.0,31.0,"{""type"":""Point"",""coordinates"":[81.71620696692757,28.508445602690845]}"
1190,,,,,DISCARDED (Insufficient Samples),,,,"{""type"":""Point"",""coordinates"":[81.17347409334064,28.487169450345625]}"
1191,0.5001,0.2381,0.8374,0.0945,DISCARDED (Failed Phenology),8.0,4.0,19.0,"{""type"":""Point"",""coordinates"":[82.76632923444926,28.542755354485458]}"
1192,0.4289,0.1537,0.8142,0.1152,DISCARDED (Failed Phenology),4.0,2.0,19.0,"{""type"":""Point"",""coordinates"":[82.11567096359408,28.52069074657002]}"
1193,,,,,DISCARDED (Insufficient Samples),,,,"{""type"":""Point"",""coordinates"":[81.32367589903073,28.486265734526267]}"
1194,,,,,DISCARDED (Insufficient Samples),,,,"{""type"":""Point"",""coordinates"":[81.03793443468216,28.47185120162064]}"
1195,0.5119,0.2032,0.8208,0.0594,STABLE CROPLAND,1.0,1.0,22.0,"{""type"":""Point"",""coordinates"":[83.63330665020469,28.56187222347851]}"
1196,0.5103,0.2357,0.8953,0.1071,STABLE CROPLAND,3.0,1.0,24.0,"{""type"":""Point"",""coordinates"":[82.50541486034395,28.529246289412352]}"
1197,0.497,0.2852,0.885,0.115,DISCARDED (Static Vegetation / Low Amplitude),3.0,1.0,26.0,"{""type"":""Point"",""coordinates"":[82.65129536590564,28.53231363580551]}"
1198,0.4382,0.1703,0.8816,0.1431,DISCARDED (Failed Phenology),5.0,1.0,22.0,"{""type"":""Point"",""coordinates"":[82.07091340410916,28.51006900713676]}"
1199,,,,,DISCARDED (Insufficient Samples),,,,"{""type"":""Point"",""coordinates"":[81.12590757750695,28.47286934336338]}"
1200,0.4379,0.1637,0.8339,0.1284,STABLE CROPLAND,1.0,1.0,22.0,"{""type"":""Point"",""coordinates"":[82.03755843750244,28.50574437270212]}"
1201,0.5755,0.3561,0.8863,0.1026,DISCARDED (Static Vegetation / Low Amplitude),7.0,1.0,21.0,"{""type"":""Point"",""coordinates"":[82.53477890722411,28.52212465574747]}"
1202,0.4908,0.2572,0.9126,0.1368,DISCARDED (Static Vegetation / Low Amplitude),2.0,1.0,22.0,"{""type"":""Point"",""coordinates"":[82.78205562925419,28.529814622037563]}"
1203,0.4512,0.1204,0.8768,0.1234,DISCARDED (Failed Phenology),7.0,2.0,20.0,"{""type"":""Point"",""coordinates"":[82.09983047966594,28.506122491772956]}"
1204,0.4358,0.2339,0.7932,0.1044,DISCARDED (Failed Phenology),5.0,1.0,22.0,"{""type"":""Point"",""coordinates"":[82.40201961255283,28.514856041663737]}"
1205,0.3779,0.128,0.8828,0.1367,STABLE CROPLAND,1.0,1.0,22.0,"{""type"":""Point"",""coordinates"":[81.72678898445125,28.488348059757364]}"
1206,,,,,DISCARDED (Insufficient Samples),,,,"{""type"":""Point"",""coordinates"":[81.99033024746548,28.499451062249157]}"
1207,0.5077,0.2563,0.8828,0.108,DISCARDED (Static Vegetation / Low Amplitude),1.0,1.0,26.0,"{""type"":""Point"",""coordinates"":[82.67740741948722,28.522197153985587]}"
1208,0.4451,0.1785,0.8537,0.1031,DISCARDED (Failed Phenology),9.0,3.0,20.0,"{""type"":""Point"",""coordinates"":[82.33536543616995,28.51025355250403]}"
1209,,,,,DISCARDED (Insufficient Samples),,,,"{""type"":""Point"",""coordinates"":[81.21243111764262,28.46579668895321]}"
1210,0.5825,0.2904,0.888,0.0888,DISCARDED (Static Vegetation / Low Amplitude),4.0,1.0,24.0,"{""type"":""Point"",""coordinates"":[82.71385745650693,28.52095623986647]}"
1211,0.5447,0.3036,0.8864,0.1132,DISCARDED (Static Vegetation / Low Amplitude),3.0,1.0,22.0,"{""type"":""Point"",""coordinates"":[82.49769793095443,28.512421821565347]}"
1212,0.4872,0.1571,0.833,0.0878,STABLE CROPLAND,0.0,0.0,23.0,"{""type"":""Point"",""coordinates"":[83.65087205719053,28.544853520824837]}"
1213,,,,,DISCARDED (Insufficient Samples),,,,"{""type"":""Point"",""coordinates"":[81.14119539180918,28.458845193287374]}"
1214,,,,,DISCARDED (Insufficient Samples),,,,"{""type"":""Point"",""coordinates"":[81.08057671488697,28.455287193818243]}"
1215,,,,,DISCARDED (Insufficient Samples),,,,"{""type"":""Point"",""coordinates"":[81.24768864466009,28.461345513526055]}"
1216,,,,,DISCARDED (Insufficient Samples),,,,"{""type"":""Point"",""coordinates"":[80.9888409749622,28.45179129705971]}"
1217,,,,,DISCARDED (Insufficient Samples),,,,"{""type"":""Point"",""coordinates"":[81.27057384148033,28.463865062913328]}"
1218,,,,,DISCARDED (Insufficient Samples),,,,"{""type"":""Point"",""coordinates"":[81.30833309255496,28.50923872551628]}"
1219,0.3966,0.1669,0.7757,0.1,DISCARDED (Failed Phenology),8.0,2.0,19.0,"{""type"":""Point"",""coordinates"":[82.05822379687855,28.49106790029409]}"
1220,,,,,DISCARDED (Insufficient Samples),,,,"{""type"":""Point"",""coordinates"":[82.15870581816012,28.494513347263048]}"
1221,0.5686,0.2325,0.896,0.0816,DISCARDED (Failed Phenology),10.0,2.0,17.0,"{""type"":""Point"",""coordinates"":[82.23703853284265,28.496169005395764]}"
1222,,,,,DISCARDED (Insufficient Samples),,,,"{""type"":""Point"",""coordinates"":[81.3205997543544,28.460366183594296]}"
1223,0.5101,0.2729,0.7892,0.0742,DISCARDED (Static Vegetation / Low Amplitude),2.0,1.0,21.0,"{""type"":""Point"",""coordinates"":[81.64383742529954,28.473228443010665]}"
1224,0.4334,0.2595,0.7832,0.0909,DISCARDED (Static Vegetation / Low Amplitude),6.0,1.0,21.0,"{""type"":""Point"",""coordinates"":[82.57467106006247,28.50744032023966]}"
1225,0.5466,0.2715,0.9275,0.0861,DISCARDED (Static Vegetation / Low Amplitude),6.0,2.0,22.0,"{""type"":""Point"",""coordinates"":[82.44911723207562,28.50149644342077]}"
1226,,,,,DISCARDED (Insufficient Samples),,,,"{""type"":""Point"",""coordinates"":[81.1843233336661,28.452909801099114]}"
1227,0.474,0.1943,0.8069,0.0949,DISCARDED (Failed Phenology),5.0,1.0,22.0,"{""type"":""Point"",""coordinates"":[81.75528902988053,28.476037868685736]}"
1228,,,,,DISCARDED (Insufficient Samples),,,,"{""type"":""Point"",""coordinates"":[80.91976242054082,28.47467674344546]}"
1229,,,,,DISCARDED (Insufficient Samples),,,,"{""type"":""Point"",""coordinates"":[80.95982417042897,28.461432496441763]}"
1230,,,,,DISCARDED (Insufficient Samples),,,,"{""type"":""Point"",""coordinates"":[80.96910809256921,28.44140889810455]}"
1231,,,,,DISCARDED (Insufficient Samples),,,,"{""type"":""Point"",""coordinates"":[82.00747451571475,28.479796833495406]}"
1232,0.5748,0.2579,0.8657,0.0719,DISCARDED (Static Vegetation / Low Amplitude),0.0,0.0,24.0,"{""type"":""Point"",""coordinates"":[83.66106283241022,28.529083381361897]}"
1233,,,,,DISCARDED (Insufficient Samples),,,,"{""type"":""Point"",""coordinates"":[81.06814742798134,28.440009958036875]}"
1234,0.5571,0.2502,0.9079,0.0813,DISCARDED (Static Vegetation / Low Amplitude),6.0,3.0,22.0,"{""type"":""Point"",""coordinates"":[82.71240190589991,28.50174889487009]}"
1235,,,,,DISCARDED (Insufficient Samples),,,,"{""type"":""Point"",""coordinates"":[81.01770687330595,28.438115992708443]}"
1236,0.5154,0.2237,0.8344,0.0695,STABLE CROPLAND,2.0,1.0,29.0,"{""type"":""Point"",""coordinates"":[81.69677316986679,28.465246533176444]}"
1237,0.5164,0.2128,0.7996,0.0681,DISCARDED (Failed Phenology),11.0,3.0,14.0,"{""type"":""Point"",""coordinates"":[81.82676980930998,28.470548384647138]}"
1238,0.6032,0.3859,0.8697,0.0754,DISCARDED (Static Vegetation / Low Amplitude),1.0,1.0,22.0,"{""type"":""Point"",""coordinates"":[82.47087751726295,28.492326022589562]}"
1239,0.4539,0.159,0.7879,0.0506,STABLE CROPLAND,0.0,0.0,23.0,"{""type"":""Point"",""coordinates"":[83.34677568212943,28.518017702687803]}"
1240,0.467,0.1414,0.9107,0.1204,DISCARDED (Failed Phenology),7.0,2.0,20.0,"{""type"":""Point"",""coordinates"":[81.77324963183953,28.464151326239747]}"
1241,0.454,0.1614,0.8485,0.094,DISCARDED (Failed Phenology),6.0,2.0,18.0,"{""type"":""Point"",""coordinates"":[81.80135058623698,28.466549957963203]}"
1242,0.5523,0.2038,0.8822,0.0672,DISCARDED (Failed Phenology),5.0,2.0,24.0,"{""type"":""Point"",""coordinates"":[83.29103657825756,28.51278634781715]}"
1243,0.5151,0.2408,0.9188,0.1001,DISCARDED (Failed Phenology),7.0,1.0,20.0,"{""type"":""Point"",""coordinates"":[82.40624832248368,28.484866128478547]}"
1244,,,,,DISCARDED (Insufficient Samples),,,,"{""type"":""Point"",""coordinates"":[81.27874759839045,28.439294064183105]}"
1245,,,,,DISCARDED (Insufficient Samples),,,,"{""type"":""Point"",""coordinates"":[81.92667233101152,28.46441378099018]}"
1246,0.541,0.2961,0.9036,0.1009,DISCARDED (Static Vegetation / Low Amplitude),6.0,2.0,22.0,"{""type"":""Point"",""coordinates"":[82.49544955077052,28.48338381305076]}"
1247,0.4539,0.1708,0.8452,0.0859,DISCARDED (Failed Phenology),9.0,3.0,18.0,"{""type"":""Point"",""coordinates"":[82.13226277104242,28.470612857451595]}"
1248,,,,,DISCARDED (Insufficient Samples),,,,"{""type"":""Point"",""coordinates"":[81.95946234173219,28.463377969008445]}"
1249,,,,,DISCARDED (Insufficient Samples),,,,"{""type"":""Point"",""coordinates"":[81.08859667808763,28.432324975257284]}"
1250,0.4488,0.1958,0.9068,0.1379,DISCARDED (Failed Phenology),4.0,1.0,22.0,"{""type"":""Point"",""coordinates"":[82.215468570317,28.471957885918293]}"
1251,0.478,0.1922,0.8579,0.078,STABLE CROPLAND,0.0,0.0,23.0,"{""type"":""Point"",""coordinates"":[83.32567686447929,28.507753773838875]}"
1252,,,,,DISCARDED (Insufficient Samples),,,,"{""type"":""Point"",""coordinates"":[81.33347308266447,28.443744957883453]}"
1253,0.467,0.1809,0.7924,0.0672,DISCARDED (Failed Phenology),5.0,1.0,25.0,"{""type"":""Point"",""coordinates"":[81.66344863066044,28.449563832178903]}"
1254,,,,,DISCARDED (Insufficient Samples),,,,"{""type"":""Point"",""coordinates"":[81.0370652272828,28.648972912860163]}"
1255,,,,,DISCARDED (Insufficient Samples),,,,"{""type"":""Point"",""coordinates"":[81.00507342332764,28.53378762421713]}"
1256,,,,,DISCARDED (Insufficient Samples),,,,"{""type"":""Point"",""coordinates"":[81.10498833702434,28.594550704303693]}"
1257,,,,,DISCARDED (Insufficient Samples),,,,"{""type"":""Point"",""coordinates"":[81.0035907519794,28.487110468592945]}"
1258,,,,,DISCARDED (Insufficient Samples),,,,"{""type"":""Point"",""coordinates"":[81.02200669459077,28.629253553835937]}"
1259,,,,,DISCARDED (Insufficient Samples),,,,"{""type"":""Point"",""coordinates"":[81.09679679256925,28.568651424233945]}"
1260,0.3829,0.1236,0.8028,0.0785,STABLE CROPLAND,3.0,1.0,28.0,"{""type"":""Point"",""coordinates"":[81.03527914643702,28.53986678906145]}"
1261,,,,,DISCARDED (Insufficient Samples),,,,"{""type"":""Point"",""coordinates"":[81.06949043973398,28.51039251472341]}"
1262,,,,,DISCARDED (Insufficient Samples),,,,"{""type"":""Point"",""coordinates"":[81.07150708496354,28.561929354675815]}"
1263,,,,,DISCARDED (Insufficient Samples),,,,"{""type"":""Point"",""coordinates"":[81.02980280696472,28.591366542037058]}"
1264,,,,,DISCARDED (Insufficient Samples),,,,"{""type"":""Point"",""coordinates"":[81.0995579842409,28.484868670869805]}"
1265,,,,,DISCARDED (Insufficient Samples),,,,"{""type"":""Point"",""coordinates"":[81.04667133151045,28.450358170252354]}"
1266,,,,,DISCARDED (Insufficient Samples),,,,"{""type"":""Point"",""coordinates"":[81.04561636506031,28.628107629059123]}"
1267,,,,,DISCARDED (Insufficient Samples),,,,"{""type"":""Point"",""coordinates"":[81.01782715737419,28.511184449867848]}"
1268,,,,,DISCARDED (Insufficient Samples),,,,"{""type"":""Point"",""coordinates"":[81.03750089463692,28.504828465123154]}"
1269,,,,,DISCARDED (Insufficient Samples),,,,"{""type"":""Point"",""coordinates"":[81.10219397328655,28.63058594884779]}"
1270,,,,,DISCARDED (Insufficient Samples),,,,"{""type"":""Point"",""coordinates"":[81.05616694504236,28.52560538947215]}"
1271,,,,,DISCARDED (Insufficient Samples),,,,"{""type"":""Point"",""coordinates"":[81.0714742394199,28.614028736851417]}"
1272,,,,,DISCARDED (Insufficient Samples),,,,"{""type"":""Point"",""coordinates"":[80.97608051666128,28.510427928612355]}"
1273,,,,,DISCARDED (Insufficient Samples),,,,"{""type"":""Point"",""coordinates"":[80.96397132409903,28.48779884914516]}"
1274,,,,,DISCARDED (Insufficient Samples),,,,"{""type"":""Point"",""coordinates"":[81.0505949468359,28.607142258420303]}"
1275,,,,,DISCARDED (Insufficient Samples),,,,"{""type"":""Point"",""coordinates"":[81.05336866195627,28.675152424521922]}"
1276,,,,,DISCARDED (Insufficient Samples),,,,"{""type"":""Point"",""coordinates"":[81.04215546761348,28.423605379893434]}"
1277,0.3819,0.117,0.839,0.0878,STABLE CROPLAND,2.0,1.0,29.0,"{""type"":""Point"",""coordinates"":[81.04948085518706,28.574190240265306]}"
1278,,,,,DISCARDED (Insufficient Samples),,,,"{""type"":""Point"",""coordinates"":[81.01945495205811,28.462473051802547]}"
1279,,,,,DISCARDED (Insufficient Samples),,,,"{""type"":""Point"",""coordinates"":[81.11435684573813,28.668015835017787]}"
1280,,,,,DISCARDED (Insufficient Samples),,,,"{""type"":""Point"",""coordinates"":[81.0964534183347,28.65588133382445]}"
1281,,,,,DISCARDED (Insufficient Samples),,,,"{""type"":""Point"",""coordinates"":[81.12747857568309,28.60372823251631]}"
1282,,,,,DISCARDED (Insufficient Samples),,,,"{""type"":""Point"",""coordinates"":[81.11017306791473,28.505274520192444]}"
1283,0.3801,0.1346,0.7805,0.0847,DISCARDED (Failed Phenology),6.0,1.0,22.0,"{""type"":""Point"",""coordinates"":[81.14696656731262,28.645088680086502]}"
1284,0.3613,0.0963,0.7776,0.089,STABLE CROPLAND,2.0,1.0,26.0,"{""type"":""Point"",""coordinates"":[81.08271984042771,28.581863478383433]}"
1285,,,,,DISCARDED (Insufficient Samples),,,,"{""type"":""Point"",""coordinates"":[81.0868350136958,28.538099853316087]}"
1286,,,,,DISCARDED (Insufficient Samples),,,,"{""type"":""Point"",""coordinates"":[81.01882728461709,28.566270689289357]}"
1287,0.4396,0.1784,0.8049,0.0728,DISCARDED (Failed Phenology),7.0,3.0,23.0,"{""type"":""Point"",""coordinates"":[81.12868930647701,28.548764091485687]}"
1288,,,,,DISCARDED (Insufficient Samples),,,,"{""type"":""Point"",""coordinates"":[80.98681656345583,28.47301447684245]}"
1289,0.4107,0.1464,0.7762,0.0803,DISCARDED (Failed Phenology),7.0,2.0,20.0,"{""type"":""Point"",""coordinates"":[81.07336202527355,28.682528137277306]}"
1290,,,,,DISCARDED (Insufficient Samples),,,,"{""type"":""Point"",""coordinates"":[81.06482251449691,28.542148761977717]}"
1291,,,,,DISCARDED (Insufficient Samples),,,,"{""type"":""Point"",""coordinates"":[80.99705931873905,28.504716943163803]}"
1292,0.4392,0.1876,0.796,0.0983,DISCARDED (Failed Phenology),4.0,1.0,21.0,"{""type"":""Point"",""coordinates"":[81.18826668774933,28.573739313686506]}"
1293,,,,,DISCARDED (Insufficient Samples),,,,"{""type"":""Point"",""coordinates"":[81.07918233035903,28.48798274878776]}"
1294,,,,,DISCARDED (Insufficient Samples),,,,"{""type"":""Point"",""coordinates"":[81.0774775945152,28.663198889520274]}"
1295,0.3892,0.1632,0.695,0.09,DISCARDED (Static Vegetation / Low Amplitude),6.0,1.0,23.0,"{""type"":""Point"",""coordinates"":[81.04348703598477,28.55667303374675]}"
1296,0.3947,0.1183,0.8426,0.0952,DISCARDED (Failed Phenology),4.0,1.0,24.0,"{""type"":""Point"",""coordinates"":[81.09511392647319,28.67726312757045]}"
1297,,,,,DISCARDED (Insufficient Samples),,,,"{""type"":""Point"",""coordinates"":[81.06840128295391,28.59525518561908]}"
1298,,,,,DISCARDED (Insufficient Samples),,,,"{""type"":""Point"",""coordinates"":[81.0893446949022,28.515504911560427]}"
1299,0.417,0.1174,0.8166,0.0952,STABLE CROPLAND,2.0,1.0,27.0,"{""type"":""Point"",""coordinates"":[81.09233810585653,28.61123906040387]}"
1300,,,,,DISCARDED (Insufficient Samples),,,,"{""type"":""Point"",""coordinates"":[81.0043210926738,28.552811676787094]}"
1301,,,,,DISCARDED (Insufficient Samples),,,,"{""type"":""Point"",""coordinates"":[81.10389501566047,28.46629756850196]}"
1302,0.4168,0.1594,0.7603,0.1065,DISCARDED (Failed Phenology),7.0,2.0,21.0,"{""type"":""Point"",""coordinates"":[81.84862064238075,28.453398509567556]}"
1303,0.5037,0.1659,0.852,0.0776,DISCARDED (Failed Phenology),12.0,3.0,13.0,"{""type"":""Point"",""coordinates"":[81.68680058279817,28.44481212389857]}"
1304,0.4446,0.17,0.7753,0.0742,DISCARDED (Failed Phenology),5.0,2.0,21.0,"{""type"":""Point"",""coordinates"":[81.73889237891983,28.444548396730713]}"
1305,0.4594,0.1709,0.8565,0.1084,DISCARDED (Failed Phenology),5.0,1.0,23.0,"{""type"":""Point"",""coordinates"":[82.15258938530266,28.46048721790331]}"
1306,,,,,DISCARDED (Insufficient Samples),,,,"{""type"":""Point"",""coordinates"":[83.43535231870239,28.500348321096823]}"
1307,,,,,DISCARDED (Insufficient Samples),,,,"{""type"":""Point"",""coordinates"":[81.94177360502366,28.450665518548917]}"
1308,0.4725,0.1363,0.881,0.0638,DISCARDED (Failed Phenology),4.0,1.0,23.0,"{""type"":""Point"",""coordinates"":[81.71595399854995,28.451886954353167]}"
1309,0.5421,0.1858,0.9128,0.0819,STABLE CROPLAND,1.0,1.0,22.0,"{""type"":""Point"",""coordinates"":[83.35119252537996,28.49527912937619]}"
1310,0.4346,0.1611,0.8564,0.0931,STABLE CROPLAND,3.0,1.0,24.0,"{""type"":""Point"",""coordinates"":[81.82538517945777,28.443993324008993]}"
1311,0.4036,0.1354,0.8559,0.0965,STABLE CROPLAND,0.0,0.0,23.0,"{""type"":""Point"",""coordinates"":[84.8325723365601,28.52455116557473]}"
1312,0.3555,0.1089,0.757,0.1421,STABLE CROPLAND,3.0,2.0,20.0,"{""type"":""Point"",""coordinates"":[81.8039536941247,28.440286525323273]}"
1313,,,,,DISCARDED (Insufficient Samples),,,,"{""type"":""Point"",""coordinates"":[81.05685677952951,28.408622891314813]}"
1314,,,,,DISCARDED (Insufficient Samples),,,,"{""type"":""Point"",""coordinates"":[82.0350168650283,28.445840793199107]}"
1315,,,,,DISCARDED (Insufficient Samples),,,,"{""type"":""Point"",""coordinates"":[82.0931386647283,28.448325280273586]}"
1316,,,,,DISCARDED (Insufficient Samples),,,,"{""type"":""Point"",""coordinates"":[81.91842565278488,28.44140119060101]}"
1317,,,,,DISCARDED (Insufficient Samples),,,,"{""type"":""Point"",""coordinates"":[81.89355407357031,28.438138490781967]}"
1318,,,,,DISCARDED (Insufficient Samples),,,,"{""type"":""Point"",""coordinates"":[82.06022453584659,28.444582756141802]}"
1319,0.5141,0.2541,0.9415,0.1254,DISCARDED (Static Vegetation / Low Amplitude),0.0,0.0,26.0,"{""type"":""Point"",""coordinates"":[82.77898949986484,28.468608487380497]}"
1320,0.5294,0.2523,0.8424,0.0647,DISCARDED (Static Vegetation / Low Amplitude),7.0,1.0,22.0,"{""type"":""Point"",""coordinates"":[82.5948605052829,28.459873901697694]}"
1321,0.5648,0.199,0.8641,0.0733,STABLE CROPLAND,1.0,1.0,22.0,"{""type"":""Point"",""coordinates"":[83.63901320076252,28.48853288632168]}"
1322,0.4817,0.1528,0.8769,0.0797,DISCARDED (Failed Phenology),6.0,1.0,22.0,"{""type"":""Point"",""coordinates"":[82.17903192918712,28.444413067294285]}"
1323,0.3628,0.1104,0.7776,0.1487,DISCARDED (Failed Phenology),7.0,5.0,22.0,"{""type"":""Point"",""coordinates"":[81.84376734063105,28.431387922718812]}"
1324,0.4408,0.1878,0.8308,0.0901,DISCARDED (Failed Phenology),7.0,2.0,21.0,"{""type"":""Point"",""coordinates"":[81.99950790929122,28.436927169243084]}"
1325,0.5497,0.2262,0.9262,0.0987,STABLE CROPLAND,1.0,1.0,23.0,"{""type"":""Point"",""coordinates"":[83.39698477137252,28.481194837952405]}"
1326,,,,,DISCARDED (Insufficient Samples),,,,"{""type"":""Point"",""coordinates"":[81.23455707976458,28.42037665913988]}"
1327,,,,,DISCARDED (Insufficient Samples),,,,"{""type"":""Point"",""coordinates"":[81.25649823574197,28.432500310362563]}"
1328,0.5427,0.1624,0.9331,0.0573,STABLE CROPLAND,3.0,1.0,22.0,"{""type"":""Point"",""coordinates"":[81.72972055071743,28.424643818646274]}"
1329,0.43,0.1739,0.7899,0.0942,DISCARDED (Failed Phenology),7.0,4.0,21.0,"{""type"":""Point"",""coordinates"":[82.28633637961951,28.44429423426958]}"
1330,,,,,DISCARDED (Insufficient Samples),,,,"{""type"":""Point"",""coordinates"":[81.12142269334306,28.39860348597889]}"
1331,,,,,DISCARDED (Insufficient Samples),,,,"{""type"":""Point"",""coordinates"":[81.86888145730069,28.434360228574434]}"
1332,0.4807,0.248,0.8688,0.1079,DISCARDED (Failed Phenology),4.0,1.0,23.0,"{""type"":""Point"",""coordinates"":[82.64365419890707,28.45604852195629]}"
1333,0.4398,0.1883,0.8853,0.1393,DISCARDED (Failed Phenology),4.0,1.0,22.0,"{""type"":""Point"",""coordinates"":[82.21549665638973,28.441172657945753]}"
1334,0.5391,0.1958,0.8755,0.0853,STABLE CROPLAND,1.0,1.0,22.0,"{""type"":""Point"",""coordinates"":[83.52618962025548,28.48078786951183]}"
1335,,,,,DISCARDED (Insufficient Samples),,,,"{""type"":""Point"",""coordinates"":[81.32179443517765,28.405407143986587]}"
1336,0.514,0.2117,0.9018,0.0772,DISCARDED (Failed Phenology),6.0,2.0,23.0,"{""type"":""Point"",""coordinates"":[82.50960030818791,28.448483563793463]}"
1337,,,,,DISCARDED (Insufficient Samples),,,,"{""type"":""Point"",""coordinates"":[81.21329190499789,28.399288762697715]}"
1338,0.5447,0.2441,0.8664,0.0507,STABLE CROPLAND,0.0,0.0,23.0,"{""type"":""Point"",""coordinates"":[84.8599305172727,28.5040504256292]}"
1339,0.5994,0.2446,0.8855,0.072,STABLE CROPLAND,2.0,1.0,22.0,"{""type"":""Point"",""coordinates"":[83.35793756332662,28.471783632982152]}"
1340,0.5448,0.2318,0.9002,0.0809,STABLE CROPLAND,0.0,0.0,23.0,"{""type"":""Point"",""coordinates"":[83.24317438255198,28.466939339117353]}"
1341,0.4862,0.1924,0.8364,0.0885,DISCARDED (Failed Phenology),7.0,1.0,20.0,"{""type"":""Point"",""coordinates"":[81.78957799845617,28.4197207744541]}"
1342,,,,,DISCARDED (Insufficient Samples),,,,"{""type"":""Point"",""coordinates"":[81.29758911881723,28.396040928442886]}"
1343,0.4758,0.1308,0.8507,0.0892,DISCARDED (Failed Phenology),5.0,2.0,23.0,"{""type"":""Point"",""coordinates"":[81.17825537564273,28.52284669925278]}"
1344,,,,,DISCARDED (Insufficient Samples),,,,"{""type"":""Point"",""coordinates"":[81.1129545351432,28.42628503932682]}"
1345,0.4782,0.2045,0.8684,0.088,DISCARDED (Failed Phenology),8.0,1.0,22.0,"{""type"":""Point"",""coordinates"":[81.19774231952786,28.546046205575603]}"
1346,,,,,DISCARDED (Insufficient Samples),,,,"{""type"":""Point"",""coordinates"":[81.09414353291112,28.394613790262202]}"
1347,,,,,DISCARDED (Insufficient Samples),,,,"{""type"":""Point"",""coordinates"":[81.21952489173336,28.55466379708956]}"
1348,,,,,DISCARDED (Insufficient Samples),,,,"{""type"":""Point"",""coordinates"":[81.08918544123932,28.413876932535974]}"
1349,0.5327,0.1884,0.8697,0.0688,STABLE CROPLAND,0.0,0.0,23.0,"{""type"":""Point"",""coordinates"":[83.33228819918402,28.465472017590947]}"
1350,0.5389,0.2829,0.9027,0.1321,DISCARDED (Static Vegetation / Low Amplitude),5.0,2.0,20.0,"{""type"":""Point"",""coordinates"":[82.55695579713596,28.440079040767543]}"
1351,,,,,DISCARDED (Insufficient Samples),,,,"{""type"":""Point"",""coordinates"":[82.23673262465529,28.428198473533676]}"
1352,,,,,DISCARDED (Insufficient Samples),,,,"{""type"":""Point"",""coordinates"":[83.61928354836799,28.46770231515267]}"
1353,,,,,DISCARDED (Insufficient Samples),,,,"{""type"":""Point"",""coordinates"":[81.24569087184784,28.39504017568689]}"
1354,0.4806,0.1798,0.8587,0.1312,DISCARDED (Failed Phenology),6.0,3.0,19.0,"{""type"":""Point"",""coordinates"":[82.20066286544218,28.423029131604938]}"
1355,0.5487,0.243,0.8966,0.112,DISCARDED (Failed Phenology),6.0,1.0,20.0,"{""type"":""Point"",""coordinates"":[82.78522052782401,28.442530385839742]}"
1356,,,,,DISCARDED (Insufficient Samples),,,,"{""type"":""Point"",""coordinates"":[81.33548123425699,28.38616462773534]}"
1357,0.4651,0.1416,0.8007,0.0612,DISCARDED (Failed Phenology),4.0,1.0,21.0,"{""type"":""Point"",""coordinates"":[81.82474342411942,28.40675482665099]}"
1358,,,,,DISCARDED (Insufficient Samples),,,,"{""type"":""Point"",""coordinates"":[83.51838337647548,28.457155260310866]}"
1359,0.4488,0.1913,0.7789,0.0909,STABLE CROPLAND,2.0,1.0,28.0,"{""type"":""Point"",""coordinates"":[82.29639590688673,28.418604556503766]}"
1360,0.5845,0.1999,0.9191,0.0663,STABLE CROPLAND,2.0,1.0,21.0,"{""type"":""Point"",""coordinates"":[83.35357121945724,28.45042020160117]}"
1361,0.4886,0.1783,0.8947,0.1304,DISCARDED (Failed Phenology),5.0,2.0,19.0,"{""type"":""Point"",""coordinates"":[83.64967461464963,28.45771151543093]}"
1362,0.5163,0.1782,0.8558,0.0622,DISCARDED (Failed Phenology),4.0,2.0,23.0,"{""type"":""Point"",""coordinates"":[81.75537253936596,28.396521284603793]}"
1363,0.495,0.2075,0.7839,0.0753,DISCARDED (Failed Phenology),8.0,3.0,17.0,"{""type"":""Point"",""coordinates"":[82.41128261906142,28.419429043233126]}"
1364,0.4826,0.1752,0.9025,0.1329,DISCARDED (Failed Phenology),11.0,6.0,15.0,"{""type"":""Point"",""coordinates"":[82.45758342294064,28.421042885184637]}"
1365,0.4848,0.1904,0.874,0.1352,DISCARDED (Failed Phenology),7.0,4.0,17.0,"{""type"":""Point"",""coordinates"":[82.1712042588803,28.410952754274028]}"
1366,0.5612,0.241,0.8917,0.0612,STABLE CROPLAND,0.0,0.0,23.0,"{""type"":""Point"",""coordinates"":[84.86967824468837,28.479699067782146]}"
1367,,,,,DISCARDED (Insufficient Samples),,,,"{""type"":""Point"",""coordinates"":[81.30613932527469,28.431080384926577]}"
1368,0.4751,0.184,0.8951,0.122,STABLE CROPLAND,3.0,1.0,27.0,"{""type"":""Point"",""coordinates"":[82.80935004789724,28.43177382191443]}"
1369,0.4946,0.1616,0.863,0.0992,STABLE CROPLAND,0.0,0.0,23.0,"{""type"":""Point"",""coordinates"":[83.38601223098875,28.44834172480974]}"
1370,,,,,DISCARDED (Insufficient Samples),,,,"{""type"":""Point"",""coordinates"":[81.92148034755326,28.39923714063911]}"
1371,0.4126,0.1217,0.8101,0.1077,DISCARDED (Failed Phenology),6.0,3.0,21.0,"{""type"":""Point"",""coordinates"":[81.85225975176878,28.399775277359026]}"
1372,0.5138,0.2574,0.8888,0.1228,DISCARDED (Static Vegetation / Low Amplitude),4.0,1.0,23.0,"{""type"":""Point"",""coordinates"":[82.58682365789728,28.421011760822118]}"
1373,0.5335,0.2655,0.8742,0.102,DISCARDED (Static Vegetation / Low Amplitude),9.0,3.0,16.0,"{""type"":""Point"",""coordinates"":[82.96133030911543,28.434362003342773]}"
1374,,,,,DISCARDED (Insufficient Samples),,,,"{""type"":""Point"",""coordinates"":[81.18038329283935,28.383213565191546]}"
1375,,,,,DISCARDED (Insufficient Samples),,,,"{""type"":""Point"",""coordinates"":[81.14747563966002,28.379972102489987]}"
1376,,,,,DISCARDED (Insufficient Samples),,,,"{""type"":""Point"",""coordinates"":[81.16298778937926,28.43577434481344]}"
1377,,,,,DISCARDED (Insufficient Samples),,,,"{""type"":""Point"",""coordinates"":[81.18304142592818,28.41519806064259]}"
1378,,,,,DISCARDED (Insufficient Samples),,,,"{""type"":""Point"",""coordinates"":[81.16599524349917,28.39801079526442]}"
1379,,,,,DISCARDED (Insufficient Samples),,,,"{""type"":""Point"",""coordinates"":[81.14532070411829,28.40870157113239]}"
1380,0.5476,0.2637,0.8756,0.1029,DISCARDED (Static Vegetation / Low Amplitude),1.0,1.0,22.0,"{""type"":""Point"",""coordinates"":[83.24350774095399,28.43949629255103]}"
1381,,,,,DISCARDED (Insufficient Samples),,,,"{""type"":""Point"",""coordinates"":[81.24222924872421,28.368476794515907]}"
1382,0.5123,0.1785,0.9066,0.1229,STABLE CROPLAND,3.0,2.0,21.0,"{""type"":""Point"",""coordinates"":[83.67181202189305,28.447641530086944]}"
1383,0.5221,0.2929,0.8494,0.0833,DISCARDED (Static Vegetation / Low Amplitude),1.0,1.0,25.0,"{""type"":""Point"",""coordinates"":[83.10376641963394,28.430429333009236]}"
1384,0.5535,0.2356,0.8426,0.0855,STABLE CROPLAND,1.0,1.0,22.0,"{""type"":""Point"",""coordinates"":[83.59488358078033,28.443811398799536]}"
1385,0.5055,0.2281,0.9007,0.1108,DISCARDED (Failed Phenology),4.0,1.0,25.0,"{""type"":""Point"",""coordinates"":[82.55855188658178,28.414749552962355]}"
1386,,,,,DISCARDED (Insufficient Samples),,,,"{""type"":""Point"",""coordinates"":[81.8807544442576,28.39404271510101]}"
1387,0.6317,0.3196,0.8932,0.0765,DISCARDED (Static Vegetation / Low Amplitude),1.0,1.0,22.0,"{""type"":""Point"",""coordinates"":[83.62813745257401,28.44126505857412]}"
1388,0.5071,0.1889,0.8194,0.045,STABLE CROPLAND,0.0,0.0,23.0,"{""type"":""Point"",""coordinates"":[83.05753379148608,28.425892237635118]}"
1389,0.4273,0.1175,0.8812,0.0864,DISCARDED (Failed Phenology),7.0,2.0,18.0,"{""type"":""Point"",""coordinates"":[82.24265409210558,28.398558222974472]}"
1390,,,,,DISCARDED (Insufficient Samples),,,,"{""type"":""Point"",""coordinates"":[82.03172109168705,28.390877541427876]}"
1391,0.4884,0.1624,0.8945,0.091,DISCARDED (Failed Phenology),7.0,2.0,21.0,"{""type"":""Point"",""coordinates"":[82.48873925295841,28.406903594331418]}"
1392,,,,,DISCARDED (Insufficient Samples),,,,"{""type"":""Point"",""coordinates"":[81.33248856719756,28.367713671170176]}"
1393,,,,,DISCARDED (Insufficient Samples),,,,"{""type"":""Point"",""coordinates"":[81.22096146229096,28.354629428499845]}"
1394,0.5132,0.2339,0.7779,0.0657,DISCARDED (Static Vegetation / Low Amplitude),8.0,4.0,17.0,"{""type"":""Point"",""coordinates"":[81.77546959148499,28.377164925815634]}"
1395,,,,,DISCARDED (Insufficient Samples),,,,"{""type"":""Point"",""coordinates"":[82.19026259432214,28.391406060618557]}"
1396,0.5382,0.2445,0.9459,0.1084,STABLE CROPLAND,3.0,2.0,23.0,"{""type"":""Point"",""coordinates"":[82.986908497777,28.418169598250834]}"
1397,0.5256,0.2404,0.8999,0.1137,DISCARDED (Failed Phenology),7.0,2.0,17.0,"{""type"":""Point"",""coordinates"":[82.80816895145874,28.41116976759876]}"
1398,0.5119,0.2625,0.8566,0.0858,DISCARDED (Static Vegetation / Low Amplitude),0.0,0.0,23.0,"{""type"":""Point"",""coordinates"":[83.1858181836069,28.42087909119829]}"
1399,,,,,DISCARDED (Insufficient Samples),,,,"{""type"":""Point"",""coordinates"":[81.9055245880728,28.380103050701273]}"
1400,0.4987,0.2632,0.9771,0.1531,DISCARDED (Static Vegetation / Low Amplitude),3.0,1.0,20.0,"{""type"":""Point"",""coordinates"":[82.83914826735821,28.408998384966868]}"
1401,0.3935,0.1753,0.8633,0.1513,DISCARDED (Failed Phenology),7.0,2.0,20.0,"{""type"":""Point"",""coordinates"":[82.09121214948554,28.38342048364813]}"
1402,0.5639,0.317,0.8609,0.0753,DISCARDED (Static Vegetation / Low Amplitude),5.0,2.0,22.0,"{""type"":""Point"",""coordinates"":[83.53841994295841,28.42547410253713]}"
1403,0.4881,0.2153,0.8323,0.1038,STABLE CROPLAND,0.0,0.0,23.0,"{""type"":""Point"",""coordinates"":[83.35855717848266,28.42198069819717]}"
1404,0.5586,0.2818,0.8383,0.0656,DISCARDED (Static Vegetation / Low Amplitude),0.0,0.0,23.0,"{""type"":""Point"",""coordinates"":[83.3220835930195,28.417933256709503]}"
1405,,,,,DISCARDED (Insufficient Samples),,,,"{""type"":""Point"",""coordinates"":[81.33186090260133,28.3476409351317]}"
1406,0.4777,0.2563,0.8305,0.1058,DISCARDED (Static Vegetation / Low Amplitude),2.0,1.0,21.0,"{""type"":""Point"",""coordinates"":[82.58666381585634,28.390989849244697]}"
1407,0.503,0.2009,0.871,0.0803,STABLE CROPLAND,0.0,0.0,23.0,"{""type"":""Point"",""coordinates"":[83.10245975892028,28.410571947879205]}"
1408,0.5744,0.243,0.8745,0.0766,STABLE CROPLAND,1.0,1.0,22.0,"{""type"":""Point"",""coordinates"":[83.42010293279492,28.413821564162483]}"
1409,0.3848,0.1041,0.6789,0.0445,STABLE CROPLAND,2.0,2.0,21.0,"{""type"":""Point"",""coordinates"":[83.21561171309929,28.40759183194686]}"
1410,0.5385,0.2611,0.8956,0.0603,DISCARDED (Static Vegetation / Low Amplitude),0.0,0.0,23.0,"{""type"":""Point"",""coordinates"":[82.53998439603829,28.38601803444963]}"
1411,0.5337,0.2355,0.9279,0.0678,STABLE CROPLAND,0.0,0.0,23.0,"{""type"":""Point"",""coordinates"":[83.0796232505621,28.403010642887168]}"
1412,0.4619,0.1691,0.8584,0.0788,STABLE CROPLAND,0.0,0.0,23.0,"{""type"":""Point"",""coordinates"":[83.00358378750815,28.399647605236623]}"
1413,0.543,0.1974,0.9273,0.1087,DISCARDED (Failed Phenology),5.0,2.0,18.0,"{""type"":""Point"",""coordinates"":[82.72465846609472,28.390423197407078]}"
1414,,,,,DISCARDED (Insufficient Samples),,,,"{""type"":""Point"",""coordinates"":[83.5192569882543,28.410714872623227]}"
1415,0.5556,0.2133,0.8794,0.0613,STABLE CROPLAND,0.0,0.0,23.0,"{""type"":""Point"",""coordinates"":[84.89873187945716,28.439141069243448]}"
1416,0.5078,0.2887,0.8869,0.1325,DISCARDED (Static Vegetation / Low Amplitude),0.0,0.0,26.0,"{""type"":""Point"",""coordinates"":[83.0251436491179,28.397164910513897]}"
1417,0.516,0.1538,0.8922,0.0782,DISCARDED (Failed Phenology),9.0,2.0,16.0,"{""type"":""Point"",""coordinates"":[82.23953596616028,28.37094029590659]}"
1418,,,,,DISCARDED (Insufficient Samples),,,,"{""type"":""Point"",""coordinates"":[83.61447336085699,28.413610293996225]}"
1419,,,,,DISCARDED (Insufficient Samples),,,,"{""type"":""Point"",""coordinates"":[82.18308601426625,28.366743558976715]}"
1420,0.5311,0.2266,0.8622,0.057,DISCARDED (Failed Phenology),6.0,2.0,23.0,"{""type"":""Point"",""coordinates"":[81.72092167747189,28.349447004665695]}"
1421,,,,,DISCARDED (Insufficient Samples),,,,"{""type"":""Point"",""coordinates"":[81.37556160825079,28.33422600376715]}"
1422,0.5054,0.3013,0.8816,0.1271,DISCARDED (Static Vegetation / Low Amplitude),2.0,1.0,22.0,"{""type"":""Point"",""coordinates"":[82.82134478279865,28.38597406122748]}"
1423,0.615,0.2334,0.8776,0.109,DISCARDED (Failed Phenology),7.0,3.0,16.0,"{""type"":""Point"",""coordinates"":[83.81630937334073,28.41234134729481]}"
1424,,,,,DISCARDED (Insufficient Samples),,,,"{""type"":""Point"",""coordinates"":[81.42153864256069,28.335020318199042]}"
1425,0.5726,0.2655,0.9103,0.103,DISCARDED (Static Vegetation / Low Amplitude),4.0,3.0,20.0,"{""type"":""Point"",""coordinates"":[82.64027725663698,28.380358611045217]}"
1426,0.3988,0.1709,0.8581,0.1569,STABLE CROPLAND,3.0,2.0,21.0,"{""type"":""Point"",""coordinates"":[82.20604055749908,28.366284471146166]}"
1427,0.4289,0.1619,0.7671,0.0845,DISCARDED (Failed Phenology),7.0,2.0,22.0,"{""type"":""Point"",""coordinates"":[82.28315913181895,28.366918859681817]}"
1428,,,,,DISCARDED (Insufficient Samples),,,,"{""type"":""Point"",""coordinates"":[81.3219191117106,28.330334562912324]}"
1429,0.4813,0.251,0.8618,0.1215,DISCARDED (Static Vegetation / Low Amplitude),2.0,1.0,23.0,"{""type"":""Point"",""coordinates"":[83.25541213301892,28.398529601444146]}"
1430,0.5179,0.2113,0.8772,0.0966,STABLE CROPLAND,0.0,0.0,23.0,"{""type"":""Point"",""coordinates"":[83.59227317188869,28.405660992260835]}"
1431,,,,,DISCARDED (Insufficient Samples),,,,"{""type"":""Point"",""coordinates"":[81.46798829277493,28.34106064907321]}"
1432,0.482,0.1223,0.8763,0.0974,STABLE CROPLAND,1.0,1.0,22.0,"{""type"":""Point"",""coordinates"":[83.40647873730686,28.40021364520777]}"
1433,,,,,DISCARDED (Insufficient Samples),,,,"{""type"":""Point"",""coordinates"":[83.5525183368286,28.405751670270366]}"
1434,0.5789,0.075,0.8968,0.0714,DISCARDED (Failed Phenology),4.0,1.0,19.0,"{""type"":""Point"",""coordinates"":[83.48174454529148,28.40162573465073]}"
1435,0.5415,0.1768,0.8653,0.121,DISCARDED (Failed Phenology),7.0,3.0,16.0,"{""type"":""Point"",""coordinates"":[83.78457631726596,28.408470245856964]}"
1436,0.4303,0.1807,0.857,0.1425,STABLE CROPLAND,3.0,1.0,23.0,"{""type"":""Point"",""coordinates"":[82.85745927761735,28.38322176374949]}"
1437,0.5477,0.2665,0.8696,0.0997,DISCARDED (Static Vegetation / Low Amplitude),6.0,2.0,19.0,"{""type"":""Point"",""coordinates"":[82.74423137509704,28.37830866095443]}"
1438,0.5823,0.2393,0.8889,0.0795,STABLE CROPLAND,0.0,0.0,23.0,"{""type"":""Point"",""coordinates"":[83.38062198117906,28.396815895572896]}"
1439,0.5313,0.2028,0.8464,0.0855,DISCARDED (Failed Phenology),9.0,2.0,16.0,"{""type"":""Point"",""coordinates"":[81.74223900378001,28.34416625665174]}"
1440,0.5144,0.1689,0.9083,0.0687,STABLE CROPLAND,0.0,0.0,23.0,"{""type"":""Point"",""coordinates"":[83.10259500407481,28.387408532313998]}"
1441,0.5337,0.1593,0.9111,0.0764,STABLE CROPLAND,2.0,1.0,24.0,"{""type"":""Point"",""coordinates"":[83.33785259529337,28.3960518991626]}"
1442,0.4976,0.1937,0.8853,0.1023,DISCARDED (Failed Phenology),9.0,3.0,18.0,"{""type"":""Point"",""coordinates"":[82.55304094004057,28.371468889962195]}"
1443,0.4963,0.1837,0.8572,0.0844,STABLE CROPLAND,1.0,1.0,23.0,"{""type"":""Point"",""coordinates"":[83.19309506629703,28.39069573435365]}"
1444,0.4584,0.1408,0.7867,0.0491,STABLE CROPLAND,0.0,0.0,23.0,"{""type"":""Point"",""coordinates"":[83.23137056970732,28.388538970661013]}"
1445,0.5002,0.1883,0.8226,0.1152,STABLE CROPLAND,3.0,1.0,20.0,"{""type"":""Point"",""coordinates"":[83.43308673446258,28.393949216890817]}"
1446,,,,,DISCARDED (Insufficient Samples),,,,"{""type"":""Point"",""coordinates"":[83.57384053082353,28.395582895303544]}"
1447,0.5562,0.2476,0.875,0.0587,STABLE CROPLAND,0.0,0.0,23.0,"{""type"":""Point"",""coordinates"":[83.30516497923576,28.38879039963334]}"
1448,,,,,DISCARDED (Insufficient Samples),,,,"{""type"":""Point"",""coordinates"":[83.46265628588233,28.391847474523605]}"
1449,0.4535,0.1521,0.8894,0.0896,STABLE CROPLAND,0.0,0.0,23.0,"{""type"":""Point"",""coordinates"":[83.12923040633227,28.37787161484885]}"
1450,0.539,0.2154,0.9032,0.104,STABLE CROPLAND,0.0,0.0,24.0,"{""type"":""Point"",""coordinates"":[83.0586998818114,28.37436163734975]}"
1451,0.4634,0.2211,0.8518,0.1404,DISCARDED (Failed Phenology),5.0,2.0,19.0,"{""type"":""Point"",""coordinates"":[82.89975475121943,28.373258786300667]}"
1452,0.4021,0.1899,0.8678,0.1065,DISCARDED (Failed Phenology),6.0,2.0,21.0,"{""type"":""Point"",""coordinates"":[81.97729253828788,28.337381323347866]}"
1453,0.5292,0.2107,0.8915,0.0956,STABLE CROPLAND,2.0,1.0,22.0,"{""type"":""Point"",""coordinates"":[82.62080285282968,28.35908761895069]}"
1454,0.5176,0.2368,0.8617,0.1008,STABLE CROPLAND,1.0,1.0,23.0,"{""type"":""Point"",""coordinates"":[83.20532755556022,28.375208147663383]}"
1455,0.5592,0.2005,0.872,0.0947,DISCARDED (Failed Phenology),4.0,1.0,23.0,"{""type"":""Point"",""coordinates"":[83.32377061048194,28.37849897708766]}"
1456,0.5126,0.2433,0.8122,0.0838,DISCARDED (Failed Phenology),7.0,3.0,17.0,"{""type"":""Point"",""coordinates"":[82.7896619293593,28.361982391027308]}"
1457,0.5143,0.2255,0.9043,0.1269,STABLE CROPLAND,1.0,1.0,22.0,"{""type"":""Point"",""coordinates"":[83.5073015528583,28.382875539838317]}"
1458,,,,,DISCARDED (Insufficient Samples),,,,"{""type"":""Point"",""coordinates"":[83.53847497715512,28.3855160754314]}"
1459,0.5518,0.2404,0.8767,0.0759,DISCARDED (Failed Phenology),10.0,4.0,16.0,"{""type"":""Point"",""coordinates"":[82.66738486064979,28.358247745396824]}"
1460,0.5228,0.1957,0.8844,0.093,STABLE CROPLAND,0.0,0.0,23.0,"{""type"":""Point"",""coordinates"":[83.483485813236,28.380489818803795]}"
1461,0.5142,0.1946,0.8563,0.1082,DISCARDED (Failed Phenology),6.0,3.0,21.0,"{""type"":""Point"",""coordinates"":[83.81904775368452,28.389004401386654]}"
1462,0.582,0.2479,0.8653,0.082,DISCARDED (Failed Phenology),4.0,2.0,19.0,"{""type"":""Point"",""coordinates"":[83.38218434219542,28.377955993808303]}"
1463,0.4807,0.18,0.782,0.0817,DISCARDED (Failed Phenology),9.0,2.0,15.0,"{""type"":""Point"",""coordinates"":[81.79136588705929,28.32523687497291]}"
1464,,,,,DISCARDED (Insufficient Samples),,,,"{""type"":""Point"",""coordinates"":[82.2230956516423,28.345301728352553]}"
1465,0.3973,0.1945,0.7776,0.119,DISCARDED (Failed Phenology),5.0,2.0,18.0,"{""type"":""Point"",""coordinates"":[82.2760187863433,28.34232345141348]}"
1466,0.4206,0.1482,0.8408,0.1018,STABLE CROPLAND,0.0,0.0,25.0,"{""type"":""Point"",""coordinates"":[84.88930453430704,28.413460017983656]}"
1467,0.5122,0.2259,0.8398,0.1017,STABLE CROPLAND,1.0,1.0,23.0,"{""type"":""Point"",""coordinates"":[83.02687417913504,28.3627414202431]}"
1468,,,,,DISCARDED (Insufficient Samples),,,,"{""type"":""Point"",""coordinates"":[81.42416185886283,28.303915813024012]}"
1469,0.3662,0.1167,0.8899,0.1048,DISCARDED (Failed Phenology),5.0,2.0,22.0,"{""type"":""Point"",""coordinates"":[81.47041198258486,28.3105312723891]}"
1470,0.5323,0.227,0.8556,0.0664,DISCARDED (Failed Phenology),7.0,2.0,18.0,"{""type"":""Point"",""coordinates"":[81.99311617954316,28.32295862888194]}"
1471,0.5739,0.3231,0.957,0.083,DISCARDED (Static Vegetation / Low Amplitude),3.0,1.0,24.0,"{""type"":""Point"",""coordinates"":[83.14045111819023,28.358808358439184]}"
1472,0.4974,0.2163,0.8699,0.0896,DISCARDED (Failed Phenology),7.0,2.0,19.0,"{""type"":""Point"",""coordinates"":[82.85727423134031,28.350012262753626]}"
1473,0.5294,0.232,0.8952,0.0978,STABLE CROPLAND,2.0,2.0,21.0,"{""type"":""Point"",""coordinates"":[83.54792906781542,28.368840314542588]}"
1474,0.4324,0.164,0.834,0.1274,STABLE CROPLAND,1.0,1.0,22.0,"{""type"":""Point"",""coordinates"":[82.59862684002138,28.338894678624502]}"
1475,0.5594,0.2811,0.8579,0.0663,DISCARDED (Static Vegetation / Low Amplitude),1.0,1.0,22.0,"{""type"":""Point"",""coordinates"":[83.0682154755954,28.35247242766637]}"
1476,0.5698,0.2541,0.8807,0.0719,DISCARDED (Static Vegetation / Low Amplitude),5.0,2.0,19.0,"{""type"":""Point"",""coordinates"":[83.42342830386579,28.361428571009217]}"
1477,,,,,DISCARDED (Insufficient Samples),,,,"{""type"":""Point"",""coordinates"":[84.40367933681652,28.383214878635858]}"
1478,,,,,DISCARDED (Insufficient Samples),,,,"{""type"":""Point"",""coordinates"":[82.25766069983453,28.330580257907574]}"
1479,0.5241,0.2711,0.8933,0.1157,DISCARDED (Static Vegetation / Low Amplitude),5.0,1.0,22.0,"{""type"":""Point"",""coordinates"":[82.7487903802447,28.341661730154843]}"
1480,0.4742,0.1877,0.8567,0.1169,DISCARDED (Failed Phenology),5.0,1.0,23.0,"{""type"":""Point"",""coordinates"":[82.23449476391224,28.32292430029781]}"
1481,0.5489,0.2596,0.9212,0.1033,DISCARDED (Static Vegetation / Low Amplitude),1.0,1.0,22.0,"{""type"":""Point"",""coordinates"":[83.10284364894618,28.35144517830451]}"
1482,0.5625,0.2262,0.861,0.0654,STABLE CROPLAND,1.0,1.0,22.0,"{""type"":""Point"",""coordinates"":[83.48591714999466,28.361256052332298]}"
1483,,,,,DISCARDED (Insufficient Samples),,,,"{""type"":""Point"",""coordinates"":[81.40916457837689,28.290148229561687]}"
1484,0.4801,0.1439,0.8365,0.074,STABLE CROPLAND,0.0,0.0,23.0,"{""type"":""Point"",""coordinates"":[84.89060021261963,28.389234858930156]}"
1485,0.4057,0.1699,0.7891,0.073,DISCARDED (Failed Phenology),7.0,1.0,22.0,"{""type"":""Point"",""coordinates"":[81.93952019322595,28.308582686283298]}"
1486,0.5076,0.2459,0.8324,0.0837,STABLE CROPLAND,0.0,0.0,23.0,"{""type"":""Point"",""coordinates"":[82.70813191749767,28.334793933318203]}"
1487,0.4829,0.1567,0.8367,0.0766,STABLE CROPLAND,0.0,0.0,23.0,"{""type"":""Point"",""coordinates"":[83.16206204628632,28.34789552333387]}"
1488,0.5128,0.2466,0.8568,0.093,STABLE CROPLAND,1.0,1.0,22.0,"{""type"":""Point"",""coordinates"":[83.45410935383953,28.355758575495592]}"
1489,0.4028,0.1426,0.8308,0.1569,STABLE CROPLAND,3.0,1.0,20.0,"{""type"":""Point"",""coordinates"":[81.82009937867903,28.302343890020886]}"
1490,0.5245,0.2004,0.8625,0.0859,STABLE CROPLAND,0.0,0.0,23.0,"{""type"":""Point"",""coordinates"":[83.87594487817981,28.364207167608495]}"
1491,0.4687,0.1958,0.7673,0.0764,DISCARDED (Failed Phenology),6.0,2.0,17.0,"{""type"":""Point"",""coordinates"":[81.56217705257012,28.290705224885528]}"
1492,0.4911,0.1956,0.7965,0.0702,DISCARDED (Failed Phenology),12.0,3.0,14.0,"{""type"":""Point"",""coordinates"":[82.47666283733851,28.322775292626332]}"
1493,0.3923,0.0803,0.7945,0.1006,DISCARDED (Failed Phenology),5.0,1.0,25.0,"{""type"":""Point"",""coordinates"":[81.43589017780725,28.288177322454867]}"
1494,0.4702,0.1785,0.8403,0.0925,STABLE CROPLAND,0.0,0.0,23.0,"{""type"":""Point"",""coordinates"":[83.51553357576587,28.352482743312326]}"
1495,,,,,DISCARDED (Insufficient Samples),,,,"{""type"":""Point"",""coordinates"":[83.80231629147114,28.358478266704203]}"
1496,0.4747,0.1868,0.8569,0.0903,DISCARDED (Failed Phenology),9.0,2.0,17.0,"{""type"":""Point"",""coordinates"":[82.45241307347229,28.317825707812172]}"
1497,,,,,DISCARDED (Insufficient Samples),,,,"{""type"":""Point"",""coordinates"":[81.46009041950457,28.280869278746493]}"
1498,0.4249,0.1413,0.8933,0.1081,STABLE CROPLAND,3.0,1.0,28.0,"{""type"":""Point"",""coordinates"":[81.5366071816191,28.2886178895199]}"
1499,0.4007,0.2169,0.7443,0.1035,DISCARDED (Static Vegetation / Low Amplitude),6.0,3.0,23.0,"{""type"":""Point"",""coordinates"":[82.76432215746038,28.3277393963942]}"
1500,0.5273,0.2353,0.9024,0.1167,STABLE CROPLAND,0.0,0.0,23.0,"{""type"":""Point"",""coordinates"":[83.57349244636619,28.349449838903883]}"
1501,0.5242,0.2685,0.8672,0.0732,DISCARDED (Static Vegetation / Low Amplitude),0.0,0.0,23.0,"{""type"":""Point"",""coordinates"":[83.54294508830324,28.346815930337907]}"
1502,,,,,DISCARDED (Insufficient Samples),,,,"{""type"":""Point"",""coordinates"":[81.38048875660655,28.275078228327065]}"
1503,,,,,DISCARDED (Insufficient Samples),,,,"{""type"":""Point"",""coordinates"":[84.39396794481428,28.364964298548163]}"
1504,,,,,DISCARDED (Insufficient Samples),,,,"{""type"":""Point"",""coordinates"":[84.10953347464786,28.35875680148896]}"
1505,0.5161,0.2185,0.8851,0.1065,STABLE CROPLAND,3.0,1.0,26.0,"{""type"":""Point"",""coordinates"":[82.26776240610141,28.305689804338417]}"
1506,0.472,0.1859,0.8468,0.0941,DISCARDED (Failed Phenology),4.0,1.0,21.0,"{""type"":""Point"",""coordinates"":[82.79552537088057,28.32195468347774]}"
1507,0.3435,0.1569,0.8391,0.1621,DISCARDED (Failed Phenology),6.0,2.0,18.0,"{""type"":""Point"",""coordinates"":[82.40698151353288,28.307874378138667]}"
1508,0.429,0.1405,0.7857,0.0555,STABLE CROPLAND,3.0,1.0,29.0,"{""type"":""Point"",""coordinates"":[81.60238708984161,28.281729543706433]}"
1509,0.5083,0.2357,0.8499,0.1133,STABLE CROPLAND,3.0,2.0,21.0,"{""type"":""Point"",""coordinates"":[83.08045872830748,28.32849036387293]}"
1510,0.4842,0.1676,0.8574,0.0767,STABLE CROPLAND,0.0,0.0,27.0,"{""type"":""Point"",""coordinates"":[83.10149288808972,28.328485259701736]}"
1511,0.5361,0.3273,0.8071,0.0754,DISCARDED (Static Vegetation / Low Amplitude),2.0,1.0,26.0,"{""type"":""Point"",""coordinates"":[83.6191124599966,28.33799733509754]}"
1512,0.4905,0.2211,0.8655,0.0864,STABLE CROPLAND,3.0,1.0,24.0,"{""type"":""Point"",""coordinates"":[82.73646857975027,28.312401650437995]}"
1513,,,,,DISCARDED (Insufficient Samples),,,,"{""type"":""Point"",""coordinates"":[81.31171780026148,28.297792387592086]}"
1514,,,,,DISCARDED (Insufficient Samples),,,,"{""type"":""Point"",""coordinates"":[81.3972544401129,28.355535682448203]}"
1515,,,,,DISCARDED (Insufficient Samples),,,,"{""type"":""Point"",""coordinates"":[81.42203184881484,28.36415656144879]}"
1516,,,,,DISCARDED (Insufficient Samples),,,,"{""type"":""Point"",""coordinates"":[81.340625236835,28.309431987460492]}"
1517,,,,,DISCARDED (Insufficient Samples),,,,"{""type"":""Point"",""coordinates"":[81.34872254684126,28.284511070430064]}"
1518,,,,,DISCARDED (Insufficient Samples),,,,"{""type"":""Point"",""coordinates"":[81.38884432518896,28.298764014373422]}"
1519,,,,,DISCARDED (Insufficient Samples),,,,"{""type"":""Point"",""coordinates"":[81.36840695085611,28.301892742820684]}"
1520,0.4349,0.1754,0.8049,0.1149,DISCARDED (Failed Phenology),5.0,2.0,18.0,"{""type"":""Point"",""coordinates"":[81.65235134816025,28.28525609681493]}"
1521,0.44,0.1726,0.8392,0.1356,STABLE CROPLAND,3.0,1.0,24.0,"{""type"":""Point"",""coordinates"":[82.3579589725061,28.298224498689983]}"
1522,0.5024,0.1954,0.8423,0.094,STABLE CROPLAND,0.0,0.0,23.0,"{""type"":""Point"",""coordinates"":[83.73493775881518,28.33772385776005]}"
1523,0.5292,0.2091,0.8804,0.105,STABLE CROPLAND,1.0,1.0,22.0,"{""type"":""Point"",""coordinates"":[83.79452018363425,28.34019936475197]}"
1524,0.5154,0.282,0.845,0.0675,DISCARDED (Static Vegetation / Low Amplitude),0.0,0.0,23.0,"{""type"":""Point"",""coordinates"":[83.15915653186146,28.325477746783935]}"
1525,0.5224,0.2425,0.8621,0.0629,DISCARDED (Failed Phenology),5.0,1.0,21.0,"{""type"":""Point"",""coordinates"":[82.0451420225859,28.28709114314325]}"
1526,,,,,DISCARDED (Insufficient Samples),,,,"{""type"":""Point"",""coordinates"":[81.39233488963197,28.260403391753915]}"
1527,0.4873,0.1346,0.8629,0.0872,STABLE CROPLAND,3.0,1.0,25.0,"{""type"":""Point"",""coordinates"":[82.25008206161655,28.289882031404446]}"
1528,0.5069,0.1828,0.858,0.0781,DISCARDED (Failed Phenology),5.0,1.0,20.0,"{""type"":""Point"",""coordinates"":[82.5819525182005,28.301037213947403]}"
1529,0.4349,0.2284,0.8474,0.1077,STABLE CROPLAND,3.0,1.0,25.0,"{""type"":""Point"",""coordinates"":[82.21719547902184,28.28875850701589]}"
1530,0.3813,0.1568,0.7103,0.0738,STABLE CROPLAND,0.0,0.0,23.0,"{""type"":""Point"",""coordinates"":[84.90129363741164,28.356505463295186]}"
1531,,,,,DISCARDED (Insufficient Samples),,,,"{""type"":""Point"",""coordinates"":[81.37048484935103,28.258304559693805]}"
1532,0.4592,0.1555,0.8543,0.0562,DISCARDED (Failed Phenology),9.0,2.0,18.0,"{""type"":""Point"",""coordinates"":[82.33777686162011,28.292074342698097]}"
1533,0.5156,0.1666,0.852,0.0642,STABLE CROPLAND,1.0,1.0,23.0,"{""type"":""Point"",""coordinates"":[82.95100547316012,28.310739323468468]}"
1534,0.5358,0.1695,0.8752,0.057,DISCARDED (Failed Phenology),8.0,2.0,18.0,"{""type"":""Point"",""coordinates"":[82.77763767262029,28.3055811040036]}"
1535,0.3893,0.1449,0.7553,0.0986,DISCARDED (Failed Phenology),7.0,2.0,22.0,"{""type"":""Point"",""coordinates"":[81.58834768498838,28.268031307656937]}"
1536,0.4997,0.2079,0.8554,0.0918,DISCARDED (Failed Phenology),4.0,1.0,21.0,"{""type"":""Point"",""coordinates"":[82.83981319143741,28.30508167061183]}"
1537,0.4549,0.1291,0.8601,0.1047,STABLE CROPLAND,2.0,1.0,28.0,"{""type"":""Point"",""coordinates"":[82.09126170498354,28.280975340628604]}"
1538,0.5305,0.1666,0.8457,0.0724,STABLE CROPLAND,2.0,1.0,21.0,"{""type"":""Point"",""coordinates"":[81.66325503138245,28.263512261132117]}"
1539,0.4912,0.1915,0.87,0.0826,STABLE CROPLAND,0.0,0.0,23.0,"{""type"":""Point"",""coordinates"":[83.77376271524841,28.328848652950725]}"
1540,0.5256,0.2386,0.8119,0.074,DISCARDED (Failed Phenology),9.0,2.0,20.0,"{""type"":""Point"",""coordinates"":[82.8196933871462,28.302090221472813]}"
1541,0.4388,0.1433,0.8419,0.0793,STABLE CROPLAND,3.0,2.0,27.0,"{""type"":""Point"",""coordinates"":[82.17880607314034,28.28064388572356]}"
1542,0.4267,0.1961,0.8588,0.1094,DISCARDED (Failed Phenology),5.0,1.0,21.0,"{""type"":""Point"",""coordinates"":[82.1558391320333,28.278009363723815]}"
1543,0.4241,0.1395,0.7283,0.076,DISCARDED (Failed Phenology),5.0,3.0,23.0,"{""type"":""Point"",""coordinates"":[81.91504766217096,28.269362942021356]}"
1544,0.5765,0.3519,0.885,0.098,DISCARDED (Static Vegetation / Low Amplitude),2.0,1.0,23.0,"{""type"":""Point"",""coordinates"":[83.59796022215438,28.320173969204337]}"
1545,0.5593,0.2409,0.8684,0.0823,DISCARDED (Failed Phenology),7.0,2.0,18.0,"{""type"":""Point"",""coordinates"":[83.5431187470587,28.31756780520906]}"
1546,0.4338,0.1375,0.7944,0.0537,DISCARDED (Failed Phenology),4.0,1.0,22.0,"{""type"":""Point"",""coordinates"":[81.88915733780715,28.269333345861813]}"
1547,0.4656,0.1871,0.8869,0.1251,STABLE CROPLAND,3.0,1.0,27.0,"{""type"":""Point"",""coordinates"":[82.29529925121787,28.279299062814445]}"
1548,,,,,DISCARDED (Insufficient Samples),,,,"{""type"":""Point"",""coordinates"":[84.38390628941988,28.334906341416335]}"
1549,0.4973,0.1665,0.9209,0.0781,STABLE CROPLAND,0.0,0.0,23.0,"{""type"":""Point"",""coordinates"":[83.57632098999053,28.317761096228697]}"
1550,0.4888,0.1748,0.8151,0.0833,DISCARDED (Failed Phenology),7.0,1.0,20.0,"{""type"":""Point"",""coordinates"":[82.0553511911524,28.268654545861295]}"
1551,0.5075,0.2427,0.8643,0.0577,DISCARDED (Failed Phenology),5.0,2.0,22.0,"{""type"":""Point"",""coordinates"":[82.70990896368157,28.288715480940564]}"
1552,,,,,DISCARDED (Insufficient Samples),,,,"{""type"":""Point"",""coordinates"":[83.95450847017146,28.321764215174582]}"
1553,0.3895,0.1135,0.7277,0.0903,DISCARDED (Failed Phenology),6.0,2.0,23.0,"{""type"":""Point"",""coordinates"":[81.53516309540676,28.265541774498622]}"
1554,,,,,DISCARDED (Insufficient Samples),,,,"{""type"":""Point"",""coordinates"":[81.3818292865369,28.23808183329064]}"
1555,,,,,DISCARDED (Insufficient Samples),,,,"{""type"":""Point"",""coordinates"":[84.41844459006614,28.328865170593748]}"
1556,0.4804,0.172,0.8175,0.0787,STABLE CROPLAND,1.0,1.0,22.0,"{""type"":""Point"",""coordinates"":[84.8980466804015,28.3378088583958]}"
1557,0.4724,0.2004,0.8857,0.1109,STABLE CROPLAND,1.0,1.0,22.0,"{""type"":""Point"",""coordinates"":[82.54216182724586,28.279571164986965]}"
1558,0.4331,0.1419,0.7816,0.0971,DISCARDED (Failed Phenology),4.0,1.0,24.0,"{""type"":""Point"",""coordinates"":[81.52573175250288,28.24763818182175]}"
1559,0.5306,0.2283,0.9227,0.0996,DISCARDED (Failed Phenology),6.0,2.0,17.0,"{""type"":""Point"",""coordinates"":[81.58606296966762,28.243678693525496]}"
1560,,,,,DISCARDED (Insufficient Samples),,,,"{""type"":""Point"",""coordinates"":[83.90147087276932,28.314704142190024]}"
1561,0.4613,0.1594,0.8209,0.1146,DISCARDED (Failed Phenology),5.0,1.0,20.0,"{""type"":""Point"",""coordinates"":[81.93324350854203,28.2571146261537]}"
1562,0.4876,0.2078,0.8869,0.0871,DISCARDED (Failed Phenology),9.0,2.0,15.0,"{""type"":""Point"",""coordinates"":[82.93550133713394,28.289144394560545]}"
1563,0.5054,0.2334,0.9392,0.1349,DISCARDED (Failed Phenology),4.0,1.0,24.0,"{""type"":""Point"",""coordinates"":[82.7373517656286,28.2816708567581]}"
1564,,,,,DISCARDED (Insufficient Samples),,,,"{""type"":""Point"",""coordinates"":[84.2590772333545,28.320878460615425]}"
1565,0.5307,0.2214,0.8864,0.0849,DISCARDED (Failed Phenology),7.0,2.0,19.0,"{""type"":""Point"",""coordinates"":[82.69205405765726,28.27940164677165]}"
1566,0.4065,0.1253,0.8064,0.0901,DISCARDED (Failed Phenology),7.0,2.0,21.0,"{""type"":""Point"",""coordinates"":[81.95423183632657,28.2541864681168]}"
1567,0.5904,0.2948,0.8842,0.0708,DISCARDED (Static Vegetation / Low Amplitude),2.0,2.0,21.0,"{""type"":""Point"",""coordinates"":[82.61869925519807,28.276245623931775]}"
1568,0.3866,0.16,0.7169,0.1039,DISCARDED (Failed Phenology),4.0,1.0,20.0,"{""type"":""Point"",""coordinates"":[81.66218881250295,28.24139731217649]}"
1569,,,,,DISCARDED (Insufficient Samples),,,,"{""type"":""Point"",""coordinates"":[81.41891365003468,28.262929439330588]}"
1570,0.5437,0.2,0.9084,0.0735,STABLE CROPLAND,0.0,0.0,23.0,"{""type"":""Point"",""coordinates"":[83.18514778263003,28.29348440372529]}"
1571,0.4926,0.1721,0.863,0.0515,STABLE CROPLAND,0.0,0.0,23.0,"{""type"":""Point"",""coordinates"":[83.21865881467956,28.29323179339979]}"
1572,,,,,DISCARDED (Insufficient Samples),,,,"{""type"":""Point"",""coordinates"":[84.39681257928989,28.319139185422557]}"
1573,0.5064,0.23,0.847,0.0988,DISCARDED (Failed Phenology),8.0,1.0,21.0,"{""type"":""Point"",""coordinates"":[82.850928104511,28.28223460146872]}"
1574,0.5406,0.1952,0.8968,0.0626,STABLE CROPLAND,0.0,0.0,23.0,"{""type"":""Point"",""coordinates"":[83.15034825111907,28.28952144808704]}"
1575,0.4562,0.1452,0.7643,0.0812,DISCARDED (Failed Phenology),7.0,3.0,21.0,"{""type"":""Point"",""coordinates"":[81.68685250277167,28.26047832890626]}"
1576,0.4797,0.1898,0.7925,0.0852,DISCARDED (Failed Phenology),6.0,1.0,19.0,"{""type"":""Point"",""coordinates"":[83.03815825698666,28.284500393920148]}"
1577,0.5169,0.1871,0.8913,0.098,DISCARDED (Failed Phenology),5.0,1.0,18.0,"{""type"":""Point"",""coordinates"":[83.00346677414854,28.282423155007873]}"
1578,0.4052,0.1066,0.8592,0.1068,DISCARDED (Failed Phenology),4.0,1.0,25.0,"{""type"":""Point"",""coordinates"":[81.54519936799254,28.233199778567627]}"
1579,0.4689,0.2208,0.8064,0.0834,STABLE CROPLAND,3.0,1.0,20.0,"{""type"":""Point"",""coordinates"":[82.5704763895708,28.268201128829226]}"
1580,0.4822,0.1821,0.9074,0.0998,STABLE CROPLAND,0.0,0.0,23.0,"{""type"":""Point"",""coordinates"":[82.8034266766586,28.2760741631457]}"
1581,0.556,0.1919,0.8668,0.0471,STABLE CROPLAND,0.0,0.0,23.0,"{""type"":""Point"",""coordinates"":[83.25098997890623,28.287424635443372]}"
1582,0.4023,0.1523,0.745,0.1079,DISCARDED (Failed Phenology),5.0,1.0,24.0,"{""type"":""Point"",""coordinates"":[81.68276877018774,28.233471332092574]}"
1583,0.5449,0.2554,0.8479,0.0746,DISCARDED (Static Vegetation / Low Amplitude),1.0,1.0,22.0,"{""type"":""Point"",""coordinates"":[83.73296632559283,28.295500916964585]}"
1584,0.525,0.2489,0.8096,0.0732,STABLE CROPLAND,1.0,1.0,22.0,"{""type"":""Point"",""coordinates"":[83.4287822153152,28.28735274879453]}"
1585,0.4248,0.1375,0.8161,0.1083,STABLE CROPLAND,3.0,2.0,21.0,"{""type"":""Point"",""coordinates"":[81.4100904387708,28.219025944386637]}"
1586,0.5071,0.1635,0.858,0.0886,STABLE CROPLAND,0.0,0.0,23.0,"{""type"":""Point"",""coordinates"":[83.76060188847698,28.294691577693246]}"
1587,0.4829,0.1884,0.8541,0.1044,STABLE CROPLAND,2.0,1.0,21.0,"{""type"":""Point"",""coordinates"":[83.12542972779175,28.276795490044634]}"
1588,0.4454,0.1646,0.8409,0.1135,STABLE CROPLAND,0.0,0.0,23.0,"{""type"":""Point"",""coordinates"":[83.59717505276114,28.290677030710416]}"
1589,0.5288,0.203,0.8874,0.079,STABLE CROPLAND,0.0,0.0,23.0,"{""type"":""Point"",""coordinates"":[83.17748320999374,28.275802668321354]}"
1590,0.5089,0.2365,0.8462,0.1025,DISCARDED (Failed Phenology),4.0,1.0,22.0,"{""type"":""Point"",""coordinates"":[82.94872501331417,28.26581797075094]}"
1591,0.5301,0.2289,0.8409,0.0938,DISCARDED (Failed Phenology),7.0,3.0,17.0,"{""type"":""Point"",""coordinates"":[82.72985746284503,28.258247943998395]}"
1592,0.4455,0.2056,0.8526,0.1115,STABLE CROPLAND,1.0,1.0,22.0,"{""type"":""Point"",""coordinates"":[82.76312815969827,28.264184372607303]}"
1593,,,,,DISCARDED (Insufficient Samples),,,,"{""type"":""Point"",""coordinates"":[84.37971847491879,28.300128738419502]}"
1594,0.5342,0.2354,0.8825,0.0743,STABLE CROPLAND,1.0,1.0,22.0,"{""type"":""Point"",""coordinates"":[83.50722407575908,28.27923178260068]}"
1595,0.3712,0.1242,0.7947,0.1317,DISCARDED (Failed Phenology),5.0,1.0,19.0,"{""type"":""Point"",""coordinates"":[82.53803895269283,28.250748984622042]}"
1596,0.4536,0.1757,0.7448,0.0887,DISCARDED (Failed Phenology),7.0,3.0,22.0,"{""type"":""Point"",""coordinates"":[81.56269496485898,28.255259155450844]}"
1597,0.3603,0.1365,0.7788,0.0983,DISCARDED (Failed Phenology),4.0,1.0,24.0,"{""type"":""Point"",""coordinates"":[81.95646964819173,28.23222168260857]}"
1598,0.5552,0.2518,0.8822,0.0822,DISCARDED (Static Vegetation / Low Amplitude),1.0,1.0,22.0,"{""type"":""Point"",""coordinates"":[83.94682820253954,28.29024246874704]}"
1599,0.57,0.278,0.8481,0.0614,DISCARDED (Static Vegetation / Low Amplitude),3.0,2.0,20.0,"{""type"":""Point"",""coordinates"":[83.53476007522993,28.276782596789314]}"
1600,0.3692,0.152,0.7388,0.1079,STABLE CROPLAND,3.0,2.0,20.0,"{""type"":""Point"",""coordinates"":[82.11447449505832,28.23254807468071]}"
1601,0.4959,0.1557,0.8591,0.0968,DISCARDED (Failed Phenology),9.0,2.0,19.0,"{""type"":""Point"",""coordinates"":[82.6211793781436,28.249005118405996]}"
1602,0.3572,0.081,0.8111,0.1031,DISCARDED (Failed Phenology),7.0,2.0,22.0,"{""type"":""Point"",""coordinates"":[81.67793189689156,28.215339525463694]}"
1603,0.4073,0.1266,0.899,0.1149,STABLE CROPLAND,1.0,1.0,22.0,"{""type"":""Point"",""coordinates"":[83.61436094628063,28.277061896767776]}"
1604,0.3613,0.1219,0.7666,0.1508,DISCARDED (Failed Phenology),4.0,2.0,20.0,"{""type"":""Point"",""coordinates"":[81.51431192968589,28.214931834996317]}"
1605,0.3354,0.0995,0.7207,0.1146,DISCARDED (Failed Phenology),5.0,1.0,19.0,"{""type"":""Point"",""coordinates"":[81.57542625991157,28.211073866894544]}"
1606,0.5277,0.1911,0.872,0.0843,DISCARDED (Failed Phenology),6.0,1.0,23.0,"{""type"":""Point"",""coordinates"":[82.9183712727405,28.256939577310924]}"
1607,0.5778,0.2715,0.894,0.0824,DISCARDED (Static Vegetation / Low Amplitude),7.0,3.0,17.0,"{""type"":""Point"",""coordinates"":[83.92553516301129,28.283496197858888]}"
1608,0.5749,0.287,0.8988,0.0641,DISCARDED (Static Vegetation / Low Amplitude),0.0,0.0,23.0,"{""type"":""Point"",""coordinates"":[83.1940801241176,28.263999771056902]}"
1609,,,,,DISCARDED (Insufficient Samples),,,,"{""type"":""Point"",""coordinates"":[84.27049230352021,28.290025627932412]}"
1610,0.5027,0.2786,0.7929,0.0597,DISCARDED (Static Vegetation / Low Amplitude),0.0,0.0,23.0,"{""type"":""Point"",""coordinates"":[83.21495716424486,28.263546636100326]}"
1611,0.5242,0.2488,0.8456,0.1001,STABLE CROPLAND,1.0,1.0,23.0,"{""type"":""Point"",""coordinates"":[83.78154299794114,28.278855490026235]}"
1612,0.4502,0.1592,0.8953,0.0811,STABLE CROPLAND,3.0,1.0,25.0,"{""type"":""Point"",""coordinates"":[81.72993937419976,28.222369869561753]}"
1613,0.554,0.2825,0.8825,0.0818,DISCARDED (Static Vegetation / Low Amplitude),1.0,1.0,23.0,"{""type"":""Point"",""coordinates"":[83.59388433321861,28.272850299414284]}"
1614,0.5009,0.1797,0.8159,0.0648,STABLE CROPLAND,3.0,1.0,22.0,"{""type"":""Point"",""coordinates"":[83.06794253138015,28.257729377111875]}"
1615,0.3708,0.0868,0.7387,0.1258,DISCARDED (Failed Phenology),5.0,2.0,18.0,"{""type"":""Point"",""coordinates"":[81.599907567184,28.2082994845445]}"
1616,0.478,0.1918,0.7884,0.0885,DISCARDED (Failed Phenology),4.0,2.0,20.0,"{""type"":""Point"",""coordinates"":[83.014681202904,28.255369873117843]}"
1617,0.5574,0.2023,0.9039,0.0743,STABLE CROPLAND,1.0,1.0,22.0,"{""type"":""Point"",""coordinates"":[83.75636457192714,28.274480896686352]}"
1618,,,,,DISCARDED (Insufficient Samples),,,,"{""type"":""Point"",""coordinates"":[84.34063499952016,28.287626434410456]}"
1619,,,,,DISCARDED (Insufficient Samples),,,,"{""type"":""Point"",""coordinates"":[84.91042851200028,28.296459456886133]}"
1620,,,,,DISCARDED (Insufficient Samples),,,,"{""type"":""Point"",""coordinates"":[84.08158007881858,28.281258344435074]}"
1621,0.4775,0.1601,0.8327,0.0809,STABLE CROPLAND,0.0,0.0,23.0,"{""type"":""Point"",""coordinates"":[83.71809332837648,28.275168633015134]}"
1622,0.5531,0.2668,0.8384,0.0699,DISCARDED (Static Vegetation / Low Amplitude),2.0,1.0,22.0,"{""type"":""Point"",""coordinates"":[83.85622123199973,28.27448055570763]}"
1623,0.4815,0.1877,0.8067,0.0844,DISCARDED (Failed Phenology),8.0,3.0,19.0,"{""type"":""Point"",""coordinates"":[82.68492445695067,28.243184535091846]}"
1624,0.477,0.175,0.8555,0.0852,DISCARDED (Failed Phenology),6.0,1.0,24.0,"{""type"":""Point"",""coordinates"":[82.82725926818091,28.24569152993658]}"
1625,,,,,DISCARDED (Insufficient Samples),,,,"{""type"":""Point"",""coordinates"":[84.20517378910927,28.27988667632896]}"
1626,0.4104,0.1466,0.7317,0.0983,DISCARDED (Failed Phenology),5.0,1.0,23.0,"{""type"":""Point"",""coordinates"":[81.70992071034614,28.206177012115834]}"
1627,,,,,DISCARDED (Insufficient Samples),,,,"{""type"":""Point"",""coordinates"":[81.36157444591078,28.190970777415977]}"
1628,0.5391,0.1997,0.8506,0.0498,STABLE CROPLAND,0.0,0.0,23.0,"{""type"":""Point"",""coordinates"":[83.15409266156529,28.25204852684935]}"
1629,0.4411,0.1647,0.7584,0.0782,DISCARDED (Failed Phenology),9.0,2.0,16.0,"{""type"":""Point"",""coordinates"":[82.12862934565777,28.21742059226287]}"
1630,0.42,0.1572,0.816,0.1143,DISCARDED (Failed Phenology),5.0,2.0,24.0,"{""type"":""Point"",""coordinates"":[82.90160259741884,28.24193512658372]}"
1631,0.4875,0.156,0.8788,0.0917,DISCARDED (Failed Phenology),4.0,1.0,24.0,"{""type"":""Point"",""coordinates"":[82.10114326201145,28.21536795741638]}"
1632,0.4833,0.1937,0.8941,0.0982,STABLE CROPLAND,0.0,0.0,23.0,"{""type"":""Point"",""coordinates"":[83.64258806056915,28.26141088572336]}"
1633,0.4861,0.2069,0.8615,0.0841,DISCARDED (Failed Phenology),8.0,3.0,20.0,"{""type"":""Point"",""coordinates"":[82.863358790348,28.239201988632054]}"
1634,0.5202,0.1429,0.8587,0.0704,STABLE CROPLAND,3.0,2.0,20.0,"{""type"":""Point"",""coordinates"":[83.26142913570304,28.251316043256317]}"
1635,0.5201,0.2102,0.8564,0.0931,STABLE CROPLAND,1.0,1.0,22.0,"{""type"":""Point"",""coordinates"":[83.95955685504894,28.269169824223557]}"
1636,0.5017,0.2123,0.8667,0.1259,DISCARDED (Failed Phenology),4.0,2.0,20.0,"{""type"":""Point"",""coordinates"":[82.73234355747894,28.23252893210272]}"
1637,0.4141,0.1348,0.8058,0.1056,DISCARDED (Failed Phenology),5.0,2.0,24.0,"{""type"":""Point"",""coordinates"":[81.728004833989,28.197086899271426]}"
1638,0.4562,0.1987,0.8223,0.0679,STABLE CROPLAND,3.0,1.0,24.0,"{""type"":""Point"",""coordinates"":[82.78334957666887,28.233845614098428]}"
1639,0.5449,0.192,0.8861,0.0601,STABLE CROPLAND,1.0,1.0,22.0,"{""type"":""Point"",""coordinates"":[83.11941763274938,28.243956066009535]}"
1640,,,,,DISCARDED (Insufficient Samples),,,,"{""type"":""Point"",""coordinates"":[84.89143053314527,28.284167683351896]}"
1641,0.3942,0.1683,0.7423,0.1056,DISCARDED (Failed Phenology),6.0,2.0,20.0,"{""type"":""Point"",""coordinates"":[81.6753706548606,28.19306776604838]}"
1642,0.412,0.1385,0.8122,0.1397,STABLE CROPLAND,2.0,1.0,27.0,"{""type"":""Point"",""coordinates"":[82.69958580742359,28.229089447089738]}"
1643,0.4668,0.1778,0.816,0.1019,STABLE CROPLAND,3.0,1.0,21.0,"{""type"":""Point"",""coordinates"":[81.58671407019558,28.190907722456252]}"
1644,0.5145,0.183,0.8481,0.0903,STABLE CROPLAND,1.0,1.0,22.0,"{""type"":""Point"",""coordinates"":[83.90200586771329,28.260810880221413]}"
1645,0.5012,0.1458,0.8731,0.0877,STABLE CROPLAND,0.0,0.0,23.0,"{""type"":""Point"",""coordinates"":[83.02564438268452,28.23722630536054]}"
1646,,,,,DISCARDED (Insufficient Samples),,,,"{""type"":""Point"",""coordinates"":[81.33103963622631,28.17876616252088]}"
1647,0.5068,0.2027,0.8087,0.0848,DISCARDED (Failed Phenology),6.0,2.0,21.0,"{""type"":""Point"",""coordinates"":[82.75443849706403,28.22847992951205]}"
1648,0.5087,0.1985,0.8805,0.0968,STABLE CROPLAND,0.0,0.0,23.0,"{""type"":""Point"",""coordinates"":[83.22462022507244,28.24239035459551]}"
1649,0.3393,0.1291,0.701,0.0997,DISCARDED (Failed Phenology),5.0,1.0,20.0,"{""type"":""Point"",""coordinates"":[81.64616231233812,28.22980842861687]}"
1650,0.3537,0.0773,0.775,0.1363,DISCARDED (Failed Phenology),4.0,1.0,20.0,"{""type"":""Point"",""coordinates"":[81.6218859217563,28.20491232824326]}"
1651,0.3789,0.1401,0.7287,0.0921,DISCARDED (Failed Phenology),5.0,1.0,25.0,"{""type"":""Point"",""coordinates"":[81.6372027489458,28.24673725907903]}"
1652,0.3867,0.1011,0.7374,0.1108,DISCARDED (Failed Phenology),7.0,2.0,20.0,"{""type"":""Point"",""coordinates"":[81.61916887274228,28.222827817053783]}"
1653,0.4565,0.1743,0.824,0.1079,STABLE CROPLAND,1.0,1.0,22.0,"{""type"":""Point"",""coordinates"":[81.61248588157608,28.24369303919678]}"
1654,0.3624,0.1579,0.7325,0.1368,DISCARDED (Failed Phenology),5.0,1.0,18.0,"{""type"":""Point"",""coordinates"":[81.6424069342612,28.206631553325497]}"
1655,0.4132,0.1686,0.7252,0.0818,DISCARDED (Failed Phenology),8.0,2.0,18.0,"{""type"":""Point"",""coordinates"":[82.53170549290284,28.21949704485688]}"
1656,0.4909,0.1896,0.8879,0.0958,STABLE CROPLAND,3.0,1.0,21.0,"{""type"":""Point"",""coordinates"":[82.9444631554062,28.229317162820568]}"
1657,0.5292,0.2216,0.8712,0.13,DISCARDED (Failed Phenology),6.0,4.0,18.0,"{""type"":""Point"",""coordinates"":[83.53072026071055,28.245587678424126]}"
1658,0.3637,0.1489,0.7496,0.0985,DISCARDED (Failed Phenology),6.0,2.0,22.0,"{""type"":""Point"",""coordinates"":[82.00349073585495,28.198297225706106]}"
1659,,,,,DISCARDED (Insufficient Samples),,,,"{""type"":""Point"",""coordinates"":[84.49944084030726,28.268674843155505]}"
1660,0.4207,0.1133,0.7985,0.0783,DISCARDED (Failed Phenology),8.0,2.0,21.0,"{""type"":""Point"",""coordinates"":[81.75784059619862,28.18874984115459]}"
1661,0.5214,0.1622,0.8662,0.079,DISCARDED (Failed Phenology),10.0,2.0,14.0,"{""type"":""Point"",""coordinates"":[82.60338872947462,28.217829548963838]}"
1662,0.5212,0.1992,0.8387,0.0526,DISCARDED (Failed Phenology),9.0,2.0,16.0,"{""type"":""Point"",""coordinates"":[82.37449105967701,28.21081677294855]}"
1663,0.4682,0.1724,0.8258,0.1126,DISCARDED (Failed Phenology),4.0,1.0,24.0,"{""type"":""Point"",""coordinates"":[82.6443082306075,28.217705043707333]}"
1664,0.4155,0.1654,0.7715,0.0935,DISCARDED (Failed Phenology),4.0,2.0,20.0,"{""type"":""Point"",""coordinates"":[82.55286326530396,28.213974394269595]}"
1665,0.5109,0.215,0.8872,0.0851,STABLE CROPLAND,1.0,1.0,22.0,"{""type"":""Point"",""coordinates"":[83.62732604672945,28.244019349104935]}"
1666,,,,,DISCARDED (Insufficient Samples),,,,"{""type"":""Point"",""coordinates"":[84.34154352891291,28.259816859238708]}"
1667,0.5196,0.2963,0.7809,0.0804,DISCARDED (Static Vegetation / Low Amplitude),4.0,2.0,19.0,"{""type"":""Point"",""coordinates"":[82.83723089051645,28.224179418017272]}"
1668,0.5464,0.2392,0.7843,0.0619,DISCARDED (Static Vegetation / Low Amplitude),10.0,2.0,15.0,"{""type"":""Point"",""coordinates"":[82.9692873328158,28.225899726537698]}"
1669,0.4401,0.1725,0.8396,0.1213,STABLE CROPLAND,1.0,1.0,23.0,"{""type"":""Point"",""coordinates"":[83.65360702224999,28.24420478655546]}"
1670,0.5121,0.1455,0.904,0.0665,STABLE CROPLAND,0.0,0.0,23.0,"{""type"":""Point"",""coordinates"":[83.24667283366254,28.232507781594784]}"
1671,0.5937,0.2605,0.8468,0.0653,DISCARDED (Static Vegetation / Low Amplitude),4.0,1.0,19.0,"{""type"":""Point"",""coordinates"":[83.87244648211517,28.248465069909344]}"
1672,0.4507,0.1652,0.8386,0.0806,STABLE CROPLAND,0.0,0.0,23.0,"{""type"":""Point"",""coordinates"":[84.0021896068195,28.250210471681147]}"
1673,0.5456,0.1973,0.8779,0.0665,STABLE CROPLAND,0.0,0.0,23.0,"{""type"":""Point"",""coordinates"":[83.00028395983863,28.22315972877916]}"
1674,,,,,DISCARDED (Insufficient Samples),,,,"{""type"":""Point"",""coordinates"":[84.3617072973335,28.25371446499272]}"
1675,,,,,DISCARDED (Insufficient Samples),,,,"{""type"":""Point"",""coordinates"":[84.48137978270279,28.255015091893885]}"
1676,0.5082,0.2244,0.847,0.0774,STABLE CROPLAND,0.0,0.0,23.0,"{""type"":""Point"",""coordinates"":[83.04090486416528,28.21998483054266]}"
1677,0.5093,0.2061,0.8585,0.0776,DISCARDED (Failed Phenology),6.0,1.0,19.0,"{""type"":""Point"",""coordinates"":[82.89632784560378,28.21846014740374]}"
1678,0.4723,0.2004,0.7718,0.0848,STABLE CROPLAND,1.0,1.0,22.0,"{""type"":""Point"",""coordinates"":[83.89278255884781,28.243211888397536]}"
1679,0.5001,0.1594,0.8793,0.0898,STABLE CROPLAND,0.0,0.0,23.0,"{""type"":""Point"",""coordinates"":[83.71757673813725,28.237931924446844]}"
1680,0.45,0.1778,0.9214,0.103,DISCARDED (Failed Phenology),6.0,1.0,23.0,"{""type"":""Point"",""coordinates"":[82.20925477155316,28.19219392711409]}"
1681,0.361,0.1403,0.6978,0.1149,DISCARDED (Failed Phenology),8.0,3.0,18.0,"{""type"":""Point"",""coordinates"":[81.70119872498996,28.18622769320298]}"
1682,0.5633,0.2307,0.854,0.0648,STABLE CROPLAND,0.0,0.0,23.0,"{""type"":""Point"",""coordinates"":[84.0773299467852,28.24315252782392]}"
1683,0.3655,0.117,0.7518,0.1191,STABLE CROPLAND,3.0,1.0,20.0,"{""type"":""Point"",""coordinates"":[82.09425094171151,28.18706464379197]}"
1684,0.4597,0.1651,0.7969,0.0771,DISCARDED (Failed Phenology),6.0,2.0,22.0,"{""type"":""Point"",""coordinates"":[82.15294609610923,28.188127490313285]}"
1685,,,,,DISCARDED (Insufficient Samples),,,,"{""type"":""Point"",""coordinates"":[84.20510752203364,28.245038440869838]}"
1686,0.5867,0.2537,0.888,0.0865,DISCARDED (Static Vegetation / Low Amplitude),3.0,1.0,22.0,"{""type"":""Point"",""coordinates"":[83.4234427175315,28.226236315082783]}"
1687,0.4384,0.1771,0.801,0.1111,DISCARDED (Failed Phenology),7.0,2.0,18.0,"{""type"":""Point"",""coordinates"":[82.17977256511253,28.1880170935892]}"
1688,0.4747,0.1372,0.8352,0.0765,DISCARDED (Failed Phenology),7.0,2.0,19.0,"{""type"":""Point"",""coordinates"":[82.25427494747427,28.18834090402625]}"
1689,0.4383,0.1696,0.8223,0.1074,DISCARDED (Failed Phenology),8.0,2.0,17.0,"{""type"":""Point"",""coordinates"":[82.523139513987,28.197154245370577]}"
1690,0.4311,0.1825,0.7645,0.0979,STABLE CROPLAND,2.0,1.0,21.0,"{""type"":""Point"",""coordinates"":[82.41808520506117,28.190190599003927]}"
1691,0.3779,0.1475,0.6965,0.1272,DISCARDED (Static Vegetation / Low Amplitude),6.0,2.0,17.0,"{""type"":""Point"",""coordinates"":[81.67842557643277,28.164564620707203]}"
1692,0.5224,0.2093,0.8706,0.0645,STABLE CROPLAND,0.0,0.0,23.0,"{""type"":""Point"",""coordinates"":[83.29524821976182,28.216392575815636]}"
1693,0.4951,0.1305,0.9142,0.0832,STABLE CROPLAND,0.0,0.0,23.0,"{""type"":""Point"",""coordinates"":[83.24695705996348,28.21386161615129]}"
1694,0.4803,0.2481,0.7581,0.0614,DISCARDED (Static Vegetation / Low Amplitude),1.0,1.0,22.0,"{""type"":""Point"",""coordinates"":[83.94027541346655,28.23177442939237]}"
1695,0.447,0.1338,0.8117,0.1153,DISCARDED (Failed Phenology),5.0,2.0,19.0,"{""type"":""Point"",""coordinates"":[82.6640644852964,28.197029902608143]}"
1696,0.5052,0.2577,0.8017,0.0834,DISCARDED (Static Vegetation / Low Amplitude),3.0,1.0,20.0,"{""type"":""Point"",""coordinates"":[82.87403189184637,28.202808022245215]}"
1697,,,,,DISCARDED (Insufficient Samples),,,,"{""type"":""Point"",""coordinates"":[84.37831416722585,28.241186128330234]}"
1698,0.5062,0.1593,0.8635,0.0679,DISCARDED (Failed Phenology),6.0,3.0,22.0,"{""type"":""Point"",""coordinates"":[82.95257307369414,28.203743528038753]}"
1699,0.4293,0.1475,0.8612,0.109,STABLE CROPLAND,3.0,1.0,24.0,"{""type"":""Point"",""coordinates"":[82.15274920760973,28.20955461984811]}"
1700,0.4929,0.1562,0.8889,0.0882,STABLE CROPLAND,1.0,1.0,22.0,"{""type"":""Point"",""coordinates"":[82.97403807947636,28.20366627363945]}"
1701,0.5122,0.1981,0.8899,0.0795,STABLE CROPLAND,0.0,0.0,23.0,"{""type"":""Point"",""coordinates"":[83.09057287204104,28.20614214209012]}"
1702,0.3408,0.1536,0.7295,0.1227,DISCARDED (Failed Phenology),5.0,1.0,22.0,"{""type"":""Point"",""coordinates"":[81.57989965173627,28.154065874038256]}"
1703,0.5086,0.2842,0.8082,0.0771,DISCARDED (Static Vegetation / Low Amplitude),2.0,2.0,21.0,"{""type"":""Point"",""coordinates"":[83.73871565203531,28.22270223381534]}"
1704,0.4738,0.219,0.7713,0.0944,STABLE CROPLAND,1.0,1.0,22.0,"{""type"":""Point"",""coordinates"":[84.09795975859498,28.229147401189554]}"
1705,0.4144,0.1485,0.8148,0.1148,DISCARDED (Failed Phenology),5.0,2.0,20.0,"{""type"":""Point"",""coordinates"":[82.61798637860272,28.189377085266806]}"
1706,0.3768,0.1064,0.7494,0.1273,DISCARDED (Failed Phenology),5.0,2.0,19.0,"{""type"":""Point"",""coordinates"":[81.36496133856438,28.142471877708775]}"
1707,0.3326,0.1368,0.7522,0.1442,DISCARDED (Failed Phenology),4.0,1.0,20.0,"{""type"":""Point"",""coordinates"":[81.53340288824103,28.14951332414301]}"
1708,0.4529,0.0807,0.8686,0.1169,STABLE CROPLAND,0.0,0.0,23.0,"{""type"":""Point"",""coordinates"":[84.00216627204614,28.22610785389667]}"
1709,0.5138,0.2467,0.8553,0.1072,STABLE CROPLAND,2.0,1.0,21.0,"{""type"":""Point"",""coordinates"":[83.38943357058871,28.208785183090846]}"
1710,0.4636,0.1481,0.8372,0.0796,STABLE CROPLAND,3.0,1.0,27.0,"{""type"":""Point"",""coordinates"":[82.30908101440026,28.177447252499107]}"
1711,0.5103,0.2398,0.805,0.0722,STABLE CROPLAND,2.0,1.0,21.0,"{""type"":""Point"",""coordinates"":[83.97108544234113,28.22382405302184]}"
1712,0.384,0.1155,0.7674,0.1225,STABLE CROPLAND,3.0,1.0,20.0,"{""type"":""Point"",""coordinates"":[81.61176680125477,28.14876042380787]}"
1713,0.4752,0.1511,0.8455,0.1178,STABLE CROPLAND,1.0,1.0,22.0,"{""type"":""Point"",""coordinates"":[83.65365647926453,28.21753433400084]}"
1714,,,,,DISCARDED (Insufficient Samples),,,,"{""type"":""Point"",""coordinates"":[81.28210470798102,28.343747570735907]}"
1715,,,,,DISCARDED (Insufficient Samples),,,,"{""type"":""Point"",""coordinates"":[81.3282832334796,28.20386839646424]}"
1716,,,,,DISCARDED (Insufficient Samples),,,,"{""type"":""Point"",""coordinates"":[81.24854612342212,28.28260823374468]}"
1717,,,,,DISCARDED (Insufficient Samples),,,,"{""type"":""Point"",""coordinates"":[81.30838575274078,28.225449552214236]}"
1718,,,,,DISCARDED (Insufficient Samples),,,,"{""type"":""Point"",""coordinates"":[81.26068814501275,28.331879713293713]}"
1719,,,,,DISCARDED (Insufficient Samples),,,,"{""type"":""Point"",""coordinates"":[81.23811805065795,28.303901036278866]}"
1720,,,,,DISCARDED (Insufficient Samples),,,,"{""type"":""Point"",""coordinates"":[81.26210705096688,28.30000844659212]}"
1721,,,,,DISCARDED (Insufficient Samples),,,,"{""type"":""Point"",""coordinates"":[81.34326305368265,28.256837328139127]}"
1722,,,,,DISCARDED (Insufficient Samples),,,,"{""type"":""Point"",""coordinates"":[81.28106942412967,28.278549178150993]}"
1723,,,,,DISCARDED (Insufficient Samples),,,,"{""type"":""Point"",""coordinates"":[81.35956295807681,28.23306429496546]}"
1724,,,,,DISCARDED (Insufficient Samples),,,,"{""type"":""Point"",""coordinates"":[81.32305955673338,28.162043417116333]}"
1725,,,,,DISCARDED (Insufficient Samples),,,,"{""type"":""Point"",""coordinates"":[81.2902789155041,28.237534897985988]}"
1726,,,,,DISCARDED (Insufficient Samples),,,,"{""type"":""Point"",""coordinates"":[81.33049060826836,28.234463434734455]}"
1727,,,,,DISCARDED (Insufficient Samples),,,,"{""type"":""Point"",""coordinates"":[81.25720652742153,28.264157521638765]}"
1728,,,,,DISCARDED (Insufficient Samples),,,,"{""type"":""Point"",""coordinates"":[81.34530635734151,28.147889072021616]}"
1729,,,,,DISCARDED (Insufficient Samples),,,,"{""type"":""Point"",""coordinates"":[81.30861339417994,28.2632410221052]}"
1730,,,,,DISCARDED (Insufficient Samples),,,,"{""type"":""Point"",""coordinates"":[81.26295064691001,28.35445569436922]}"
1731,,,,,DISCARDED (Insufficient Samples),,,,"{""type"":""Point"",""coordinates"":[81.35283595394375,28.20852027072423]}"
1732,,,,,DISCARDED (Insufficient Samples),,,,"{""type"":""Point"",""coordinates"":[81.3182382932704,28.14054533779988]}"
1733,,,,,DISCARDED (Insufficient Samples),,,,"{""type"":""Point"",""coordinates"":[81.3537060257597,28.164936451072222]}"
1734,,,,,DISCARDED (Insufficient Samples),,,,"{""type"":""Point"",""coordinates"":[81.28302518652407,28.255792889244393]}"
1735,0.5522,0.3113,0.8416,0.0961,DISCARDED (Static Vegetation / Low Amplitude),2.0,2.0,21.0,"{""type"":""Point"",""coordinates"":[83.44774249637527,28.2074307732589]}"
1736,0.5587,0.2329,0.8667,0.0673,STABLE CROPLAND,0.0,0.0,23.0,"{""type"":""Point"",""coordinates"":[83.6920206377323,28.213951426372915]}"
1737,0.5864,0.3722,0.8981,0.0906,DISCARDED (Static Vegetation / Low Amplitude),2.0,1.0,21.0,"{""type"":""Point"",""coordinates"":[83.14451938426508,28.199704712111178]}"
1738,0.3692,0.1594,0.6865,0.1127,DISCARDED (Static Vegetation / Low Amplitude),6.0,2.0,21.0,"{""type"":""Point"",""coordinates"":[81.45716511978675,28.140528284332685]}"
1739,0.4664,0.1814,0.8239,0.0781,DISCARDED (Failed Phenology),9.0,3.0,17.0,"{""type"":""Point"",""coordinates"":[82.54215535644424,28.18025859500849]}"
1740,0.502,0.2055,0.8294,0.0794,STABLE CROPLAND,2.0,1.0,21.0,"{""type"":""Point"",""coordinates"":[83.32388702093974,28.20388666356549]}"
1741,0.5402,0.2829,0.8019,0.0547,DISCARDED (Static Vegetation / Low Amplitude),3.0,1.0,24.0,"{""type"":""Point"",""coordinates"":[83.47797519828487,28.20754632662107]}"
1742,0.526,0.1653,0.8166,0.0866,DISCARDED (Failed Phenology),4.0,3.0,19.0,"{""type"":""Point"",""coordinates"":[84.14868748132398,28.223691156277813]}"
1743,0.485,0.1711,0.7714,0.1014,STABLE CROPLAND,1.0,1.0,22.0,"{""type"":""Point"",""coordinates"":[83.2625463320571,28.20046393181145]}"
1744,0.5088,0.2386,0.8425,0.0814,STABLE CROPLAND,1.0,1.0,23.0,"{""type"":""Point"",""coordinates"":[84.02652881383071,28.21932836195915]}"
1745,0.4149,0.0989,0.7881,0.0924,DISCARDED (Failed Phenology),4.0,1.0,24.0,"{""type"":""Point"",""coordinates"":[82.08609839021119,28.162427491543134]}"
1746,0.4562,0.2411,0.7796,0.0773,DISCARDED (Static Vegetation / Low Amplitude),5.0,2.0,20.0,"{""type"":""Point"",""coordinates"":[82.25463889825957,28.16916275045242]}"
1747,0.5188,0.2192,0.8646,0.0788,DISCARDED (Failed Phenology),4.0,1.0,24.0,"{""type"":""Point"",""coordinates"":[83.00566302914045,28.19323743448875]}"
1748,0.4826,0.1841,0.8651,0.1214,STABLE CROPLAND,0.0,0.0,23.0,"{""type"":""Point"",""coordinates"":[83.624484450063,28.20969912502656]}"
1749,0.403,0.0913,0.81,0.0914,DISCARDED (Failed Phenology),4.0,1.0,25.0,"{""type"":""Point"",""coordinates"":[81.76527686220183,28.158179907187698]}"
1750,0.4357,0.0615,0.8001,0.1092,DISCARDED (Failed Phenology),6.0,1.0,22.0,"{""type"":""Point"",""coordinates"":[82.14993100659004,28.164842295293663]}"
1751,,,,,DISCARDED (Insufficient Samples),,,,"{""type"":""Point"",""coordinates"":[84.43672003376714,28.226472235600923]}"
1752,,,,,DISCARDED (Insufficient Samples),,,,"{""type"":""Point"",""coordinates"":[84.3621302265806,28.225442692803885]}"
1753,0.4646,0.153,0.8442,0.1271,DISCARDED (Failed Phenology),5.0,1.0,22.0,"{""type"":""Point"",""coordinates"":[82.69301002246024,28.18796891470208]}"
1754,0.3128,0.0502,0.7638,0.1534,DISCARDED (Failed Phenology),6.0,2.0,17.0,"{""type"":""Point"",""coordinates"":[81.64412743020601,28.14221042262793]}"
1755,0.5544,0.2298,0.8864,0.0775,DISCARDED (Failed Phenology),8.0,2.0,15.0,"{""type"":""Point"",""coordinates"":[82.87795554092965,28.184299413404208]}"
1756,0.3774,0.1492,0.7375,0.0809,STABLE CROPLAND,3.0,1.0,20.0,"{""type"":""Point"",""coordinates"":[81.6779527714607,28.142164215868657]}"
1757,0.4761,0.2183,0.7996,0.0945,STABLE CROPLAND,3.0,2.0,23.0,"{""type"":""Point"",""coordinates"":[84.12500575152886,28.214893332418693]}"
1758,0.5443,0.2421,0.7943,0.0474,DISCARDED (Failed Phenology),6.0,2.0,17.0,"{""type"":""Point"",""coordinates"":[82.94530234120815,28.185633852825788]}"
1759,0.4473,0.152,0.8452,0.0824,DISCARDED (Failed Phenology),6.0,1.0,19.0,"{""type"":""Point"",""coordinates"":[82.19431962719864,28.173928280934252]}"
1760,0.4695,0.1961,0.8251,0.0583,STABLE CROPLAND,0.0,0.0,23.0,"{""type"":""Point"",""coordinates"":[83.29301557733375,28.194741432771043]}"
1761,0.4385,0.183,0.8537,0.0965,STABLE CROPLAND,0.0,0.0,23.0,"{""type"":""Point"",""coordinates"":[83.71110744968948,28.20510937187552]}"
1762,0.4597,0.1884,0.8264,0.1023,DISCARDED (Failed Phenology),4.0,1.0,22.0,"{""type"":""Point"",""coordinates"":[82.28204490657997,28.16166333142139]}"
1763,0.3395,0.1144,0.7999,0.1443,STABLE CROPLAND,3.0,1.0,21.0,"{""type"":""Point"",""coordinates"":[81.55979845866334,28.137041913562587]}"
1764,0.4977,0.2264,0.8756,0.1138,STABLE CROPLAND,2.0,1.0,21.0,"{""type"":""Point"",""coordinates"":[83.3537700284898,28.194271984991268]}"
1765,0.415,0.1404,0.786,0.1002,DISCARDED (Failed Phenology),5.0,1.0,22.0,"{""type"":""Point"",""coordinates"":[82.12265068596437,28.15676100335463]}"
1766,0.504,0.1953,0.8577,0.0958,STABLE CROPLAND,1.0,1.0,26.0,"{""type"":""Point"",""coordinates"":[85.3508663918442,28.231208541144618]}"
1767,0.4261,0.2027,0.7235,0.0775,DISCARDED (Static Vegetation / Low Amplitude),0.0,0.0,23.0,"{""type"":""Point"",""coordinates"":[82.18656665428522,28.155614919859723]}"
1768,0.4632,0.1373,0.816,0.0919,DISCARDED (Failed Phenology),5.0,1.0,22.0,"{""type"":""Point"",""coordinates"":[82.34212706741114,28.160579931959074]}"
1769,0.4987,0.1277,0.7576,0.0723,DISCARDED (Failed Phenology),4.0,2.0,19.0,"{""type"":""Point"",""coordinates"":[84.2106603057709,28.210040629772013]}"
1770,0.4589,0.1465,0.8204,0.0693,DISCARDED (Failed Phenology),5.0,2.0,25.0,"{""type"":""Point"",""coordinates"":[81.69939129787272,28.136332409355983]}"
1771,0.4244,0.1895,0.8291,0.1149,DISCARDED (Failed Phenology),5.0,2.0,20.0,"{""type"":""Point"",""coordinates"":[82.37277564933612,28.16094556347887]}"
1772,0.5146,0.1924,0.854,0.0967,STABLE CROPLAND,1.0,1.0,22.0,"{""type"":""Point"",""coordinates"":[84.17214034758851,28.20930753762069]}"
1773,0.5058,0.2026,0.8545,0.087,STABLE CROPLAND,1.0,1.0,22.0,"{""type"":""Point"",""coordinates"":[84.06371701904897,28.2051816485974]}"
1774,0.5093,0.1832,0.8713,0.096,STABLE CROPLAND,1.0,1.0,22.0,"{""type"":""Point"",""coordinates"":[83.65498861403552,28.197995136289133]}"
1775,0.3408,0.1409,0.6558,0.1009,DISCARDED (Static Vegetation / Low Amplitude),4.0,1.0,19.0,"{""type"":""Point"",""coordinates"":[81.58289172198752,28.130552992601093]}"
1776,0.6004,0.2748,0.9046,0.0694,DISCARDED (Static Vegetation / Low Amplitude),2.0,1.0,22.0,"{""type"":""Point"",""coordinates"":[83.60475124529977,28.195154112598626]}"
1777,0.4632,0.149,0.7905,0.09,STABLE CROPLAND,3.0,1.0,21.0,"{""type"":""Point"",""coordinates"":[84.01287306965814,28.203251930902166]}"
1778,0.5047,0.1923,0.8519,0.0791,STABLE CROPLAND,3.0,1.0,20.0,"{""type"":""Point"",""coordinates"":[84.71386146131981,28.218041407167885]}"
1779,0.5178,0.1855,0.8733,0.0741,STABLE CROPLAND,1.0,1.0,22.0,"{""type"":""Point"",""coordinates"":[83.69388047685275,28.195422493134423]}"
1780,0.4632,0.1824,0.7821,0.1022,STABLE CROPLAND,1.0,1.0,22.0,"{""type"":""Point"",""coordinates"":[83.73281870671866,28.196770391265723]}"
1781,,,,,DISCARDED (Insufficient Samples),,,,"{""type"":""Point"",""coordinates"":[84.57289818870062,28.21431750189516]}"
1782,0.4235,0.1472,0.8474,0.1148,DISCARDED (Failed Phenology),6.0,1.0,21.0,"{""type"":""Point"",""coordinates"":[82.23188177707719,28.16748950006771]}"
1783,0.4257,0.1646,0.7924,0.1128,DISCARDED (Failed Phenology),6.0,2.0,20.0,"{""type"":""Point"",""coordinates"":[82.24416730035861,28.15183971290083]}"
1784,,,,,DISCARDED (Insufficient Samples),,,,"{""type"":""Point"",""coordinates"":[84.52784733952724,28.213958253703606]}"
1785,0.4607,0.1598,0.7678,0.0818,DISCARDED (Failed Phenology),7.0,2.0,18.0,"{""type"":""Point"",""coordinates"":[82.8165964144304,28.168479869103944]}"
1786,,,,,DISCARDED (Insufficient Samples),,,,"{""type"":""Point"",""coordinates"":[84.41915737961803,28.207646201331727]}"
1787,0.4463,0.1742,0.8321,0.0872,STABLE CROPLAND,2.0,1.0,28.0,"{""type"":""Point"",""coordinates"":[82.30211655083937,28.15102140291605]}"
1788,0.4467,0.1744,0.731,0.0865,DISCARDED (Failed Phenology),4.0,1.0,22.0,"{""type"":""Point"",""coordinates"":[82.69950209786101,28.163687933109607]}"
1789,0.4978,0.2137,0.8181,0.0879,STABLE CROPLAND,0.0,0.0,23.0,"{""type"":""Point"",""coordinates"":[83.12086079957369,28.175603177696402]}"
1790,0.4583,0.1662,0.8243,0.0738,STABLE CROPLAND,0.0,0.0,24.0,"{""type"":""Point"",""coordinates"":[84.0332359953558,28.19834016113806]}"
1791,0.5187,0.1411,0.87,0.0636,STABLE CROPLAND,0.0,0.0,23.0,"{""type"":""Point"",""coordinates"":[84.29264736133685,28.204519297447806]}"
1792,0.4292,0.1285,0.7477,0.1008,DISCARDED (Failed Phenology),4.0,1.0,23.0,"{""type"":""Point"",""coordinates"":[82.14330653319533,28.14407186891555]}"
1793,0.5258,0.1629,0.8697,0.1035,DISCARDED (Failed Phenology),4.0,2.0,19.0,"{""type"":""Point"",""coordinates"":[84.09905381791948,28.198794070438638]}"
1794,,,,,DISCARDED (Insufficient Samples),,,,"{""type"":""Point"",""coordinates"":[84.3943359555457,28.208666751850874]}"
1795,0.4224,0.1696,0.8206,0.1243,DISCARDED (Failed Phenology),4.0,1.0,21.0,"{""type"":""Point"",""coordinates"":[82.22535667197626,28.14479314083649]}"
1796,0.4267,0.165,0.824,0.1099,DISCARDED (Failed Phenology),5.0,5.0,18.0,"{""type"":""Point"",""coordinates"":[84.63194382557415,28.207658363422777]}"
1797,0.4396,0.1797,0.7808,0.1243,DISCARDED (Failed Phenology),5.0,1.0,19.0,"{""type"":""Point"",""coordinates"":[82.16733718690455,28.141708091953966]}"
1798,0.499,0.1844,0.8112,0.0643,STABLE CROPLAND,0.0,0.0,23.0,"{""type"":""Point"",""coordinates"":[83.96590950371734,28.192712333743945]}"
1799,0.4987,0.1533,0.8422,0.0963,STABLE CROPLAND,2.0,2.0,21.0,"{""type"":""Point"",""coordinates"":[84.2671316886568,28.19869630275354]}"
1800,0.3288,0.1005,0.7576,0.1438,DISCARDED (Failed Phenology),4.0,3.0,20.0,"{""type"":""Point"",""coordinates"":[81.55249972220011,28.118304983386032]}"
1801,0.5091,0.1659,0.879,0.0846,DISCARDED (Failed Phenology),4.0,2.0,19.0,"{""type"":""Point"",""coordinates"":[84.50650527126841,28.203341788599417]}"
1802,,,,,DISCARDED (Insufficient Samples),,,,"{""type"":""Point"",""coordinates"":[84.7444951530156,28.206680974175026]}"
1803,0.4321,0.1557,0.832,0.1181,DISCARDED (Failed Phenology),9.0,2.0,16.0,"{""type"":""Point"",""coordinates"":[82.11644759438394,28.13838829094182]}"
1804,0.4469,0.1931,0.7426,0.0767,DISCARDED (Static Vegetation / Low Amplitude),0.0,0.0,23.0,"{""type"":""Point"",""coordinates"":[83.71613856117303,28.184538622307088]}"
1805,0.5229,0.1743,0.8846,0.0817,DISCARDED (Failed Phenology),3.0,3.0,20.0,"{""type"":""Point"",""coordinates"":[84.8361858362987,28.20653642553251]}"
1806,0.4296,0.1851,0.7886,0.1129,STABLE CROPLAND,1.0,1.0,23.0,"{""type"":""Point"",""coordinates"":[85.34122107560714,28.212518513891798]}"
1807,0.5051,0.2206,0.856,0.0803,DISCARDED (Failed Phenology),7.0,2.0,18.0,"{""type"":""Point"",""coordinates"":[82.9139199254131,28.1605858926413]}"
1808,0.4985,0.1665,0.8323,0.0662,DISCARDED (Failed Phenology),14.0,4.0,11.0,"{""type"":""Point"",""coordinates"":[81.80851863225689,28.12735964721973]}"
1809,0.4642,0.1742,0.8177,0.1119,STABLE CROPLAND,0.0,0.0,23.0,"{""type"":""Point"",""coordinates"":[83.28412301859426,28.170416536251086]}"
1810,0.4826,0.1898,0.7966,0.0589,STABLE CROPLAND,2.0,1.0,28.0,"{""type"":""Point"",""coordinates"":[82.97134152120552,28.162213497917982]}"
1811,0.4553,0.1463,0.8398,0.1001,DISCARDED (Failed Phenology),6.0,2.0,21.0,"{""type"":""Point"",""coordinates"":[82.37561172709616,28.141379232851193]}"
1812,0.4472,0.1806,0.7875,0.1131,DISCARDED (Failed Phenology),4.0,1.0,21.0,"{""type"":""Point"",""coordinates"":[82.3541981556702,28.14064893158375]}"
1813,0.3815,0.149,0.8286,0.1003,DISCARDED (Failed Phenology),5.0,1.0,26.0,"{""type"":""Point"",""coordinates"":[81.57835919503103,28.11186409235566]}"
1814,0.3535,0.0886,0.8263,0.1056,STABLE CROPLAND,1.0,1.0,24.0,"{""type"":""Point"",""coordinates"":[81.64857732841303,28.119498264955215]}"
1815,0.502,0.2427,0.8299,0.086,STABLE CROPLAND,2.0,1.0,21.0,"{""type"":""Point"",""coordinates"":[84.07935139586786,28.187131320406447]}"
1816,0.4228,0.1549,0.7485,0.1186,DISCARDED (Failed Phenology),3.0,3.0,20.0,"{""type"":""Point"",""coordinates"":[84.71090638845126,28.198226642443068]}"
1817,0.3892,0.1957,0.6906,0.0669,DISCARDED (Static Vegetation / Low Amplitude),1.0,1.0,22.0,"{""type"":""Point"",""coordinates"":[83.14870539239138,28.162449902522855]}"
1818,0.5129,0.2357,0.8455,0.087,STABLE CROPLAND,0.0,0.0,23.0,"{""type"":""Point"",""coordinates"":[83.2459349763368,28.16755653892413]}"
1819,0.4593,0.1873,0.9073,0.1186,DISCARDED (Failed Phenology),5.0,5.0,18.0,"{""type"":""Point"",""coordinates"":[84.61214589467549,28.196489065239447]}"
1820,0.4759,0.1849,0.8086,0.1033,DISCARDED (Failed Phenology),6.0,2.0,19.0,"{""type"":""Point"",""coordinates"":[82.74895949481815,28.150837266638593]}"
1821,0.5375,0.2638,0.8605,0.0936,DISCARDED (Static Vegetation / Low Amplitude),0.0,0.0,24.0,"{""type"":""Point"",""coordinates"":[82.99671118771509,28.158895395047143]}"
1822,0.4753,0.2391,0.8137,0.0696,STABLE CROPLAND,2.0,1.0,24.0,"{""type"":""Point"",""coordinates"":[83.08466329130988,28.160573388621216]}"
1823,0.4096,0.1827,0.7586,0.1136,DISCARDED (Failed Phenology),5.0,2.0,20.0,"{""type"":""Point"",""coordinates"":[82.28728437666115,28.135993279784564]}"
1824,0.3456,0.1345,0.7347,0.1259,STABLE CROPLAND,2.0,1.0,21.0,"{""type"":""Point"",""coordinates"":[82.19650031761348,28.13173438290278]}"
1825,,,,,DISCARDED (Insufficient Samples),,,,"{""type"":""Point"",""coordinates"":[84.47432799087852,28.19409895917851]}"
1826,0.5627,0.2652,0.8247,0.0637,DISCARDED (Static Vegetation / Low Amplitude),3.0,2.0,20.0,"{""type"":""Point"",""coordinates"":[84.21145322725127,28.185553583285504]}"
1827,0.4449,0.2098,0.7625,0.0946,DISCARDED (Failed Phenology),7.0,2.0,17.0,"{""type"":""Point"",""coordinates"":[82.04612283982532,28.122913026463983]}"
1828,0.428,0.1601,0.7831,0.0858,STABLE CROPLAND,0.0,0.0,23.0,"{""type"":""Point"",""coordinates"":[83.62926797856419,28.171636530675674]}"
1829,0.4904,0.1729,0.8174,0.0694,STABLE CROPLAND,0.0,0.0,23.0,"{""type"":""Point"",""coordinates"":[83.98412383294436,28.180081425291693]}"
1830,0.4694,0.1293,0.8754,0.0985,DISCARDED (Failed Phenology),8.0,4.0,20.0,"{""type"":""Point"",""coordinates"":[84.89601794176585,28.195371579313992]}"
1831,0.4923,0.1735,0.8194,0.0974,STABLE CROPLAND,1.0,1.0,22.0,"{""type"":""Point"",""coordinates"":[84.4291544944312,28.188331211098145]}"
1832,0.4626,0.1677,0.8483,0.1103,STABLE CROPLAND,0.0,0.0,23.0,"{""type"":""Point"",""coordinates"":[83.70060115946177,28.171576018245375]}"
1833,0.5033,0.1894,0.848,0.1003,STABLE CROPLAND,0.0,0.0,23.0,"{""type"":""Point"",""coordinates"":[83.76636791869669,28.172582321864223]}"
1834,0.5074,0.1942,0.8981,0.1081,STABLE CROPLAND,0.0,0.0,23.0,"{""type"":""Point"",""coordinates"":[83.58236176386072,28.1682030857531]}"
1835,0.5125,0.215,0.8386,0.0827,STABLE CROPLAND,0.0,0.0,23.0,"{""type"":""Point"",""coordinates"":[84.18312109093797,28.181516194236917]}"
1836,0.3499,0.1128,0.7809,0.1146,STABLE CROPLAND,1.0,1.0,27.0,"{""type"":""Point"",""coordinates"":[81.67339684952836,28.114240650286124]}"
1837,0.4758,0.2002,0.7923,0.0795,STABLE CROPLAND,0.0,0.0,23.0,"{""type"":""Point"",""coordinates"":[84.52896885104154,28.18764458832204]}"
1838,0.5253,0.1637,0.9231,0.1014,STABLE CROPLAND,2.0,2.0,22.0,"{""type"":""Point"",""coordinates"":[84.5882469131469,28.188057444685153]}"
1839,0.5002,0.2387,0.8068,0.0753,DISCARDED (Failed Phenology),9.0,3.0,15.0,"{""type"":""Point"",""coordinates"":[82.70887075365049,28.141849914446095]}"
1840,0.4718,0.2197,0.8442,0.0887,STABLE CROPLAND,0.0,0.0,25.0,"{""type"":""Point"",""coordinates"":[84.1286250181253,28.17956831237359]}"
1841,0.5184,0.2146,0.8636,0.1029,STABLE CROPLAND,2.0,1.0,21.0,"{""type"":""Point"",""coordinates"":[83.67044153379092,28.16766683555831]}"
1842,0.4728,0.2,0.746,0.06,DISCARDED (Static Vegetation / Low Amplitude),3.0,1.0,20.0,"{""type"":""Point"",""coordinates"":[84.02026379655031,28.17552277329594]}"
1843,0.5033,0.305,0.7933,0.0861,DISCARDED (Static Vegetation / Low Amplitude),3.0,1.0,21.0,"{""type"":""Point"",""coordinates"":[83.5611625080609,28.165321706658872]}"
1844,0.5565,0.2438,0.8674,0.0723,STABLE CROPLAND,0.0,0.0,23.0,"{""type"":""Point"",""coordinates"":[85.07266635623756,28.193745474499377]}"
1845,0.3914,0.1186,0.78,0.0951,STABLE CROPLAND,3.0,1.0,23.0,"{""type"":""Point"",""coordinates"":[82.11351140874766,28.119863911797406]}"
1846,0.36,0.1483,0.6857,0.1034,DISCARDED (Static Vegetation / Low Amplitude),8.0,1.0,20.0,"{""type"":""Point"",""coordinates"":[81.52631755841708,28.097177579403606]}"
1847,0.4566,0.1728,0.8077,0.0937,DISCARDED (Failed Phenology),6.0,2.0,19.0,"{""type"":""Point"",""coordinates"":[82.39534755166432,28.128756394570534]}"
1848,0.3487,0.1161,0.7658,0.0888,STABLE CROPLAND,1.0,1.0,23.0,"{""type"":""Point"",""coordinates"":[81.64145312340081,28.10139734877078]}"
1849,0.5077,0.1851,0.8057,0.0878,STABLE CROPLAND,1.0,1.0,22.0,"{""type"":""Point"",""coordinates"":[84.45631395050906,28.182510872579893]}"
1850,0.4088,0.1645,0.7664,0.0766,DISCARDED (Failed Phenology),5.0,1.0,25.0,"{""type"":""Point"",""coordinates"":[81.69024811959778,28.101646421850862]}"
1851,0.4292,0.1497,0.8151,0.0794,DISCARDED (Failed Phenology),9.0,3.0,21.0,"{""type"":""Point"",""coordinates"":[81.77268520636814,28.11251559166495]}"
1852,0.4372,0.1526,0.7854,0.1037,DISCARDED (Failed Phenology),4.0,2.0,21.0,"{""type"":""Point"",""coordinates"":[82.32751500481552,28.126514290046632]}"
1853,0.5556,0.2121,0.9427,0.0773,STABLE CROPLAND,1.0,1.0,22.0,"{""type"":""Point"",""coordinates"":[84.87514999692243,28.188101877412265]}"
1854,0.5871,0.197,0.9225,0.0561,STABLE CROPLAND,2.0,1.0,21.0,"{""type"":""Point"",""coordinates"":[84.29606824137655,28.178681131141065]}"
1855,0.5236,0.2124,0.869,0.0977,DISCARDED (Failed Phenology),4.0,4.0,19.0,"{""type"":""Point"",""coordinates"":[84.63446317271493,28.18510215539081]}"
1856,0.4865,0.1393,0.7978,0.1045,DISCARDED (Failed Phenology),5.0,2.0,18.0,"{""type"":""Point"",""coordinates"":[84.68324244619654,28.18369733758749]}"
1857,0.4984,0.107,0.8576,0.0807,DISCARDED (Failed Phenology),6.0,3.0,18.0,"{""type"":""Point"",""coordinates"":[84.0514140663632,28.17207380170071]}"
1858,0.476,0.1872,0.83,0.0983,STABLE CROPLAND,0.0,0.0,23.0,"{""type"":""Point"",""coordinates"":[85.0950565722655,28.189351061691838]}"
1859,0.4982,0.1909,0.8579,0.1036,STABLE CROPLAND,1.0,1.0,22.0,"{""type"":""Point"",""coordinates"":[83.8018227656768,28.164309552042624]}"
1860,0.4928,0.2005,0.8273,0.1013,DISCARDED (Failed Phenology),5.0,1.0,18.0,"{""type"":""Point"",""coordinates"":[82.14697048781825,28.116229914124336]}"
1861,0.4434,0.1611,0.7535,0.0858,STABLE CROPLAND,0.0,0.0,23.0,"{""type"":""Point"",""coordinates"":[85.03893900966455,28.187313086251237]}"
1862,0.5036,0.1616,0.8751,0.0535,STABLE CROPLAND,2.0,1.0,32.0,"{""type"":""Point"",""coordinates"":[82.96099226131307,28.14149016007226]}"
1863,0.4732,0.1599,0.7984,0.0968,DISCARDED (Failed Phenology),5.0,2.0,22.0,"{""type"":""Point"",""coordinates"":[82.35289722710853,28.122423210596917]}"
1864,0.4856,0.1563,0.8328,0.0815,STABLE CROPLAND,1.0,1.0,22.0,"{""type"":""Point"",""coordinates"":[85.3440920986705,28.190319858365495]}"
1865,0.3339,0.1147,0.7801,0.1218,STABLE CROPLAND,3.0,1.0,20.0,"{""type"":""Point"",""coordinates"":[81.62120345102747,28.18544581044901]}"
1866,0.3872,0.1344,0.7403,0.1005,STABLE CROPLAND,3.0,1.0,23.0,"{""type"":""Point"",""coordinates"":[81.64574297150365,28.16299669265105]}"
1867,0.3414,0.134,0.7003,0.0989,DISCARDED (Failed Phenology),7.0,3.0,22.0,"{""type"":""Point"",""coordinates"":[81.5361383084589,28.187180451397136]}"
1868,0.3233,0.1086,0.7735,0.1187,STABLE CROPLAND,3.0,1.0,21.0,"{""type"":""Point"",""coordinates"":[81.56432563789912,28.176175288306677]}"
1869,0.353,0.1138,0.6938,0.1118,DISCARDED (Failed Phenology),4.0,1.0,19.0,"{""type"":""Point"",""coordinates"":[81.6251477970199,28.16231735598458]}"
1870,0.3491,0.0945,0.7515,0.1249,STABLE CROPLAND,2.0,1.0,26.0,"{""type"":""Point"",""coordinates"":[81.51258658640266,28.112614609556132]}"
1871,0.4039,0.1078,0.7586,0.0893,DISCARDED (Failed Phenology),4.0,1.0,25.0,"{""type"":""Point"",""coordinates"":[81.60270050867955,28.165481765260783]}"
1872,0.3265,0.1569,0.6385,0.0791,DISCARDED (Static Vegetation / Low Amplitude),1.0,1.0,22.0,"{""type"":""Point"",""coordinates"":[81.64293553140699,28.185772973156393]}"
1873,0.382,0.1351,0.7355,0.0926,STABLE CROPLAND,0.0,0.0,23.0,"{""type"":""Point"",""coordinates"":[82.30656707610355,28.11890942269084]}"
1874,0.513,0.1951,0.84,0.0723,STABLE CROPLAND,0.0,0.0,23.0,"{""type"":""Point"",""coordinates"":[83.20223723778386,28.147351948897192]}"
1875,,,,,DISCARDED (Insufficient Samples),,,,"{""type"":""Point"",""coordinates"":[81.7964263218527,28.100576934136274]}"
1876,0.4241,0.1294,0.8106,0.0792,STABLE CROPLAND,0.0,0.0,23.0,"{""type"":""Point"",""coordinates"":[83.29669946698024,28.149744318140833]}"
1877,0.5489,0.2595,0.8429,0.0767,DISCARDED (Static Vegetation / Low Amplitude),0.0,0.0,23.0,"{""type"":""Point"",""coordinates"":[83.24939287513752,28.147636734362585]}"
1878,0.2972,0.1101,0.8571,0.1534,STABLE CROPLAND,2.0,1.0,21.0,"{""type"":""Point"",""coordinates"":[82.73036133468972,28.13170433072124]}"
1879,0.51,0.177,0.8884,0.1082,STABLE CROPLAND,1.0,1.0,23.0,"{""type"":""Point"",""coordinates"":[83.6443225398323,28.156902556777563]}"
1880,0.4534,0.0948,0.8072,0.1053,DISCARDED (Failed Phenology),5.0,1.0,20.0,"{""type"":""Point"",""coordinates"":[82.27279005443742,28.114633671867395]}"
1881,0.4728,0.2415,0.8159,0.0995,STABLE CROPLAND,0.0,0.0,23.0,"{""type"":""Point"",""coordinates"":[83.86353713468529,28.159975990979095]}"
1882,0.4892,0.1937,0.8233,0.0563,STABLE CROPLAND,0.0,0.0,23.0,"{""type"":""Point"",""coordinates"":[83.17838741897532,28.142592937061234]}"
1883,0.4785,0.1781,0.7914,0.055,STABLE CROPLAND,0.0,0.0,23.0,"{""type"":""Point"",""coordinates"":[83.2255703252045,28.144032315049035]}"
1884,0.4885,0.1818,0.8797,0.1061,DISCARDED (Failed Phenology),6.0,2.0,23.0,"{""type"":""Point"",""coordinates"":[84.99571310624154,28.180827810779746]}"
1885,0.4339,0.1767,0.7755,0.1092,DISCARDED (Failed Phenology),4.0,4.0,19.0,"{""type"":""Point"",""coordinates"":[84.9115709952681,28.178396188910583]}"
1886,0.4241,0.1573,0.8043,0.1308,DISCARDED (Failed Phenology),5.0,1.0,22.0,"{""type"":""Point"",""coordinates"":[82.2568909749192,28.126860938957417]}"
1887,0.5341,0.206,0.8564,0.0405,STABLE CROPLAND,0.0,0.0,23.0,"{""type"":""Point"",""coordinates"":[83.04320649602144,28.13715770120167]}"
1888,0.4182,0.1945,0.7211,0.0846,DISCARDED (Static Vegetation / Low Amplitude),0.0,0.0,24.0,"{""type"":""Point"",""coordinates"":[83.15591220019164,28.140124056751162]}"
1889,0.4827,0.1342,0.8055,0.0968,DISCARDED (Failed Phenology),5.0,2.0,18.0,"{""type"":""Point"",""coordinates"":[84.20076872006348,28.16521161186696]}"
1890,0.3843,0.1277,0.7882,0.1104,DISCARDED (Failed Phenology),5.0,3.0,20.0,"{""type"":""Point"",""coordinates"":[81.66658248796871,28.091839102126293]}"
1891,0.4164,0.1626,0.7723,0.112,STABLE CROPLAND,2.0,1.0,21.0,"{""type"":""Point"",""coordinates"":[82.37434531403517,28.11581475057829]}"
1892,0.4183,0.1515,0.7996,0.1061,STABLE CROPLAND,1.0,1.0,22.0,"{""type"":""Point"",""coordinates"":[85.29887351142264,28.181737463363024]}"
1893,0.4101,0.139,0.8208,0.1513,DISCARDED (Failed Phenology),4.0,1.0,19.0,"{""type"":""Point"",""coordinates"":[81.55227603078964,28.0842151583865]}"
1894,0.4729,0.1727,0.8401,0.0632,DISCARDED (Failed Phenology),6.0,1.0,22.0,"{""type"":""Point"",""coordinates"":[82.90001899339946,28.131246568473838]}"
1895,0.48,0.1615,0.8034,0.0746,STABLE CROPLAND,0.0,0.0,23.0,"{""type"":""Point"",""coordinates"":[83.82492918466144,28.15578608524242]}"
1896,0.4897,0.1901,0.89,0.0882,DISCARDED (Failed Phenology),8.0,2.0,17.0,"{""type"":""Point"",""coordinates"":[84.82970065493926,28.17441708756971]}"
1897,0.415,0.1798,0.7081,0.1056,DISCARDED (Static Vegetation / Low Amplitude),4.0,2.0,19.0,"{""type"":""Point"",""coordinates"":[81.72900320611176,28.089340989593]}"
1898,0.4773,0.1582,0.844,0.1165,STABLE CROPLAND,3.0,1.0,21.0,"{""type"":""Point"",""coordinates"":[84.35195231863666,28.163755452774524]}"
1899,0.4115,0.1429,0.7565,0.0809,DISCARDED (Failed Phenology),7.0,2.0,17.0,"{""type"":""Point"",""coordinates"":[81.57540091150345,28.082465595975023]}"
1900,0.4127,0.1716,0.7337,0.084,DISCARDED (Failed Phenology),4.0,1.0,20.0,"{""type"":""Point"",""coordinates"":[82.06497263189118,28.100136238294432]}"
1901,0.5243,0.1667,0.947,0.0812,STABLE CROPLAND,0.0,0.0,23.0,"{""type"":""Point"",""coordinates"":[84.718565994366,28.169882156340982]}"
1902,0.4906,0.2194,0.8597,0.0879,STABLE CROPLAND,2.0,1.0,37.0,"{""type"":""Point"",""coordinates"":[82.97598213857181,28.129165388582916]}"
1903,0.4301,0.1805,0.7856,0.0844,STABLE CROPLAND,3.0,1.0,21.0,"{""type"":""Point"",""coordinates"":[82.94117431923706,28.126889082456174]}"
1904,0.4651,0.1589,0.8633,0.0885,STABLE CROPLAND,2.0,1.0,26.0,"{""type"":""Point"",""coordinates"":[82.32429808203948,28.108603419630448]}"
1905,0.4778,0.202,0.8737,0.1197,STABLE CROPLAND,1.0,1.0,22.0,"{""type"":""Point"",""coordinates"":[83.52814612402564,28.141774938544604]}"
1906,0.4154,0.175,0.7874,0.088,STABLE CROPLAND,0.0,0.0,23.0,"{""type"":""Point"",""coordinates"":[83.11336840735922,28.130030176865432]}"
1907,0.5583,0.214,0.8872,0.0713,STABLE CROPLAND,0.0,0.0,23.0,"{""type"":""Point"",""coordinates"":[84.6029674765802,28.164229631732283]}"
1908,0.4504,0.1334,0.7823,0.1168,DISCARDED (Failed Phenology),5.0,2.0,21.0,"{""type"":""Point"",""coordinates"":[82.17033703613944,28.10121690202056]}"
1909,0.377,0.1076,0.7577,0.1227,DISCARDED (Failed Phenology),4.0,2.0,20.0,"{""type"":""Point"",""coordinates"":[82.23762027367275,28.103047219763084]}"
1910,0.5007,0.1818,0.8307,0.0772,DISCARDED (Failed Phenology),7.0,3.0,20.0,"{""type"":""Point"",""coordinates"":[82.76583752817122,28.120901231875344]}"
1911,0.5554,0.1844,0.8786,0.0577,STABLE CROPLAND,0.0,0.0,23.0,"{""type"":""Point"",""coordinates"":[83.95598630087119,28.150552251108]}"
1912,0.4245,0.1443,0.7647,0.091,STABLE CROPLAND,3.0,1.0,22.0,"{""type"":""Point"",""coordinates"":[82.45049480774797,28.109090807122175]}"
1913,0.5351,0.1908,0.8916,0.1228,STABLE CROPLAND,1.0,1.0,22.0,"{""type"":""Point"",""coordinates"":[84.30225902445471,28.157142606018525]}"
1914,0.4578,0.0664,0.9177,0.093,STABLE CROPLAND,3.0,2.0,20.0,"{""type"":""Point"",""coordinates"":[84.24055474836746,28.156978475865415]}"
1915,0.38,0.1396,0.7873,0.1211,DISCARDED (Failed Phenology),6.0,3.0,22.0,"{""type"":""Point"",""coordinates"":[81.40197002423571,28.179705321403944]}"
1916,0.4156,0.0943,0.7831,0.1104,DISCARDED (Failed Phenology),7.0,3.0,19.0,"{""type"":""Point"",""coordinates"":[81.42131093809259,28.18980185003126]}"
1917,0.3634,0.1079,0.8034,0.1164,STABLE CROPLAND,2.0,1.0,22.0,"{""type"":""Point"",""coordinates"":[81.48227552672718,28.143542547773045]}"
1918,0.4209,0.1376,0.7995,0.1007,DISCARDED (Failed Phenology),4.0,2.0,23.0,"{""type"":""Point"",""coordinates"":[81.49487987628403,28.250046963579834]}"
1919,0.4052,0.1672,0.8535,0.1246,DISCARDED (Failed Phenology),5.0,1.0,20.0,"{""type"":""Point"",""coordinates"":[81.5103770187282,28.16678057431482]}"
1920,0.345,0.0743,0.8072,0.1284,DISCARDED (Failed Phenology),4.0,1.0,24.0,"{""type"":""Point"",""coordinates"":[81.47799355173912,28.216688631179498]}"
1921,0.3222,0.0948,0.8543,0.1694,DISCARDED (Failed Phenology),8.0,2.0,19.0,"{""type"":""Point"",""coordinates"":[81.47522491381653,28.18224332495586]}"
1922,0.3438,0.0526,0.783,0.1166,STABLE CROPLAND,3.0,1.0,26.0,"{""type"":""Point"",""coordinates"":[81.49696839116717,28.197589151619585]}"
1923,0.3967,0.1068,0.8129,0.1018,DISCARDED (Failed Phenology),8.0,2.0,18.0,"{""type"":""Point"",""coordinates"":[81.46133508051994,28.244026323513722]}"
1924,0.3748,0.0842,0.8235,0.1457,DISCARDED (Failed Phenology),7.0,1.0,20.0,"{""type"":""Point"",""coordinates"":[81.45359317829246,28.20646508725858]}"
1925,0.3268,0.0666,0.7605,0.134,DISCARDED (Failed Phenology),4.0,1.0,25.0,"{""type"":""Point"",""coordinates"":[81.49312446145375,28.104538025401794]}"
1926,0.3857,0.1512,0.7971,0.1067,DISCARDED (Failed Phenology),5.0,1.0,22.0,"{""type"":""Point"",""coordinates"":[81.54400542543353,28.213566277867088]}"
1927,0.4015,0.1002,0.7769,0.0921,DISCARDED (Failed Phenology),7.0,2.0,23.0,"{""type"":""Point"",""coordinates"":[81.451185400491,28.263179631087745]}"
1928,0.358,0.1121,0.731,0.1024,DISCARDED (Failed Phenology),5.0,1.0,27.0,"{""type"":""Point"",""coordinates"":[81.51411661009836,28.27026932154296]}"
1929,0.2664,0.1209,0.6246,0.097,DISCARDED (Static Vegetation / Low Amplitude),5.0,2.0,18.0,"{""type"":""Point"",""coordinates"":[81.43952558828221,28.168119090861897]}"
1930,0.3398,0.0361,0.7372,0.1083,DISCARDED (Failed Phenology),7.0,3.0,22.0,"{""type"":""Point"",""coordinates"":[81.38022281251777,28.181913023018964]}"
1931,0.4457,0.1561,0.7528,0.0816,DISCARDED (Failed Phenology),6.0,2.0,20.0,"{""type"":""Point"",""coordinates"":[81.50256480232851,28.131640556148138]}"
1932,0.4058,0.1598,0.7781,0.08,STABLE CROPLAND,2.0,1.0,25.0,"{""type"":""Point"",""coordinates"":[81.48895009793291,28.077996127575236]}"
1933,0.3587,0.1135,0.7424,0.1347,DISCARDED (Failed Phenology),5.0,2.0,22.0,"{""type"":""Point"",""coordinates"":[81.45987405122241,28.159154223580178]}"
1934,0.3994,0.1268,0.7681,0.0867,DISCARDED (Failed Phenology),5.0,1.0,24.0,"{""type"":""Point"",""coordinates"":[81.50668976289809,28.090298773161535]}"
1935,0.3761,0.1134,0.8043,0.1248,STABLE CROPLAND,2.0,1.0,27.0,"{""type"":""Point"",""coordinates"":[81.44352294232203,28.22386489097607]}"
1936,0.384,0.0976,0.8463,0.1084,STABLE CROPLAND,3.0,1.0,27.0,"{""type"":""Point"",""coordinates"":[81.45155356358737,28.18302608687641]}"
1937,0.3424,0.1001,0.6172,0.0942,DISCARDED (Static Vegetation / Low Amplitude),6.0,3.0,19.0,"{""type"":""Point"",""coordinates"":[81.49575993802046,28.22874119606345]}"
1938,0.4455,0.1727,0.8163,0.0984,DISCARDED (Failed Phenology),4.0,1.0,26.0,"{""type"":""Point"",""coordinates"":[81.48934970285877,28.162295497554634]}"
1939,0.4709,0.1529,0.7961,0.1051,DISCARDED (Failed Phenology),9.0,2.0,16.0,"{""type"":""Point"",""coordinates"":[82.81812704676761,28.119681233149972]}"
1940,0.4788,0.0733,0.8211,0.1025,STABLE CROPLAND,3.0,2.0,20.0,"{""type"":""Point"",""coordinates"":[84.0963925650082,28.1525278302019]}"
1941,0.475,0.1623,0.8369,0.0778,STABLE CROPLAND,2.0,1.0,34.0,"{""type"":""Point"",""coordinates"":[83.00037673393565,28.124161651831205]}"
1942,0.484,0.1869,0.8069,0.0755,STABLE CROPLAND,0.0,0.0,23.0,"{""type"":""Point"",""coordinates"":[85.022167540175,28.167913289241717]}"
1943,0.4806,0.1443,0.8945,0.104,DISCARDED (Failed Phenology),7.0,3.0,24.0,"{""type"":""Point"",""coordinates"":[85.07091354727795,28.168873105688313]}"
1944,0.4057,0.1275,0.8293,0.1161,DISCARDED (Failed Phenology),8.0,3.0,18.0,"{""type"":""Point"",""coordinates"":[81.81905817215932,28.08434891129279]}"
1945,0.4804,0.1178,0.8942,0.0979,STABLE CROPLAND,0.0,0.0,24.0,"{""type"":""Point"",""coordinates"":[84.03119452401444,28.149687626423912]}"
1946,0.5088,0.1756,0.8809,0.1073,STABLE CROPLAND,0.0,0.0,23.0,"{""type"":""Point"",""coordinates"":[84.33112573568222,28.155917149894226]}"
1947,0.4294,0.1693,0.8118,0.0844,DISCARDED (Failed Phenology),4.0,2.0,29.0,"{""type"":""Point"",""coordinates"":[82.84111250499753,28.119603056883836]}"
1948,0.5587,0.2303,0.8495,0.0698,STABLE CROPLAND,2.0,1.0,21.0,"{""type"":""Point"",""coordinates"":[85.28258448805683,28.17061684110795]}"
1949,0.519,0.2157,0.843,0.104,DISCARDED (Failed Phenology),4.0,1.0,20.0,"{""type"":""Point"",""coordinates"":[82.35759935901686,28.103014713431747]}"
1950,0.4038,0.1551,0.7702,0.1031,DISCARDED (Failed Phenology),5.0,2.0,20.0,"{""type"":""Point"",""coordinates"":[82.42831648668096,28.10474206123317]}"
1951,0.4614,0.154,0.7819,0.0937,STABLE CROPLAND,0.0,0.0,23.0,"{""type"":""Point"",""coordinates"":[84.27569822263844,28.153696892628982]}"
1952,0.5001,0.2113,0.8785,0.0923,STABLE CROPLAND,0.0,0.0,23.0,"{""type"":""Point"",""coordinates"":[83.65733625508922,28.13847282243066]}"
1953,0.4762,0.0622,0.8206,0.1015,STABLE CROPLAND,2.0,1.0,22.0,"{""type"":""Point"",""coordinates"":[84.07165996436392,28.150039788769643]}"
1954,0.4512,0.0924,0.7716,0.096,DISCARDED (Failed Phenology),5.0,2.0,18.0,"{""type"":""Point"",""coordinates"":[84.21915394504175,28.153191407974084]}"
1955,0.4803,0.1844,0.8208,0.0962,STABLE CROPLAND,0.0,0.0,23.0,"{""type"":""Point"",""coordinates"":[84.37522568191955,28.154718716009395]}"
1956,0.452,0.2011,0.7687,0.0895,DISCARDED (Failed Phenology),4.0,1.0,25.0,"{""type"":""Point"",""coordinates"":[81.70558582460818,28.076805229065428]}"
1957,0.3728,0.1141,0.7427,0.1191,STABLE CROPLAND,2.0,1.0,22.0,"{""type"":""Point"",""coordinates"":[82.39585606011184,28.104503813681035]}"
1958,0.4791,0.1595,0.8643,0.0889,STABLE CROPLAND,0.0,0.0,23.0,"{""type"":""Point"",""coordinates"":[84.44160444964334,28.154761571254113]}"
1959,0.5292,0.2064,0.8384,0.0712,STABLE CROPLAND,0.0,0.0,23.0,"{""type"":""Point"",""coordinates"":[84.66871312775895,28.157679372249703]}"
1960,,,,,DISCARDED (Insufficient Samples),,,,"{""type"":""Point"",""coordinates"":[81.84514492963034,28.080881098634006]}"
1961,0.4707,0.1616,0.8151,0.1,DISCARDED (Failed Phenology),6.0,2.0,17.0,"{""type"":""Point"",""coordinates"":[82.71614834316883,28.10955700075268]}"
1962,0.4997,0.2011,0.7733,0.0728,STABLE CROPLAND,2.0,1.0,21.0,"{""type"":""Point"",""coordinates"":[83.97507444680357,28.143077202883607]}"
1963,0.3084,0.1433,0.5487,0.105,DISCARDED (Static Vegetation / Low Amplitude),10.0,6.0,13.0,"{""type"":""Point"",""coordinates"":[83.19485051491179,28.1228005166012]}"
1964,0.4295,0.143,0.7456,0.0974,DISCARDED (Failed Phenology),6.0,1.0,19.0,"{""type"":""Point"",""coordinates"":[82.29966598583422,28.09605052055473]}"
1965,0.4816,0.1774,0.892,0.127,DISCARDED (Failed Phenology),4.0,4.0,19.0,"{""type"":""Point"",""coordinates"":[84.86295267869924,28.158797379157843]}"
1966,0.4977,0.2065,0.8512,0.1296,STABLE CROPLAND,1.0,1.0,22.0,"{""type"":""Point"",""coordinates"":[83.85382813429453,28.138549372710862]}"
1967,0.4521,0.1954,0.8066,0.0905,STABLE CROPLAND,0.0,0.0,23.0,"{""type"":""Point"",""coordinates"":[83.22626219692745,28.12330747160328]}"
1968,0.5072,0.214,0.8457,0.0972,STABLE CROPLAND,2.0,2.0,21.0,"{""type"":""Point"",""coordinates"":[83.72597706273719,28.136080072296643]}"
1969,0.346,0.1493,0.7531,0.1338,STABLE CROPLAND,3.0,1.0,20.0,"{""type"":""Point"",""coordinates"":[82.23104570663136,28.124155442737838]}"
1970,0.3716,0.0802,0.7723,0.1412,STABLE CROPLAND,2.0,1.0,21.0,"{""type"":""Point"",""coordinates"":[82.20324145073722,28.09800491954207]}"
1971,0.6006,0.2898,0.8714,0.0549,DISCARDED (Static Vegetation / Low Amplitude),0.0,0.0,23.0,"{""type"":""Point"",""coordinates"":[83.62610722541972,28.13167230426726]}"
1972,0.509,0.0978,0.8396,0.0808,STABLE CROPLAND,1.0,1.0,22.0,"{""type"":""Point"",""coordinates"":[84.18002039995979,28.145414354567954]}"
1973,0.4701,0.1858,0.8656,0.1342,STABLE CROPLAND,3.0,1.0,20.0,"{""type"":""Point"",""coordinates"":[84.69652064865514,28.153075437792417]}"
1974,0.5924,0.2287,0.9181,0.0632,STABLE CROPLAND,0.0,0.0,23.0,"{""type"":""Point"",""coordinates"":[83.82761576071165,28.1349225029069]}"
1975,0.4783,0.1858,0.8261,0.0971,STABLE CROPLAND,0.0,0.0,27.0,"{""type"":""Point"",""coordinates"":[85.32900707440169,28.161841859473377]}"
1976,0.4381,0.17,0.7588,0.0728,DISCARDED (Failed Phenology),7.0,2.0,18.0,"{""type"":""Point"",""coordinates"":[81.61890555058179,28.066415664561138]}"
1977,0.3285,0.1444,0.6289,0.0887,DISCARDED (Static Vegetation / Low Amplitude),5.0,2.0,18.0,"{""type"":""Point"",""coordinates"":[81.68595728618712,28.069406265073855]}"
1978,0.4677,0.0689,0.8361,0.1018,STABLE CROPLAND,1.0,1.0,22.0,"{""type"":""Point"",""coordinates"":[84.00859395383414,28.13966749748893]}"
1979,0.3952,0.1374,0.7551,0.1117,DISCARDED (Failed Phenology),7.0,2.0,19.0,"{""type"":""Point"",""coordinates"":[81.52745179627043,28.067840308662422]}"
1980,0.4014,0.1494,0.7743,0.1106,DISCARDED (Failed Phenology),5.0,1.0,20.0,"{""type"":""Point"",""coordinates"":[81.55130368001059,28.062503223387484]}"
1981,0.3822,0.1323,0.7694,0.1235,DISCARDED (Failed Phenology),5.0,2.0,21.0,"{""type"":""Point"",""coordinates"":[82.74577293402615,28.10405168030216]}"
1982,0.4358,0.1344,0.8416,0.1333,DISCARDED (Failed Phenology),4.0,1.0,22.0,"{""type"":""Point"",""coordinates"":[82.27598761091996,28.088334414946665]}"
1983,0.4957,0.1908,0.8721,0.1034,STABLE CROPLAND,0.0,0.0,23.0,"{""type"":""Point"",""coordinates"":[83.31304533722864,28.120283315069365]}"
1984,0.5455,0.2233,0.8872,0.0863,STABLE CROPLAND,0.0,0.0,23.0,"{""type"":""Point"",""coordinates"":[83.60001627614601,28.12684134488364]}"
1985,0.4154,0.1393,0.906,0.1095,DISCARDED (Failed Phenology),6.0,2.0,20.0,"{""type"":""Point"",""coordinates"":[82.16832983564453,28.083016398074196]}"
1986,0.4771,0.1209,0.8497,0.1289,STABLE CROPLAND,3.0,2.0,20.0,"{""type"":""Point"",""coordinates"":[83.78016049312782,28.130237703156443]}"
1987,0.439,0.161,0.7658,0.0873,STABLE CROPLAND,1.0,1.0,22.0,"{""type"":""Point"",""coordinates"":[82.83107717529796,28.103906144695184]}"
1988,0.4523,0.1698,0.8679,0.1253,DISCARDED (Failed Phenology),4.0,2.0,20.0,"{""type"":""Point"",""coordinates"":[82.37200990751403,28.09012021450767]}"
1989,0.5226,0.2188,0.8762,0.0873,STABLE CROPLAND,0.0,0.0,23.0,"{""type"":""Point"",""coordinates"":[83.16148027511329,28.11425194921881]}"
1990,0.5073,0.1363,0.8424,0.0813,STABLE CROPLAND,2.0,1.0,22.0,"{""type"":""Point"",""coordinates"":[84.04956011262121,28.134865311324756]}"
1991,0.4423,0.1375,0.7358,0.0816,STABLE CROPLAND,0.0,0.0,23.0,"{""type"":""Point"",""coordinates"":[84.40204378436427,28.141427985408278]}"
1992,0.3996,0.1621,0.8089,0.1075,STABLE CROPLAND,1.0,1.0,22.0,"{""type"":""Point"",""coordinates"":[82.47046666612097,28.09483542261495]}"
1993,0.3944,0.1121,0.8501,0.1585,DISCARDED (Failed Phenology),6.0,2.0,22.0,"{""type"":""Point"",""coordinates"":[82.19121129633685,28.08224783796274]}"
1994,0.4066,0.1545,0.8337,0.0924,DISCARDED (Failed Phenology),7.0,3.0,19.0,"{""type"":""Point"",""coordinates"":[81.86479626992309,28.069002979178617]}"
1995,0.5004,0.1746,0.8414,0.0573,STABLE CROPLAND,0.0,0.0,23.0,"{""type"":""Point"",""coordinates"":[84.45847976882487,28.141998782954484]}"
1996,0.3521,0.1266,0.7395,0.1144,DISCARDED (Failed Phenology),7.0,3.0,19.0,"{""type"":""Point"",""coordinates"":[81.7214873938873,28.06395038780784]}"
1997,0.4365,0.1434,0.8113,0.082,STABLE CROPLAND,2.0,1.0,29.0,"{""type"":""Point"",""coordinates"":[82.85737661394674,28.102596930733483]}"
1998,0.4928,0.2229,0.7844,0.0506,DISCARDED (Failed Phenology),6.0,2.0,23.0,"{""type"":""Point"",""coordinates"":[83.01309782030728,28.106275298487475]}"
1999,0.4403,0.1522,0.8177,0.065,DISCARDED (Failed Phenology),4.0,1.0,29.0,"{""type"":""Point"",""coordinates"":[82.87140324198609,28.11565190515194]}"
2000,0.4015,0.1035,0.7441,0.0943,DISCARDED (Failed Phenology),6.0,2.0,24.0,"{""type"":""Point"",""coordinates"":[82.76953782507414,28.098533250135834]}"
2001,0.481,0.2039,0.8273,0.1207,STABLE CROPLAND,2.0,1.0,21.0,"{""type"":""Point"",""coordinates"":[81.64758609326103,28.057951981446326]}"
2002,0.4567,0.189,0.8318,0.1049,STABLE CROPLAND,2.0,1.0,24.0,"{""type"":""Point"",""coordinates"":[82.39738359442552,28.085648400075893]}"
2003,0.433,0.1193,0.7816,0.0835,DISCARDED (Failed Phenology),5.0,1.0,21.0,"{""type"":""Point"",""coordinates"":[82.44771845644928,28.08730425324788]}"
2004,0.3966,0.1824,0.723,0.0757,DISCARDED (Static Vegetation / Low Amplitude),2.0,1.0,21.0,"{""type"":""Point"",""coordinates"":[83.9201629778364,28.127006232848746]}"
2005,0.4843,0.1723,0.8072,0.0737,STABLE CROPLAND,0.0,0.0,23.0,"{""type"":""Point"",""coordinates"":[83.9597040683521,28.12839563925579]}"
2006,0.4631,0.1486,0.737,0.1076,DISCARDED (Failed Phenology),7.0,3.0,17.0,"{""type"":""Point"",""coordinates"":[84.12656038466581,28.13146510242589]}"
2007,0.4551,0.0787,0.7792,0.0911,STABLE CROPLAND,3.0,1.0,20.0,"{""type"":""Point"",""coordinates"":[84.21757323160568,28.13206805893134]}"
2008,0.4628,0.1736,0.7863,0.0859,STABLE CROPLAND,0.0,0.0,23.0,"{""type"":""Point"",""coordinates"":[84.34834189300908,28.1345456766548]}"
2009,0.4972,0.1486,0.8901,0.0872,STABLE CROPLAND,2.0,2.0,22.0,"{""type"":""Point"",""coordinates"":[84.07012616605905,28.126593342065338]}"
2010,0.4797,0.1746,0.8032,0.087,STABLE CROPLAND,1.0,1.0,22.0,"{""type"":""Point"",""coordinates"":[84.3735788543909,28.133177909924036]}"
2011,0.4854,0.1772,0.8216,0.0739,STABLE CROPLAND,0.0,0.0,23.0,"{""type"":""Point"",""coordinates"":[84.56270624491339,28.13560777468516]}"
2012,0.5119,0.1588,0.8649,0.0941,DISCARDED (Failed Phenology),4.0,2.0,19.0,"{""type"":""Point"",""coordinates"":[84.84788224121002,28.144622231971614]}"
2013,0.4563,0.2157,0.772,0.0786,DISCARDED (Failed Phenology),7.0,2.0,19.0,"{""type"":""Point"",""coordinates"":[81.74877869064771,28.064633364132792]}"
2014,0.5669,0.3063,0.8295,0.0707,DISCARDED (Static Vegetation / Low Amplitude),1.0,1.0,22.0,"{""type"":""Point"",""coordinates"":[83.24843805818263,28.105083762255234]}"
2015,,,,,DISCARDED (Insufficient Samples),,,,"{""type"":""Point"",""coordinates"":[81.83445610963884,28.06316727510835]}"
2016,0.4426,0.2141,0.7696,0.1193,STABLE CROPLAND,2.0,2.0,21.0,"{""type"":""Point"",""coordinates"":[83.41357873267583,28.11018336868071]}"
2017,0.4403,0.1105,0.7844,0.1095,STABLE CROPLAND,3.0,1.0,20.0,"{""type"":""Point"",""coordinates"":[84.28313999229327,28.12711047902147]}"
2018,0.4293,0.1527,0.8153,0.086,DISCARDED (Failed Phenology),4.0,1.0,21.0,"{""type"":""Point"",""coordinates"":[82.2274344905271,28.07262091703209]}"
2019,0.5334,0.1791,0.8626,0.0502,STABLE CROPLAND,1.0,1.0,22.0,"{""type"":""Point"",""coordinates"":[83.99810699183429,28.123936919619005]}"
2020,0.4544,0.1586,0.8699,0.1143,DISCARDED (Failed Phenology),4.0,1.0,20.0,"{""type"":""Point"",""coordinates"":[85.36311742423945,28.143590597622598]}"
2021,0.4729,0.0984,0.8394,0.063,STABLE CROPLAND,1.0,1.0,23.0,"{""type"":""Point"",""coordinates"":[85.29716993248842,28.141174061306543]}"
2022,,,,,DISCARDED (Insufficient Samples),,,,"{""type"":""Point"",""coordinates"":[81.89162161674385,28.05964724325805]}"
2023,0.4257,0.1263,0.7984,0.1182,DISCARDED (Failed Phenology),7.0,2.0,19.0,"{""type"":""Point"",""coordinates"":[82.79256887655369,28.088240816247858]}"
2024,0.4891,0.1438,0.8233,0.0773,STABLE CROPLAND,0.0,0.0,23.0,"{""type"":""Point"",""coordinates"":[84.25204151866566,28.123463018718855]}"
2025,,,,,DISCARDED (Insufficient Samples),,,,"{""type"":""Point"",""coordinates"":[81.85238695429895,28.053809999564315]}"
2026,0.5634,0.1452,0.85,0.0948,STABLE CROPLAND,1.0,1.0,22.0,"{""type"":""Point"",""coordinates"":[84.3066136554253,28.124278086451444]}"
2027,0.4098,0.1719,0.8391,0.1121,STABLE CROPLAND,3.0,1.0,22.0,"{""type"":""Point"",""coordinates"":[82.98627523882347,28.09151245837375]}"
2028,0.5073,0.1761,0.8713,0.0996,STABLE CROPLAND,2.0,1.0,21.0,"{""type"":""Point"",""coordinates"":[83.86321330898377,28.11391190249106]}"
2029,0.5381,0.191,0.8603,0.0892,STABLE CROPLAND,0.0,0.0,24.0,"{""type"":""Point"",""coordinates"":[83.83872381624458,28.112672933303948]}"
2030,0.5284,0.2259,0.8167,0.0689,STABLE CROPLAND,1.0,1.0,22.0,"{""type"":""Point"",""coordinates"":[84.65893873831914,28.12868236807434]}"
2031,0.4829,0.1507,0.8842,0.1106,STABLE CROPLAND,0.0,0.0,23.0,"{""type"":""Point"",""coordinates"":[84.39450415103127,28.12438350934419]}"
2032,0.5299,0.2159,0.8517,0.0768,STABLE CROPLAND,0.0,0.0,23.0,"{""type"":""Point"",""coordinates"":[85.02188854501124,28.13305486419756]}"
2033,0.427,0.1791,0.8664,0.1353,DISCARDED (Failed Phenology),4.0,2.0,23.0,"{""type"":""Point"",""coordinates"":[82.35528577418525,28.07631908748493]}"
2034,0.4864,0.1257,0.9017,0.0838,STABLE CROPLAND,1.0,1.0,22.0,"{""type"":""Point"",""coordinates"":[84.42928439435538,28.123499951234788]}"
2035,0.4436,0.1973,0.7938,0.0937,DISCARDED (Failed Phenology),5.0,1.0,22.0,"{""type"":""Point"",""coordinates"":[82.46292647522763,28.0713480243146]}"
2036,0.4363,0.0676,0.8039,0.1299,STABLE CROPLAND,2.0,1.0,22.0,"{""type"":""Point"",""coordinates"":[84.11009792110583,28.117009359447596]}"
2037,0.4394,0.1662,0.7506,0.0525,DISCARDED (Failed Phenology),7.0,2.0,19.0,"{""type"":""Point"",""coordinates"":[82.19632127538014,28.060943032293807]}"
2038,0.4327,0.1859,0.7786,0.0984,STABLE CROPLAND,1.0,1.0,22.0,"{""type"":""Point"",""coordinates"":[83.88333747153611,28.10898061853546]}"
2039,0.4098,0.1354,0.7904,0.112,DISCARDED (Failed Phenology),6.0,2.0,18.0,"{""type"":""Point"",""coordinates"":[82.25059686126464,28.060523453484496]}"
2040,0.4451,0.1119,0.7501,0.0714,STABLE CROPLAND,0.0,0.0,23.0,"{""type"":""Point"",""coordinates"":[84.17643784334773,28.113283329602602]}"
2041,0.3958,0.0366,0.8266,0.1348,DISCARDED (Failed Phenology),4.0,1.0,22.0,"{""type"":""Point"",""coordinates"":[82.25013521523096,28.08369207157856]}"
2042,0.4476,0.2063,0.7614,0.0995,DISCARDED (Failed Phenology),5.0,2.0,20.0,"{""type"":""Point"",""coordinates"":[82.49194836484551,28.06726939380611]}"
2043,0.4323,0.045,0.7634,0.0757,STABLE CROPLAND,2.0,1.0,21.0,"{""type"":""Point"",""coordinates"":[84.20115733395266,28.114345741421598]}"
2044,0.4858,0.1978,0.8352,0.109,STABLE CROPLAND,1.0,1.0,22.0,"{""type"":""Point"",""coordinates"":[82.9523043390746,28.08096830950487]}"
2045,0.3436,0.1254,0.7282,0.1152,DISCARDED (Failed Phenology),8.0,2.0,18.0,"{""type"":""Point"",""coordinates"":[82.62586473077829,28.070626374368874]}"
2046,0.4336,0.2054,0.7295,0.0961,DISCARDED (Static Vegetation / Low Amplitude),0.0,0.0,23.0,"{""type"":""Point"",""coordinates"":[82.7469407748241,28.07383894704383]}"
2047,0.4587,0.1308,0.8454,0.0683,STABLE CROPLAND,3.0,1.0,29.0,"{""type"":""Point"",""coordinates"":[82.8247015582817,28.081067473846783]}"
2048,0.4401,0.1136,0.8836,0.1064,DISCARDED (Failed Phenology),4.0,2.0,29.0,"{""type"":""Point"",""coordinates"":[82.34663739345919,28.059735965329537]}"
2049,0.4497,0.1893,0.7573,0.1064,STABLE CROPLAND,1.0,1.0,22.0,"{""type"":""Point"",""coordinates"":[83.91177066442732,28.10247866750981]}"
2050,0.4547,0.1934,0.7623,0.0585,STABLE CROPLAND,0.0,0.0,23.0,"{""type"":""Point"",""coordinates"":[84.72032728000043,28.11824695448605]}"
2051,0.3878,0.1028,0.802,0.1419,DISCARDED (Failed Phenology),6.0,1.0,23.0,"{""type"":""Point"",""coordinates"":[81.60917915383392,28.03097578309495]}"
2052,0.4209,0.0777,0.803,0.0853,DISCARDED (Failed Phenology),7.0,1.0,17.0,"{""type"":""Point"",""coordinates"":[82.32250852664592,28.066200160828593]}"
2053,0.4475,0.0192,0.8264,0.1118,DISCARDED (Failed Phenology),4.0,3.0,19.0,"{""type"":""Point"",""coordinates"":[84.2271222003567,28.11081209209634]}"
2054,0.3851,0.1566,0.7752,0.1321,STABLE CROPLAND,2.0,1.0,21.0,"{""type"":""Point"",""coordinates"":[82.65947400050216,28.067284171617356]}"
2055,0.469,0.1364,0.8616,0.1409,STABLE CROPLAND,2.0,1.0,21.0,"{""type"":""Point"",""coordinates"":[84.32746691492908,28.10934860139548]}"
2056,0.4758,0.2067,0.794,0.0913,STABLE CROPLAND,0.0,0.0,23.0,"{""type"":""Point"",""coordinates"":[83.32425443496855,28.08473363787616]}"
2057,,,,,DISCARDED (Insufficient Samples),,,,"{""type"":""Point"",""coordinates"":[84.85538097498099,28.11749751912573]}"
2058,0.442,0.2034,0.8043,0.1046,DISCARDED (Failed Phenology),5.0,2.0,19.0,"{""type"":""Point"",""coordinates"":[82.21728629025769,28.05008910839087]}"
2059,0.4374,0.1876,0.7093,0.0568,DISCARDED (Static Vegetation / Low Amplitude),0.0,0.0,23.0,"{""type"":""Point"",""coordinates"":[84.75882454374218,28.11474778132372]}"
2060,0.4665,0.0811,0.8124,0.0894,STABLE CROPLAND,3.0,1.0,21.0,"{""type"":""Point"",""coordinates"":[85.2708980768314,28.123033384437324]}"
2061,0.5149,0.1114,0.874,0.0766,STABLE CROPLAND,0.0,0.0,23.0,"{""type"":""Point"",""coordinates"":[84.07555982538784,28.101146423171773]}"
2062,0.5354,0.2492,0.8199,0.067,DISCARDED (Failed Phenology),10.0,2.0,16.0,"{""type"":""Point"",""coordinates"":[82.90692051852655,28.07146735352762]}"
2063,,,,,DISCARDED (Insufficient Samples),,,,"{""type"":""Point"",""coordinates"":[81.7588122768641,28.032825979847182]}"
2064,0.5056,0.2178,0.7748,0.0708,DISCARDED (Failed Phenology),7.0,2.0,16.0,"{""type"":""Point"",""coordinates"":[83.19661844467454,28.079035255094276]}"
2065,0.4413,0.0075,0.8226,0.1052,DISCARDED (Failed Phenology),4.0,1.0,19.0,"{""type"":""Point"",""coordinates"":[84.2602283220558,28.105629615771285]}"
2066,0.3977,0.132,0.7671,0.1129,DISCARDED (Failed Phenology),4.0,1.0,23.0,"{""type"":""Point"",""coordinates"":[82.44165630263593,28.05570195494462]}"
2067,0.4183,0.1752,0.7666,0.1269,DISCARDED (Failed Phenology),5.0,2.0,20.0,"{""type"":""Point"",""coordinates"":[81.6305632775189,28.025410175391713]}"
2068,0.4862,0.195,0.822,0.1115,STABLE CROPLAND,3.0,2.0,20.0,"{""type"":""Point"",""coordinates"":[83.78244361150394,28.092532454010136]}"
2069,0.5157,0.2323,0.7998,0.0948,STABLE CROPLAND,1.0,1.0,22.0,"{""type"":""Point"",""coordinates"":[83.68852980504313,28.0894404787886]}"
2070,0.443,0.1296,0.8783,0.1015,DISCARDED (Failed Phenology),7.0,2.0,21.0,"{""type"":""Point"",""coordinates"":[82.30246151084009,28.049292251555812]}"
2071,0.4105,0.1048,0.8015,0.0922,STABLE CROPLAND,1.0,1.0,23.0,"{""type"":""Point"",""coordinates"":[84.44454775070022,28.10677187412854]}"
2072,0.511,0.208,0.8575,0.1129,STABLE CROPLAND,0.0,0.0,23.0,"{""type"":""Point"",""coordinates"":[83.84442927524668,28.091829057379424]}"
2073,0.4421,0.1646,0.794,0.0971,DISCARDED (Failed Phenology),6.0,3.0,20.0,"{""type"":""Point"",""coordinates"":[82.47051977386799,28.05397967949179]}"
2074,0.4312,0.1876,0.8258,0.1312,DISCARDED (Failed Phenology),5.0,1.0,19.0,"{""type"":""Point"",""coordinates"":[81.601012903878,28.1139986463428]}"
2075,0.3381,0.1258,0.6993,0.1031,DISCARDED (Failed Phenology),4.0,1.0,23.0,"{""type"":""Point"",""coordinates"":[81.58634853217066,28.059888827719977]}"
2076,0.3643,0.1162,0.8097,0.1047,STABLE CROPLAND,1.0,1.0,26.0,"{""type"":""Point"",""coordinates"":[81.62823919332953,28.119692972277573]}"
2077,0.3337,0.0732,0.75,0.1109,STABLE CROPLAND,3.0,2.0,22.0,"{""type"":""Point"",""coordinates"":[81.61895584065012,28.09615591203415]}"
2078,0.3435,0.0863,0.7519,0.1242,STABLE CROPLAND,3.0,2.0,25.0,"{""type"":""Point"",""coordinates"":[81.63492410232493,28.084235969563085]}"
2079,0.4353,0.147,0.7867,0.0922,STABLE CROPLAND,3.0,1.0,24.0,"{""type"":""Point"",""coordinates"":[82.32460348888928,28.047307800513295]}"
2080,0.4929,0.2303,0.8077,0.0997,STABLE CROPLAND,2.0,2.0,21.0,"{""type"":""Point"",""coordinates"":[83.82353352865513,28.09011519042036]}"
2081,0.4776,0.0558,0.8867,0.0954,DISCARDED (Failed Phenology),3.0,3.0,20.0,"{""type"":""Point"",""coordinates"":[84.03660104072281,28.0947797639499]}"
2082,0.3755,0.008,0.7137,0.1244,DISCARDED (Failed Phenology),7.0,4.0,16.0,"{""type"":""Point"",""coordinates"":[84.28785983811991,28.10356396015036]}"
2083,0.4485,0.1911,0.7079,0.0567,DISCARDED (Static Vegetation / Low Amplitude),6.0,3.0,18.0,"{""type"":""Point"",""coordinates"":[82.50755726215304,28.052116799983406]}"
2084,0.4508,0.1622,0.8478,0.0994,STABLE CROPLAND,2.0,1.0,21.0,"{""type"":""Point"",""coordinates"":[85.29776206246392,28.11490277227316]}"
2085,0.4726,0.0928,0.9026,0.1052,STABLE CROPLAND,1.0,1.0,22.0,"{""type"":""Point"",""coordinates"":[84.09423846674535,28.093273355426312]}"
2086,0.4647,0.1457,0.8181,0.0973,STABLE CROPLAND,1.0,1.0,22.0,"{""type"":""Point"",""coordinates"":[84.83434061091795,28.106873591337703]}"
2087,0.4909,0.1964,0.8388,0.0908,STABLE CROPLAND,0.0,0.0,23.0,"{""type"":""Point"",""coordinates"":[84.80888898243265,28.10598989835231]}"
2088,0.4047,0.018,0.756,0.1017,DISCARDED (Failed Phenology),6.0,3.0,17.0,"{""type"":""Point"",""coordinates"":[84.20884515213406,28.09520251276592]}"
2089,0.5099,0.1662,0.8706,0.0987,DISCARDED (Failed Phenology),9.0,4.0,15.0,"{""type"":""Point"",""coordinates"":[83.17592906789675,28.069387912241314]}"
2090,0.4721,0.1548,0.8058,0.0919,STABLE CROPLAND,1.0,1.0,22.0,"{""type"":""Point"",""coordinates"":[84.54374911273266,28.10108823735817]}"
2091,0.3303,0.0897,0.7005,0.1063,DISCARDED (Failed Phenology),5.0,1.0,27.0,"{""type"":""Point"",""coordinates"":[81.71643416053311,28.020018005474007]}"
2092,0.5083,0.2053,0.851,0.0608,STABLE CROPLAND,0.0,0.0,23.0,"{""type"":""Point"",""coordinates"":[82.92370489060696,28.060772175621516]}"
2093,,,,,DISCARDED (Insufficient Samples),,,,"{""type"":""Point"",""coordinates"":[81.87885102769387,28.02556660411581]}"
2094,0.5262,0.2032,0.8186,0.0787,DISCARDED (Failed Phenology),8.0,4.0,18.0,"{""type"":""Point"",""coordinates"":[82.69581612554978,28.053818903974076]}"
2095,0.4533,0.1829,0.7258,0.0678,DISCARDED (Static Vegetation / Low Amplitude),4.0,2.0,20.0,"{""type"":""Point"",""coordinates"":[82.35696269560236,28.042186414972907]}"
2096,0.5134,0.2184,0.8396,0.1022,STABLE CROPLAND,2.0,1.0,21.0,"{""type"":""Point"",""coordinates"":[84.67940957925245,28.10057180269259]}"
2097,0.411,0.1336,0.8513,0.1422,DISCARDED (Failed Phenology),4.0,2.0,26.0,"{""type"":""Point"",""coordinates"":[82.78610364236405,28.055013690142864]}"
2098,0.4196,0.1577,0.8664,0.1463,STABLE CROPLAND,2.0,1.0,21.0,"{""type"":""Point"",""coordinates"":[82.27927795566323,28.03924202279352]}"
2099,0.4344,0.1435,0.7269,0.078,STABLE CROPLAND,0.0,0.0,23.0,"{""type"":""Point"",""coordinates"":[84.51305057744682,28.096526440343297]}"
2100,0.3939,0.0361,0.8748,0.1087,DISCARDED (Failed Phenology),6.0,2.0,19.0,"{""type"":""Point"",""coordinates"":[82.27932312576438,28.067920940654727]}"
2101,0.4094,0.1381,0.7772,0.0764,DISCARDED (Failed Phenology),4.0,1.0,20.0,"{""type"":""Point"",""coordinates"":[82.42863460973552,28.041612139840886]}"
2102,0.4735,0.1553,0.8887,0.0946,STABLE CROPLAND,0.0,0.0,24.0,"{""type"":""Point"",""coordinates"":[84.4147131176048,28.092253233692507]}"
2103,0.5306,0.1653,0.8675,0.0842,STABLE CROPLAND,1.0,1.0,22.0,"{""type"":""Point"",""coordinates"":[84.47796650250451,28.094555430272152]}"
2104,,,,,DISCARDED (Insufficient Samples),,,,"{""type"":""Point"",""coordinates"":[81.9298562784844,28.02824103966218]}"
2105,0.5203,0.2223,0.8534,0.0666,DISCARDED (Failed Phenology),4.0,2.0,19.0,"{""type"":""Point"",""coordinates"":[83.35687210619136,28.068282972543788]}"
2106,0.4615,0.2053,0.8311,0.118,STABLE CROPLAND,1.0,1.0,22.0,"{""type"":""Point"",""coordinates"":[83.56315714263118,28.07266501104882]}"
2107,,,,,DISCARDED (Insufficient Samples),,,,"{""type"":""Point"",""coordinates"":[81.76554656960147,28.015000251941515]}"
2108,0.4628,0.1569,0.8452,0.1025,STABLE CROPLAND,3.0,1.0,23.0,"{""type"":""Point"",""coordinates"":[82.9807126507746,28.053676111566617]}"
2109,0.4581,0.1626,0.7664,0.0982,STABLE CROPLAND,2.0,1.0,21.0,"{""type"":""Point"",""coordinates"":[84.35840150461087,28.091023136678]}"
2110,0.4076,0.1314,0.7659,0.0763,DISCARDED (Failed Phenology),8.0,3.0,16.0,"{""type"":""Point"",""coordinates"":[82.25114870308786,28.03058677319849]}"
2111,0.5296,0.2632,0.7963,0.0562,DISCARDED (Static Vegetation / Low Amplitude),5.0,2.0,18.0,"{""type"":""Point"",""coordinates"":[83.24588660353398,28.060674364751993]}"
2112,0.4428,0.1601,0.7983,0.1043,STABLE CROPLAND,2.0,1.0,21.0,"{""type"":""Point"",""coordinates"":[82.81840574095317,28.047765756639773]}"
2113,0.4664,0.1218,0.8023,0.1289,STABLE CROPLAND,2.0,1.0,22.0,"{""type"":""Point"",""coordinates"":[84.30204885826818,28.083669834895623]}"
2114,0.4173,0.0596,0.6824,0.0688,STABLE CROPLAND,1.0,1.0,22.0,"{""type"":""Point"",""coordinates"":[84.0532175797344,28.077796107944543]}"
2115,0.5383,0.2199,0.8753,0.0789,DISCARDED (Failed Phenology),10.0,3.0,15.0,"{""type"":""Point"",""coordinates"":[83.13422610089482,28.054259794384013]}"
2116,0.4509,0.1328,0.8544,0.1114,STABLE CROPLAND,1.0,1.0,22.0,"{""type"":""Point"",""coordinates"":[84.38474774912098,28.08659307027074]}"
2117,0.449,0.18,0.9216,0.1488,STABLE CROPLAND,2.0,1.0,21.0,"{""type"":""Point"",""coordinates"":[84.32641793179083,28.08342612665504]}"
2118,0.4804,0.1719,0.8639,0.1034,STABLE CROPLAND,2.0,1.0,21.0,"{""type"":""Point"",""coordinates"":[83.8012224798547,28.071303114340644]}"
2119,0.3149,0.1409,0.79,0.1693,DISCARDED (Failed Phenology),8.0,2.0,15.0,"{""type"":""Point"",""coordinates"":[82.30648893898685,28.027402934291423]}"
2120,0.4842,0.2092,0.8102,0.0831,DISCARDED (Failed Phenology),8.0,3.0,15.0,"{""type"":""Point"",""coordinates"":[83.0038452670599,28.049036188566]}"
2121,0.509,0.228,0.7936,0.0566,STABLE CROPLAND,0.0,0.0,23.0,"{""type"":""Point"",""coordinates"":[84.65487384029062,28.08796288439713]}"
2122,0.4238,0.1371,0.8236,0.1282,DISCARDED (Failed Phenology),6.0,2.0,25.0,"{""type"":""Point"",""coordinates"":[82.37197626504835,28.029472634430626]}"
2123,0.4063,0.1705,0.7816,0.122,STABLE CROPLAND,3.0,2.0,20.0,"{""type"":""Point"",""coordinates"":[82.23144433777212,28.02539021911707]}"
2124,0.4743,0.1683,0.8099,0.0919,STABLE CROPLAND,3.0,2.0,20.0,"{""type"":""Point"",""coordinates"":[82.72788076561821,28.03788351334586]}"
2125,0.3541,0.1069,0.8242,0.1635,DISCARDED (Failed Phenology),6.0,2.0,17.0,"{""type"":""Point"",""coordinates"":[82.45039591190813,28.02816549805253]}"
2126,,,,,DISCARDED (Insufficient Samples),,,,"{""type"":""Point"",""coordinates"":[81.89727576299336,28.01737887536452]}"
2127,0.4809,0.1273,0.8497,0.0828,DISCARDED (Failed Phenology),7.0,2.0,17.0,"{""type"":""Point"",""coordinates"":[82.83948656289738,28.039785026491472]}"
2128,0.4729,0.1831,0.8033,0.1085,DISCARDED (Failed Phenology),8.0,2.0,18.0,"{""type"":""Point"",""coordinates"":[82.50466537103232,28.029427594838577]}"
2129,0.4885,0.2213,0.8082,0.0872,DISCARDED (Failed Phenology),6.0,3.0,18.0,"{""type"":""Point"",""coordinates"":[83.21641045766984,28.051230871839085]}"
2130,0.4274,0.1528,0.8724,0.1383,DISCARDED (Failed Phenology),8.0,4.0,16.0,"{""type"":""Point"",""coordinates"":[82.39139307437578,28.040687103168825]}"
2131,0.4182,0.1458,0.7011,0.0532,STABLE CROPLAND,2.0,1.0,22.0,"{""type"":""Point"",""coordinates"":[84.50310540647392,28.07868219306157]}"
2132,0.4476,0.0331,0.8744,0.1166,STABLE CROPLAND,0.0,0.0,23.0,"{""type"":""Point"",""coordinates"":[84.46227854813938,28.077901539929332]}"
2133,0.3507,0.1241,0.7461,0.1492,DISCARDED (Failed Phenology),5.0,2.0,18.0,"{""type"":""Point"",""coordinates"":[82.37683655233874,28.063679104310076]}"
2134,0.4056,0.1361,0.7181,0.0806,STABLE CROPLAND,1.0,1.0,23.0,"{""type"":""Point"",""coordinates"":[82.40363366666526,28.064576339107496]}"
2135,0.4297,-0.006,0.8009,0.0946,STABLE CROPLAND,1.0,1.0,22.0,"{""type"":""Point"",""coordinates"":[84.23706641276539,28.074163201375995]}"
2136,0.5012,0.1658,0.8598,0.0882,STABLE CROPLAND,0.0,0.0,23.0,"{""type"":""Point"",""coordinates"":[84.68639374324616,28.07991218678506]}"
2137,0.4186,0.2015,0.6985,0.0639,DISCARDED (Static Vegetation / Low Amplitude),4.0,1.0,29.0,"{""type"":""Point"",""coordinates"":[81.70563074981546,27.99573879238101]}"
2138,0.4232,0.1502,0.8285,0.1378,DISCARDED (Failed Phenology),4.0,2.0,20.0,"{""type"":""Point"",""coordinates"":[82.41614993451181,28.021599237217917]}"
2139,0.435,0.1762,0.7451,0.0874,STABLE CROPLAND,3.0,2.0,20.0,"{""type"":""Point"",""coordinates"":[82.93864813131798,28.03819807461253]}"
2140,0.4875,0.1463,0.8381,0.1313,STABLE CROPLAND,3.0,2.0,20.0,"{""type"":""Point"",""coordinates"":[84.34330723163352,28.07218253943299]}"
2141,0.4592,0.236,0.7025,0.0488,DISCARDED (Static Vegetation / Low Amplitude),2.0,1.0,21.0,"{""type"":""Point"",""coordinates"":[82.87055400568075,28.03681343213941]}"
2142,0.4407,0.179,0.7597,0.0844,STABLE CROPLAND,3.0,1.0,21.0,"{""type"":""Point"",""coordinates"":[82.91436345110748,28.036648962462827]}"
2143,0.4484,0.2085,0.7779,0.1155,STABLE CROPLAND,2.0,2.0,21.0,"{""type"":""Point"",""coordinates"":[83.39844935044545,28.04885008697966]}"
2144,0.3157,0.091,0.7064,0.1036,DISCARDED (Failed Phenology),10.0,4.0,16.0,"{""type"":""Point"",""coordinates"":[81.74246626541573,27.995636191645097]}"
2145,0.3658,0.1191,0.7882,0.108,DISCARDED (Failed Phenology),9.0,2.0,14.0,"{""type"":""Point"",""coordinates"":[82.08483744963688,28.010888844233797]}"
2146,0.4907,0.1283,0.8528,0.079,STABLE CROPLAND,0.0,0.0,24.0,"{""type"":""Point"",""coordinates"":[84.44112802393532,28.072949509669357]}"
2147,0.4481,0.1722,0.7918,0.1363,DISCARDED (Failed Phenology),3.0,3.0,20.0,"{""type"":""Point"",""coordinates"":[83.92662484856841,28.061227010018968]}"
2148,0.4807,0.1206,0.8551,0.1397,STABLE CROPLAND,1.0,1.0,22.0,"{""type"":""Point"",""coordinates"":[83.9702163737988,28.06186096702559]}"
2149,0.3782,0.1674,0.7221,0.1157,DISCARDED (Failed Phenology),6.0,3.0,18.0,"{""type"":""Point"",""coordinates"":[82.34604617770029,28.01710452531961]}"
2150,0.4724,0.1739,0.8008,0.0764,STABLE CROPLAND,0.0,0.0,23.0,"{""type"":""Point"",""coordinates"":[84.79242902274937,28.07847505171807]}"
2151,0.4152,0.1116,0.746,0.0635,STABLE CROPLAND,2.0,2.0,27.0,"{""type"":""Point"",""coordinates"":[82.89042474685003,28.033061087432664]}"
2152,0.4956,0.2357,0.8211,0.1058,DISCARDED (Failed Phenology),5.0,3.0,18.0,"{""type"":""Point"",""coordinates"":[83.94695848421127,28.06040950719614]}"
2153,0.4437,0.11,0.8197,0.0627,DISCARDED (Failed Phenology),8.0,2.0,17.0,"{""type"":""Point"",""coordinates"":[82.11589451644599,28.007240500017485]}"
2154,0.5318,0.199,0.8581,0.0676,STABLE CROPLAND,0.0,0.0,23.0,"{""type"":""Point"",""coordinates"":[84.7580720858976,28.075136371862534]}"
2155,0.5957,0.2448,0.9344,0.0684,STABLE CROPLAND,0.0,0.0,23.0,"{""type"":""Point"",""coordinates"":[84.64289410897938,28.07319233244278]}"
2156,0.4651,0.1557,0.8453,0.0915,STABLE CROPLAND,1.0,1.0,22.0,"{""type"":""Point"",""coordinates"":[84.10016024348621,28.066268098408116]}"
2157,0.4648,0.1799,0.8394,0.0662,STABLE CROPLAND,0.0,0.0,23.0,"{""type"":""Point"",""coordinates"":[84.84991041682834,28.077179789930444]}"
2158,0.3618,0.1685,0.7103,0.1203,DISCARDED (Static Vegetation / Low Amplitude),7.0,3.0,16.0,"{""type"":""Point"",""coordinates"":[82.32548249001371,28.013162477091793]}"
2159,0.4309,0.1805,0.8259,0.1245,STABLE CROPLAND,1.0,1.0,22.0,"{""type"":""Point"",""coordinates"":[83.68787043941383,28.0527195124263]}"
2160,0.4322,-0.0159,0.8112,0.1432,STABLE CROPLAND,2.0,1.0,21.0,"{""type"":""Point"",""coordinates"":[84.28246270615897,28.066830404814482]}"
2161,0.4521,0.1748,0.7659,0.0971,DISCARDED (Failed Phenology),8.0,4.0,16.0,"{""type"":""Point"",""coordinates"":[82.66620632112219,28.02424017857818]}"
2162,0.4497,0.0785,0.7947,0.0845,STABLE CROPLAND,0.0,0.0,23.0,"{""type"":""Point"",""coordinates"":[84.82503413799496,28.07539463871061]}"
2163,0.5118,0.1625,0.8505,0.0998,STABLE CROPLAND,0.0,0.0,24.0,"{""type"":""Point"",""coordinates"":[84.40802904269185,28.068418436980245]}"
2164,,,,,DISCARDED (Insufficient Samples),,,,"{""type"":""Point"",""coordinates"":[81.77609130754247,27.99143594405805]}"
2165,0.4683,0.0214,0.7629,0.0725,STABLE CROPLAND,0.0,0.0,23.0,"{""type"":""Point"",""coordinates"":[84.57320066269924,28.068721144671652]}"
2166,0.4026,0.1206,0.7984,0.1337,DISCARDED (Failed Phenology),5.0,1.0,22.0,"{""type"":""Point"",""coordinates"":[82.46992543567737,28.017329573600563]}"
2167,0.5007,0.1721,0.853,0.0775,STABLE CROPLAND,0.0,0.0,23.0,"{""type"":""Point"",""coordinates"":[84.66772993460978,28.068192877543893]}"
2168,0.5301,0.2454,0.8448,0.086,STABLE CROPLAND,0.0,0.0,23.0,"{""type"":""Point"",""coordinates"":[83.01466969386708,28.032364500409226]}"
2169,0.3609,0.122,0.6874,0.0734,DISCARDED (Failed Phenology),7.0,2.0,18.0,"{""type"":""Point"",""coordinates"":[82.3699908027589,28.008768175664823]}"
2170,0.3989,0.2155,0.6842,0.082,DISCARDED (Static Vegetation / Low Amplitude),0.0,0.0,23.0,"{""type"":""Point"",""coordinates"":[83.66490189069259,28.046777513969936]}"
2171,0.4633,0.1143,0.7751,0.0816,DISCARDED (Failed Phenology),7.0,1.0,17.0,"{""type"":""Point"",""coordinates"":[82.49304902108665,28.014244409414538]}"
2172,0.4451,0.1515,0.8109,0.1149,DISCARDED (Failed Phenology),7.0,2.0,19.0,"{""type"":""Point"",""coordinates"":[82.43246156573142,28.010500272713458]}"
2173,0.4541,0.02,0.8247,0.1043,DISCARDED (Failed Phenology),5.0,4.0,18.0,"{""type"":""Point"",""coordinates"":[84.07980850003483,28.054449523540026]}"
2174,0.4557,0.1505,0.811,0.0944,STABLE CROPLAND,1.0,1.0,22.0,"{""type"":""Point"",""coordinates"":[84.55187954437964,28.066425474964728]}"
2175,0.4232,0.2097,0.7192,0.1064,DISCARDED (Static Vegetation / Low Amplitude),2.0,1.0,21.0,"{""type"":""Point"",""coordinates"":[83.53912370378335,28.040107952479442]}"
2176,0.5104,0.2117,0.8187,0.0765,DISCARDED (Failed Phenology),8.0,2.0,18.0,"{""type"":""Point"",""coordinates"":[82.69130632828771,28.016204006384108]}"
2177,0.4534,0.1854,0.7775,0.0996,STABLE CROPLAND,3.0,1.0,20.0,"{""type"":""Point"",""coordinates"":[82.27606789419715,28.00212639388155]}"
2178,0.4836,0.1843,0.827,0.0992,DISCARDED (Failed Phenology),6.0,2.0,19.0,"{""type"":""Point"",""coordinates"":[82.97464118177828,28.025633525722707]}"
2179,0.4528,0.114,0.817,0.0703,DISCARDED (Failed Phenology),9.0,2.0,16.0,"{""type"":""Point"",""coordinates"":[82.14131607723326,27.996221273770264]}"
2180,0.38,0.1596,0.6934,0.0839,DISCARDED (Static Vegetation / Low Amplitude),1.0,1.0,22.0,"{""type"":""Point"",""coordinates"":[83.60532515564734,28.041018777160453]}"
2181,0.4505,0.0728,0.8679,0.0922,STABLE CROPLAND,0.0,0.0,24.0,"{""type"":""Point"",""coordinates"":[84.46924874230109,28.05972662752173]}"
2182,0.5196,0.2104,0.8373,0.0952,DISCARDED (Failed Phenology),7.0,1.0,18.0,"{""type"":""Point"",""coordinates"":[83.1067907244895,28.026645884561418]}"
2183,0.4039,0.1457,0.7798,0.1061,DISCARDED (Failed Phenology),4.0,2.0,20.0,"{""type"":""Point"",""coordinates"":[82.5165888062056,28.00851614450308]}"
2184,0.4794,0.1342,0.7964,0.0643,DISCARDED (Failed Phenology),6.0,2.0,23.0,"{""type"":""Point"",""coordinates"":[82.92745635185547,28.020303235111005]}"
2185,0.3958,-0.0189,0.8124,0.1393,STABLE CROPLAND,2.0,2.0,21.0,"{""type"":""Point"",""coordinates"":[84.05862157312045,28.047522250447894]}"
2186,0.4246,-0.0234,0.8408,0.113,STABLE CROPLAND,2.0,1.0,21.0,"{""type"":""Point"",""coordinates"":[84.21567128911504,28.05023892067738]}"
2187,0.4857,0.1617,0.8826,0.0922,STABLE CROPLAND,1.0,1.0,22.0,"{""type"":""Point"",""coordinates"":[83.78983040888694,28.041094515504366]}"
2188,0.5268,0.2085,0.8181,0.0527,DISCARDED (Failed Phenology),7.0,3.0,18.0,"{""type"":""Point"",""coordinates"":[82.64677612364463,28.00823073136677]}"
2189,0.4966,0.0787,0.8821,0.0941,DISCARDED (Failed Phenology),4.0,2.0,19.0,"{""type"":""Point"",""coordinates"":[84.36709728714816,28.056049078448634]}"
2190,0.4134,-0.034,0.8657,0.1351,STABLE CROPLAND,3.0,2.0,20.0,"{""type"":""Point"",""coordinates"":[84.30915390953157,28.050025914492362]}"
2191,0.463,0.0867,0.8977,0.0725,STABLE CROPLAND,0.0,0.0,23.0,"{""type"":""Point"",""coordinates"":[84.81453909220615,28.058986488144402]}"
2192,0.4881,0.1219,0.8724,0.0799,STABLE CROPLAND,1.0,1.0,22.0,"{""type"":""Point"",""coordinates"":[84.4922460644862,28.05294283222174]}"
2193,0.4611,0.1912,0.7894,0.0844,STABLE CROPLAND,1.0,1.0,22.0,"{""type"":""Point"",""coordinates"":[84.59299513405263,28.05438401607042]}"
2194,0.4469,0.1555,0.7475,0.093,DISCARDED (Failed Phenology),4.0,1.0,19.0,"{""type"":""Point"",""coordinates"":[84.39957687581582,28.049570180473424]}"
2195,0.4033,0.0923,0.7974,0.0856,STABLE CROPLAND,2.0,1.0,21.0,"{""type"":""Point"",""coordinates"":[84.45114336543277,28.05101225651224]}"
2196,0.4228,0.0861,0.7677,0.0963,STABLE CROPLAND,3.0,1.0,25.0,"{""type"":""Point"",""coordinates"":[81.673022837751,28.041944163836867]}"
2197,0.3233,0.1225,0.7661,0.156,DISCARDED (Failed Phenology),6.0,2.0,19.0,"{""type"":""Point"",""coordinates"":[81.62707981613354,28.04538387751022]}"
2198,0.3221,0.0874,0.7877,0.1646,DISCARDED (Failed Phenology),5.0,2.0,20.0,"{""type"":""Point"",""coordinates"":[81.61346588104426,28.012513923783704]}"
2199,0.3973,0.1239,0.7727,0.114,DISCARDED (Failed Phenology),4.0,1.0,25.0,"{""type"":""Point"",""coordinates"":[81.6601089270936,28.011125231700134]}"
2200,0.3827,0.0921,0.8229,0.1139,STABLE CROPLAND,2.0,1.0,29.0,"{""type"":""Point"",""coordinates"":[81.63604204952,28.007507954019463]}"
2201,0.472,0.1632,0.8303,0.12,DISCARDED (Failed Phenology),4.0,2.0,19.0,"{""type"":""Point"",""coordinates"":[81.69691992621009,28.036711542081655]}"
2202,0.3634,0.1405,0.7775,0.0928,DISCARDED (Failed Phenology),4.0,1.0,28.0,"{""type"":""Point"",""coordinates"":[81.67843527421817,28.003000507104254]}"
2203,0.4294,0.0947,0.7996,0.0784,STABLE CROPLAND,0.0,0.0,23.0,"{""type"":""Point"",""coordinates"":[84.4262718709366,28.051842366406532]}"
2204,0.4165,0.1577,0.7624,0.1025,DISCARDED (Failed Phenology),7.0,2.0,16.0,"{""type"":""Point"",""coordinates"":[82.29898777864885,27.993499075994972]}"
2205,0.4918,0.125,0.8488,0.0706,STABLE CROPLAND,0.0,0.0,23.0,"{""type"":""Point"",""coordinates"":[84.76265347610537,28.052905471514524]}"
2206,0.5183,0.239,0.847,0.0718,STABLE CROPLAND,0.0,0.0,23.0,"{""type"":""Point"",""coordinates"":[83.41449334008367,28.024226863370604]}"
2207,0.4408,0.1375,0.8252,0.1262,DISCARDED (Failed Phenology),6.0,1.0,25.0,"{""type"":""Point"",""coordinates"":[82.47121511646834,27.995337470014277]}"
2208,,,,,DISCARDED (Insufficient Samples),,,,"{""type"":""Point"",""coordinates"":[81.78510178112214,27.97347182187353]}"
2209,0.4891,0.1058,0.9104,0.0814,STABLE CROPLAND,0.0,0.0,23.0,"{""type"":""Point"",""coordinates"":[84.62482140646233,28.049568399057264]}"
2210,,,,,DISCARDED (Insufficient Samples),,,,"{""type"":""Point"",""coordinates"":[84.91126758939707,28.052524019399314]}"
2211,0.4636,0.1668,0.7765,0.0751,DISCARDED (Failed Phenology),10.0,2.0,13.0,"{""type"":""Point"",""coordinates"":[82.39228768826409,27.99160067069893]}"
2212,0.3908,0.1958,0.6387,0.0746,DISCARDED (Static Vegetation / Low Amplitude),8.0,3.0,17.0,"{""type"":""Point"",""coordinates"":[82.78710011564468,28.003367399224494]}"
2213,0.5108,0.1898,0.7697,0.0514,DISCARDED (Failed Phenology),6.0,2.0,20.0,"{""type"":""Point"",""coordinates"":[82.94375241028783,28.009039917955526]}"
2214,0.5001,0.2169,0.8325,0.0735,STABLE CROPLAND,0.0,0.0,23.0,"{""type"":""Point"",""coordinates"":[83.0142281507674,28.009337220318574]}"
2215,0.4434,0.1671,0.7896,0.0779,STABLE CROPLAND,1.0,1.0,22.0,"{""type"":""Point"",""coordinates"":[84.85111075641804,28.050363688817242]}"
2216,0.4854,0.036,0.8464,0.0668,STABLE CROPLAND,1.0,1.0,22.0,"{""type"":""Point"",""coordinates"":[84.51927822868865,28.04355875343445]}"
2217,0.5759,0.2888,0.8443,0.0631,DISCARDED (Static Vegetation / Low Amplitude),0.0,0.0,23.0,"{""type"":""Point"",""coordinates"":[83.14472553932896,28.01154334700019]}"
2218,0.4923,0.1945,0.7815,0.0541,DISCARDED (Failed Phenology),9.0,2.0,16.0,"{""type"":""Point"",""coordinates"":[82.54640718846396,27.992246897984913]}"
2219,0.4642,0.0881,0.8696,0.0551,STABLE CROPLAND,0.0,0.0,23.0,"{""type"":""Point"",""coordinates"":[84.47631719321264,28.04090810773684]}"
2220,0.5501,0.2115,0.8653,0.0598,DISCARDED (Failed Phenology),8.0,2.0,15.0,"{""type"":""Point"",""coordinates"":[83.05581253337074,28.006806396387486]}"
2221,0.5776,0.2327,0.8962,0.0575,STABLE CROPLAND,1.0,1.0,22.0,"{""type"":""Point"",""coordinates"":[84.73831889756357,28.04539397068957]}"
2222,0.3753,-0.0169,0.8411,0.1525,STABLE CROPLAND,3.0,2.0,20.0,"{""type"":""Point"",""coordinates"":[84.27558586332503,28.03684722629361]}"
2223,0.4379,0.134,0.8009,0.118,STABLE CROPLAND,1.0,1.0,22.0,"{""type"":""Point"",""coordinates"":[84.5501491572146,28.04031971773785]}"
2224,0.4829,0.1539,0.776,0.0593,DISCARDED (Failed Phenology),10.0,2.0,14.0,"{""type"":""Point"",""coordinates"":[82.44919927961982,27.985846380490127]}"
2225,0.4834,0.1797,0.8806,0.0996,STABLE CROPLAND,0.0,0.0,23.0,"{""type"":""Point"",""coordinates"":[82.97882368258088,28.002267950944614]}"
2226,0.4401,0.2103,0.7141,0.081,DISCARDED (Static Vegetation / Low Amplitude),1.0,1.0,22.0,"{""type"":""Point"",""coordinates"":[83.46529422337305,28.01525386737484]}"
2227,0.4563,0.0541,0.8301,0.1322,STABLE CROPLAND,1.0,1.0,22.0,"{""type"":""Point"",""coordinates"":[84.16460455137808,28.031447350235144]}"
2228,0.4822,0.2192,0.8105,0.0697,STABLE CROPLAND,1.0,1.0,22.0,"{""type"":""Point"",""coordinates"":[84.96503516845449,28.04452514121807]}"
2229,0.3823,-0.0241,0.7931,0.1055,DISCARDED (Failed Phenology),9.0,4.0,16.0,"{""type"":""Point"",""coordinates"":[84.20716631586312,28.03129433050746]}"
2230,0.4049,0.0935,0.8225,0.0907,DISCARDED (Failed Phenology),6.0,2.0,21.0,"{""type"":""Point"",""coordinates"":[82.17384618266465,27.97605565585541]}"
2231,0.4015,-0.0338,0.7318,0.1168,DISCARDED (Failed Phenology),5.0,2.0,18.0,"{""type"":""Point"",""coordinates"":[84.2540251005404,28.032472428296526]}"
2232,0.4592,0.1493,0.9374,0.1293,STABLE CROPLAND,0.0,0.0,24.0,"{""type"":""Point"",""coordinates"":[84.4384882708778,28.034595932352662]}"
2233,0.3783,0.1342,0.7436,0.0908,DISCARDED (Failed Phenology),6.0,1.0,20.0,"{""type"":""Point"",""coordinates"":[82.51593539927451,27.984777362138246]}"
2234,0.3978,0.1708,0.7238,0.1136,DISCARDED (Failed Phenology),4.0,2.0,19.0,"{""type"":""Point"",""coordinates"":[82.32927394635684,27.97872258832738]}"
2235,0.4322,0.1155,0.8773,0.1022,STABLE CROPLAND,1.0,1.0,22.0,"{""type"":""Point"",""coordinates"":[84.49592414864293,28.034737379142623]}"
2236,0.5265,0.1925,0.8497,0.0977,DISCARDED (Failed Phenology),6.0,2.0,18.0,"{""type"":""Point"",""coordinates"":[82.41471431217265,27.987963901505523]}"
2237,,,,,DISCARDED (Insufficient Samples),,,,"{""type"":""Point"",""coordinates"":[84.07156463493315,28.026574765705277]}"
2238,0.4914,0.2149,0.8346,0.0973,STABLE CROPLAND,2.0,2.0,21.0,"{""type"":""Point"",""coordinates"":[83.12164257767044,28.002206596524946]}"
2239,,,,,DISCARDED (Insufficient Samples),,,,"{""type"":""Point"",""coordinates"":[81.74195340050149,27.967873147283832]}"
2240,0.5085,0.1891,0.8754,0.0854,STABLE CROPLAND,0.0,0.0,23.0,"{""type"":""Point"",""coordinates"":[84.79758082046445,28.03783372476673]}"
2241,0.466,0.038,0.8941,0.0891,STABLE CROPLAND,1.0,1.0,22.0,"{""type"":""Point"",""coordinates"":[84.58905114392704,28.033842392050335]}"
2242,0.5156,0.0025,0.8712,0.0966,STABLE CROPLAND,0.0,0.0,23.0,"{""type"":""Point"",""coordinates"":[84.66215306698223,28.034242067516818]}"
2243,0.4083,0.1377,0.8233,0.1186,STABLE CROPLAND,1.0,1.0,22.0,"{""type"":""Point"",""coordinates"":[83.2496932555772,28.003361052292153]}"
2244,0.4417,-0.027,0.8772,0.12,STABLE CROPLAND,2.0,1.0,21.0,"{""type"":""Point"",""coordinates"":[84.37745812372523,28.02830705985351]}"
2245,0.4125,0.2101,0.7253,0.1151,DISCARDED (Static Vegetation / Low Amplitude),2.0,1.0,21.0,"{""type"":""Point"",""coordinates"":[83.89606428675889,28.01940149300579]}"
2246,0.475,0.1823,0.8377,0.0948,STABLE CROPLAND,1.0,1.0,22.0,"{""type"":""Point"",""coordinates"":[83.77635590735476,28.017471321050444]}"
2247,,,,,DISCARDED (Insufficient Samples),,,,"{""type"":""Point"",""coordinates"":[84.03933961866589,28.020349272493046]}"
2248,0.4444,0.0357,0.8487,0.1355,DISCARDED (Failed Phenology),4.0,2.0,19.0,"{""type"":""Point"",""coordinates"":[84.31309494119455,28.02612225899573]}"
2249,0.3822,0.1409,0.7821,0.1168,DISCARDED (Failed Phenology),5.0,2.0,21.0,"{""type"":""Point"",""coordinates"":[82.20140087532432,27.975939547476745]}"
2250,0.504,0.2016,0.8589,0.0951,STABLE CROPLAND,2.0,1.0,22.0,"{""type"":""Point"",""coordinates"":[83.18270998928082,27.99818076009501]}"
2251,,,,,DISCARDED (Insufficient Samples),,,,"{""type"":""Point"",""coordinates"":[81.76324584322508,27.951355300884753]}"
2252,,,,,DISCARDED (Insufficient Samples),,,,"{""type"":""Point"",""coordinates"":[84.18477254021536,28.019937607088448]}"
2253,0.4353,0.1175,0.887,0.0911,STABLE CROPLAND,1.0,1.0,23.0,"{""type"":""Point"",""coordinates"":[84.70917082320315,28.03031816276588]}"
2254,0.4965,0.0574,0.8778,0.0775,STABLE CROPLAND,1.0,1.0,22.0,"{""type"":""Point"",""coordinates"":[84.40967137143485,28.02330258583373]}"
2255,0.4552,0.1316,0.8485,0.0745,STABLE CROPLAND,0.0,0.0,23.0,"{""type"":""Point"",""coordinates"":[84.77828361252442,28.030857947373477]}"
2256,0.4679,0.2163,0.7648,0.0927,DISCARDED (Static Vegetation / Low Amplitude),1.0,1.0,22.0,"{""type"":""Point"",""coordinates"":[85.02402071660362,28.0335026339972]}"
2257,0.4979,0.1858,0.9072,0.0724,STABLE CROPLAND,1.0,1.0,23.0,"{""type"":""Point"",""coordinates"":[83.21297519314969,27.994668679656908]}"
2258,0.4727,0.1941,0.8211,0.0765,STABLE CROPLAND,1.0,1.0,22.0,"{""type"":""Point"",""coordinates"":[83.31662286947076,27.99706286464454]}"
2259,0.3935,0.1633,0.7501,0.1006,STABLE CROPLAND,3.0,2.0,20.0,"{""type"":""Point"",""coordinates"":[82.57182787864622,27.975363362800582]}"
2260,0.3796,0.0579,0.8377,0.1013,STABLE CROPLAND,0.0,0.0,23.0,"{""type"":""Point"",""coordinates"":[84.8202156320771,28.036152416273822]}"
2261,0.434,0.1942,0.8222,0.1316,DISCARDED (Failed Phenology),6.0,3.0,19.0,"{""type"":""Point"",""coordinates"":[82.481484570026,27.97159686286087]}"
2262,0.4923,0.2338,0.832,0.1176,STABLE CROPLAND,2.0,1.0,21.0,"{""type"":""Point"",""coordinates"":[84.95100222572256,28.031061952529765]}"
2263,0.4222,-0.025,0.849,0.0897,STABLE CROPLAND,0.0,0.0,23.0,"{""type"":""Point"",""coordinates"":[84.60936455141511,28.02417400458733]}"
2264,0.3889,-0.0397,0.8366,0.1749,STABLE CROPLAND,3.0,2.0,20.0,"{""type"":""Point"",""coordinates"":[84.29393651773411,28.018316721425737]}"
2265,,,,,DISCARDED (Insufficient Samples),,,,"{""type"":""Point"",""coordinates"":[81.79175827144404,27.951098890103886]}"
2266,0.5004,0.2218,0.7942,0.099,STABLE CROPLAND,2.0,2.0,22.0,"{""type"":""Point"",""coordinates"":[83.019103887943,27.98988748830093]}"
2267,0.4395,0.1684,0.8106,0.1095,DISCARDED (Failed Phenology),4.0,1.0,26.0,"{""type"":""Point"",""coordinates"":[82.54235317431562,27.971264802422038]}"
2268,0.4146,0.1285,0.7837,0.1081,STABLE CROPLAND,3.0,1.0,20.0,"{""type"":""Point"",""coordinates"":[82.35534495436784,27.965258706849546]}"
2269,0.4455,-0.0402,0.8634,0.0977,DISCARDED (Failed Phenology),3.0,3.0,20.0,"{""type"":""Point"",""coordinates"":[84.46220179879985,28.020355700019113]}"
2270,0.4419,0.1725,0.7874,0.0781,STABLE CROPLAND,1.0,1.0,22.0,"{""type"":""Point"",""coordinates"":[85.18652369008417,28.031072185902943]}"
2271,0.4477,0.0256,0.8002,0.104,STABLE CROPLAND,1.0,1.0,22.0,"{""type"":""Point"",""coordinates"":[84.53660414724821,28.02068023709244]}"
2272,0.4759,0.1341,0.7959,0.0849,STABLE CROPLAND,3.0,2.0,20.0,"{""type"":""Point"",""coordinates"":[82.95514852978872,27.983387015329047]}"
2273,0.5002,0.1711,0.8364,0.0824,STABLE CROPLAND,1.0,1.0,22.0,"{""type"":""Point"",""coordinates"":[85.08918782936682,28.02827430293997]}"
2274,0.5009,0.1498,0.828,0.0965,DISCARDED (Failed Phenology),7.0,2.0,18.0,"{""type"":""Point"",""coordinates"":[82.23736295095362,27.957988008544547]}"
2275,0.435,0.112,0.9406,0.0963,STABLE CROPLAND,0.0,0.0,23.0,"{""type"":""Point"",""coordinates"":[84.63484607955796,28.0196436588989]}"
2276,0.4313,0.1984,0.7968,0.1087,STABLE CROPLAND,0.0,0.0,23.0,"{""type"":""Point"",""coordinates"":[82.50676205031613,27.964200044060995]}"
2277,0.404,-0.0212,0.8634,0.1376,STABLE CROPLAND,1.0,1.0,22.0,"{""type"":""Point"",""coordinates"":[84.36175334130436,28.011920053890638]}"
2278,0.5056,0.1866,0.8465,0.0968,STABLE CROPLAND,0.0,0.0,23.0,"{""type"":""Point"",""coordinates"":[83.73543464276841,27.998346038582437]}"
2279,0.4376,0.1946,0.7985,0.1441,DISCARDED (Failed Phenology),4.0,1.0,19.0,"{""type"":""Point"",""coordinates"":[83.12757722178384,27.984880344362296]}"
2280,0.4941,0.1493,0.8538,0.0676,STABLE CROPLAND,0.0,0.0,23.0,"{""type"":""Point"",""coordinates"":[84.75455778149907,28.021428838825255]}"
2281,0.5032,0.1256,0.9092,0.1112,STABLE CROPLAND,0.0,0.0,23.0,"{""type"":""Point"",""coordinates"":[84.68037025664299,28.01684132184049]}"
2282,0.4468,0.1488,0.8614,0.115,STABLE CROPLAND,1.0,1.0,23.0,"{""type"":""Point"",""coordinates"":[84.6547769926456,28.01591409032101]}"
2283,0.4683,0.1776,0.8047,0.0927,DISCARDED (Failed Phenology),6.0,2.0,17.0,"{""type"":""Point"",""coordinates"":[83.05650176223503,27.979049591063507]}"
2284,,,,,DISCARDED (Insufficient Samples),,,,"{""type"":""Point"",""coordinates"":[84.22865333943118,28.003589659925456]}"
2285,0.4705,0.1111,0.8661,0.0881,STABLE CROPLAND,1.0,1.0,22.0,"{""type"":""Point"",""coordinates"":[84.49243574183076,28.00907859244655]}"
2286,0.4396,0.1777,0.7609,0.0781,STABLE CROPLAND,0.0,0.0,23.0,"{""type"":""Point"",""coordinates"":[83.27024502997368,27.981332186473065]}"
2287,0.4666,0.1625,0.871,0.1305,STABLE CROPLAND,0.0,0.0,23.0,"{""type"":""Point"",""coordinates"":[83.07922086847475,27.974737109951487]}"
2288,,,,,DISCARDED (Insufficient Samples),,,,"{""type"":""Point"",""coordinates"":[84.31203023065105,28.004184962397698]}"
2289,0.3367,0.129,0.7538,0.1416,STABLE CROPLAND,3.0,1.0,20.0,"{""type"":""Point"",""coordinates"":[82.82765873711588,27.966690938640195]}"
2290,0.4467,0.1338,0.8809,0.123,DISCARDED (Failed Phenology),4.0,2.0,19.0,"{""type"":""Point"",""coordinates"":[83.00305565563112,27.974112686419865]}"
2291,0.4952,0.2079,0.8229,0.061,DISCARDED (Failed Phenology),10.0,2.0,15.0,"{""type"":""Point"",""coordinates"":[82.61499963002724,27.95850092824755]}"
2292,0.375,0.1673,0.7109,0.1116,DISCARDED (Static Vegetation / Low Amplitude),5.0,1.0,18.0,"{""type"":""Point"",""coordinates"":[82.71045570364387,27.962253184962627]}"
2293,0.4981,0.1701,0.8567,0.1021,DISCARDED (Failed Phenology),8.0,2.0,16.0,"{""type"":""Point"",""coordinates"":[83.19242337476159,27.97576440747775]}"
2294,0.4042,0.0609,0.8032,0.0885,STABLE CROPLAND,0.0,0.0,23.0,"{""type"":""Point"",""coordinates"":[84.43492832281865,28.007000283045546]}"
2295,0.4594,0.1391,0.8535,0.1118,STABLE CROPLAND,1.0,1.0,22.0,"{""type"":""Point"",""coordinates"":[84.70360789447024,28.007987131850488]}"
2296,0.3616,0.0426,0.8267,0.1518,STABLE CROPLAND,3.0,1.0,20.0,"{""type"":""Point"",""coordinates"":[84.40885585638942,28.0038329136076]}"
2297,,,,,DISCARDED (Insufficient Samples),,,,"{""type"":""Point"",""coordinates"":[83.7716085302197,27.988908380076094]}"
2298,,,,,DISCARDED (Insufficient Samples),,,,"{""type"":""Point"",""coordinates"":[84.9193456737738,28.010048248908088]}"
2299,0.5198,0.2104,0.8,0.083,DISCARDED (Failed Phenology),5.0,2.0,18.0,"{""type"":""Point"",""coordinates"":[83.47423237145175,27.980730193783888]}"
2300,0.4563,0.0575,0.91,0.0976,STABLE CROPLAND,0.0,0.0,23.0,"{""type"":""Point"",""coordinates"":[84.77775072113702,28.007163814947035]}"
2301,,,,,DISCARDED (Insufficient Samples),,,,"{""type"":""Point"",""coordinates"":[81.77797355637857,27.93774468824704]}"
2302,0.4808,0.1893,0.887,0.1235,DISCARDED (Failed Phenology),6.0,1.0,21.0,"{""type"":""Point"",""coordinates"":[83.2194615874752,27.97194164295946]}"
2303,,,,,DISCARDED (Insufficient Samples),,,,"{""type"":""Point"",""coordinates"":[84.25332232382596,27.995558757012233]}"
2304,0.483,0.0294,0.8429,0.0819,STABLE CROPLAND,1.0,1.0,22.0,"{""type"":""Point"",""coordinates"":[84.53447857053963,28.001670442001426]}"
2305,0.4916,0.1534,0.8573,0.0929,STABLE CROPLAND,1.0,1.0,22.0,"{""type"":""Point"",""coordinates"":[84.51227410645198,28.00045064289323]}"
2306,0.3969,-0.0971,0.8355,0.1203,STABLE CROPLAND,2.0,1.0,21.0,"{""type"":""Point"",""coordinates"":[84.47113034560945,27.9976439464338]}"
2307,0.3784,0.0507,0.7267,0.06,STABLE CROPLAND,0.0,0.0,24.0,"{""type"":""Point"",""coordinates"":[84.80500109463526,28.004779955517687]}"
2308,0.4863,0.2274,0.8049,0.0847,STABLE CROPLAND,1.0,1.0,22.0,"{""type"":""Point"",""coordinates"":[83.15229926929234,27.965471975619106]}"
2309,,,,,DISCARDED (Insufficient Samples),,,,"{""type"":""Point"",""coordinates"":[82.22648367856017,27.935588724796624]}"
2310,0.4339,0.1676,0.7197,0.0665,STABLE CROPLAND,2.0,2.0,21.0,"{""type"":""Point"",""coordinates"":[84.64179317030761,27.99822868792896]}"
2311,0.4844,0.0926,0.8825,0.1127,STABLE CROPLAND,1.0,1.0,22.0,"{""type"":""Point"",""coordinates"":[84.6005231556321,27.99521220392653]}"
2312,,,,,DISCARDED (Insufficient Samples),,,,"{""type"":""Point"",""coordinates"":[81.82591508553149,27.918488840639846]}"
2313,0.4549,0.217,0.7604,0.0716,DISCARDED (Static Vegetation / Low Amplitude),1.0,1.0,22.0,"{""type"":""Point"",""coordinates"":[83.30232023317464,27.965240654220395]}"
2314,0.3899,0.1658,0.7237,0.0795,STABLE CROPLAND,1.0,1.0,22.0,"{""type"":""Point"",""coordinates"":[85.17895712652995,28.00370396487514]}"
2315,0.4481,0.1215,0.8624,0.0829,STABLE CROPLAND,0.0,0.0,23.0,"{""type"":""Point"",""coordinates"":[84.737561718898,27.99833371211483]}"
2316,,,,,DISCARDED (Insufficient Samples),,,,"{""type"":""Point"",""coordinates"":[84.89776494682049,27.997276238323376]}"
2317,0.4478,0.1287,0.8283,0.1072,STABLE CROPLAND,3.0,1.0,20.0,"{""type"":""Point"",""coordinates"":[83.24067998680292,27.961469143035533]}"
2318,0.3807,0.0012,0.8325,0.0949,STABLE CROPLAND,1.0,1.0,22.0,"{""type"":""Point"",""coordinates"":[84.56831856645283,27.992621773324533]}"
2319,0.4506,0.152,0.817,0.1106,STABLE CROPLAND,2.0,1.0,21.0,"{""type"":""Point"",""coordinates"":[85.13892443321824,27.998593960561774]}"
2320,0.4023,0.1676,0.7334,0.0799,STABLE CROPLAND,0.0,0.0,23.0,"{""type"":""Point"",""coordinates"":[83.00601985702716,27.95318924512863]}"
2321,0.5967,0.2568,0.8407,0.0729,DISCARDED (Static Vegetation / Low Amplitude),4.0,2.0,19.0,"{""type"":""Point"",""coordinates"":[83.03820988706471,27.953114132412455]}"
2322,,,,,DISCARDED (Insufficient Samples),,,,"{""type"":""Point"",""coordinates"":[84.86621435781983,27.995231266889988]}"
2323,,,,,DISCARDED (Insufficient Samples),,,,"{""type"":""Point"",""coordinates"":[81.80352477125788,27.929575971292618]}"
2324,0.4981,0.2576,0.8165,0.0935,DISCARDED (Static Vegetation / Low Amplitude),1.0,1.0,22.0,"{""type"":""Point"",""coordinates"":[83.12633382377896,27.955518879653887]}"
2325,,,,,DISCARDED (Insufficient Samples),,,,"{""type"":""Point"",""coordinates"":[81.85662221289995,27.913512304708142]}"
2326,0.3992,0.1372,0.751,0.0928,STABLE CROPLAND,3.0,1.0,22.0,"{""type"":""Point"",""coordinates"":[82.25230570154997,27.92733747766904]}"
2327,0.4453,0.0043,0.8262,0.0722,STABLE CROPLAND,2.0,2.0,21.0,"{""type"":""Point"",""coordinates"":[84.6869956485122,27.99068844104539]}"
2328,0.4524,-0.0312,0.8749,0.1038,STABLE CROPLAND,3.0,2.0,20.0,"{""type"":""Point"",""coordinates"":[84.42891569063559,27.98417305940476]}"
2329,0.4452,0.1698,0.816,0.0826,STABLE CROPLAND,0.0,0.0,26.0,"{""type"":""Point"",""coordinates"":[83.1708362004181,27.95512355167761]}"
2330,,,,,DISCARDED (Insufficient Samples),,,,"{""type"":""Point"",""coordinates"":[81.8083381102317,27.908638483097533]}"
2331,0.4167,0.1817,0.8059,0.1221,DISCARDED (Failed Phenology),4.0,1.0,23.0,"{""type"":""Point"",""coordinates"":[83.06820648041678,27.949339395217198]}"
2332,0.4747,0.2271,0.7867,0.1139,DISCARDED (Failed Phenology),5.0,3.0,20.0,"{""type"":""Point"",""coordinates"":[83.10088471104386,27.950127106499558]}"
2333,0.5568,0.2502,0.8841,0.0829,DISCARDED (Static Vegetation / Low Amplitude),2.0,1.0,21.0,"{""type"":""Point"",""coordinates"":[83.27867808131849,27.95467532556388]}"
2334,0.4722,-0.0673,0.8782,0.1066,DISCARDED (Failed Phenology),4.0,2.0,19.0,"{""type"":""Point"",""coordinates"":[84.51939046764727,27.980994139690715]}"
2335,0.5175,0.1992,0.8608,0.0964,STABLE CROPLAND,0.0,0.0,23.0,"{""type"":""Point"",""coordinates"":[83.21321910872244,27.95107938754438]}"
2336,0.4555,0.0878,0.8741,0.0912,STABLE CROPLAND,0.0,0.0,23.0,"{""type"":""Point"",""coordinates"":[84.62305080696521,27.981970054203902]}"
2337,0.4123,-0.0273,0.8899,0.1023,STABLE CROPLAND,1.0,1.0,22.0,"{""type"":""Point"",""coordinates"":[84.79164029654805,27.986828486508763]}"
2338,,,,,DISCARDED (Insufficient Samples),,,,"{""type"":""Point"",""coordinates"":[84.06259830729866,27.970232864728747]}"
2339,0.4265,0.1678,0.7779,0.0806,STABLE CROPLAND,0.0,0.0,23.0,"{""type"":""Point"",""coordinates"":[84.64865719343283,27.979570771854597]}"
2340,0.4202,0.118,0.7961,0.063,DISCARDED (Failed Phenology),7.0,2.0,21.0,"{""type"":""Point"",""coordinates"":[82.28698427081854,27.919358126498814]}"
2341,0.4388,-0.0101,0.847,0.1019,DISCARDED (Failed Phenology),4.0,2.0,19.0,"{""type"":""Point"",""coordinates"":[84.44759921239695,27.97701973436741]}"
2342,0.4168,0.066,0.7828,0.0814,STABLE CROPLAND,2.0,1.0,21.0,"{""type"":""Point"",""coordinates"":[84.81731432217384,27.98202921369523]}"
2343,0.4566,0.2125,0.8019,0.1044,STABLE CROPLAND,0.0,0.0,23.0,"{""type"":""Point"",""coordinates"":[83.69900957371668,27.95826732708058]}"
2344,0.4007,0.1751,0.695,0.0989,DISCARDED (Static Vegetation / Low Amplitude),4.0,1.0,20.0,"{""type"":""Point"",""coordinates"":[84.6707039029832,27.978906937101105]}"
2345,,,,,DISCARDED (Insufficient Samples),,,,"{""type"":""Point"",""coordinates"":[84.08411340019376,27.966866883489324]}"
2346,,,,,DISCARDED (Insufficient Samples),,,,"{""type"":""Point"",""coordinates"":[84.10805435169978,27.966669532931864]}"
2347,0.5391,0.2002,0.8866,0.0977,DISCARDED (Failed Phenology),5.0,1.0,19.0,"{""type"":""Point"",""coordinates"":[83.44920413889359,27.9503861157496]}"
2348,0.4427,0.0433,0.8826,0.1008,STABLE CROPLAND,0.0,0.0,23.0,"{""type"":""Point"",""coordinates"":[84.53938950294976,27.973412816683826]}"
2349,0.4343,0.1745,0.8214,0.0757,STABLE CROPLAND,0.0,0.0,23.0,"{""type"":""Point"",""coordinates"":[82.96405980647761,27.935250055967938]}"
2350,0.6011,0.2777,0.8868,0.0939,DISCARDED (Static Vegetation / Low Amplitude),3.0,1.0,21.0,"{""type"":""Point"",""coordinates"":[82.99616006711895,27.934161547185187]}"
2351,0.4488,0.1622,0.83,0.1028,STABLE CROPLAND,1.0,1.0,22.0,"{""type"":""Point"",""coordinates"":[85.02160363577569,27.9782086469507]}"
2352,0.4029,0.0046,0.8585,0.1001,STABLE CROPLAND,1.0,1.0,22.0,"{""type"":""Point"",""coordinates"":[84.56081410422166,27.968939590090997]}"
2353,0.4659,0.1724,0.8578,0.0746,STABLE CROPLAND,0.0,0.0,23.0,"{""type"":""Point"",""coordinates"":[85.25796487086834,27.979425871111264]}"
2354,0.3865,-0.0079,0.8638,0.135,STABLE CROPLAND,1.0,1.0,22.0,"{""type"":""Point"",""coordinates"":[84.77153625613248,27.97267703357438]}"
2355,,,,,DISCARDED (Insufficient Samples),,,,"{""type"":""Point"",""coordinates"":[81.8501472571298,27.895015286341817]}"
2356,,,,,DISCARDED (Insufficient Samples),,,,"{""type"":""Point"",""coordinates"":[82.23445347605173,27.908132577838835]}"
2357,0.5184,0.2211,0.8081,0.0653,DISCARDED (Failed Phenology),10.0,2.0,13.0,"{""type"":""Point"",""coordinates"":[83.17465103610347,27.936428566804327]}"
2358,,,,,DISCARDED (Insufficient Samples),,,,"{""type"":""Point"",""coordinates"":[84.27334918799701,27.961771284009266]}"
2359,0.4603,0.1938,0.8114,0.1027,STABLE CROPLAND,2.0,2.0,21.0,"{""type"":""Point"",""coordinates"":[84.87907463011317,27.971148051944564]}"
2360,0.4686,0.1456,0.8226,0.1028,STABLE CROPLAND,0.0,0.0,24.0,"{""type"":""Point"",""coordinates"":[85.21560583120197,27.9755005253202]}"
2361,0.4431,0.1004,0.8128,0.0626,DISCARDED (Failed Phenology),10.0,2.0,15.0,"{""type"":""Point"",""coordinates"":[82.309212621059,27.90694675950143]}"
2362,0.4064,0.0627,0.8293,0.1155,STABLE CROPLAND,1.0,1.0,22.0,"{""type"":""Point"",""coordinates"":[84.42770196283148,27.9619818483239]}"
2363,0.4351,-0.0043,0.8841,0.0582,STABLE CROPLAND,0.0,0.0,23.0,"{""type"":""Point"",""coordinates"":[84.74602894670353,27.971432695003056]}"
2364,0.3746,0.1577,0.648,0.0614,DISCARDED (Static Vegetation / Low Amplitude),1.0,1.0,22.0,"{""type"":""Point"",""coordinates"":[84.69476725237169,27.970717324867188]}"
2365,0.4961,0.2104,0.8391,0.1153,STABLE CROPLAND,1.0,1.0,23.0,"{""type"":""Point"",""coordinates"":[85.18282294100308,27.972737330940404]}"
2366,,,,,DISCARDED (Insufficient Samples),,,,"{""type"":""Point"",""coordinates"":[81.91910554975131,27.89059300465878]}"
2367,,,,,DISCARDED (Insufficient Samples),,,,"{""type"":""Point"",""coordinates"":[81.88047893416567,27.88546710072222]}"
2368,0.4471,0.1356,0.8145,0.0858,DISCARDED (Failed Phenology),7.0,1.0,19.0,"{""type"":""Point"",""coordinates"":[82.3352152204992,27.90194985982667]}"
2369,0.3445,0.1476,0.593,0.0515,DISCARDED (Static Vegetation / Low Amplitude),1.0,1.0,22.0,"{""type"":""Point"",""coordinates"":[83.22013309286497,27.927974450205205]}"
2370,0.4676,0.1822,0.8194,0.1184,STABLE CROPLAND,2.0,1.0,21.0,"{""type"":""Point"",""coordinates"":[84.94023603567771,27.96412224017733]}"
2371,0.4126,0.2244,0.7218,0.0871,DISCARDED (Static Vegetation / Low Amplitude),1.0,1.0,22.0,"{""type"":""Point"",""coordinates"":[85.14157574806077,27.967307795178836]}"
2372,0.4725,0.214,0.7979,0.0909,STABLE CROPLAND,0.0,0.0,23.0,"{""type"":""Point"",""coordinates"":[83.77413253872628,27.940047131405933]}"
2373,0.4826,0.1555,0.8526,0.1492,STABLE CROPLAND,2.0,1.0,21.0,"{""type"":""Point"",""coordinates"":[83.2789119779766,27.92626979115403]}"
2374,0.4917,0.1938,0.8654,0.098,STABLE CROPLAND,1.0,1.0,22.0,"{""type"":""Point"",""coordinates"":[85.09115429062066,27.961976445842204]}"
2375,0.3898,0.1887,0.7518,0.0869,STABLE CROPLAND,2.0,1.0,21.0,"{""type"":""Point"",""coordinates"":[82.81217505676742,27.911852527764974]}"
2376,0.3927,0.1547,0.7241,0.1236,STABLE CROPLAND,3.0,1.0,20.0,"{""type"":""Point"",""coordinates"":[82.83956281160751,27.911793316912984]}"
2377,0.373,0.1698,0.7165,0.1106,DISCARDED (Static Vegetation / Low Amplitude),2.0,1.0,21.0,"{""type"":""Point"",""coordinates"":[82.86442536305677,27.910601209487332]}"
2378,,,,,DISCARDED (Insufficient Samples),,,,"{""type"":""Point"",""coordinates"":[84.46764655610565,27.950680274617774]}"
2379,0.3746,0.1635,0.6988,0.1184,DISCARDED (Static Vegetation / Low Amplitude),2.0,1.0,21.0,"{""type"":""Point"",""coordinates"":[83.25357853876407,27.92268186042266]}"
2380,0.4436,0.0124,0.8217,0.0933,STABLE CROPLAND,2.0,2.0,21.0,"{""type"":""Point"",""coordinates"":[84.64106571648028,27.951214738965188]}"
2381,0.4076,0.1666,0.7998,0.1001,STABLE CROPLAND,3.0,1.0,20.0,"{""type"":""Point"",""coordinates"":[82.88511823270267,27.909248543208268]}"
2382,0.4562,0.2025,0.8252,0.1055,STABLE CROPLAND,2.0,1.0,21.0,"{""type"":""Point"",""coordinates"":[85.16267429097734,27.959079721463112]}"
2383,0.4063,0.1675,0.7349,0.0823,DISCARDED (Failed Phenology),4.0,1.0,19.0,"{""type"":""Point"",""coordinates"":[83.14068936673675,27.91738132168268]}"
2384,0.5068,0.275,0.8335,0.1114,DISCARDED (Static Vegetation / Low Amplitude),7.0,3.0,17.0,"{""type"":""Point"",""coordinates"":[85.3946132795115,27.96150218891159]}"
2385,0.5164,0.2063,0.87,0.0654,STABLE CROPLAND,0.0,0.0,23.0,"{""type"":""Point"",""coordinates"":[84.67410247250037,27.950070737099587]}"
2386,0.3925,0.0164,0.85,0.1138,STABLE CROPLAND,0.0,0.0,23.0,"{""type"":""Point"",""coordinates"":[84.73872373351536,27.947725979042826]}"
2387,0.402,0.1687,0.8231,0.1348,DISCARDED (Failed Phenology),4.0,1.0,22.0,"{""type"":""Point"",""coordinates"":[82.7875380045159,27.901784805188257]}"
2388,0.3884,0.1386,0.7392,0.1171,DISCARDED (Failed Phenology),5.0,1.0,20.0,"{""type"":""Point"",""coordinates"":[82.44337775529652,27.889209569296114]}"
2389,0.4269,0.116,0.7948,0.0807,DISCARDED (Failed Phenology),6.0,2.0,21.0,"{""type"":""Point"",""coordinates"":[82.39573413066029,27.88859828398394]}"
2390,,,,,DISCARDED (Insufficient Samples),,,,"{""type"":""Point"",""coordinates"":[85.00637439925158,27.94834780304446]}"
2391,0.442,0.0898,0.8252,0.1058,STABLE CROPLAND,3.0,1.0,20.0,"{""type"":""Point"",""coordinates"":[82.92464664218673,27.90233066550711]}"
2392,0.4535,0.2009,0.7806,0.076,STABLE CROPLAND,0.0,0.0,23.0,"{""type"":""Point"",""coordinates"":[85.18425193849983,27.950675421094687]}"
2393,0.3945,0.0933,0.7869,0.097,DISCARDED (Failed Phenology),7.0,1.0,20.0,"{""type"":""Point"",""coordinates"":[82.37147925589363,27.883414369352614]}"
2394,0.4403,0.1166,0.8146,0.0841,DISCARDED (Failed Phenology),7.0,3.0,22.0,"{""type"":""Point"",""coordinates"":[82.4230886974706,27.890182092384848]}"
2395,0.4108,0.1581,0.7994,0.0907,STABLE CROPLAND,2.0,2.0,22.0,"{""type"":""Point"",""coordinates"":[83.09197054246714,27.905484673853785]}"
2396,0.4539,0.2207,0.8418,0.1167,STABLE CROPLAND,1.0,1.0,22.0,"{""type"":""Point"",""coordinates"":[85.21941898695363,27.948554563988218]}"
2397,0.4503,0.2335,0.6995,0.0634,DISCARDED (Static Vegetation / Low Amplitude),4.0,1.0,20.0,"{""type"":""Point"",""coordinates"":[82.33178025995159,27.883835246881475]}"
2398,,,,,DISCARDED (Insufficient Samples),,,,"{""type"":""Point"",""coordinates"":[84.10990133652638,27.929345354311586]}"
2399,0.4518,0.1592,0.8087,0.0946,STABLE CROPLAND,1.0,1.0,23.0,"{""type"":""Point"",""coordinates"":[85.24147243553021,27.947453854551433]}"
2400,,,,,DISCARDED (Insufficient Samples),,,,"{""type"":""Point"",""coordinates"":[84.92651402330421,27.944041038909102]}"
2401,0.4682,0.1741,0.8546,0.0697,STABLE CROPLAND,0.0,0.0,23.0,"{""type"":""Point"",""coordinates"":[85.27046544695031,27.94740911043217]}"
2402,0.4463,0.2129,0.7616,0.0814,DISCARDED (Static Vegetation / Low Amplitude),1.0,1.0,22.0,"{""type"":""Point"",""coordinates"":[85.07368022006543,27.944508758497154]}"
2403,,,,,DISCARDED (Insufficient Samples),,,,"{""type"":""Point"",""coordinates"":[81.92332579613645,27.86835293660015]}"
2404,0.4667,0.1808,0.8643,0.1239,STABLE CROPLAND,1.0,1.0,22.0,"{""type"":""Point"",""coordinates"":[83.88217509980907,27.920192336037207]}"
2405,0.3736,0.1375,0.7402,0.0997,DISCARDED (Failed Phenology),4.0,2.0,19.0,"{""type"":""Point"",""coordinates"":[82.81285250059338,27.889846106122995]}"
2406,,,,,DISCARDED (Insufficient Samples),,,,"{""type"":""Point"",""coordinates"":[84.37119723819217,27.927374749655186]}"
2407,0.5371,0.3067,0.8437,0.0773,DISCARDED (Static Vegetation / Low Amplitude),1.0,1.0,22.0,"{""type"":""Point"",""coordinates"":[85.33680684882916,27.942685077260364]}"
2408,0.4874,0.2155,0.8968,0.1087,STABLE CROPLAND,0.0,0.0,23.0,"{""type"":""Point"",""coordinates"":[84.78490740700568,27.93307337924289]}"
2409,0.4154,0.1607,0.7237,0.0924,STABLE CROPLAND,3.0,2.0,23.0,"{""type"":""Point"",""coordinates"":[82.34916409981197,27.874136747904153]}"
2410,,,,,DISCARDED (Insufficient Samples),,,,"{""type"":""Point"",""coordinates"":[81.89329600610276,27.85719501218244]}"
2411,0.5213,0.226,0.8763,0.069,STABLE CROPLAND,0.0,0.0,23.0,"{""type"":""Point"",""coordinates"":[84.95331472289092,27.934600902101142]}"
2412,0.4401,0.1722,0.749,0.0717,DISCARDED (Failed Phenology),4.0,1.0,21.0,"{""type"":""Point"",""coordinates"":[82.50261560805276,27.874809128566216]}"
2413,0.4766,0.2344,0.8553,0.1157,STABLE CROPLAND,2.0,2.0,21.0,"{""type"":""Point"",""coordinates"":[85.11811936998382,27.934139389274794]}"
2414,0.406,0.1367,0.8116,0.1253,DISCARDED (Failed Phenology),3.0,3.0,20.0,"{""type"":""Point"",""coordinates"":[84.83902983700621,27.929409655598214]}"
2415,0.4337,0.1592,0.818,0.1153,STABLE CROPLAND,1.0,1.0,23.0,"{""type"":""Point"",""coordinates"":[82.95646659869777,27.887522818510845]}"
2416,0.4224,0.1311,0.7716,0.103,STABLE CROPLAND,3.0,1.0,22.0,"{""type"":""Point"",""coordinates"":[82.79311701744518,27.881271057443534]}"
2417,,,,,DISCARDED (Insufficient Samples),,,,"{""type"":""Point"",""coordinates"":[84.9752083539349,27.935197934785695]}"
2418,0.3954,0.1907,0.7053,0.0995,DISCARDED (Static Vegetation / Low Amplitude),6.0,2.0,17.0,"{""type"":""Point"",""coordinates"":[83.03060862565322,27.889255940963185]}"
2419,0.3658,0.1221,0.8047,0.1264,DISCARDED (Failed Phenology),5.0,2.0,20.0,"{""type"":""Point"",""coordinates"":[82.38799626389027,27.869280135301306]}"
2420,,,,,DISCARDED (Insufficient Samples),,,,"{""type"":""Point"",""coordinates"":[84.09081518594706,27.915370969726396]}"
2421,0.4498,0.1428,0.8746,0.0944,DISCARDED (Failed Phenology),9.0,4.0,14.0,"{""type"":""Point"",""coordinates"":[85.77523389912668,27.939546579633333]}"
2422,0.481,0.2005,0.8725,0.1104,STABLE CROPLAND,1.0,1.0,22.0,"{""type"":""Point"",""coordinates"":[84.40923305992392,27.919027047988187]}"
2423,0.4533,0.1791,0.7539,0.0527,STABLE CROPLAND,1.0,1.0,22.0,"{""type"":""Point"",""coordinates"":[84.6850148827053,27.926305631154168]}"
2424,0.4516,0.1536,0.8752,0.0938,STABLE CROPLAND,1.0,1.0,22.0,"{""type"":""Point"",""coordinates"":[85.19757487606181,27.93368845682212]}"
2425,0.4861,0.1427,0.8329,0.1029,STABLE CROPLAND,2.0,1.0,21.0,"{""type"":""Point"",""coordinates"":[85.14847572309651,27.930483419743382]}"
2426,0.3989,0.146,0.8311,0.0716,STABLE CROPLAND,0.0,0.0,23.0,"{""type"":""Point"",""coordinates"":[84.80718213299788,27.925909448642596]}"
2427,0.4192,0.1574,0.7753,0.1257,DISCARDED (Failed Phenology),6.0,2.0,19.0,"{""type"":""Point"",""coordinates"":[82.54558473379977,27.871030883002362]}"
2428,0.3977,0.1407,0.7764,0.1524,STABLE CROPLAND,2.0,2.0,21.0,"{""type"":""Point"",""coordinates"":[83.76314599436395,27.903081902972104]}"
2429,0.42,0.12,0.8119,0.0858,DISCARDED (Failed Phenology),4.0,1.0,26.0,"{""type"":""Point"",""coordinates"":[82.40982720058989,27.86244622646279]}"
2430,0.4326,-0.0206,0.862,0.0865,STABLE CROPLAND,1.0,1.0,22.0,"{""type"":""Point"",""coordinates"":[84.54163770712191,27.916501615883472]}"
2431,,,,,DISCARDED (Insufficient Samples),,,,"{""type"":""Point"",""coordinates"":[84.0365301895899,27.90446956312953]}"
2432,0.4497,0.1832,0.816,0.1376,DISCARDED (Failed Phenology),7.0,1.0,18.0,"{""type"":""Point"",""coordinates"":[82.59142239989691,27.86822548797551]}"
2433,0.4921,0.2218,0.886,0.1346,DISCARDED (Failed Phenology),3.0,3.0,20.0,"{""type"":""Point"",""coordinates"":[83.97272806796877,27.904769559679306]}"
2434,0.4246,0.155,0.8192,0.1418,STABLE CROPLAND,3.0,1.0,21.0,"{""type"":""Point"",""coordinates"":[82.568744868812,27.864513492581278]}"
2435,,,,,DISCARDED (Insufficient Samples),,,,"{""type"":""Point"",""coordinates"":[84.1871093433417,27.906799763534984]}"
2436,,,,,DISCARDED (Insufficient Samples),,,,"{""type"":""Point"",""coordinates"":[84.88836325370761,27.918766346022014]}"
2437,0.4112,0.0979,0.8289,0.0827,DISCARDED (Failed Phenology),4.0,1.0,22.0,"{""type"":""Point"",""coordinates"":[82.35487157241647,27.856241680626553]}"
2438,0.5022,0.2361,0.8803,0.1118,DISCARDED (Failed Phenology),4.0,2.0,19.0,"{""type"":""Point"",""coordinates"":[85.34581490743373,27.92226625679762]}"
2439,0.4968,0.272,0.8074,0.0962,DISCARDED (Static Vegetation / Low Amplitude),4.0,1.0,22.0,"{""type"":""Point"",""coordinates"":[85.52852831254357,27.924156073347646]}"
2440,0.4727,0.1388,0.8584,0.0674,STABLE CROPLAND,0.0,0.0,23.0,"{""type"":""Point"",""coordinates"":[84.79081268824264,27.913258324477678]}"
2441,0.451,0.1165,0.8724,0.0763,DISCARDED (Failed Phenology),5.0,2.0,21.0,"{""type"":""Point"",""coordinates"":[82.43979389368482,27.8572873303336]}"
2442,0.4217,0.1565,0.8052,0.1005,STABLE CROPLAND,0.0,0.0,23.0,"{""type"":""Point"",""coordinates"":[83.55605978382695,27.88801170706379]}"
2443,,,,,DISCARDED (Insufficient Samples),,,,"{""type"":""Point"",""coordinates"":[84.361344552641,27.904556951558735]}"
2444,0.4995,0.1767,0.8656,0.0469,STABLE CROPLAND,0.0,0.0,23.0,"{""type"":""Point"",""coordinates"":[85.16695512007557,27.91710324643546]}"
2445,0.3977,0.1465,0.6962,0.0639,DISCARDED (Static Vegetation / Low Amplitude),5.0,2.0,19.0,"{""type"":""Point"",""coordinates"":[82.38419503420626,27.851525115978582]}"
2446,0.4241,0.1669,0.8018,0.0871,STABLE CROPLAND,1.0,1.0,28.0,"{""type"":""Point"",""coordinates"":[82.62049675463456,27.859280148123222]}"
2447,0.373,0.149,0.7608,0.1242,STABLE CROPLAND,1.0,1.0,22.0,"{""type"":""Point"",""coordinates"":[83.82163034546,27.890838437641367]}"
2448,0.4601,0.1685,0.8467,0.1066,DISCARDED (Failed Phenology),4.0,1.0,24.0,"{""type"":""Point"",""coordinates"":[82.5303390178264,27.85518846137609]}"
2449,0.4654,0.0991,0.8369,0.0791,STABLE CROPLAND,0.0,0.0,23.0,"{""type"":""Point"",""coordinates"":[84.71748518577611,27.908322454273677]}"
2450,0.4957,0.2245,0.8235,0.1038,STABLE CROPLAND,3.0,1.0,20.0,"{""type"":""Point"",""coordinates"":[85.30297942600635,27.915764320677923]}"
2451,0.4758,0.168,0.841,0.0593,STABLE CROPLAND,1.0,1.0,22.0,"{""type"":""Point"",""coordinates"":[84.81802959869746,27.90808425060458]}"
2452,0.4269,0.1189,0.8257,0.0874,DISCARDED (Failed Phenology),5.0,1.0,24.0,"{""type"":""Point"",""coordinates"":[82.47640136009606,27.854071076400636]}"
2453,0.4092,0.1563,0.749,0.0716,STABLE CROPLAND,1.0,1.0,22.0,"{""type"":""Point"",""coordinates"":[85.11442286902434,27.91085264305093]}"
2454,0.4288,0.1227,0.8319,0.0797,DISCARDED (Failed Phenology),7.0,2.0,20.0,"{""type"":""Point"",""coordinates"":[82.50205009449925,27.851368533668467]}"
2455,0.4318,0.0679,0.8671,0.1362,DISCARDED (Failed Phenology),4.0,1.0,19.0,"{""type"":""Point"",""coordinates"":[84.52372905473314,27.898333045043067]}"
2456,,,,,DISCARDED (Insufficient Samples),,,,"{""type"":""Point"",""coordinates"":[84.07769515847897,27.888324893570474]}"
2457,0.414,0.1708,0.8099,0.0976,DISCARDED (Failed Phenology),5.0,1.0,24.0,"{""type"":""Point"",""coordinates"":[82.64635647657033,27.85031164173786]}"
2458,0.4962,0.1941,0.8577,0.0978,STABLE CROPLAND,0.0,0.0,23.0,"{""type"":""Point"",""coordinates"":[85.13572248015123,27.904467778042385]}"
2459,0.4908,0.2131,0.8114,0.0842,STABLE CROPLAND,1.0,1.0,22.0,"{""type"":""Point"",""coordinates"":[85.20915656213995,27.90580931699056]}"
2460,0.4863,0.2366,0.8043,0.109,DISCARDED (Failed Phenology),7.0,1.0,17.0,"{""type"":""Point"",""coordinates"":[82.67437174360005,27.850326503452386]}"
2461,0.443,0.1472,0.9057,0.1208,STABLE CROPLAND,3.0,1.0,24.0,"{""type"":""Point"",""coordinates"":[82.55072206378298,27.845004982438034]}"
2462,0.4616,0.1651,0.8253,0.11,DISCARDED (Failed Phenology),6.0,2.0,17.0,"{""type"":""Point"",""coordinates"":[82.71100564072422,27.850326909129922]}"
2463,0.4226,0.1383,0.7404,0.1014,STABLE CROPLAND,3.0,1.0,22.0,"{""type"":""Point"",""coordinates"":[82.79196487379518,27.851844445101833]}"
2464,0.5519,0.306,0.8303,0.0784,DISCARDED (Static Vegetation / Low Amplitude),3.0,2.0,21.0,"{""type"":""Point"",""coordinates"":[85.32272498519485,27.905585747229306]}"
2465,0.5043,0.2144,0.8847,0.1049,STABLE CROPLAND,1.0,1.0,22.0,"{""type"":""Point"",""coordinates"":[85.24320218235512,27.903828557619725]}"
2466,0.4902,0.1678,0.8611,0.107,DISCARDED (Failed Phenology),9.0,5.0,18.0,"{""type"":""Point"",""coordinates"":[83.79710650032953,27.876771707774918]}"
2467,0.4927,0.0983,0.8674,0.0603,STABLE CROPLAND,2.0,1.0,21.0,"{""type"":""Point"",""coordinates"":[84.7347658124777,27.895663178792955]}"
2468,,,,,DISCARDED (Insufficient Samples),,,,"{""type"":""Point"",""coordinates"":[84.84782619558057,27.896006588039754]}"
2469,0.4359,0.1131,0.8046,0.054,DISCARDED (Failed Phenology),5.0,1.0,20.0,"{""type"":""Point"",""coordinates"":[82.57772873245314,27.843128053559813]}"
2470,0.5074,0.2593,0.8476,0.0843,DISCARDED (Static Vegetation / Low Amplitude),3.0,1.0,21.0,"{""type"":""Point"",""coordinates"":[85.54093015533083,27.905860770595083]}"
2471,0.4752,0.169,0.8536,0.093,STABLE CROPLAND,2.0,1.0,21.0,"{""type"":""Point"",""coordinates"":[83.83970712910029,27.875700566110826]}"
2472,0.4955,0.1712,0.8358,0.0805,STABLE CROPLAND,2.0,1.0,22.0,"{""type"":""Point"",""coordinates"":[83.92729843152298,27.87618661588059]}"
2473,0.5033,0.2312,0.8844,0.0599,STABLE CROPLAND,0.0,0.0,23.0,"{""type"":""Point"",""coordinates"":[84.77572820953627,27.89318624226919]}"
2474,,,,,DISCARDED (Insufficient Samples),,,,"{""type"":""Point"",""coordinates"":[84.8843147574364,27.89462771684117]}"
2475,0.4663,0.0662,0.8629,0.0697,STABLE CROPLAND,0.0,0.0,23.0,"{""type"":""Point"",""coordinates"":[84.71103311097482,27.890760492197774]}"
2476,0.4226,0.0107,0.8088,0.0542,STABLE CROPLAND,0.0,0.0,23.0,"{""type"":""Point"",""coordinates"":[84.8008609217856,27.88988986288717]}"
2477,0.4818,0.0967,0.8618,0.1018,STABLE CROPLAND,3.0,2.0,20.0,"{""type"":""Point"",""coordinates"":[83.96213481913175,27.87370849850532]}"
2478,0.4232,0.1367,0.8242,0.1062,STABLE CROPLAND,1.0,1.0,22.0,"{""type"":""Point"",""coordinates"":[85.16493512300384,27.896052765339892]}"
2479,0.4108,0.1439,0.7874,0.1089,STABLE CROPLAND,3.0,1.0,22.0,"{""type"":""Point"",""coordinates"":[82.47165634432832,27.833128217894032]}"
2480,0.4235,0.1653,0.8126,0.0965,STABLE CROPLAND,0.0,0.0,23.0,"{""type"":""Point"",""coordinates"":[85.04592032777539,27.89352936748448]}"
2481,0.4831,0.2205,0.7891,0.1118,STABLE CROPLAND,1.0,1.0,22.0,"{""type"":""Point"",""coordinates"":[83.88462994702354,27.8713106742061]}"
2482,0.3969,0.1918,0.6092,0.0821,DISCARDED (Static Vegetation / Low Amplitude),10.0,3.0,14.0,"{""type"":""Point"",""coordinates"":[83.04736661011997,27.847654750618002]}"
2483,0.4503,0.1807,0.8288,0.0816,STABLE CROPLAND,0.0,0.0,23.0,"{""type"":""Point"",""coordinates"":[85.09821318811734,27.890498097315668]}"
2484,0.4642,0.1731,0.8189,0.1123,DISCARDED (Failed Phenology),7.0,2.0,19.0,"{""type"":""Point"",""coordinates"":[82.76814305232207,27.83828707058688]}"
2485,0.4174,0.0797,0.7688,0.0651,DISCARDED (Failed Phenology),4.0,1.0,23.0,"{""type"":""Point"",""coordinates"":[82.69815048318243,27.834777164517277]}"
2486,0.449,0.1602,0.8467,0.133,STABLE CROPLAND,2.0,2.0,21.0,"{""type"":""Point"",""coordinates"":[85.0043768056845,27.888216993475943]}"
2487,0.429,0.1705,0.7738,0.0971,DISCARDED (Failed Phenology),4.0,1.0,26.0,"{""type"":""Point"",""coordinates"":[82.61425151673456,27.830020375853643]}"
2488,0.4285,0.1352,0.7697,0.0861,DISCARDED (Failed Phenology),4.0,2.0,23.0,"{""type"":""Point"",""coordinates"":[82.74533729567987,27.83353112160809]}"
2489,0.4715,0.1462,0.8016,0.0876,DISCARDED (Failed Phenology),6.0,1.0,25.0,"{""type"":""Point"",""coordinates"":[82.64380089227198,27.830031738313124]}"
2490,0.4039,0.0958,0.8032,0.0795,DISCARDED (Failed Phenology),5.0,2.0,19.0,"{""type"":""Point"",""coordinates"":[82.49142995553883,27.82758136431685]}"
2491,0.4378,0.1448,0.7771,0.056,DISCARDED (Failed Phenology),5.0,1.0,22.0,"{""type"":""Point"",""coordinates"":[82.56034884057358,27.827998763894247]}"
2492,0.4217,0.1319,0.8892,0.1356,STABLE CROPLAND,2.0,1.0,21.0,"{""type"":""Point"",""coordinates"":[85.12419205142955,27.885644252801118]}"
2493,0.4064,0.0799,0.7745,0.0718,DISCARDED (Failed Phenology),5.0,2.0,22.0,"{""type"":""Point"",""coordinates"":[82.72011870095315,27.831452613528025]}"
2494,0.4778,0.1606,0.8426,0.0994,STABLE CROPLAND,3.0,1.0,26.0,"{""type"":""Point"",""coordinates"":[82.66530935451813,27.82902343607466]}"
2495,0.4454,0.1176,0.8016,0.0996,STABLE CROPLAND,3.0,2.0,20.0,"{""type"":""Point"",""coordinates"":[84.62127447070537,27.87333100375196]}"
2496,0.4525,0.1698,0.8572,0.1311,STABLE CROPLAND,3.0,2.0,20.0,"{""type"":""Point"",""coordinates"":[83.54368988507741,27.849204031704662]}"
2497,0.4529,0.1735,0.7793,0.0701,DISCARDED (Failed Phenology),7.0,2.0,19.0,"{""type"":""Point"",""coordinates"":[82.51788678960523,27.82049100556443]}"
2498,,,,,DISCARDED (Insufficient Samples),,,,"{""type"":""Point"",""coordinates"":[84.09393611901267,27.861792568812056]}"
2499,0.415,0.1187,0.8886,0.1508,STABLE CROPLAND,1.0,1.0,22.0,"{""type"":""Point"",""coordinates"":[85.0731319656927,27.879282036821593]}"
2500,0.4403,0.119,0.9237,0.0815,STABLE CROPLAND,1.0,1.0,22.0,"{""type"":""Point"",""coordinates"":[84.75204485204019,27.87214856034361]}"
2501,0.4773,0.1777,0.871,0.129,STABLE CROPLAND,2.0,1.0,22.0,"{""type"":""Point"",""coordinates"":[85.20234428276295,27.877403550422965]}"
2502,0.4129,0.1681,0.7297,0.1139,DISCARDED (Failed Phenology),9.0,3.0,16.0,"{""type"":""Point"",""coordinates"":[82.39630266777056,27.810842260748693]}"
2503,0.4149,0.1856,0.7869,0.117,STABLE CROPLAND,2.0,2.0,21.0,"{""type"":""Point"",""coordinates"":[85.2612011612102,27.877553717387475]}"
2504,0.388,0.1176,0.8134,0.1793,STABLE CROPLAND,3.0,1.0,20.0,"{""type"":""Point"",""coordinates"":[84.0524584748,27.856828084660993]}"
2505,,,,,DISCARDED (Insufficient Samples),,,,"{""type"":""Point"",""coordinates"":[84.02439183643719,27.855705651343428]}"
2506,0.4095,0.1279,0.8134,0.0876,DISCARDED (Failed Phenology),6.0,2.0,20.0,"{""type"":""Point"",""coordinates"":[82.54183191500859,27.814830506633925]}"
2507,0.3438,0.1401,0.7437,0.1238,STABLE CROPLAND,2.0,1.0,21.0,"{""type"":""Point"",""coordinates"":[82.84698996781286,27.824453113505385]}"
2508,0.4023,0.1374,0.8278,0.1177,STABLE CROPLAND,1.0,1.0,22.0,"{""type"":""Point"",""coordinates"":[84.98303297686333,27.871502253127716]}"
2509,0.3759,0.1292,0.7541,0.101,STABLE CROPLAND,3.0,1.0,20.0,"{""type"":""Point"",""coordinates"":[82.87283081036901,27.82347531719739]}"
2510,0.4095,0.1312,0.8373,0.1037,STABLE CROPLAND,0.0,0.0,23.0,"{""type"":""Point"",""coordinates"":[83.57662646091258,27.8425188707121]}"
2511,,,,,DISCARDED (Insufficient Samples),,,,"{""type"":""Point"",""coordinates"":[84.1171302614056,27.854483649366298]}"
2512,0.3736,0.1231,0.7727,0.0991,STABLE CROPLAND,0.0,0.0,23.0,"{""type"":""Point"",""coordinates"":[85.13987769430929,27.871432039028665]}"
2513,,,,,DISCARDED (Insufficient Samples),,,,"{""type"":""Point"",""coordinates"":[84.85919575257492,27.866512717176604]}"
2514,,,,,DISCARDED (Insufficient Samples),,,,"{""type"":""Point"",""coordinates"":[84.07429960759099,27.850984180435365]}"
2515,0.4527,0.1844,0.7551,0.0615,DISCARDED (Failed Phenology),6.0,4.0,18.0,"{""type"":""Point"",""coordinates"":[82.5819849636243,27.81178414864682]}"
2516,,,,,DISCARDED (Insufficient Samples),,,,"{""type"":""Point"",""coordinates"":[84.8345579195843,27.8637628778181]}"
2517,0.5653,0.2736,0.8726,0.0817,DISCARDED (Static Vegetation / Low Amplitude),6.0,2.0,19.0,"{""type"":""Point"",""coordinates"":[85.34601553926149,27.870609507723167]}"
2518,,,,,DISCARDED (Insufficient Samples),,,,"{""type"":""Point"",""coordinates"":[84.18997727291047,27.851205241774682]}"
2519,0.4262,0.1308,0.8706,0.0951,STABLE CROPLAND,1.0,1.0,22.0,"{""type"":""Point"",""coordinates"":[85.12005430993456,27.866584869881176]}"
2520,0.3852,0.1307,0.7611,0.0879,DISCARDED (Failed Phenology),5.0,2.0,24.0,"{""type"":""Point"",""coordinates"":[82.6243234880476,27.810043375337063]}"
2521,0.4141,0.1406,0.766,0.0724,DISCARDED (Failed Phenology),6.0,2.0,18.0,"{""type"":""Point"",""coordinates"":[82.48427119574662,27.80448868668706]}"
2522,0.4158,0.1562,0.8336,0.1674,STABLE CROPLAND,3.0,1.0,20.0,"{""type"":""Point"",""coordinates"":[82.74357016946259,27.81396941930447]}"
2523,0.3997,0.166,0.7863,0.1046,STABLE CROPLAND,1.0,1.0,22.0,"{""type"":""Point"",""coordinates"":[85.00992665203775,27.866213010298402]}"
2524,,,,,DISCARDED (Insufficient Samples),,,,"{""type"":""Point"",""coordinates"":[84.16447521649442,27.849227762756094]}"
2525,0.4568,0.1569,0.8217,0.0764,DISCARDED (Failed Phenology),4.0,2.0,22.0,"{""type"":""Point"",""coordinates"":[85.87325516986722,27.87338999853067]}"
2526,0.4195,0.125,0.829,0.1139,DISCARDED (Failed Phenology),8.0,2.0,18.0,"{""type"":""Point"",""coordinates"":[82.42598002330307,27.80192714635922]}"
2527,0.4286,0.1832,0.7873,0.0833,STABLE CROPLAND,1.0,1.0,22.0,"{""type"":""Point"",""coordinates"":[82.9233656942692,27.818003191880834]}"
2528,0.377,0.1621,0.7802,0.1296,DISCARDED (Failed Phenology),4.0,1.0,20.0,"{""type"":""Point"",""coordinates"":[82.67424905894835,27.808693203876455]}"
2529,0.3863,0.151,0.7621,0.136,DISCARDED (Failed Phenology),7.0,2.0,18.0,"{""type"":""Point"",""coordinates"":[82.70320408669028,27.810010334944085]}"
2530,0.4498,0.2147,0.7993,0.095,DISCARDED (Failed Phenology),5.0,2.0,18.0,"{""type"":""Point"",""coordinates"":[83.55736167498445,27.83444689153307]}"
2531,0.463,0.1846,0.7999,0.1155,STABLE CROPLAND,3.0,2.0,20.0,"{""type"":""Point"",""coordinates"":[85.29902319198952,27.86559813077647]}"
2532,0.4448,0.1571,0.8269,0.1394,STABLE CROPLAND,3.0,1.0,21.0,"{""type"":""Point"",""coordinates"":[85.09984716990499,27.862173109796263]}"
2533,0.4149,0.1755,0.7652,0.1217,DISCARDED (Failed Phenology),5.0,2.0,20.0,"{""type"":""Point"",""coordinates"":[82.76622427157007,27.809181707995428]}"
2534,0.3908,0.1618,0.738,0.0889,DISCARDED (Failed Phenology),7.0,3.0,18.0,"{""type"":""Point"",""coordinates"":[82.60447965068433,27.80493391618633]}"
2535,0.4334,0.1856,0.7582,0.0699,DISCARDED (Failed Phenology),8.0,2.0,20.0,"{""type"":""Point"",""coordinates"":[82.64899013615499,27.804180570816683]}"
2536,,,,,DISCARDED (Insufficient Samples),,,,"{""type"":""Point"",""coordinates"":[85.06751908434771,27.859224202291315]}"
2537,,,,,DISCARDED (Insufficient Samples),,,,"{""type"":""Point"",""coordinates"":[84.14463105612326,27.843440196827544]}"
2538,0.4939,0.1832,0.8163,0.0965,STABLE CROPLAND,3.0,2.0,23.0,"{""type"":""Point"",""coordinates"":[85.57742124139894,27.863961738518526]}"
2539,0.4528,0.2018,0.7972,0.1022,STABLE CROPLAND,0.0,0.0,23.0,"{""type"":""Point"",""coordinates"":[82.94421804037316,27.811346769587807]}"
2540,0.5025,0.1899,0.8276,0.0899,DISCARDED (Failed Phenology),11.0,4.0,12.0,"{""type"":""Point"",""coordinates"":[82.8950069637326,27.80781868464498]}"
2541,,,,,DISCARDED (Insufficient Samples),,,,"{""type"":""Point"",""coordinates"":[84.22394164945747,27.84224293376751]}"
2542,0.4123,0.1489,0.8404,0.1407,STABLE CROPLAND,2.0,1.0,21.0,"{""type"":""Point"",""coordinates"":[83.7442726354795,27.83070039354162]}"
2543,0.3537,0.1438,0.6844,0.1073,DISCARDED (Static Vegetation / Low Amplitude),3.0,1.0,20.0,"{""type"":""Point"",""coordinates"":[83.61097288825988,27.826499477890675]}"
2544,0.4118,0.1161,0.8363,0.1188,STABLE CROPLAND,0.0,0.0,23.0,"{""type"":""Point"",""coordinates"":[85.0362433792033,27.852533319195324]}"
2545,0.4371,0.1517,0.7718,0.0743,DISCARDED (Failed Phenology),6.0,2.0,23.0,"{""type"":""Point"",""coordinates"":[82.52941165941637,27.795036021070473]}"
2546,,,,,DISCARDED (Insufficient Samples),,,,"{""type"":""Point"",""coordinates"":[83.94535627624528,27.829704304654125]}"
2547,0.4852,0.1926,0.7996,0.0512,STABLE CROPLAND,0.0,0.0,23.0,"{""type"":""Point"",""coordinates"":[84.50947269667826,27.840623256246534]}"
2548,0.4881,0.1949,0.816,0.0635,STABLE CROPLAND,3.0,1.0,29.0,"{""type"":""Point"",""coordinates"":[82.79315825523257,27.79788537607071]}"
2549,0.4888,0.1356,0.8258,0.0795,DISCARDED (Failed Phenology),4.0,4.0,19.0,"{""type"":""Point"",""coordinates"":[84.44520756564702,27.836787597160686]}"
2550,0.4365,0.1981,0.8315,0.1265,STABLE CROPLAND,1.0,1.0,22.0,"{""type"":""Point"",""coordinates"":[83.51930621295169,27.814775417870315]}"
2551,0.4462,0.1611,0.8131,0.1127,STABLE CROPLAND,1.0,1.0,22.0,"{""type"":""Point"",""coordinates"":[83.58779452083014,27.817176116590122]}"
2552,0.4522,0.1353,0.8602,0.0687,DISCARDED (Failed Phenology),5.0,1.0,22.0,"{""type"":""Point"",""coordinates"":[82.8261780723924,27.79478120101063]}"
2553,,,,,DISCARDED (Insufficient Samples),,,,"{""type"":""Point"",""coordinates"":[84.13711261905115,27.826263634769695]}"
2554,0.3417,0.1474,0.7534,0.1496,DISCARDED (Failed Phenology),8.0,3.0,16.0,"{""type"":""Point"",""coordinates"":[82.4661571198176,27.780633582688875]}"
2555,0.4733,0.1798,0.864,0.0879,DISCARDED (Failed Phenology),5.0,2.0,20.0,"{""type"":""Point"",""coordinates"":[85.86104561195418,27.84856572903573]}"
2556,,,,,DISCARDED (Insufficient Samples),,,,"{""type"":""Point"",""coordinates"":[84.28882777240818,27.824720626737612]}"
2557,0.3466,0.1373,0.7928,0.1474,STABLE CROPLAND,2.0,2.0,21.0,"{""type"":""Point"",""coordinates"":[85.06372576105721,27.835563180285003]}"
2558,0.4394,0.1924,0.8031,0.1005,STABLE CROPLAND,1.0,1.0,22.0,"{""type"":""Point"",""coordinates"":[84.99628135689822,27.831975230055285]}"
2559,0.3964,0.1846,0.735,0.0989,DISCARDED (Failed Phenology),6.0,1.0,20.0,"{""type"":""Point"",""coordinates"":[82.54257814191901,27.7754123146031]}"
2560,0.5193,0.1925,0.7824,0.0675,DISCARDED (Failed Phenology),13.0,2.0,12.0,"{""type"":""Point"",""coordinates"":[82.61213269114492,27.774403263021004]}"
2561,0.4262,0.1611,0.8181,0.123,STABLE CROPLAND,1.0,1.0,22.0,"{""type"":""Point"",""coordinates"":[84.95609598398568,27.828733985880483]}"
2562,,,,,DISCARDED (Insufficient Samples),,,,"{""type"":""Point"",""coordinates"":[84.17139633745131,27.813747255672304]}"
2563,0.488,0.1803,0.7608,0.0481,DISCARDED (Failed Phenology),8.0,2.0,17.0,"{""type"":""Point"",""coordinates"":[82.44810618519645,27.766901480995056]}"
2564,0.4967,0.1658,0.9106,0.0538,STABLE CROPLAND,0.0,0.0,23.0,"{""type"":""Point"",""coordinates"":[85.57023040022537,27.834518878812517]}"
2565,0.4228,0.1497,0.8326,0.0961,STABLE CROPLAND,0.0,0.0,23.0,"{""type"":""Point"",""coordinates"":[85.03197272670418,27.826669851579265]}"
2566,0.4578,0.1567,0.8024,0.1162,STABLE CROPLAND,2.0,1.0,21.0,"{""type"":""Point"",""coordinates"":[84.89542460230044,27.824045890748828]}"
2567,0.4986,0.2255,0.848,0.1092,STABLE CROPLAND,2.0,2.0,21.0,"{""type"":""Point"",""coordinates"":[84.97606904317367,27.824154626788303]}"
2568,,,,,DISCARDED (Insufficient Samples),,,,"{""type"":""Point"",""coordinates"":[84.86893140871476,27.822559811533363]}"
2569,0.4818,0.1762,0.7794,0.0969,STABLE CROPLAND,3.0,2.0,21.0,"{""type"":""Point"",""coordinates"":[83.13318955441333,27.78168467535654]}"
2570,0.4631,0.1836,0.8474,0.1131,STABLE CROPLAND,2.0,2.0,21.0,"{""type"":""Point"",""coordinates"":[84.91806228310638,27.819036306196423]}"
2571,0.5168,0.2186,0.8705,0.0673,STABLE CROPLAND,0.0,0.0,23.0,"{""type"":""Point"",""coordinates"":[85.85185353351919,27.83012801389212]}"
2572,0.468,0.1693,0.8159,0.08,DISCARDED (Failed Phenology),8.0,2.0,17.0,"{""type"":""Point"",""coordinates"":[82.56037195471016,27.762811635139705]}"
2573,0.4437,0.1621,0.8115,0.0937,STABLE CROPLAND,1.0,1.0,22.0,"{""type"":""Point"",""coordinates"":[84.77596614984526,27.81612108210332]}"
2574,0.3729,0.1364,0.7393,0.1046,DISCARDED (Failed Phenology),7.0,2.0,20.0,"{""type"":""Point"",""coordinates"":[82.49612333785585,27.75855559564328]}"
2575,,,,,DISCARDED (Insufficient Samples),,,,"{""type"":""Point"",""coordinates"":[84.83108292196617,27.815000396191085]}"
2576,0.4899,0.1362,0.8886,0.0926,STABLE CROPLAND,3.0,1.0,20.0,"{""type"":""Point"",""coordinates"":[84.7438261975083,27.81288957947443]}"
2577,0.5139,0.2368,0.8898,0.0993,DISCARDED (Failed Phenology),4.0,2.0,21.0,"{""type"":""Point"",""coordinates"":[85.48790235823702,27.822597614600852]}"
2578,0.464,0.2042,0.7863,0.1072,STABLE CROPLAND,2.0,2.0,21.0,"{""type"":""Point"",""coordinates"":[82.93703691500677,27.769180145736293]}"
2579,0.4966,0.2025,0.8271,0.0916,DISCARDED (Failed Phenology),8.0,3.0,19.0,"{""type"":""Point"",""coordinates"":[83.20071986499875,27.769802533200014]}"
2580,,,,,DISCARDED (Insufficient Samples),,,,"{""type"":""Point"",""coordinates"":[85.00245199170622,27.806221976488548]}"
2581,0.4232,0.1469,0.8129,0.0952,STABLE CROPLAND,0.0,0.0,23.0,"{""type"":""Point"",""coordinates"":[85.03922971847625,27.80669987304662]}"
2582,0.4088,0.1721,0.7734,0.1003,STABLE CROPLAND,0.0,0.0,23.0,"{""type"":""Point"",""coordinates"":[85.06333579471503,27.80643533686607]}"
2583,0.534,0.2333,0.8927,0.096,STABLE CROPLAND,1.0,1.0,22.0,"{""type"":""Point"",""coordinates"":[85.52068461650568,27.81171177714048]}"
2584,0.4801,0.1329,0.8473,0.0611,DISCARDED (Failed Phenology),4.0,2.0,26.0,"{""type"":""Point"",""coordinates"":[85.9018584306776,27.814901863064968]}"
2585,,,,,DISCARDED (Insufficient Samples),,,,"{""type"":""Point"",""coordinates"":[84.92474637813709,27.80137140204098]}"
2586,0.5191,0.2993,0.8534,0.113,DISCARDED (Static Vegetation / Low Amplitude),5.0,1.0,19.0,"{""type"":""Point"",""coordinates"":[85.49880987859112,27.803733796337863]}"
2587,0.4578,0.1312,0.8196,0.0699,STABLE CROPLAND,0.0,0.0,23.0,"{""type"":""Point"",""coordinates"":[84.45507257429752,27.787964862457425]}"
2588,0.5282,0.2876,0.8296,0.0739,DISCARDED (Static Vegetation / Low Amplitude),3.0,2.0,24.0,"{""type"":""Point"",""coordinates"":[85.15164794651459,27.79744073702267]}"
2589,0.5377,0.3001,0.8436,0.0895,DISCARDED (Static Vegetation / Low Amplitude),3.0,2.0,22.0,"{""type"":""Point"",""coordinates"":[85.26077670718843,27.798311540966008]}"
2590,0.5674,0.3203,0.8265,0.0782,DISCARDED (Static Vegetation / Low Amplitude),1.0,1.0,22.0,"{""type"":""Point"",""coordinates"":[86.07689107071847,27.80350669586571]}"
2591,0.4918,0.1406,0.7875,0.0589,DISCARDED (Failed Phenology),5.0,1.0,24.0,"{""type"":""Point"",""coordinates"":[82.98497758424207,27.747608928580092]}"
2592,,,,,DISCARDED (Insufficient Samples),,,,"{""type"":""Point"",""coordinates"":[83.497672554851,27.758290822814345]}"
2593,0.4665,0.2338,0.7694,0.0688,DISCARDED (Static Vegetation / Low Amplitude),0.0,0.0,23.0,"{""type"":""Point"",""coordinates"":[85.0445668268278,27.78689482542318]}"
2594,0.5319,0.2053,0.8978,0.0747,DISCARDED (Failed Phenology),4.0,1.0,19.0,"{""type"":""Point"",""coordinates"":[86.14143650195297,27.798393595585274]}"
2595,,,,,DISCARDED (Insufficient Samples),,,,"{""type"":""Point"",""coordinates"":[84.95804041125123,27.785132236507557]}"
2596,,,,,DISCARDED (Insufficient Samples),,,,"{""type"":""Point"",""coordinates"":[84.91208421395012,27.784404964516813]}"
2597,,,,,DISCARDED (Insufficient Samples),,,,"{""type"":""Point"",""coordinates"":[84.31592769024424,27.773324064422194]}"
2598,0.4555,0.1993,0.8321,0.0754,STABLE CROPLAND,0.0,0.0,23.0,"{""type"":""Point"",""coordinates"":[85.07424883650137,27.784099844563183]}"
2599,0.4471,0.171,0.8195,0.0617,STABLE CROPLAND,0.0,0.0,23.0,"{""type"":""Point"",""coordinates"":[85.1015557438965,27.784872007920406]}"
2600,0.4933,0.2012,0.8183,0.0954,DISCARDED (Failed Phenology),3.0,3.0,20.0,"{""type"":""Point"",""coordinates"":[85.89483523215279,27.792818871582213]}"
2601,0.4621,0.2338,0.785,0.109,DISCARDED (Failed Phenology),4.0,2.0,23.0,"{""type"":""Point"",""coordinates"":[85.31835508693324,27.78619374046146]}"
2602,0.4977,0.1842,0.8878,0.0943,STABLE CROPLAND,1.0,1.0,22.0,"{""type"":""Point"",""coordinates"":[85.5524233951081,27.78860259078091]}"
2603,0.4083,0.1619,0.8331,0.1026,STABLE CROPLAND,1.0,1.0,22.0,"{""type"":""Point"",""coordinates"":[85.2316688427988,27.78394661031046]}"
2604,0.4853,0.194,0.7352,0.0541,DISCARDED (Static Vegetation / Low Amplitude),6.0,2.0,20.0,"{""type"":""Point"",""coordinates"":[83.0393927310571,27.745756857329148]}"
2605,0.4621,0.1614,0.8418,0.1364,DISCARDED (Failed Phenology),4.0,2.0,23.0,"{""type"":""Point"",""coordinates"":[86.17550955879393,27.791028461475143]}"
2606,0.4969,0.2614,0.82,0.1008,DISCARDED (Static Vegetation / Low Amplitude),2.0,1.0,24.0,"{""type"":""Point"",""coordinates"":[85.2935674170331,27.782243061865948]}"
2607,0.4059,0.1809,0.7199,0.0977,DISCARDED (Static Vegetation / Low Amplitude),2.0,1.0,21.0,"{""type"":""Point"",""coordinates"":[85.02096733679114,27.77750988849382]}"
2608,0.4634,0.1978,0.837,0.136,STABLE CROPLAND,2.0,1.0,21.0,"{""type"":""Point"",""coordinates"":[85.92070606887108,27.786329235346116]}"
2609,0.471,0.1633,0.8254,0.1024,STABLE CROPLAND,0.0,0.0,23.0,"{""type"":""Point"",""coordinates"":[85.74686258402126,27.78465591223299]}"
2610,0.4663,0.1388,0.818,0.0631,STABLE CROPLAND,0.0,0.0,23.0,"{""type"":""Point"",""coordinates"":[84.4623045489046,27.76647947466743]}"
2611,0.5002,0.2137,0.8124,0.0878,DISCARDED (Failed Phenology),4.0,3.0,21.0,"{""type"":""Point"",""coordinates"":[85.51962149630826,27.778246013863996]}"
2612,,,,,DISCARDED (Insufficient Samples),,,,"{""type"":""Point"",""coordinates"":[84.81517758358572,27.76845156661003]}"
2613,0.4149,0.1592,0.7764,0.0976,STABLE CROPLAND,0.0,0.0,23.0,"{""type"":""Point"",""coordinates"":[85.21138794133232,27.77448827920382]}"
2614,0.5884,0.2955,0.8765,0.0779,DISCARDED (Static Vegetation / Low Amplitude),4.0,2.0,19.0,"{""type"":""Point"",""coordinates"":[85.5750613958911,27.77871230275462]}"
2615,0.4522,0.1468,0.8522,0.1054,STABLE CROPLAND,0.0,0.0,23.0,"{""type"":""Point"",""coordinates"":[85.88259489410574,27.77823889582493]}"
2616,0.4754,0.1419,0.8519,0.0812,STABLE CROPLAND,0.0,0.0,23.0,"{""type"":""Point"",""coordinates"":[85.17918092718213,27.771317023403274]}"
2617,0.4467,0.1586,0.8128,0.115,STABLE CROPLAND,1.0,1.0,23.0,"{""type"":""Point"",""coordinates"":[86.25044051273848,27.779679372179938]}"
2618,,,,,DISCARDED (Insufficient Samples),,,,"{""type"":""Point"",""coordinates"":[84.92350935944123,27.764679308278968]}"
2619,0.4569,0.1949,0.804,0.0841,STABLE CROPLAND,0.0,0.0,23.0,"{""type"":""Point"",""coordinates"":[85.06011014281209,27.766794072520003]}"
2620,0.4181,0.1128,0.8375,0.1031,STABLE CROPLAND,1.0,1.0,22.0,"{""type"":""Point"",""coordinates"":[84.32706897863332,27.75441737618188]}"
2621,0.4308,0.1254,0.842,0.0994,STABLE CROPLAND,0.0,0.0,23.0,"{""type"":""Point"",""coordinates"":[84.41208762669817,27.757092511119662]}"
2622,0.4367,0.1696,0.7631,0.1015,DISCARDED (Failed Phenology),6.0,2.0,19.0,"{""type"":""Point"",""coordinates"":[82.98174943234268,27.721301054744142]}"
2623,0.4452,0.1899,0.8437,0.134,DISCARDED (Failed Phenology),8.0,4.0,22.0,"{""type"":""Point"",""coordinates"":[85.32517582531032,27.769091053804488]}"
2624,0.4484,0.1807,0.8133,0.125,STABLE CROPLAND,1.0,1.0,22.0,"{""type"":""Point"",""coordinates"":[85.14973372598227,27.764707898953322]}"
2625,0.4741,0.1483,0.8213,0.0721,STABLE CROPLAND,0.0,0.0,23.0,"{""type"":""Point"",""coordinates"":[84.44118247211657,27.7548933653386]}"
2626,,,,,DISCARDED (Insufficient Samples),,,,"{""type"":""Point"",""coordinates"":[84.96467872182404,27.762147079465613]}"
2627,0.475,0.1846,0.7445,0.0741,DISCARDED (Failed Phenology),4.0,2.0,20.0,"{""type"":""Point"",""coordinates"":[83.02601862333549,27.723185419929457]}"
2628,0.5121,0.2164,0.8735,0.0712,STABLE CROPLAND,1.0,1.0,22.0,"{""type"":""Point"",""coordinates"":[85.60505277722866,27.770133656447467]}"
2629,0.4249,0.2041,0.808,0.1006,STABLE CROPLAND,1.0,1.0,22.0,"{""type"":""Point"",""coordinates"":[85.12681482055584,27.764385755203588]}"
2630,0.4251,0.1115,0.7827,0.0957,STABLE CROPLAND,0.0,0.0,23.0,"{""type"":""Point"",""coordinates"":[84.3686209521332,27.751461820934626]}"
2631,0.4816,0.2415,0.8166,0.0649,STABLE CROPLAND,0.0,0.0,23.0,"{""type"":""Point"",""coordinates"":[86.14204270921715,27.773806364438347]}"
2632,0.4353,0.2106,0.7814,0.0816,STABLE CROPLAND,1.0,1.0,22.0,"{""type"":""Point"",""coordinates"":[85.09340252184853,27.761384401428813]}"
2633,,,,,DISCARDED (Insufficient Samples),,,,"{""type"":""Point"",""coordinates"":[83.81304509819128,27.736387178935082]}"
2634,0.4181,0.1493,0.8196,0.1096,STABLE CROPLAND,3.0,1.0,20.0,"{""type"":""Point"",""coordinates"":[85.29726348927971,27.76194482342044]}"
2635,0.4364,0.1445,0.8242,0.061,STABLE CROPLAND,0.0,0.0,23.0,"{""type"":""Point"",""coordinates"":[85.69627144248605,27.766162795591203]}"
2636,0.4559,0.2497,0.796,0.1098,DISCARDED (Static Vegetation / Low Amplitude),2.0,1.0,21.0,"{""type"":""Point"",""coordinates"":[85.0422949770538,27.757090748734306]}"
2637,,,,,DISCARDED (Insufficient Samples),,,,"{""type"":""Point"",""coordinates"":[84.89364675512859,27.75373655006272]}"
2638,0.5051,0.1728,0.8268,0.0934,DISCARDED (Failed Phenology),6.0,1.0,20.0,"{""type"":""Point"",""coordinates"":[83.11519853581615,27.721026786082817]}"
2639,,,,,DISCARDED (Insufficient Samples),,,,"{""type"":""Point"",""coordinates"":[84.93908351534452,27.752195073623835]}"
2640,0.5143,0.1663,0.8842,0.0834,STABLE CROPLAND,2.0,1.0,21.0,"{""type"":""Point"",""coordinates"":[85.57422982797864,27.75942467935582]}"
2641,0.479,0.2054,0.8271,0.1184,DISCARDED (Failed Phenology),3.0,3.0,20.0,"{""type"":""Point"",""coordinates"":[85.01933499288792,27.75223476359242]}"
2642,0.5357,0.2778,0.8775,0.0685,DISCARDED (Static Vegetation / Low Amplitude),1.0,1.0,22.0,"{""type"":""Point"",""coordinates"":[85.83637827558938,27.76079971531168]}"
2643,0.5022,0.2279,0.8771,0.088,STABLE CROPLAND,0.0,0.0,23.0,"{""type"":""Point"",""coordinates"":[84.99158933584799,27.748998893398696]}"
2644,,,,,DISCARDED (Insufficient Samples),,,,"{""type"":""Point"",""coordinates"":[83.25242920584449,27.712727317324937]}"
2645,0.4657,0.1565,0.8337,0.1142,DISCARDED (Failed Phenology),4.0,2.0,20.0,"{""type"":""Point"",""coordinates"":[85.3959108238846,27.75397174011913]}"
2646,0.4654,0.1366,0.8242,0.0564,STABLE CROPLAND,0.0,0.0,23.0,"{""type"":""Point"",""coordinates"":[85.79301119524229,27.75759170926807]}"
2647,0.5176,0.2314,0.7547,0.0747,DISCARDED (Static Vegetation / Low Amplitude),6.0,3.0,21.0,"{""type"":""Point"",""coordinates"":[83.19533800780437,27.711481112053704]}"
2648,0.4231,0.1437,0.8271,0.1104,STABLE CROPLAND,0.0,0.0,24.0,"{""type"":""Point"",""coordinates"":[84.52112390821527,27.738892001632415]}"
2649,,,,,DISCARDED (Insufficient Samples),,,,"{""type"":""Point"",""coordinates"":[83.29611619308524,27.711281882218056]}"
2650,0.4129,0.1978,0.7521,0.1233,DISCARDED (Failed Phenology),5.0,1.0,23.0,"{""type"":""Point"",""coordinates"":[85.37087588774243,27.749978434759964]}"
2651,0.4247,0.172,0.8216,0.0845,STABLE CROPLAND,0.0,0.0,23.0,"{""type"":""Point"",""coordinates"":[85.1283959245476,27.746147469618403]}"
2652,0.4714,0.1447,0.8039,0.077,DISCARDED (Failed Phenology),5.0,1.0,22.0,"{""type"":""Point"",""coordinates"":[83.1419966403612,27.705666055085665]}"
2653,0.4011,0.1156,0.7369,0.1014,DISCARDED (Failed Phenology),4.0,1.0,23.0,"{""type"":""Point"",""coordinates"":[82.95913291198413,27.698638736832887]}"
2654,0.4353,0.1019,0.7541,0.0752,DISCARDED (Failed Phenology),9.0,2.0,19.0,"{""type"":""Point"",""coordinates"":[82.99457594065576,27.701688321386037]}"
2655,,,,,DISCARDED (Insufficient Samples),,,,"{""type"":""Point"",""coordinates"":[83.34752557655229,27.70991481184428]}"
2656,0.4569,0.1664,0.7597,0.0795,DISCARDED (Failed Phenology),7.0,2.0,19.0,"{""type"":""Point"",""coordinates"":[82.87726522493084,27.69751929167151]}"
2657,0.4605,0.1734,0.7617,0.0551,DISCARDED (Failed Phenology),6.0,1.0,20.0,"{""type"":""Point"",""coordinates"":[82.8042264725871,27.693107072204157]}"
2658,0.5202,0.1666,0.8055,0.0691,DISCARDED (Failed Phenology),7.0,2.0,20.0,"{""type"":""Point"",""coordinates"":[83.11289567084714,27.70076046562072]}"
2659,0.4696,0.1755,0.7803,0.0743,STABLE CROPLAND,1.0,1.0,27.0,"{""type"":""Point"",""coordinates"":[85.43001251915801,27.74676471629483]}"
2660,0.4936,0.183,0.871,0.0679,STABLE CROPLAND,0.0,0.0,23.0,"{""type"":""Point"",""coordinates"":[86.16383676456599,27.75063477740085]}"
2661,0.541,0.0868,0.8672,0.0747,DISCARDED (Failed Phenology),6.0,2.0,18.0,"{""type"":""Point"",""coordinates"":[87.41232386094741,27.7526911893637]}"
2662,0.5335,0.2275,0.9053,0.0985,DISCARDED (Failed Phenology),6.0,3.0,17.0,"{""type"":""Point"",""coordinates"":[85.60006100933515,27.746520721907046]}"
2663,,,,,DISCARDED (Insufficient Samples),,,,"{""type"":""Point"",""coordinates"":[83.32260186738151,27.70254023881657]}"
2664,0.4933,0.1935,0.8302,0.0922,STABLE CROPLAND,1.0,1.0,24.0,"{""type"":""Point"",""coordinates"":[86.10594974487286,27.747633457489528]}"
2665,0.4562,0.1917,0.8273,0.051,STABLE CROPLAND,0.0,0.0,23.0,"{""type"":""Point"",""coordinates"":[85.67233475604216,27.741346058787958]}"
2666,0.3836,0.1018,0.708,0.0814,DISCARDED (Failed Phenology),8.0,2.0,20.0,"{""type"":""Point"",""coordinates"":[82.84544896870429,27.683868242182587]}"
2667,0.4573,0.2015,0.8028,0.1169,DISCARDED (Failed Phenology),5.0,1.0,20.0,"{""type"":""Point"",""coordinates"":[85.4087434488879,27.73763291120302]}"
2668,,,,,DISCARDED (Insufficient Samples),,,,"{""type"":""Point"",""coordinates"":[83.26524049959555,27.696442074223317]}"
2669,0.4793,0.1565,0.8492,0.0936,STABLE CROPLAND,1.0,1.0,22.0,"{""type"":""Point"",""coordinates"":[85.16515408935312,27.73349168183316]}"
2670,0.4756,0.1975,0.8231,0.0943,STABLE CROPLAND,0.0,0.0,23.0,"{""type"":""Point"",""coordinates"":[85.04989987725882,27.731592278303882]}"
2671,0.5162,0.1785,0.9028,0.0686,STABLE CROPLAND,1.0,1.0,22.0,"{""type"":""Point"",""coordinates"":[85.62270704487807,27.739767573754786]}"
2672,0.4416,0.14,0.9076,0.1097,DISCARDED (Failed Phenology),7.0,2.0,17.0,"{""type"":""Point"",""coordinates"":[83.17790069494426,27.692816085384163]}"
2673,0.4364,0.1691,0.7789,0.111,DISCARDED (Failed Phenology),8.0,3.0,20.0,"{""type"":""Point"",""coordinates"":[83.1989372861255,27.692393339180295]}"
2674,0.4631,0.1621,0.7359,0.0663,STABLE CROPLAND,3.0,1.0,23.0,"{""type"":""Point"",""coordinates"":[82.96928872744569,27.681957510021046]}"
2675,,,,,DISCARDED (Insufficient Samples),,,,"{""type"":""Point"",""coordinates"":[83.4323507400363,27.69511545915648]}"
2676,0.5306,0.2941,0.831,0.0943,DISCARDED (Static Vegetation / Low Amplitude),4.0,1.0,24.0,"{""type"":""Point"",""coordinates"":[85.24211416153207,27.72857756323404]}"
2677,0.4771,0.1585,0.8297,0.0736,DISCARDED (Failed Phenology),6.0,1.0,20.0,"{""type"":""Point"",""coordinates"":[83.15683179843792,27.691583262377996]}"
2678,,,,,DISCARDED (Insufficient Samples),,,,"{""type"":""Point"",""coordinates"":[83.36830455373656,27.691622423631504]}"
2679,0.4165,0.0744,0.8244,0.0734,DISCARDED (Failed Phenology),4.0,1.0,25.0,"{""type"":""Point"",""coordinates"":[83.01075231947961,27.68395619796075]}"
2680,,,,,DISCARDED (Insufficient Samples),,,,"{""type"":""Point"",""coordinates"":[83.34614297513397,27.68969598382718]}"
2681,0.4951,0.1265,0.8604,0.1084,DISCARDED (Failed Phenology),4.0,2.0,19.0,"{""type"":""Point"",""coordinates"":[84.42207733964894,27.712569378186462]}"
2682,0.5127,0.0505,0.8275,0.0593,STABLE CROPLAND,1.0,1.0,22.0,"{""type"":""Point"",""coordinates"":[84.4003098912781,27.712260579987746]}"
2683,0.3859,0.1065,0.7529,0.0919,DISCARDED (Failed Phenology),6.0,1.0,22.0,"{""type"":""Point"",""coordinates"":[82.79865266848236,27.672373768769056]}"
2684,0.4315,0.1745,0.7571,0.0816,DISCARDED (Failed Phenology),6.0,4.0,18.0,"{""type"":""Point"",""coordinates"":[85.44607601571462,27.727994716514562]}"
2685,,,,,DISCARDED (Insufficient Samples),,,,"{""type"":""Point"",""coordinates"":[83.29408713240687,27.685482393861886]}"
2686,0.4174,0.1688,0.7662,0.0878,DISCARDED (Failed Phenology),6.0,1.0,19.0,"{""type"":""Point"",""coordinates"":[82.75615354584787,27.66985045193421]}"
2687,0.4033,0.1913,0.7589,0.092,STABLE CROPLAND,2.0,2.0,21.0,"{""type"":""Point"",""coordinates"":[86.11342861978054,27.73025546686597]}"
2688,0.4647,0.2062,0.7517,0.0731,DISCARDED (Static Vegetation / Low Amplitude),5.0,2.0,21.0,"{""type"":""Point"",""coordinates"":[83.12184563326389,27.679167617783325]}"
2689,,,,,DISCARDED (Insufficient Samples),,,,"{""type"":""Point"",""coordinates"":[83.39431925060116,27.685597740945195]}"
2690,0.5272,0.2481,0.8443,0.069,STABLE CROPLAND,2.0,1.0,21.0,"{""type"":""Point"",""coordinates"":[85.64528135640728,27.72475241862448]}"
2691,0.5068,0.1592,0.8138,0.1204,DISCARDED (Failed Phenology),7.0,3.0,17.0,"{""type"":""Point"",""coordinates"":[85.48236530316854,27.724168141411635]}"
2692,0.4682,0.1792,0.7491,0.0815,STABLE CROPLAND,3.0,1.0,21.0,"{""type"":""Point"",""coordinates"":[82.91275209409967,27.672852420595852]}"
2693,,,,,DISCARDED (Insufficient Samples),,,,"{""type"":""Point"",""coordinates"":[84.37487433953424,27.70522820365995]}"
2694,,,,,DISCARDED (Insufficient Samples),,,,"{""type"":""Point"",""coordinates"":[83.31654140254636,27.682214911982143]}"
2695,0.4002,0.1597,0.8221,0.1274,DISCARDED (Failed Phenology),4.0,1.0,21.0,"{""type"":""Point"",""coordinates"":[82.72199830853216,27.664006598864173]}"
2696,0.4507,0.202,0.7488,0.1051,DISCARDED (Static Vegetation / Low Amplitude),2.0,2.0,24.0,"{""type"":""Point"",""coordinates"":[85.26125872841767,27.7172924239376]}"
2697,0.4077,0.1684,0.7699,0.1044,DISCARDED (Failed Phenology),5.0,2.0,21.0,"{""type"":""Point"",""coordinates"":[85.4195861411119,27.71971538896484]}"
2698,0.5011,0.2279,0.8595,0.0827,STABLE CROPLAND,0.0,0.0,23.0,"{""type"":""Point"",""coordinates"":[85.76783346721169,27.723084150985596]}"
2699,,,,,DISCARDED (Insufficient Samples),,,,"{""type"":""Point"",""coordinates"":[83.41482613078354,27.681712681010016]}"
2700,,,,,DISCARDED (Insufficient Samples),,,,"{""type"":""Point"",""coordinates"":[84.29576069052821,27.705383995646013]}"
2701,0.4575,0.1651,0.8421,0.1077,STABLE CROPLAND,3.0,2.0,21.0,"{""type"":""Point"",""coordinates"":[85.90540698174081,27.723214631800264]}"
2702,,,,,DISCARDED (Insufficient Samples),,,,"{""type"":""Point"",""coordinates"":[83.19599728441081,27.673953706467245]}"
2703,,,,,DISCARDED (Insufficient Samples),,,,"{""type"":""Point"",""coordinates"":[83.50971698548204,27.681676888490813]}"
2704,0.4667,0.1623,0.7529,0.0656,DISCARDED (Failed Phenology),4.0,1.0,24.0,"{""type"":""Point"",""coordinates"":[82.9512991459961,27.66764066210661]}"
2705,0.4879,0.1919,0.7465,0.0532,STABLE CROPLAND,3.0,1.0,24.0,"{""type"":""Point"",""coordinates"":[82.98761344599995,27.669947067457773]}"
2706,,,,,DISCARDED (Insufficient Samples),,,,"{""type"":""Point"",""coordinates"":[84.25416353247499,27.69736815046542]}"
2707,,,,,DISCARDED (Insufficient Samples),,,,"{""type"":""Point"",""coordinates"":[83.25782329509231,27.67097145952404]}"
2708,0.4985,0.2043,0.8091,0.0359,STABLE CROPLAND,0.0,0.0,23.0,"{""type"":""Point"",""coordinates"":[86.14159909559893,27.718599022631217]}"
2709,0.5064,0.1494,0.8287,0.0886,STABLE CROPLAND,2.0,1.0,21.0,"{""type"":""Point"",""coordinates"":[84.52501354293202,27.697743203147393]}"
2710,0.427,0.1502,0.7463,0.1133,DISCARDED (Failed Phenology),4.0,2.0,21.0,"{""type"":""Point"",""coordinates"":[83.03778517236655,27.663154350869046]}"
2711,0.4314,0.2027,0.7464,0.0841,DISCARDED (Static Vegetation / Low Amplitude),6.0,3.0,19.0,"{""type"":""Point"",""coordinates"":[82.85019671268502,27.657897586301495]}"
2712,,,,,DISCARDED (Insufficient Samples),,,,"{""type"":""Point"",""coordinates"":[83.35301011188987,27.671905949547877]}"
2713,0.4081,0.0662,0.7373,0.1163,DISCARDED (Failed Phenology),6.0,2.0,21.0,"{""type"":""Point"",""coordinates"":[83.17762117830158,27.664925873971907]}"
2714,0.4423,0.1947,0.8307,0.1318,STABLE CROPLAND,0.0,0.0,23.0,"{""type"":""Point"",""coordinates"":[85.05378295654258,27.702595979410162]}"
2715,0.4245,0.1292,0.8307,0.1127,DISCARDED (Failed Phenology),5.0,1.0,24.0,"{""type"":""Point"",""coordinates"":[83.04071434816248,27.706740657648297]}"
2716,,,,,DISCARDED (Insufficient Samples),,,,"{""type"":""Point"",""coordinates"":[83.33193993786212,27.667392304365787]}"
2717,0.5151,0.1852,0.8909,0.1312,DISCARDED (Failed Phenology),8.0,4.0,16.0,"{""type"":""Point"",""coordinates"":[85.61330228558803,27.709385813844822]}"
2718,0.4391,0.1603,0.7313,0.0779,DISCARDED (Failed Phenology),6.0,2.0,22.0,"{""type"":""Point"",""coordinates"":[82.87524146301281,27.655115940874477]}"
2719,0.4453,0.1793,0.7675,0.0977,DISCARDED (Failed Phenology),5.0,1.0,20.0,"{""type"":""Point"",""coordinates"":[83.77665167776632,27.67819090685724]}"
2720,,,,,DISCARDED (Insufficient Samples),,,,"{""type"":""Point"",""coordinates"":[83.28243983773919,27.66523901129214]}"
2721,0.4079,0.1687,0.76,0.139,STABLE CROPLAND,2.0,1.0,21.0,"{""type"":""Point"",""coordinates"":[83.82110190428614,27.677759377983307]}"
2722,,,,,DISCARDED (Insufficient Samples),,,,"{""type"":""Point"",""coordinates"":[84.18882051760073,27.688080616117567]}"
2723,0.4881,0.2098,0.8554,0.1011,DISCARDED (Failed Phenology),5.0,2.0,21.0,"{""type"":""Point"",""coordinates"":[86.07061112010632,27.712920354070764]}"
2724,0.4931,0.1339,0.8031,0.0734,STABLE CROPLAND,2.0,1.0,21.0,"{""type"":""Point"",""coordinates"":[84.45718349250976,27.691510905289444]}"
2725,,,,,DISCARDED (Insufficient Samples),,,,"{""type"":""Point"",""coordinates"":[83.43638043850949,27.673563182023788]}"
2726,,,,,DISCARDED (Insufficient Samples),,,,"{""type"":""Point"",""coordinates"":[84.35672108315897,27.690757465605074]}"
2727,0.4155,0.19,0.7364,0.0908,DISCARDED (Static Vegetation / Low Amplitude),8.0,2.0,16.0,"{""type"":""Point"",""coordinates"":[82.73593947738824,27.64870595369963]}"
2728,0.3787,0.1291,0.7335,0.1149,DISCARDED (Failed Phenology),6.0,2.0,21.0,"{""type"":""Point"",""coordinates"":[82.79231584709225,27.648386722186086]}"
2729,,,,,DISCARDED (Insufficient Samples),,,,"{""type"":""Point"",""coordinates"":[84.07081826587743,27.681742323040393]}"
2730,0.4646,0.2053,0.7571,0.1153,DISCARDED (Failed Phenology),8.0,3.0,15.0,"{""type"":""Point"",""coordinates"":[82.99743035365704,27.65367401247334]}"
2731,,,,,DISCARDED (Insufficient Samples),,,,"{""type"":""Point"",""coordinates"":[84.28167462921922,27.684982359167368]}"
2732,,,,,DISCARDED (Insufficient Samples),,,,"{""type"":""Point"",""coordinates"":[84.30549728245929,27.685515298038084]}"
2733,,,,,DISCARDED (Insufficient Samples),,,,"{""type"":""Point"",""coordinates"":[84.16224930081475,27.681255645945892]}"
2734,,,,,DISCARDED (Insufficient Samples),,,,"{""type"":""Point"",""coordinates"":[83.46834143460332,27.662990182213008]}"
2735,0.5225,0.1358,0.8604,0.0957,STABLE CROPLAND,1.0,1.0,22.0,"{""type"":""Point"",""coordinates"":[84.50339525596584,27.685871328671542]}"
2736,,,,,DISCARDED (Insufficient Samples),,,,"{""type"":""Point"",""coordinates"":[83.95125014436438,27.676393270038034]}"
2737,,,,,DISCARDED (Insufficient Samples),,,,"{""type"":""Point"",""coordinates"":[84.09424164463637,27.682948004824272]}"
2738,,,,,DISCARDED (Insufficient Samples),,,,"{""type"":""Point"",""coordinates"":[84.220366090304,27.68080922858967]}"
2739,,,,,DISCARDED (Insufficient Samples),,,,"{""type"":""Point"",""coordinates"":[83.40673223438378,27.663096644211933]}"
2740,0.4342,0.1839,0.7103,0.0922,DISCARDED (Static Vegetation / Low Amplitude),3.0,1.0,20.0,"{""type"":""Point"",""coordinates"":[85.23540359777046,27.69570759091425]}"
2741,0.4914,0.1703,0.8621,0.0929,DISCARDED (Failed Phenology),6.0,2.0,22.0,"{""type"":""Point"",""coordinates"":[85.43076181880792,27.69867342870488]}"
2742,0.3636,0.123,0.7361,0.1329,STABLE CROPLAND,3.0,1.0,22.0,"{""type"":""Point"",""coordinates"":[82.97354793061838,27.648918088517952]}"
2743,0.3771,0.154,0.7474,0.1387,DISCARDED (Failed Phenology),4.0,2.0,20.0,"{""type"":""Point"",""coordinates"":[82.92357245037623,27.647177914671285]}"
2744,0.4478,0.1336,0.7471,0.0644,DISCARDED (Failed Phenology),6.0,2.0,23.0,"{""type"":""Point"",""coordinates"":[82.89497731643833,27.644314775110015]}"
2745,0.5485,0.247,0.8692,0.0632,STABLE CROPLAND,0.0,0.0,23.0,"{""type"":""Point"",""coordinates"":[86.12589092561194,27.70260694503228]}"
2746,,,,,DISCARDED (Insufficient Samples),,,,"{""type"":""Point"",""coordinates"":[83.30852530653642,27.66164931090314]}"
2747,,,,,DISCARDED (Insufficient Samples),,,,"{""type"":""Point"",""coordinates"":[83.38103524549199,27.656773851885106]}"
2748,,,,,DISCARDED (Insufficient Samples),,,,"{""type"":""Point"",""coordinates"":[84.32640184391207,27.676166612065952]}"
2749,0.4786,0.1423,0.9082,0.0954,STABLE CROPLAND,0.0,0.0,23.0,"{""type"":""Point"",""coordinates"":[85.72896667537825,27.694970994315398]}"
2750,0.5029,0.2701,0.8066,0.0908,DISCARDED (Static Vegetation / Low Amplitude),3.0,1.0,21.0,"{""type"":""Point"",""coordinates"":[85.56670418476786,27.693695699799097]}"
2751,0.4035,0.1501,0.7213,0.1016,DISCARDED (Failed Phenology),7.0,2.0,17.0,"{""type"":""Point"",""coordinates"":[82.77225774671967,27.635480196982314]}"
2752,,,,,DISCARDED (Insufficient Samples),,,,"{""type"":""Point"",""coordinates"":[83.53310531204319,27.65921967579918]}"
2753,0.5039,0.1186,0.8896,0.0899,DISCARDED (Failed Phenology),3.0,3.0,20.0,"{""type"":""Point"",""coordinates"":[84.54198582799054,27.677321995954344]}"
2754,,,,,DISCARDED (Insufficient Samples),,,,"{""type"":""Point"",""coordinates"":[84.26417935707184,27.672411935588382]}"
2755,,,,,DISCARDED (Insufficient Samples),,,,"{""type"":""Point"",""coordinates"":[83.5728648368257,27.656596948961074]}"
2756,0.4097,0.1684,0.7704,0.1075,DISCARDED (Failed Phenology),6.0,2.0,19.0,"{""type"":""Point"",""coordinates"":[83.84138711506579,27.664926111205826]}"
2757,0.4429,0.1235,0.8409,0.1182,STABLE CROPLAND,0.0,0.0,27.0,"{""type"":""Point"",""coordinates"":[85.40337649105865,27.69162208206702]}"
2758,,,,,DISCARDED (Insufficient Samples),,,,"{""type"":""Point"",""coordinates"":[83.22838418804078,27.647283591727117]}"
2759,,,,,DISCARDED (Insufficient Samples),,,,"{""type"":""Point"",""coordinates"":[83.4290556212093,27.653455053978835]}"
2760,0.4813,0.143,0.8372,0.0616,STABLE CROPLAND,0.0,0.0,23.0,"{""type"":""Point"",""coordinates"":[86.08602629033412,27.69559685032645]}"
2761,0.4068,0.1786,0.6957,0.0631,DISCARDED (Static Vegetation / Low Amplitude),8.0,2.0,17.0,"{""type"":""Point"",""coordinates"":[82.74834416474646,27.632112562879353]}"
2762,0.4317,0.1529,0.7699,0.129,STABLE CROPLAND,3.0,2.0,20.0,"{""type"":""Point"",""coordinates"":[83.08849700344521,27.6420641414072]}"
2763,0.5054,0.1779,0.8447,0.088,DISCARDED (Failed Phenology),4.0,3.0,19.0,"{""type"":""Point"",""coordinates"":[84.38887898808476,27.672222015281804]}"
2764,0.438,0.1573,0.8062,0.123,DISCARDED (Failed Phenology),5.0,2.0,19.0,"{""type"":""Point"",""coordinates"":[85.0100603721322,27.683186594012334]}"
2765,,,,,DISCARDED (Insufficient Samples),,,,"{""type"":""Point"",""coordinates"":[83.36020154342249,27.64744115676834]}"
2766,,,,,DISCARDED (Insufficient Samples),,,,"{""type"":""Point"",""coordinates"":[83.87510586250181,27.660998900298093]}"
2767,0.44,0.1789,0.7947,0.0793,STABLE CROPLAND,2.0,2.0,24.0,"{""type"":""Point"",""coordinates"":[85.45986079656177,27.687911475550727]}"
2768,0.4701,0.1152,0.8825,0.0848,STABLE CROPLAND,0.0,0.0,23.0,"{""type"":""Point"",""coordinates"":[85.70373125174119,27.688701753173838]}"
2769,,,,,DISCARDED (Insufficient Samples),,,,"{""type"":""Point"",""coordinates"":[83.59315109824944,27.652867106205143]}"
2770,,,,,DISCARDED (Insufficient Samples),,,,"{""type"":""Point"",""coordinates"":[83.81936050068276,27.65802383042853]}"
2771,,,,,DISCARDED (Insufficient Samples),,,,"{""type"":""Point"",""coordinates"":[84.19382201485656,27.666404877228786]}"
2772,,,,,DISCARDED (Insufficient Samples),,,,"{""type"":""Point"",""coordinates"":[83.29246046484327,27.645245568846615]}"
2773,,,,,DISCARDED (Insufficient Samples),,,,"{""type"":""Point"",""coordinates"":[84.03510602001539,27.662349893075582]}"
2774,0.4526,0.1021,0.8532,0.0979,STABLE CROPLAND,0.0,0.0,23.0,"{""type"":""Point"",""coordinates"":[85.68293590915158,27.688061981230305]}"
2775,,,,,DISCARDED (Insufficient Samples),,,,"{""type"":""Point"",""coordinates"":[84.24327400645019,27.6676175730326]}"
2776,0.4766,0.1198,0.7927,0.0669,DISCARDED (Failed Phenology),9.0,3.0,18.0,"{""type"":""Point"",""coordinates"":[82.90988166571567,27.631743511407496]}"
2777,,,,,DISCARDED (Insufficient Samples),,,,"{""type"":""Point"",""coordinates"":[84.09725093167937,27.664647136691848]}"
2778,,,,,DISCARDED (Insufficient Samples),,,,"{""type"":""Point"",""coordinates"":[83.45254045032222,27.645867100607585]}"
2779,0.455,0.1527,0.7897,0.1285,DISCARDED (Failed Phenology),3.0,3.0,26.0,"{""type"":""Point"",""coordinates"":[83.18576494789568,27.638149553563967]}"
2780,0.4667,0.2158,0.8283,0.0604,STABLE CROPLAND,0.0,0.0,23.0,"{""type"":""Point"",""coordinates"":[85.50165808704405,27.682200569215873]}"
2781,0.5179,0.201,0.8475,0.0658,STABLE CROPLAND,0.0,0.0,23.0,"{""type"":""Point"",""coordinates"":[86.11023087230548,27.689933786541236]}"
2782,0.434,0.1503,0.7708,0.0908,STABLE CROPLAND,2.0,1.0,25.0,"{""type"":""Point"",""coordinates"":[82.9859309451419,27.63061273540441]}"
2783,,,,,DISCARDED (Insufficient Samples),,,,"{""type"":""Point"",""coordinates"":[83.2608470702137,27.63976754173656]}"
2784,0.4167,0.1232,0.777,0.0844,DISCARDED (Failed Phenology),5.0,2.0,23.0,"{""type"":""Point"",""coordinates"":[82.8594554351092,27.6281283826169]}"
2785,0.5075,0.2865,0.7985,0.071,DISCARDED (Static Vegetation / Low Amplitude),5.0,2.0,20.0,"{""type"":""Point"",""coordinates"":[85.37693628320505,27.67944667550227]}"
2786,0.4932,0.0938,0.9065,0.1028,STABLE CROPLAND,2.0,1.0,25.0,"{""type"":""Point"",""coordinates"":[85.4254316181864,27.679361288126813]}"
2787,0.4212,0.1701,0.7375,0.0918,DISCARDED (Failed Phenology),4.0,2.0,20.0,"{""type"":""Point"",""coordinates"":[82.95789106768622,27.632222506574173]}"
2788,0.5221,0.1864,0.8072,0.0582,STABLE CROPLAND,1.0,1.0,23.0,"{""type"":""Point"",""coordinates"":[84.4094346267755,27.665343787052542]}"
2789,0.4002,0.1333,0.7524,0.1193,STABLE CROPLAND,3.0,1.0,21.0,"{""type"":""Point"",""coordinates"":[82.78889096268033,27.623186122719776]}"
2790,,,,,DISCARDED (Insufficient Samples),,,,"{""type"":""Point"",""coordinates"":[83.47759290943382,27.643220921980877]}"
2791,,,,,DISCARDED (Insufficient Samples),,,,"{""type"":""Point"",""coordinates"":[83.51254857345874,27.6428969076046]}"
2792,0.3703,0.1682,0.7311,0.1135,STABLE CROPLAND,3.0,1.0,20.0,"{""type"":""Point"",""coordinates"":[85.5765457474669,27.67769904457981]}"
2793,,,,,DISCARDED (Insufficient Samples),,,,"{""type"":""Point"",""coordinates"":[83.31995597444622,27.637823860938585]}"
2794,,,,,DISCARDED (Insufficient Samples),,,,"{""type"":""Point"",""coordinates"":[84.12557770825983,27.654414676002627]}"
2795,0.4845,0.1816,0.7849,0.0969,STABLE CROPLAND,3.0,2.0,20.0,"{""type"":""Point"",""coordinates"":[84.50660271956424,27.662285567705094]}"
2796,0.4607,0.2074,0.7898,0.0995,DISCARDED (Failed Phenology),6.0,1.0,21.0,"{""type"":""Point"",""coordinates"":[85.25330312220441,27.67251298467995]}"
2797,0.437,0.1133,0.7862,0.0864,STABLE CROPLAND,3.0,2.0,20.0,"{""type"":""Point"",""coordinates"":[84.43060139475301,27.65868420044661]}"
2798,,,,,DISCARDED (Insufficient Samples),,,,"{""type"":""Point"",""coordinates"":[83.40212331100321,27.63575727033047]}"
2799,,,,,DISCARDED (Insufficient Samples),,,,"{""type"":""Point"",""coordinates"":[83.53460968607834,27.639430717048967]}"
2800,0.4398,0.1593,0.72,0.0618,STABLE CROPLAND,3.0,1.0,22.0,"{""type"":""Point"",""coordinates"":[82.82373298766245,27.621346271428475]}"
2801,,,,,DISCARDED (Insufficient Samples),,,,"{""type"":""Point"",""coordinates"":[84.17066361938896,27.652817288464064]}"
2802,,,,,DISCARDED (Insufficient Samples),,,,"{""type"":""Point"",""coordinates"":[83.6085485673399,27.639241813618494]}"
2803,,,,,DISCARDED (Insufficient Samples),,,,"{""type"":""Point"",""coordinates"":[82.76589356072182,27.615773530290404]}"
2804,,,,,DISCARDED (Insufficient Samples),,,,"{""type"":""Point"",""coordinates"":[84.2937156093779,27.654281732573818]}"
2805,0.4859,0.1205,0.8025,0.0703,STABLE CROPLAND,0.0,0.0,23.0,"{""type"":""Point"",""coordinates"":[84.37079364796921,27.654834530436972]}"
2806,,,,,DISCARDED (Insufficient Samples),,,,"{""type"":""Point"",""coordinates"":[84.00984079534732,27.647549528039285]}"
2807,,,,,DISCARDED (Insufficient Samples),,,,"{""type"":""Point"",""coordinates"":[83.23498065950594,27.627568622463667]}"
2808,0.4651,0.1292,0.7727,0.0746,DISCARDED (Failed Phenology),4.0,3.0,22.0,"{""type"":""Point"",""coordinates"":[84.34754115242379,27.653208952384823]}"
2809,,,,,DISCARDED (Insufficient Samples),,,,"{""type"":""Point"",""coordinates"":[83.5740635429608,27.635093910037252]}"
2810,,,,,DISCARDED (Insufficient Samples),,,,"{""type"":""Point"",""coordinates"":[83.34180745849636,27.62985805050979]}"
2811,0.5485,0.2704,0.8636,0.0793,DISCARDED (Static Vegetation / Low Amplitude),2.0,1.0,21.0,"{""type"":""Point"",""coordinates"":[85.98990304520785,27.672950667522375]}"
2812,0.4432,0.1883,0.7522,0.0924,DISCARDED (Failed Phenology),8.0,2.0,15.0,"{""type"":""Point"",""coordinates"":[82.7371411444208,27.61050245068759]}"
2813,,,,,DISCARDED (Insufficient Samples),,,,"{""type"":""Point"",""coordinates"":[83.37392283191775,27.62904627698564]}"
2814,0.3746,0.1023,0.7258,0.1065,STABLE CROPLAND,3.0,2.0,26.0,"{""type"":""Point"",""coordinates"":[82.88261370101252,27.6162451990912]}"
2815,0.3745,0.1614,0.8194,0.1438,DISCARDED (Failed Phenology),4.0,2.0,23.0,"{""type"":""Point"",""coordinates"":[83.01751926806297,27.618842457146474]}"
2816,0.4945,0.1499,0.8862,0.0909,DISCARDED (Failed Phenology),4.0,2.0,19.0,"{""type"":""Point"",""coordinates"":[84.55086852078391,27.65440864553763]}"
2817,0.4422,0.1421,0.809,0.0831,DISCARDED (Failed Phenology),5.0,2.0,24.0,"{""type"":""Point"",""coordinates"":[82.93882130457213,27.61529571032135]}"
2818,0.492,0.1985,0.8223,0.0634,STABLE CROPLAND,0.0,0.0,23.0,"{""type"":""Point"",""coordinates"":[85.17701670683942,27.66470716132541]}"
2819,0.4729,0.254,0.8444,0.0883,DISCARDED (Static Vegetation / Low Amplitude),0.0,0.0,23.0,"{""type"":""Point"",""coordinates"":[85.77507285097843,27.669976842015814]}"
2820,0.4108,0.1457,0.8048,0.1307,STABLE CROPLAND,1.0,1.0,22.0,"{""type"":""Point"",""coordinates"":[83.09358707055311,27.619894086270694]}"
2821,0.4765,0.1478,0.8958,0.0882,DISCARDED (Failed Phenology),7.0,3.0,23.0,"{""type"":""Point"",""coordinates"":[85.40669321373429,27.664931227506585]}"
2822,0.4325,0.1186,0.8454,0.1133,STABLE CROPLAND,3.0,1.0,20.0,"{""type"":""Point"",""coordinates"":[84.59008511995884,27.654048253258114]}"
2823,,,,,DISCARDED (Insufficient Samples),,,,"{""type"":""Point"",""coordinates"":[83.63956270112547,27.640610999482778]}"
2824,0.5213,0.2359,0.8678,0.0964,DISCARDED (Failed Phenology),4.0,1.0,25.0,"{""type"":""Point"",""coordinates"":[85.52159986485292,27.665640346652477]}"
2825,0.3836,0.0986,0.8058,0.1504,STABLE CROPLAND,3.0,1.0,20.0,"{""type"":""Point"",""coordinates"":[83.85361659877682,27.63580167756942]}"
2826,0.4795,0.1255,0.8375,0.064,STABLE CROPLAND,0.0,0.0,23.0,"{""type"":""Point"",""coordinates"":[84.39987866402234,27.64786839293645]}"
2827,0.4433,0.2409,0.7425,0.079,DISCARDED (Static Vegetation / Low Amplitude),1.0,1.0,25.0,"{""type"":""Point"",""coordinates"":[85.47206266272016,27.663198824767377]}"
2828,0.4597,0.1725,0.7468,0.0673,STABLE CROPLAND,2.0,2.0,21.0,"{""type"":""Point"",""coordinates"":[84.52951777124879,27.647866678098016]}"
2829,,,,,DISCARDED (Insufficient Samples),,,,"{""type"":""Point"",""coordinates"":[84.11160229673766,27.63987950552766]}"
2830,0.5461,0.1159,0.8429,0.0742,STABLE CROPLAND,3.0,1.0,21.0,"{""type"":""Point"",""coordinates"":[85.50081681044361,27.65977179972649]}"
2831,,,,,DISCARDED (Insufficient Samples),,,,"{""type"":""Point"",""coordinates"":[83.47907070759972,27.624399423788873]}"
2832,0.4651,0.1372,0.8728,0.0793,STABLE CROPLAND,2.0,2.0,21.0,"{""type"":""Point"",""coordinates"":[86.1082453377345,27.664173691891783]}"
2833,,,,,DISCARDED (Insufficient Samples),,,,"{""type"":""Point"",""coordinates"":[83.44750493952847,27.62282376859273]}"
2834,0.4757,0.1771,0.848,0.1032,STABLE CROPLAND,3.0,2.0,21.0,"{""type"":""Point"",""coordinates"":[85.2723582394172,27.65692386887782]}"
2835,0.3611,0.0914,0.7172,0.1223,DISCARDED (Failed Phenology),4.0,1.0,22.0,"{""type"":""Point"",""coordinates"":[82.78716430473688,27.602444368815434]}"
2836,0.4774,0.2553,0.8196,0.0831,DISCARDED (Static Vegetation / Low Amplitude),0.0,0.0,23.0,"{""type"":""Point"",""coordinates"":[86.07751048506871,27.66362301021513]}"
2837,,,,,DISCARDED (Insufficient Samples),,,,"{""type"":""Point"",""coordinates"":[83.30267921137802,27.616403046416025]}"
2838,0.4888,0.1998,0.7738,0.0868,DISCARDED (Failed Phenology),8.0,3.0,18.0,"{""type"":""Point"",""coordinates"":[83.18770351696786,27.614576409842478]}"
2839,,,,,DISCARDED (Insufficient Samples),,,,"{""type"":""Point"",""coordinates"":[83.59368311278136,27.624036757399526]}"
2840,0.4426,0.1629,0.7852,0.0934,STABLE CROPLAND,0.0,0.0,23.0,"{""type"":""Point"",""coordinates"":[84.64807348928412,27.64386048566024]}"
2841,,,,,DISCARDED (Insufficient Samples),,,,"{""type"":""Point"",""coordinates"":[84.14175598344765,27.63430716459863]}"
2842,,,,,DISCARDED (Insufficient Samples),,,,"{""type"":""Point"",""coordinates"":[84.1685716339663,27.634275477421554]}"
2843,0.4905,0.1607,0.8729,0.0938,DISCARDED (Failed Phenology),4.0,2.0,19.0,"{""type"":""Point"",""coordinates"":[84.4997656985437,27.639342866955836]}"
2844,0.3847,0.1295,0.7281,0.1067,STABLE CROPLAND,3.0,1.0,25.0,"{""type"":""Point"",""coordinates"":[82.7615966119814,27.59811653486713]}"
2845,0.4511,0.1069,0.8554,0.1283,STABLE CROPLAND,2.0,2.0,21.0,"{""type"":""Point"",""coordinates"":[84.94811141340396,27.647037165493906]}"
2846,0.5078,0.0526,0.8525,0.0883,STABLE CROPLAND,1.0,1.0,22.0,"{""type"":""Point"",""coordinates"":[82.8639392400439,27.60082881293949]}"
2847,,,,,DISCARDED (Insufficient Samples),,,,"{""type"":""Point"",""coordinates"":[83.55444022582795,27.6262717814758]}"
2848,0.4799,0.1636,0.8107,0.0746,DISCARDED (Failed Phenology),6.0,2.0,21.0,"{""type"":""Point"",""coordinates"":[83.07822448135138,27.60816004189462]}"
2849,,,,,DISCARDED (Insufficient Samples),,,,"{""type"":""Point"",""coordinates"":[83.22965823252241,27.60884076725481]}"
2850,,,,,DISCARDED (Insufficient Samples),,,,"{""type"":""Point"",""coordinates"":[84.286980454658,27.63435561887959]}"
2851,,,,,DISCARDED (Insufficient Samples),,,,"{""type"":""Point"",""coordinates"":[83.65312462780892,27.61934740367805]}"
2852,0.4457,0.161,0.8618,0.1109,DISCARDED (Failed Phenology),4.0,1.0,21.0,"{""type"":""Point"",""coordinates"":[85.35186696020962,27.649747295628554]}"
2853,,,,,DISCARDED (Insufficient Samples),,,,"{""type"":""Point"",""coordinates"":[83.38968389672917,27.61250224924084]}"
2854,0.4932,0.1387,0.8538,0.0828,STABLE CROPLAND,2.0,1.0,21.0,"{""type"":""Point"",""coordinates"":[84.35488710367522,27.63386341795851]}"
2855,0.518,0.2282,0.8448,0.0836,STABLE CROPLAND,2.0,1.0,21.0,"{""type"":""Point"",""coordinates"":[85.58289062534453,27.65206425752713]}"
2856,0.4312,0.1486,0.8177,0.1052,STABLE CROPLAND,1.0,1.0,22.0,"{""type"":""Point"",""coordinates"":[84.61056670824306,27.641588543640164]}"
2857,0.3957,0.1719,0.7747,0.0972,DISCARDED (Failed Phenology),4.0,2.0,22.0,"{""type"":""Point"",""coordinates"":[82.88477303442785,27.59760986378833]}"
2858,0.492,0.1872,0.8923,0.0996,DISCARDED (Failed Phenology),7.0,3.0,20.0,"{""type"":""Point"",""coordinates"":[85.37191895976261,27.652618630995516]}"
2859,,,,,DISCARDED (Insufficient Samples),,,,"{""type"":""Point"",""coordinates"":[83.62165788960603,27.61718717048184]}"
2860,0.4121,0.1196,0.7321,0.0851,DISCARDED (Failed Phenology),4.0,1.0,22.0,"{""type"":""Point"",""coordinates"":[82.95534157112972,27.59910570910692]}"
2861,0.4076,0.1697,0.7534,0.1069,DISCARDED (Failed Phenology),4.0,1.0,22.0,"{""type"":""Point"",""coordinates"":[82.81240145826008,27.59626067577973]}"
2862,0.4655,0.1319,0.845,0.1206,DISCARDED (Failed Phenology),8.0,3.0,19.0,"{""type"":""Point"",""coordinates"":[83.1677815121811,27.60421204183917]}"
2863,0.4435,0.1611,0.8277,0.073,STABLE CROPLAND,0.0,0.0,23.0,"{""type"":""Point"",""coordinates"":[85.63351442968259,27.65038607743392]}"
2864,,,,,DISCARDED (Insufficient Samples),,,,"{""type"":""Point"",""coordinates"":[84.3127935644234,27.630156161895577]}"
2865,0.511,0.2515,0.8875,0.1068,DISCARDED (Static Vegetation / Low Amplitude),7.0,3.0,20.0,"{""type"":""Point"",""coordinates"":[85.41152881131536,27.64718671320101]}"
2866,0.4949,0.2472,0.8188,0.0887,DISCARDED (Failed Phenology),5.0,1.0,21.0,"{""type"":""Point"",""coordinates"":[85.4499056312878,27.647961665222436]}"
2867,0.5948,0.2035,0.9474,0.0648,STABLE CROPLAND,2.0,2.0,21.0,"{""type"":""Point"",""coordinates"":[85.60898919333604,27.648910010670438]}"
2868,,,,,DISCARDED (Insufficient Samples),,,,"{""type"":""Point"",""coordinates"":[84.25181383180677,27.629856214602107]}"
2869,0.418,0.1592,0.7309,0.0721,STABLE CROPLAND,0.0,0.0,23.0,"{""type"":""Point"",""coordinates"":[85.11181318186038,27.64274280036477]}"
2870,0.4639,0.1729,0.8288,0.1138,STABLE CROPLAND,1.0,1.0,22.0,"{""type"":""Point"",""coordinates"":[85.16704043595892,27.644720517748627]}"
2871,,,,,DISCARDED (Insufficient Samples),,,,"{""type"":""Point"",""coordinates"":[83.34785606129101,27.611016870511534]}"
2872,0.5257,0.1576,0.8107,0.0707,STABLE CROPLAND,2.0,2.0,21.0,"{""type"":""Point"",""coordinates"":[84.41000872491693,27.631178189569948]}"
2873,0.4645,0.1096,0.7411,0.0747,DISCARDED (Failed Phenology),4.0,2.0,19.0,"{""type"":""Point"",""coordinates"":[84.43409455792971,27.634026703428933]}"
2874,0.4415,0.1527,0.7945,0.1037,STABLE CROPLAND,3.0,1.0,27.0,"{""type"":""Point"",""coordinates"":[82.98714536069997,27.600929732277116]}"
2875,0.4086,0.1298,0.8095,0.1275,STABLE CROPLAND,1.0,1.0,22.0,"{""type"":""Point"",""coordinates"":[84.73959666372046,27.63716850726532]}"
2876,0.4158,0.1433,0.8317,0.0916,STABLE CROPLAND,0.0,0.0,23.0,"{""type"":""Point"",""coordinates"":[85.14698961672116,27.640166667009016]}"
2877,,,,,DISCARDED (Insufficient Samples),,,,"{""type"":""Point"",""coordinates"":[83.37033025448794,27.605430271371524]}"
2878,0.4626,0.1574,0.8033,0.0868,DISCARDED (Failed Phenology),5.0,3.0,19.0,"{""type"":""Point"",""coordinates"":[85.56214601029613,27.645098609579726]}"
2879,0.5408,0.2105,0.8833,0.0826,DISCARDED (Failed Phenology),6.0,2.0,17.0,"{""type"":""Point"",""coordinates"":[85.92518390864002,27.648307843675962]}"
2880,,,,,DISCARDED (Insufficient Samples),,,,"{""type"":""Point"",""coordinates"":[84.1257381666108,27.622709177857654]}"
2881,,,,,DISCARDED (Insufficient Samples),,,,"{""type"":""Point"",""coordinates"":[83.67459187322727,27.612669731103242]}"
2882,0.4186,0.1737,0.8026,0.1254,STABLE CROPLAND,3.0,1.0,20.0,"{""type"":""Point"",""coordinates"":[85.28580185835762,27.64081015776725]}"
2883,0.525,0.1987,0.8652,0.0958,DISCARDED (Failed Phenology),4.0,2.0,19.0,"{""type"":""Point"",""coordinates"":[84.5746136990066,27.63190312455156]}"
2884,,,,,DISCARDED (Insufficient Samples),,,,"{""type"":""Point"",""coordinates"":[84.86108846172475,27.633783749018512]}"
2885,,,,,DISCARDED (Insufficient Samples),,,,"{""type"":""Point"",""coordinates"":[83.25117912527168,27.599201956119174]}"
2886,0.462,0.1644,0.8141,0.0654,STABLE CROPLAND,0.0,0.0,24.0,"{""type"":""Point"",""coordinates"":[86.01838209685214,27.646202995628443]}"
2887,0.4808,0.1568,0.7563,0.0676,STABLE CROPLAND,1.0,1.0,22.0,"{""type"":""Point"",""coordinates"":[84.37825529905405,27.625833970185894]}"
2888,0.4897,0.1721,0.7884,0.0921,DISCARDED (Failed Phenology),6.0,4.0,19.0,"{""type"":""Point"",""coordinates"":[84.54607052097406,27.628928441837665]}"
2889,0.5066,0.1821,0.8907,0.1142,STABLE CROPLAND,1.0,1.0,22.0,"{""type"":""Point"",""coordinates"":[85.51822373215334,27.641351988335014]}"
2890,,,,,DISCARDED (Insufficient Samples),,,,"{""type"":""Point"",""coordinates"":[83.54639817972242,27.60500024695693]}"
2891,,,,,DISCARDED (Insufficient Samples),,,,"{""type"":""Point"",""coordinates"":[84.00839209639987,27.616348636212976]}"
2892,0.4304,0.1182,0.7972,0.1068,DISCARDED (Failed Phenology),4.0,3.0,20.0,"{""type"":""Point"",""coordinates"":[83.833796294713,27.612148629525674]}"
2893,0.4283,0.1529,0.8203,0.1191,STABLE CROPLAND,3.0,1.0,24.0,"{""type"":""Point"",""coordinates"":[85.32630786626149,27.63889924158127]}"
2894,,,,,DISCARDED (Insufficient Samples),,,,"{""type"":""Point"",""coordinates"":[84.09852594324487,27.618273311788336]}"
2895,0.4378,0.1523,0.7743,0.1088,DISCARDED (Failed Phenology),4.0,2.0,21.0,"{""type"":""Point"",""coordinates"":[82.83002426464324,27.58407566300106]}"
2896,0.5168,0.1061,0.8714,0.0648,STABLE CROPLAND,2.0,1.0,21.0,"{""type"":""Point"",""coordinates"":[85.0599853549072,27.634151710322218]}"
2897,0.5281,0.2512,0.8717,0.0897,DISCARDED (Static Vegetation / Low Amplitude),0.0,0.0,27.0,"{""type"":""Point"",""coordinates"":[86.07468032644047,27.64351625151775]}"
2898,0.378,0.1436,0.7621,0.1389,STABLE CROPLAND,2.0,1.0,24.0,"{""type"":""Point"",""coordinates"":[82.9074254074988,27.585576969598954]}"
2899,0.506,0.1529,0.8481,0.0823,DISCARDED (Failed Phenology),5.0,1.0,18.0,"{""type"":""Point"",""coordinates"":[85.09224771235515,27.632422189298058]}"
2900,0.5029,0.2201,0.8453,0.0471,STABLE CROPLAND,0.0,0.0,26.0,"{""type"":""Point"",""coordinates"":[86.05072964318764,27.64175019037231]}"
2901,0.4265,0.1886,0.7319,0.0991,DISCARDED (Static Vegetation / Low Amplitude),4.0,2.0,19.0,"{""type"":""Point"",""coordinates"":[84.89369372100846,27.629158386736332]}"
2902,0.4491,0.1632,0.7811,0.1214,DISCARDED (Failed Phenology),4.0,2.0,22.0,"{""type"":""Point"",""coordinates"":[85.38416834914253,27.634948609693165]}"
2903,,,,,DISCARDED (Insufficient Samples),,,,"{""type"":""Point"",""coordinates"":[83.27053302479531,27.593811455134738]}"
2904,0.4843,0.196,0.8794,0.121,STABLE CROPLAND,2.0,1.0,22.0,"{""type"":""Point"",""coordinates"":[84.61100283294837,27.622905120207804]}"
2905,,,,,DISCARDED (Insufficient Samples),,,,"{""type"":""Point"",""coordinates"":[83.64231405110868,27.60352886276413]}"
2906,,,,,DISCARDED (Insufficient Samples),,,,"{""type"":""Point"",""coordinates"":[83.41383823165032,27.612368424344325]}"
2907,0.4372,0.1651,0.7716,0.0996,STABLE CROPLAND,0.0,0.0,26.0,"{""type"":""Point"",""coordinates"":[82.97408068366525,27.58335367243397]}"
2908,0.3182,0.0603,0.7744,0.1604,STABLE CROPLAND,2.0,1.0,22.0,"{""type"":""Point"",""coordinates"":[83.02358479418484,27.583784420313783]}"
2909,,,,,DISCARDED (Insufficient Samples),,,,"{""type"":""Point"",""coordinates"":[83.43128385465411,27.601565383229453]}"
2910,,,,,DISCARDED (Insufficient Samples),,,,"{""type"":""Point"",""coordinates"":[83.33381302412714,27.592442177642923]}"
2911,,,,,DISCARDED (Insufficient Samples),,,,"{""type"":""Point"",""coordinates"":[83.45216549103253,27.594881029427388]}"
2912,,,,,DISCARDED (Insufficient Samples),,,,"{""type"":""Point"",""coordinates"":[83.71199148278166,27.60267376709374]}"
2913,0.4872,0.1308,0.8886,0.0794,STABLE CROPLAND,1.0,1.0,22.0,"{""type"":""Point"",""coordinates"":[84.49878973957311,27.617025285775398]}"
2914,,,,,DISCARDED (Insufficient Samples),,,,"{""type"":""Point"",""coordinates"":[84.32342578021571,27.611874820627854]}"
2915,0.459,0.1331,0.8049,0.063,STABLE CROPLAND,0.0,0.0,23.0,"{""type"":""Point"",""coordinates"":[86.12109908869866,27.636442617536723]}"
2916,,,,,DISCARDED (Insufficient Samples),,,,"{""type"":""Point"",""coordinates"":[84.06891937938883,27.606442332144628]}"
2917,,,,,DISCARDED (Insufficient Samples),,,,"{""type"":""Point"",""coordinates"":[84.11423473827469,27.60682404555819]}"
2918,0.4853,0.2278,0.7917,0.0972,STABLE CROPLAND,3.0,1.0,21.0,"{""type"":""Point"",""coordinates"":[84.52270348977893,27.61836824852169]}"
2919,,,,,DISCARDED (Insufficient Samples),,,,"{""type"":""Point"",""coordinates"":[84.22681332430051,27.61094371735878]}"
2920,,,,,DISCARDED (Insufficient Samples),,,,"{""type"":""Point"",""coordinates"":[83.5839897880402,27.601320655864097]}"
2921,,,,,DISCARDED (Insufficient Samples),,,,"{""type"":""Point"",""coordinates"":[84.28296442558639,27.607420172506906]}"
2922,,,,,DISCARDED (Insufficient Samples),,,,"{""type"":""Point"",""coordinates"":[83.95560219399353,27.60229486570215]}"
2923,0.4625,0.2056,0.7564,0.0715,STABLE CROPLAND,0.0,0.0,23.0,"{""type"":""Point"",""coordinates"":[84.63412052961074,27.61397160008881]}"
2924,,,,,DISCARDED (Insufficient Samples),,,,"{""type"":""Point"",""coordinates"":[83.86167399494082,27.598508541592807]}"
2925,0.3867,0.1278,0.732,0.1109,STABLE CROPLAND,2.0,1.0,25.0,"{""type"":""Point"",""coordinates"":[82.81755062508117,27.569663593443117]}"
2926,,,,,DISCARDED (Insufficient Samples),,,,"{""type"":""Point"",""coordinates"":[83.4757948620185,27.588294528518837]}"
2927,,,,,DISCARDED (Insufficient Samples),,,,"{""type"":""Point"",""coordinates"":[84.01906580587081,27.600333151176248]}"
2928,,,,,DISCARDED (Insufficient Samples),,,,"{""type"":""Point"",""coordinates"":[83.36671990746754,27.585273796155615]}"
2929,0.4831,0.0292,0.8359,0.116,DISCARDED (Failed Phenology),7.0,2.0,17.0,"{""type"":""Point"",""coordinates"":[82.82450487896627,27.644251793776352]}"
2930,0.4093,0.145,0.7902,0.1128,STABLE CROPLAND,1.0,1.0,27.0,"{""type"":""Point"",""coordinates"":[82.84446827066405,27.60982618252628]}"
2931,,,,,DISCARDED (Insufficient Samples),,,,"{""type"":""Point"",""coordinates"":[83.50939892797594,27.617037482917937]}"
2932,,,,,DISCARDED (Insufficient Samples),,,,"{""type"":""Point"",""coordinates"":[83.49172639899881,27.607835303596953]}"
2933,0.4614,0.1869,0.8348,0.1098,STABLE CROPLAND,3.0,1.0,22.0,"{""type"":""Point"",""coordinates"":[85.542732800178,27.623282361374944]}"
2934,0.4731,0.1405,0.811,0.0849,DISCARDED (Failed Phenology),7.0,2.0,19.0,"{""type"":""Point"",""coordinates"":[83.05022580268322,27.57420830719972]}"
2935,0.4916,0.1855,0.8277,0.0791,STABLE CROPLAND,2.0,1.0,21.0,"{""type"":""Point"",""coordinates"":[85.12959014398098,27.61794125411976]}"
2936,0.4699,0.2017,0.8302,0.0758,STABLE CROPLAND,1.0,1.0,22.0,"{""type"":""Point"",""coordinates"":[86.0127328085262,27.62698924921753]}"
2937,,,,,DISCARDED (Insufficient Samples),,,,"{""type"":""Point"",""coordinates"":[83.38736277360637,27.58494472019892]}"
2938,0.4957,0.1838,0.8195,0.0752,DISCARDED (Failed Phenology),4.0,2.0,22.0,"{""type"":""Point"",""coordinates"":[84.35867902066926,27.608511134957354]}"
2939,,,,,DISCARDED (Insufficient Samples),,,,"{""type"":""Point"",""coordinates"":[84.88186212871781,27.614388410937472]}"
2940,0.5129,0.1883,0.8572,0.0828,STABLE CROPLAND,2.0,1.0,21.0,"{""type"":""Point"",""coordinates"":[84.38301398251356,27.607996131108003]}"
2941,0.4672,0.1693,0.8365,0.1296,DISCARDED (Failed Phenology),5.0,3.0,18.0,"{""type"":""Point"",""coordinates"":[85.51880792743276,27.622253832505706]}"
2942,0.5105,0.1645,0.8875,0.0923,STABLE CROPLAND,2.0,1.0,21.0,"{""type"":""Point"",""coordinates"":[85.63540739635044,27.627186674157876]}"
2943,0.4161,0.1377,0.7951,0.113,DISCARDED (Failed Phenology),4.0,1.0,24.0,"{""type"":""Point"",""coordinates"":[82.84195153691053,27.56876869767226]}"
2944,,,,,DISCARDED (Insufficient Samples),,,,"{""type"":""Point"",""coordinates"":[83.65833529637553,27.589110843404985]}"
2945,0.5046,0.2302,0.7919,0.073,STABLE CROPLAND,2.0,1.0,23.0,"{""type"":""Point"",""coordinates"":[85.35373499106052,27.62007479824897]}"
2946,0.383,0.1479,0.7975,0.1066,STABLE CROPLAND,3.0,1.0,22.0,"{""type"":""Point"",""coordinates"":[82.89368062558326,27.56765663063906]}"
2947,0.541,0.2674,0.8744,0.0724,DISCARDED (Static Vegetation / Low Amplitude),0.0,0.0,23.0,"{""type"":""Point"",""coordinates"":[86.07290661986531,27.62531189041714]}"
2948,,,,,DISCARDED (Insufficient Samples),,,,"{""type"":""Point"",""coordinates"":[83.6295322970595,27.58769310203136]}"
2949,0.5684,0.2683,0.9003,0.0772,DISCARDED (Static Vegetation / Low Amplitude),2.0,1.0,21.0,"{""type"":""Point"",""coordinates"":[85.61491554680968,27.62100207341981]}"
2950,0.4857,0.1716,0.8967,0.1109,STABLE CROPLAND,2.0,1.0,23.0,"{""type"":""Point"",""coordinates"":[84.65418207950944,27.60719059295755]}"
2951,,,,,DISCARDED (Insufficient Samples),,,,"{""type"":""Point"",""coordinates"":[83.52048498547254,27.583992998759904]}"
2952,0.5246,0.2158,0.8913,0.1095,STABLE CROPLAND,1.0,1.0,22.0,"{""type"":""Point"",""coordinates"":[84.57493201467375,27.60696986232981]}"
2953,,,,,DISCARDED (Insufficient Samples),,,,"{""type"":""Point"",""coordinates"":[84.04753942675215,27.593397047266222]}"
2954,0.4903,0.2311,0.8292,0.1129,DISCARDED (Failed Phenology),6.0,3.0,17.0,"{""type"":""Point"",""coordinates"":[84.55472014386366,27.602901990961197]}"
2955,0.509,0.2457,0.8347,0.0841,STABLE CROPLAND,2.0,1.0,21.0,"{""type"":""Point"",""coordinates"":[84.61167907225213,27.60379579395301]}"
2956,,,,,DISCARDED (Insufficient Samples),,,,"{""type"":""Point"",""coordinates"":[83.54948140851793,27.580545204339945]}"
2957,,,,,DISCARDED (Insufficient Samples),,,,"{""type"":""Point"",""coordinates"":[83.2957598510814,27.574919140080496]}"
2958,0.503,0.2417,0.7847,0.0837,DISCARDED (Static Vegetation / Low Amplitude),5.0,1.0,22.0,"{""type"":""Point"",""coordinates"":[85.3805194123984,27.61456579669522]}"
2959,0.439,0.1421,0.831,0.1003,DISCARDED (Failed Phenology),5.0,2.0,20.0,"{""type"":""Point"",""coordinates"":[84.4844078609758,27.599933847327144]}"
2960,0.4626,0.168,0.8551,0.1037,DISCARDED (Failed Phenology),7.0,2.0,20.0,"{""type"":""Point"",""coordinates"":[85.33062903828252,27.616366832307815]}"
2961,0.3793,0.109,0.7895,0.1125,DISCARDED (Failed Phenology),6.0,2.0,23.0,"{""type"":""Point"",""coordinates"":[83.14135648577744,27.569393862438954]}"
2962,0.4395,0.2133,0.7299,0.0901,DISCARDED (Static Vegetation / Low Amplitude),1.0,1.0,22.0,"{""type"":""Point"",""coordinates"":[85.59111415966153,27.615780078819594]}"
2963,0.4707,0.1416,0.8484,0.1385,DISCARDED (Failed Phenology),7.0,2.0,16.0,"{""type"":""Point"",""coordinates"":[83.01463275366093,27.565389969507404]}"
2964,,,,,DISCARDED (Insufficient Samples),,,,"{""type"":""Point"",""coordinates"":[83.32394447781323,27.576698454518652]}"
2965,,,,,DISCARDED (Insufficient Samples),,,,"{""type"":""Point"",""coordinates"":[83.18915598006348,27.573078466783222]}"
2966,0.3874,0.1022,0.7763,0.09,DISCARDED (Failed Phenology),4.0,1.0,27.0,"{""type"":""Point"",""coordinates"":[82.9866517190319,27.563500230886596]}"
2967,,,,,DISCARDED (Insufficient Samples),,,,"{""type"":""Point"",""coordinates"":[83.40784769143426,27.577912026525734]}"
2968,0.4615,0.152,0.8381,0.0816,STABLE CROPLAND,0.0,0.0,23.0,"{""type"":""Point"",""coordinates"":[85.8767386919571,27.616222430749186]}"
2969,0.5304,0.2575,0.8834,0.1071,DISCARDED (Static Vegetation / Low Amplitude),1.0,1.0,24.0,"{""type"":""Point"",""coordinates"":[85.28385501748615,27.6104960954542]}"
2970,,,,,DISCARDED (Insufficient Samples),,,,"{""type"":""Point"",""coordinates"":[83.74429568900163,27.581932453134993]}"
2971,,,,,DISCARDED (Insufficient Samples),,,,"{""type"":""Point"",""coordinates"":[84.08990421450078,27.595084893539063]}"
2972,,,,,DISCARDED (Insufficient Samples),,,,"{""type"":""Point"",""coordinates"":[83.69165596324603,27.580355773908856]}"
2973,0.4905,0.2195,0.8431,0.0916,DISCARDED (Failed Phenology),4.0,1.0,21.0,"{""type"":""Point"",""coordinates"":[85.30967096274487,27.60947346392821]}"
2974,,,,,DISCARDED (Insufficient Samples),,,,"{""type"":""Point"",""coordinates"":[84.30524311141504,27.591477248840608]}"
2975,0.5173,0.0518,0.8581,0.116,DISCARDED (Failed Phenology),4.0,3.0,19.0,"{""type"":""Point"",""coordinates"":[84.92047196126896,27.60247912002245]}"
2976,0.3817,0.0274,0.7845,0.1365,STABLE CROPLAND,1.0,1.0,22.0,"{""type"":""Point"",""coordinates"":[84.79235514271018,27.60041910656345]}"
2977,0.3558,0.137,0.7265,0.1332,DISCARDED (Failed Phenology),8.0,2.0,20.0,"{""type"":""Point"",""coordinates"":[82.76846486005986,27.551794087725437]}"
2978,0.542,0.3173,0.8901,0.1133,DISCARDED (Static Vegetation / Low Amplitude),4.0,2.0,19.0,"{""type"":""Point"",""coordinates"":[85.76229205482657,27.611233993496057]}"
2979,,,,,DISCARDED (Insufficient Samples),,,,"{""type"":""Point"",""coordinates"":[83.45362866269535,27.57035672448056]}"
2980,,,,,DISCARDED (Insufficient Samples),,,,"{""type"":""Point"",""coordinates"":[83.3541563020256,27.56872277686534]}"
2981,,,,,DISCARDED (Insufficient Samples),,,,"{""type"":""Point"",""coordinates"":[83.87250736754456,27.580001744111375]}"
2982,,,,,DISCARDED (Insufficient Samples),,,,"{""type"":""Point"",""coordinates"":[84.33455620336176,27.5894683670918]}"
2983,0.4854,0.1356,0.8399,0.0687,STABLE CROPLAND,1.0,1.0,22.0,"{""type"":""Point"",""coordinates"":[84.39703293270549,27.590882916040286]}"
2984,0.5099,0.1098,0.8956,0.0793,STABLE CROPLAND,2.0,1.0,23.0,"{""type"":""Point"",""coordinates"":[84.37388055006873,27.589179203902983]}"
2985,0.4488,0.1581,0.8954,0.1148,STABLE CROPLAND,1.0,1.0,22.0,"{""type"":""Point"",""coordinates"":[86.09323279038706,27.612922022797825]}"
2986,0.4876,0.2325,0.8411,0.1435,DISCARDED (Failed Phenology),6.0,3.0,17.0,"{""type"":""Point"",""coordinates"":[84.66916316623214,27.593289043481295]}"
2987,,,,,DISCARDED (Insufficient Samples),,,,"{""type"":""Point"",""coordinates"":[83.95156369441366,27.579513498004314]}"
2988,,,,,DISCARDED (Insufficient Samples),,,,"{""type"":""Point"",""coordinates"":[84.26669731289998,27.593419182924933]}"
2989,0.5094,0.1662,0.8712,0.1202,STABLE CROPLAND,3.0,1.0,23.0,"{""type"":""Point"",""coordinates"":[84.50340882916544,27.59138662194978]}"
2990,,,,,DISCARDED (Insufficient Samples),,,,"{""type"":""Point"",""coordinates"":[83.43217108692173,27.568763586256974]}"
2991,0.5401,0.2668,0.9254,0.1093,DISCARDED (Static Vegetation / Low Amplitude),4.0,1.0,19.0,"{""type"":""Point"",""coordinates"":[85.66168713443106,27.605649293129957]}"
2992,0.4186,0.0952,0.7339,0.0818,DISCARDED (Failed Phenology),5.0,1.0,21.0,"{""type"":""Point"",""coordinates"":[82.78895754179209,27.547303506192602]}"
2993,0.4081,0.1521,0.7171,0.0838,DISCARDED (Failed Phenology),5.0,2.0,22.0,"{""type"":""Point"",""coordinates"":[82.8332374416429,27.548792561672972]}"
2994,,,,,DISCARDED (Insufficient Samples),,,,"{""type"":""Point"",""coordinates"":[83.99296372053885,27.57866162447015]}"
2995,,,,,DISCARDED (Insufficient Samples),,,,"{""type"":""Point"",""coordinates"":[84.01694394577841,27.580697201340286]}"
2996,0.474,0.1508,0.8491,0.1298,STABLE CROPLAND,2.0,1.0,21.0,"{""type"":""Point"",""coordinates"":[85.53087930526245,27.602726611033095]}"
2997,,,,,DISCARDED (Insufficient Samples),,,,"{""type"":""Point"",""coordinates"":[83.71482230815487,27.572981931320847]}"
2998,0.4294,0.1632,0.7927,0.1113,STABLE CROPLAND,3.0,1.0,25.0,"{""type"":""Point"",""coordinates"":[83.03457362204422,27.641452128520903]}"
2999,0.4635,0.163,0.8421,0.0733,STABLE CROPLAND,0.0,0.0,23.0,"{""type"":""Point"",""coordinates"":[85.85650435612516,27.60485077285617]}"
3000,,,,,DISCARDED (Insufficient Samples),,,,"{""type"":""Point"",""coordinates"":[84.1037304555983,27.578483291811782]}"
3001,0.4464,0.2053,0.8052,0.1311,DISCARDED (Failed Phenology),8.0,3.0,15.0,"{""type"":""Point"",""coordinates"":[85.34339689730001,27.598805212964045]}"
3002,,,,,DISCARDED (Insufficient Samples),,,,"{""type"":""Point"",""coordinates"":[84.06847266812747,27.57847731304551]}"
3003,,,,,DISCARDED (Insufficient Samples),,,,"{""type"":""Point"",""coordinates"":[83.59145777483336,27.56607116949061]}"
3004,0.5081,0.1749,0.8248,0.0731,STABLE CROPLAND,3.0,1.0,20.0,"{""type"":""Point"",""coordinates"":[84.3539995730506,27.583154068679523]}"
3005,0.5269,0.1834,0.8729,0.0859,DISCARDED (Failed Phenology),4.0,2.0,19.0,"{""type"":""Point"",""coordinates"":[84.53155220731206,27.585897389614328]}"
3006,,,,,DISCARDED (Insufficient Samples),,,,"{""type"":""Point"",""coordinates"":[84.03882015186839,27.57598492568957]}"
3007,0.3857,0.1338,0.7143,0.093,DISCARDED (Failed Phenology),7.0,3.0,19.0,"{""type"":""Point"",""coordinates"":[82.76985177406846,27.573066816006936]}"
3008,,,,,DISCARDED (Insufficient Samples),,,,"{""type"":""Point"",""coordinates"":[82.74978770152285,27.570475620751917]}"
3009,,,,,DISCARDED (Insufficient Samples),,,,"{""type"":""Point"",""coordinates"":[83.48367569140473,27.562705827591525]}"
3010,,,,,DISCARDED (Insufficient Samples),,,,"{""type"":""Point"",""coordinates"":[84.19787011800572,27.578029287122277]}"
3011,,,,,DISCARDED (Insufficient Samples),,,,"{""type"":""Point"",""coordinates"":[83.40114759597536,27.56034827500949]}"
3012,0.3522,0.1266,0.7719,0.0829,STABLE CROPLAND,3.0,1.0,25.0,"{""type"":""Point"",""coordinates"":[82.80860779330779,27.54301696468343]}"
3013,0.5178,0.227,0.8391,0.0871,STABLE CROPLAND,3.0,1.0,22.0,"{""type"":""Point"",""coordinates"":[84.58423842071593,27.586806616293135]}"
3014,0.4004,0.0656,0.8023,0.1449,DISCARDED (Failed Phenology),4.0,1.0,21.0,"{""type"":""Point"",""coordinates"":[83.05397990116202,27.550440068996142]}"
3015,0.4972,0.2286,0.8511,0.1129,STABLE CROPLAND,1.0,1.0,23.0,"{""type"":""Point"",""coordinates"":[85.51073279248699,27.59821516477775]}"
3016,,,,,DISCARDED (Insufficient Samples),,,,"{""type"":""Point"",""coordinates"":[83.54039883002785,27.561964937702886]}"
3017,0.3251,0.1241,0.7229,0.1553,DISCARDED (Failed Phenology),7.0,3.0,18.0,"{""type"":""Point"",""coordinates"":[83.18274468393989,27.552135488824018]}"
3018,0.5544,0.2742,0.838,0.0621,DISCARDED (Static Vegetation / Low Amplitude),2.0,1.0,21.0,"{""type"":""Point"",""coordinates"":[84.64549799518463,27.58394473440997]}"
3019,,,,,DISCARDED (Insufficient Samples),,,,"{""type"":""Point"",""coordinates"":[84.25663156684108,27.57617149858983]}"
3020,,,,,DISCARDED (Insufficient Samples),,,,"{""type"":""Point"",""coordinates"":[82.74334015065077,27.539311981510515]}"
3021,0.4869,0.1808,0.8455,0.1131,STABLE CROPLAND,1.0,1.0,22.0,"{""type"":""Point"",""coordinates"":[84.69255240472151,27.585285950217703]}"
3022,0.5144,0.2367,0.8175,0.0797,DISCARDED (Failed Phenology),6.0,2.0,17.0,"{""type"":""Point"",""coordinates"":[85.31839936065771,27.59217409321864]}"
3023,0.5065,0.1643,0.8929,0.1201,DISCARDED (Failed Phenology),4.0,2.0,19.0,"{""type"":""Point"",""coordinates"":[84.47409022899045,27.57939928479599]}"
3024,0.4065,0.1892,0.8056,0.0828,STABLE CROPLAND,0.0,0.0,23.0,"{""type"":""Point"",""coordinates"":[86.07211099524409,27.59794154157437]}"
3025,,,,,DISCARDED (Insufficient Samples),,,,"{""type"":""Point"",""coordinates"":[83.7406186466739,27.563557070735765]}"
3026,0.5583,0.2159,0.8658,0.0581,STABLE CROPLAND,3.0,1.0,20.0,"{""type"":""Point"",""coordinates"":[87.33148812694593,27.60041845450314]}"
3027,0.4519,0.1591,0.8288,0.1212,STABLE CROPLAND,1.0,1.0,22.0,"{""type"":""Point"",""coordinates"":[85.74541804514158,27.594777350359607]}"
3028,0.4749,0.0827,0.7886,0.1196,DISCARDED (Failed Phenology),4.0,2.0,19.0,"{""type"":""Point"",""coordinates"":[84.93501184415649,27.583272716499145]}"
3029,,,,,DISCARDED (Insufficient Samples),,,,"{""type"":""Point"",""coordinates"":[83.76324982630277,27.56872059868313]}"
3030,,,,,DISCARDED (Insufficient Samples),,,,"{""type"":""Point"",""coordinates"":[84.23498685001589,27.570130671720687]}"
3031,0.428,0.1898,0.7664,0.1076,STABLE CROPLAND,1.0,1.0,24.0,"{""type"":""Point"",""coordinates"":[85.28152607518881,27.58666889247081]}"
3032,,,,,DISCARDED (Insufficient Samples),,,,"{""type"":""Point"",""coordinates"":[83.9088946957955,27.563990605746813]}"
3033,,,,,DISCARDED (Insufficient Samples),,,,"{""type"":""Point"",""coordinates"":[83.97816034645875,27.56361285200685]}"
3034,0.4483,0.1721,0.9018,0.0849,STABLE CROPLAND,1.0,1.0,22.0,"{""type"":""Point"",""coordinates"":[85.71911920564861,27.591875671180407]}"
3035,0.5703,0.0656,0.8507,0.0638,STABLE CROPLAND,3.0,1.0,20.0,"{""type"":""Point"",""coordinates"":[84.8354372359822,27.578812700500492]}"
3036,0.4348,0.1794,0.7819,0.0602,STABLE CROPLAND,0.0,0.0,23.0,"{""type"":""Point"",""coordinates"":[85.1878257614266,27.583403082258883]}"
3037,0.469,0.1765,0.8305,0.0674,STABLE CROPLAND,0.0,0.0,23.0,"{""type"":""Point"",""coordinates"":[85.16580209045595,27.58319896351321]}"
3038,0.4875,0.1624,0.8067,0.0788,STABLE CROPLAND,2.0,1.0,23.0,"{""type"":""Point"",""coordinates"":[85.48775440680276,27.586550685087218]}"
3039,0.4445,0.1936,0.7422,0.0483,DISCARDED (Static Vegetation / Low Amplitude),0.0,0.0,23.0,"{""type"":""Point"",""coordinates"":[86.09162173293356,27.59234841509641]}"
3040,0.515,0.2004,0.8804,0.108,STABLE CROPLAND,1.0,1.0,22.0,"{""type"":""Point"",""coordinates"":[85.55697450635364,27.58634654040523]}"
3041,0.5265,0.186,0.8507,0.076,DISCARDED (Failed Phenology),4.0,1.0,19.0,"{""type"":""Point"",""coordinates"":[84.54591829359686,27.572598960584873]}"
3042,0.5,0.2003,0.859,0.0977,DISCARDED (Failed Phenology),4.0,1.0,19.0,"{""type"":""Point"",""coordinates"":[84.56911789605668,27.57197698020908]}"
3043,,,,,DISCARDED (Insufficient Samples),,,,"{""type"":""Point"",""coordinates"":[83.8814788383197,27.557910339065593]}"
3044,,,,,DISCARDED (Insufficient Samples),,,,"{""type"":""Point"",""coordinates"":[84.31947577960352,27.57298371423632]}"
3045,,,,,DISCARDED (Insufficient Samples),,,,"{""type"":""Point"",""coordinates"":[84.17327158777026,27.56444077771242]}"
3046,,,,,DISCARDED (Insufficient Samples),,,,"{""type"":""Point"",""coordinates"":[84.28844990781687,27.566957736686554]}"
3047,0.4959,0.174,0.8613,0.0967,STABLE CROPLAND,1.0,1.0,22.0,"{""type"":""Point"",""coordinates"":[84.34578914616378,27.566149069223975]}"
3048,0.5043,0.2029,0.8052,0.088,STABLE CROPLAND,1.0,1.0,24.0,"{""type"":""Point"",""coordinates"":[85.5262239645031,27.584549449755542]}"
3049,,,,,DISCARDED (Insufficient Samples),,,,"{""type"":""Point"",""coordinates"":[84.0908768927912,27.562819167306092]}"
3050,0.4013,0.1735,0.6893,0.0882,DISCARDED (Static Vegetation / Low Amplitude),4.0,2.0,22.0,"{""type"":""Point"",""coordinates"":[82.83417640891818,27.528989807313614]}"
3051,,,,,DISCARDED (Insufficient Samples),,,,"{""type"":""Point"",""coordinates"":[83.70627834799072,27.55274016004037]}"
3052,0.4123,0.0495,0.8096,0.1434,DISCARDED (Failed Phenology),4.0,2.0,19.0,"{""type"":""Point"",""coordinates"":[84.87006901142102,27.574380606833344]}"
3053,0.4601,0.2571,0.861,0.1259,DISCARDED (Static Vegetation / Low Amplitude),2.0,1.0,23.0,"{""type"":""Point"",""coordinates"":[85.79995705537566,27.587153952601042]}"
3054,,,,,DISCARDED (Insufficient Samples),,,,"{""type"":""Point"",""coordinates"":[83.43960874491032,27.544084209799735]}"
3055,,,,,DISCARDED (Insufficient Samples),,,,"{""type"":""Point"",""coordinates"":[83.32806170058416,27.544038688741132]}"
3056,,,,,DISCARDED (Insufficient Samples),,,,"{""type"":""Point"",""coordinates"":[84.04184494670044,27.55708570803525]}"
3057,,,,,DISCARDED (Insufficient Samples),,,,"{""type"":""Point"",""coordinates"":[83.95724910905012,27.555776850614148]}"
3058,,,,,DISCARDED (Insufficient Samples),,,,"{""type"":""Point"",""coordinates"":[84.01714753555906,27.55832153741693]}"
3059,0.5125,0.1773,0.8169,0.0808,STABLE CROPLAND,2.0,1.0,21.0,"{""type"":""Point"",""coordinates"":[84.6122498883703,27.569110940360265]}"
3060,,,,,DISCARDED (Insufficient Samples),,,,"{""type"":""Point"",""coordinates"":[83.35302269687125,27.548640158965952]}"
3061,0.3786,0.1618,0.7092,0.1049,DISCARDED (Static Vegetation / Low Amplitude),7.0,2.0,21.0,"{""type"":""Point"",""coordinates"":[82.76957658050014,27.52190400801559]}"
3062,0.5143,0.1818,0.8506,0.0924,STABLE CROPLAND,2.0,2.0,22.0,"{""type"":""Point"",""coordinates"":[84.58879854962568,27.566784144884906]}"
3063,0.454,0.1922,0.9085,0.1066,STABLE CROPLAND,1.0,1.0,22.0,"{""type"":""Point"",""coordinates"":[85.63365559052356,27.578631746087645]}"
3064,,,,,DISCARDED (Insufficient Samples),,,,"{""type"":""Point"",""coordinates"":[83.79306597021026,27.548920421112914]}"
3065,,,,,DISCARDED (Insufficient Samples),,,,"{""type"":""Point"",""coordinates"":[83.18977169561452,27.533477364885076]}"
3066,0.4476,0.0377,0.8417,0.1016,STABLE CROPLAND,3.0,2.0,20.0,"{""type"":""Point"",""coordinates"":[84.89978121321143,27.56894710916643]}"
3067,0.4989,0.1706,0.8974,0.069,STABLE CROPLAND,0.0,0.0,23.0,"{""type"":""Point"",""coordinates"":[85.84001307620541,27.579895035710003]}"
3068,,,,,DISCARDED (Insufficient Samples),,,,"{""type"":""Point"",""coordinates"":[83.2906735663682,27.534567268932268]}"
3069,0.4549,0.1899,0.837,0.1085,STABLE CROPLAND,1.0,1.0,22.0,"{""type"":""Point"",""coordinates"":[84.79374575954243,27.56637559156886]}"
3070,0.4803,0.2764,0.749,0.0831,DISCARDED (Static Vegetation / Low Amplitude),7.0,3.0,17.0,"{""type"":""Point"",""coordinates"":[85.3365437092811,27.570081337618653]}"
3071,0.4855,0.237,0.8606,0.0846,STABLE CROPLAND,0.0,0.0,23.0,"{""type"":""Point"",""coordinates"":[85.24603264612689,27.56832257042912]}"
3072,0.4025,0.1158,0.7902,0.1084,DISCARDED (Failed Phenology),4.0,1.0,23.0,"{""type"":""Point"",""coordinates"":[82.8750337659761,27.519578271946997]}"
3073,,,,,DISCARDED (Insufficient Samples),,,,"{""type"":""Point"",""coordinates"":[83.54976920298982,27.535723445871184]}"
3074,,,,,DISCARDED (Insufficient Samples),,,,"{""type"":""Point"",""coordinates"":[83.34626304017945,27.53030298839193]}"
3075,,,,,DISCARDED (Insufficient Samples),,,,"{""type"":""Point"",""coordinates"":[84.9751594877991,27.562841017889898]}"
3076,0.4026,0.1429,0.7734,0.1027,DISCARDED (Failed Phenology),9.0,5.0,19.0,"{""type"":""Point"",""coordinates"":[82.81095868524217,27.522621968763318]}"
3077,0.4614,0.2238,0.8134,0.0596,STABLE CROPLAND,0.0,0.0,23.0,"{""type"":""Point"",""coordinates"":[86.07436202017394,27.574252366193075]}"
3078,,,,,DISCARDED (Insufficient Samples),,,,"{""type"":""Point"",""coordinates"":[83.58983109406499,27.53469405392424]}"
3079,0.4621,0.2103,0.8134,0.1095,DISCARDED (Failed Phenology),4.0,2.0,20.0,"{""type"":""Point"",""coordinates"":[85.4503020589265,27.56762936073864]}"
3080,0.4252,0.1403,0.8147,0.1506,STABLE CROPLAND,3.0,1.0,21.0,"{""type"":""Point"",""coordinates"":[84.73383138149384,27.558808258152744]}"
3081,,,,,DISCARDED (Insufficient Samples),,,,"{""type"":""Point"",""coordinates"":[83.41759044965077,27.52868788050621]}"
3082,0.4747,0.235,0.8112,0.0849,STABLE CROPLAND,0.0,0.0,23.0,"{""type"":""Point"",""coordinates"":[87.31719114330134,27.57540619990239]}"
3083,,,,,DISCARDED (Insufficient Samples),,,,"{""type"":""Point"",""coordinates"":[83.22865695350781,27.523493029998157]}"
3084,0.3982,0.1294,0.8138,0.0837,STABLE CROPLAND,0.0,0.0,23.0,"{""type"":""Point"",""coordinates"":[85.75135860657181,27.56981531930835]}"
3085,,,,,DISCARDED (Insufficient Samples),,,,"{""type"":""Point"",""coordinates"":[83.66214689048772,27.534602084413258]}"
3086,,,,,DISCARDED (Insufficient Samples),,,,"{""type"":""Point"",""coordinates"":[83.63613961861525,27.532215162426038]}"
3087,0.5221,0.2157,0.8886,0.0868,STABLE CROPLAND,0.0,0.0,23.0,"{""type"":""Point"",""coordinates"":[84.81349676123888,27.5551086992364]}"
3088,,,,,DISCARDED (Insufficient Samples),,,,"{""type"":""Point"",""coordinates"":[83.61382931246696,27.530012095644928]}"
3089,0.4035,0.1532,0.8127,0.126,DISCARDED (Failed Phenology),5.0,1.0,18.0,"{""type"":""Point"",""coordinates"":[82.85340259063568,27.50928677512333]}"
3090,0.4358,0.064,0.8656,0.1614,STABLE CROPLAND,2.0,1.0,22.0,"{""type"":""Point"",""coordinates"":[84.8442058057338,27.554571878073542]}"
3091,0.4554,0.2228,0.8336,0.1042,STABLE CROPLAND,1.0,1.0,23.0,"{""type"":""Point"",""coordinates"":[82.79046390844572,27.50796597108674]}"
3092,0.4462,0.1359,0.8607,0.0936,DISCARDED (Failed Phenology),4.0,1.0,19.0,"{""type"":""Point"",""coordinates"":[82.98258808557785,27.511168647578383]}"
3093,0.5268,0.2079,0.8763,0.0869,STABLE CROPLAND,0.0,0.0,23.0,"{""type"":""Point"",""coordinates"":[85.81966086267263,27.56313133685051]}"
3094,,,,,DISCARDED (Insufficient Samples),,,,"{""type"":""Point"",""coordinates"":[83.44496014431546,27.52279308570663]}"
3095,0.418,0.1453,0.7323,0.057,DISCARDED (Failed Phenology),5.0,1.0,23.0,"{""type"":""Point"",""coordinates"":[82.82819991266118,27.508375366997804]}"
3096,,,,,DISCARDED (Insufficient Samples),,,,"{""type"":""Point"",""coordinates"":[83.82419633163123,27.53264892984542]}"
3097,0.4808,0.1421,0.8737,0.1209,STABLE CROPLAND,1.0,1.0,23.0,"{""type"":""Point"",""coordinates"":[85.55442787992281,27.5611980547761]}"
3098,0.4336,0.2004,0.8851,0.1268,DISCARDED (Failed Phenology),4.0,4.0,21.0,"{""type"":""Point"",""coordinates"":[85.63731540552632,27.55956706604923]}"
3099,,,,,DISCARDED (Insufficient Samples),,,,"{""type"":""Point"",""coordinates"":[84.75150882849358,27.54543366712582]}"
3100,,,,,DISCARDED (Insufficient Samples),,,,"{""type"":""Point"",""coordinates"":[83.3243466207405,27.514465870905937]}"
3101,0.4736,0.1641,0.8092,0.1186,STABLE CROPLAND,2.0,1.0,21.0,"{""type"":""Point"",""coordinates"":[82.96024672817589,27.504510791958875]}"
3102,0.4009,0.1617,0.7653,0.0923,DISCARDED (Failed Phenology),6.0,2.0,19.0,"{""type"":""Point"",""coordinates"":[82.88652884207409,27.50053950701927]}"
3103,,,,,DISCARDED (Insufficient Samples),,,,"{""type"":""Point"",""coordinates"":[83.69585709736397,27.52366497331609]}"
3104,0.4912,0.1657,0.8532,0.0846,STABLE CROPLAND,0.0,0.0,23.0,"{""type"":""Point"",""coordinates"":[86.07328149544097,27.55562229718404]}"
3105,,,,,DISCARDED (Insufficient Samples),,,,"{""type"":""Point"",""coordinates"":[83.46728362167065,27.515260356064466]}"
3106,0.4706,0.1436,0.8796,0.097,STABLE CROPLAND,1.0,1.0,22.0,"{""type"":""Point"",""coordinates"":[85.76726668598475,27.55006758394164]}"
3107,,,,,DISCARDED (Insufficient Samples),,,,"{""type"":""Point"",""coordinates"":[83.40912286839568,27.51006732033368]}"
3108,,,,,DISCARDED (Insufficient Samples),,,,"{""type"":""Point"",""coordinates"":[83.72053266449798,27.517126639529284]}"
3109,,,,,DISCARDED (Insufficient Samples),,,,"{""type"":""Point"",""coordinates"":[84.8565522304588,27.53865018413063]}"
3110,,,,,DISCARDED (Insufficient Samples),,,,"{""type"":""Point"",""coordinates"":[83.59811691388924,27.51287157715533]}"
3111,,,,,DISCARDED (Insufficient Samples),,,,"{""type"":""Point"",""coordinates"":[83.35410990856911,27.506159281219972]}"
3112,,,,,DISCARDED (Insufficient Samples),,,,"{""type"":""Point"",""coordinates"":[83.38478435276063,27.511150515526005]}"
3113,,,,,DISCARDED (Insufficient Samples),,,,"{""type"":""Point"",""coordinates"":[83.37283903410594,27.55322375751851]}"
3114,,,,,DISCARDED (Insufficient Samples),,,,"{""type"":""Point"",""coordinates"":[83.38141821874369,27.529916517104652]}"
3115,,,,,DISCARDED (Insufficient Samples),,,,"{""type"":""Point"",""coordinates"":[84.792219622022,27.536388706308568]}"
3116,,,,,DISCARDED (Insufficient Samples),,,,"{""type"":""Point"",""coordinates"":[83.43425943641161,27.5052536051378]}"
3117,0.4673,0.1525,0.9105,0.0898,STABLE CROPLAND,0.0,0.0,23.0,"{""type"":""Point"",""coordinates"":[85.82099398510427,27.544233864192815]}"
3118,0.4186,0.1455,0.7879,0.1238,STABLE CROPLAND,3.0,1.0,20.0,"{""type"":""Point"",""coordinates"":[85.69993238528112,27.541214041040668]}"
3119,,,,,DISCARDED (Insufficient Samples),,,,"{""type"":""Point"",""coordinates"":[83.25986438166169,27.4944161479674]}"
3120,,,,,DISCARDED (Insufficient Samples),,,,"{""type"":""Point"",""coordinates"":[84.87849926761113,27.52940972465219]}"
3121,0.478,0.1541,0.8302,0.0886,DISCARDED (Failed Phenology),8.0,3.0,19.0,"{""type"":""Point"",""coordinates"":[82.95875402752748,27.48618737268013]}"
3122,0.4644,0.1927,0.8012,0.0885,STABLE CROPLAND,0.0,0.0,23.0,"{""type"":""Point"",""coordinates"":[85.0930465313761,27.531349675637554]}"
3123,,,,,DISCARDED (Insufficient Samples),,,,"{""type"":""Point"",""coordinates"":[83.80094417726654,27.506048514383888]}"
3124,,,,,DISCARDED (Insufficient Samples),,,,"{""type"":""Point"",""coordinates"":[84.89911586354246,27.5262691255257]}"
3125,,,,,DISCARDED (Insufficient Samples),,,,"{""type"":""Point"",""coordinates"":[83.2905833425615,27.493914618632136]}"
3126,,,,,DISCARDED (Insufficient Samples),,,,"{""type"":""Point"",""coordinates"":[83.3114156148331,27.562038305147706]}"
3127,,,,,DISCARDED (Insufficient Samples),,,,"{""type"":""Point"",""coordinates"":[83.37082950313503,27.494296545539278]}"
3128,,,,,DISCARDED (Insufficient Samples),,,,"{""type"":""Point"",""coordinates"":[83.46711089092314,27.495228464678547]}"
3129,0.4917,0.1437,0.7982,0.0916,DISCARDED (Failed Phenology),7.0,2.0,16.0,"{""type"":""Point"",""coordinates"":[82.94783505173531,27.51916692383358]}"
3130,0.3523,0.1097,0.7577,0.1302,STABLE CROPLAND,2.0,1.0,24.0,"{""type"":""Point"",""coordinates"":[82.87241495015212,27.53994050694521]}"
3131,0.3856,0.1013,0.7486,0.0997,STABLE CROPLAND,3.0,2.0,25.0,"{""type"":""Point"",""coordinates"":[82.89709727206856,27.542650258201334]}"
3132,0.37,0.0831,0.8211,0.123,DISCARDED (Failed Phenology),5.0,2.0,23.0,"{""type"":""Point"",""coordinates"":[82.9728289947227,27.53997761228938]}"
3133,0.3454,0.1102,0.7318,0.1049,STABLE CROPLAND,2.0,1.0,24.0,"{""type"":""Point"",""coordinates"":[82.85854707312585,27.55552392389689]}"
3134,0.3894,0.1073,0.7551,0.0888,DISCARDED (Failed Phenology),5.0,2.0,24.0,"{""type"":""Point"",""coordinates"":[82.93280174863149,27.506797521225636]}"
3135,0.4059,0.1519,0.7072,0.0943,DISCARDED (Failed Phenology),5.0,2.0,20.0,"{""type"":""Point"",""coordinates"":[82.86965381576486,27.582264150580027]}"
3136,0.4232,0.1279,0.7787,0.0909,DISCARDED (Failed Phenology),6.0,2.0,19.0,"{""type"":""Point"",""coordinates"":[82.9137526064489,27.52479969335919]}"
3137,0.4113,0.1261,0.7627,0.1051,STABLE CROPLAND,3.0,1.0,24.0,"{""type"":""Point"",""coordinates"":[82.92331209107765,27.55514230881652]}"
3138,0.3728,0.1068,0.7615,0.1297,DISCARDED (Failed Phenology),4.0,1.0,22.0,"{""type"":""Point"",""coordinates"":[82.94166400653754,27.56329207512715]}"
3139,0.3966,0.1031,0.8115,0.1437,DISCARDED (Failed Phenology),4.0,2.0,22.0,"{""type"":""Point"",""coordinates"":[82.92645203742426,27.578440763794372]}"
3140,0.4129,0.1293,0.7751,0.0942,STABLE CROPLAND,2.0,1.0,23.0,"{""type"":""Point"",""coordinates"":[82.93901507394014,27.542384226470457]}"
3141,,,,,DISCARDED (Insufficient Samples),,,,"{""type"":""Point"",""coordinates"":[83.75665214020097,27.500397038201427]}"
3142,,,,,DISCARDED (Insufficient Samples),,,,"{""type"":""Point"",""coordinates"":[84.81453025119038,27.521690468640546]}"
3143,,,,,DISCARDED (Insufficient Samples),,,,"{""type"":""Point"",""coordinates"":[83.31144683094358,27.48944339182313]}"
3144,,,,,DISCARDED (Insufficient Samples),,,,"{""type"":""Point"",""coordinates"":[83.3353612432863,27.491002506779182]}"
3145,,,,,DISCARDED (Insufficient Samples),,,,"{""type"":""Point"",""coordinates"":[83.6296116949629,27.496156982106708]}"
3146,,,,,DISCARDED (Insufficient Samples),,,,"{""type"":""Point"",""coordinates"":[83.82239585864396,27.498517188894915]}"
3147,0.4541,0.1858,0.8466,0.1111,STABLE CROPLAND,1.0,1.0,22.0,"{""type"":""Point"",""coordinates"":[86.08357889645487,27.53312438268542]}"
3148,0.4797,0.1494,0.8159,0.0849,DISCARDED (Failed Phenology),5.0,1.0,18.0,"{""type"":""Point"",""coordinates"":[86.8648551441302,27.53178592737028]}"
3149,0.4681,0.1957,0.8516,0.0636,STABLE CROPLAND,0.0,0.0,23.0,"{""type"":""Point"",""coordinates"":[85.22859364445999,27.52067067469695]}"
3150,0.5163,0.1825,0.8963,0.1078,STABLE CROPLAND,0.0,0.0,23.0,"{""type"":""Point"",""coordinates"":[85.69209823401505,27.524028963912567]}"
3151,0.5667,0.2618,0.8845,0.0752,DISCARDED (Static Vegetation / Low Amplitude),0.0,0.0,23.0,"{""type"":""Point"",""coordinates"":[85.90643141605943,27.526054578160387]}"
3152,,,,,DISCARDED (Insufficient Samples),,,,"{""type"":""Point"",""coordinates"":[83.72764309503575,27.492714916323095]}"
3153,0.5448,0.2348,0.777,0.0792,DISCARDED (Static Vegetation / Low Amplitude),1.0,1.0,22.0,"{""type"":""Point"",""coordinates"":[85.30831841776349,27.51798978395443]}"
3154,,,,,DISCARDED (Insufficient Samples),,,,"{""type"":""Point"",""coordinates"":[83.35663259249108,27.480648952554667]}"
3155,,,,,DISCARDED (Insufficient Samples),,,,"{""type"":""Point"",""coordinates"":[83.3921473958198,27.491216883116902]}"
3156,0.4118,0.131,0.8149,0.0702,STABLE CROPLAND,0.0,0.0,23.0,"{""type"":""Point"",""coordinates"":[85.80572524883256,27.522098510994308]}"
3157,,,,,DISCARDED (Insufficient Samples),,,,"{""type"":""Point"",""coordinates"":[83.84330035614342,27.49176691217591]}"
3158,,,,,DISCARDED (Insufficient Samples),,,,"{""type"":""Point"",""coordinates"":[83.65578033238359,27.485122131213107]}"
3159,0.5108,0.1866,0.8663,0.0841,STABLE CROPLAND,0.0,0.0,25.0,"{""type"":""Point"",""coordinates"":[86.14223336243663,27.5230175073874]}"
3160,,,,,DISCARDED (Insufficient Samples),,,,"{""type"":""Point"",""coordinates"":[83.79292757446991,27.489006779617768]}"
3161,,,,,DISCARDED (Insufficient Samples),,,,"{""type"":""Point"",""coordinates"":[83.41721357008885,27.479779277657155]}"
3162,0.3729,0.1147,0.8858,0.1563,STABLE CROPLAND,1.0,1.0,22.0,"{""type"":""Point"",""coordinates"":[85.78069333836736,27.517355727843068]}"
3163,,,,,DISCARDED (Insufficient Samples),,,,"{""type"":""Point"",""coordinates"":[83.45789501576769,27.47719573700084]}"
3164,,,,,DISCARDED (Insufficient Samples),,,,"{""type"":""Point"",""coordinates"":[83.67729664464892,27.48375763204316]}"
3165,0.4792,0.2206,0.84,0.1051,STABLE CROPLAND,1.0,1.0,22.0,"{""type"":""Point"",""coordinates"":[85.64088237100758,27.51606414788567]}"
3166,0.4781,0.2068,0.8378,0.0869,STABLE CROPLAND,0.0,0.0,23.0,"{""type"":""Point"",""coordinates"":[85.06889357136389,27.50841533096696]}"
3167,,,,,DISCARDED (Insufficient Samples),,,,"{""type"":""Point"",""coordinates"":[83.49498289778107,27.543729614769894]}"
3168,,,,,DISCARDED (Insufficient Samples),,,,"{""type"":""Point"",""coordinates"":[83.48966938637743,27.512788280288643]}"
3169,,,,,DISCARDED (Insufficient Samples),,,,"{""type"":""Point"",""coordinates"":[83.48673213225999,27.48484349572074]}"
3170,,,,,DISCARDED (Insufficient Samples),,,,"{""type"":""Point"",""coordinates"":[83.5209879588636,27.548493201314447]}"
3171,,,,,DISCARDED (Insufficient Samples),,,,"{""type"":""Point"",""coordinates"":[83.29426405972228,27.471552568770175]}"
3172,,,,,DISCARDED (Insufficient Samples),,,,"{""type"":""Point"",""coordinates"":[83.37500737518712,27.47296473163037]}"
3173,0.4884,0.2003,0.8428,0.0661,DISCARDED (Failed Phenology),4.0,2.0,21.0,"{""type"":""Point"",""coordinates"":[85.32884348132445,27.51117265551299]}"
3174,0.4873,0.1806,0.9019,0.1213,STABLE CROPLAND,3.0,2.0,22.0,"{""type"":""Point"",""coordinates"":[85.61067493156372,27.51363290614774]}"
3175,0.3678,0.1481,0.8115,0.1241,STABLE CROPLAND,1.0,1.0,22.0,"{""type"":""Point"",""coordinates"":[85.66588901536558,27.514402017478314]}"
3176,,,,,DISCARDED (Insufficient Samples),,,,"{""type"":""Point"",""coordinates"":[83.75706590529127,27.520683884719787]}"
3177,,,,,DISCARDED (Insufficient Samples),,,,"{""type"":""Point"",""coordinates"":[83.13351819408882,27.46315231197195]}"
3178,0.5249,0.0955,0.8954,0.0896,STABLE CROPLAND,1.0,1.0,22.0,"{""type"":""Point"",""coordinates"":[85.83532692097282,27.510744336380505]}"
3179,0.5148,0.2365,0.8953,0.1074,STABLE CROPLAND,1.0,1.0,22.0,"{""type"":""Point"",""coordinates"":[85.58821699433922,27.507331129626905]}"
3180,0.4864,0.0771,0.9058,0.0805,STABLE CROPLAND,0.0,0.0,23.0,"{""type"":""Point"",""coordinates"":[86.12015592263441,27.51129165555069]}"
3181,0.5175,0.2068,0.8532,0.0882,STABLE CROPLAND,1.0,1.0,22.0,"{""type"":""Point"",""coordinates"":[85.24944664453818,27.504878029581725]}"
3182,,,,,DISCARDED (Insufficient Samples),,,,"{""type"":""Point"",""coordinates"":[84.27468537001353,27.49083759490848]}"
3183,0.4516,0.152,0.871,0.1397,STABLE CROPLAND,1.0,1.0,22.0,"{""type"":""Point"",""coordinates"":[84.89641143030809,27.497549908195147]}"
3184,,,,,DISCARDED (Insufficient Samples),,,,"{""type"":""Point"",""coordinates"":[83.86012370622743,27.477663265786976]}"
3185,,,,,DISCARDED (Insufficient Samples),,,,"{""type"":""Point"",""coordinates"":[83.74753444214879,27.47598038358953]}"
3186,,,,,DISCARDED (Insufficient Samples),,,,"{""type"":""Point"",""coordinates"":[83.6120185761543,27.472297601306476]}"
3187,,,,,DISCARDED (Insufficient Samples),,,,"{""type"":""Point"",""coordinates"":[83.17074290260405,27.461085214035144]}"
3188,0.3203,0.1137,0.6644,0.1102,DISCARDED (Failed Phenology),3.0,3.0,20.0,"{""type"":""Point"",""coordinates"":[86.05994042505567,27.5080792136057]}"
3189,0.4629,0.1885,0.7604,0.084,STABLE CROPLAND,2.0,1.0,21.0,"{""type"":""Point"",""coordinates"":[85.14152622488353,27.496995393993824]}"
3190,,,,,DISCARDED (Insufficient Samples),,,,"{""type"":""Point"",""coordinates"":[84.31238517035518,27.48419963062581]}"
3191,0.4552,0.2282,0.721,0.0578,DISCARDED (Static Vegetation / Low Amplitude),0.0,0.0,23.0,"{""type"":""Point"",""coordinates"":[86.03860887444058,27.505571958372673]}"
3192,0.5213,0.12,0.896,0.0708,STABLE CROPLAND,2.0,1.0,21.0,"{""type"":""Point"",""coordinates"":[85.79820924691616,27.502425948003722]}"
3193,0.4817,0.1503,0.8449,0.0942,STABLE CROPLAND,2.0,1.0,21.0,"{""type"":""Point"",""coordinates"":[86.65288563648338,27.50558376174943]}"
3194,0.4983,0.1642,0.8498,0.0818,STABLE CROPLAND,3.0,2.0,20.0,"{""type"":""Point"",""coordinates"":[85.23085083877197,27.49329016273462]}"
3195,0.4674,0.0446,0.882,0.1121,DISCARDED (Failed Phenology),4.0,2.0,19.0,"{""type"":""Point"",""coordinates"":[84.92398235575035,27.488073082118895]}"
3196,,,,,DISCARDED (Insufficient Samples),,,,"{""type"":""Point"",""coordinates"":[84.97417402457522,27.488042438549904]}"
3197,0.6567,0.2357,0.9106,0.0335,STABLE CROPLAND,2.0,1.0,21.0,"{""type"":""Point"",""coordinates"":[86.08224642379221,27.49866121623232]}"
3198,0.5709,0.2457,0.9083,0.1027,STABLE CROPLAND,1.0,1.0,23.0,"{""type"":""Point"",""coordinates"":[86.13877685170145,27.50087774093384]}"
3199,,,,,DISCARDED (Insufficient Samples),,,,"{""type"":""Point"",""coordinates"":[84.33534581181137,27.47349424811782]}"
3200,,,,,DISCARDED (Insufficient Samples),,,,"{""type"":""Point"",""coordinates"":[84.28122416948723,27.47365642721637]}"
3201,,,,,DISCARDED (Insufficient Samples),,,,"{""type"":""Point"",""coordinates"":[83.81926503842371,27.4619461454731]}"
3202,,,,,DISCARDED (Insufficient Samples),,,,"{""type"":""Point"",""coordinates"":[83.71254711261007,27.456206255825144]}"
3203,,,,,DISCARDED (Insufficient Samples),,,,"{""type"":""Point"",""coordinates"":[84.87368045369767,27.47689394938358]}"
3204,,,,,DISCARDED (Insufficient Samples),,,,"{""type"":""Point"",""coordinates"":[83.93358949410324,27.459023075398765]}"
3205,0.4731,0.2148,0.7853,0.0966,STABLE CROPLAND,2.0,2.0,21.0,"{""type"":""Point"",""coordinates"":[85.03658221672501,27.478154171761453]}"
3206,,,,,DISCARDED (Insufficient Samples),,,,"{""type"":""Point"",""coordinates"":[83.79027984231558,27.45480633807401]}"
3207,,,,,DISCARDED (Insufficient Samples),,,,"{""type"":""Point"",""coordinates"":[83.8512433509977,27.45841993239104]}"
3208,,,,,DISCARDED (Insufficient Samples),,,,"{""type"":""Point"",""coordinates"":[83.89464017839914,27.45592057192795]}"
3209,0.4917,0.1618,0.8786,0.1172,STABLE CROPLAND,3.0,1.0,20.0,"{""type"":""Point"",""coordinates"":[86.79496616913278,27.490638152648756]}"
3210,,,,,DISCARDED (Insufficient Samples),,,,"{""type"":""Point"",""coordinates"":[84.85288773385918,27.474290141623886]}"
3211,0.4131,0.1757,0.787,0.1263,STABLE CROPLAND,0.0,0.0,23.0,"{""type"":""Point"",""coordinates"":[85.70298229182659,27.485202839045844]}"
3212,0.5394,0.1878,0.8551,0.0969,STABLE CROPLAND,1.0,1.0,22.0,"{""type"":""Point"",""coordinates"":[87.15123742369738,27.48815264313136]}"
3213,0.5271,0.1401,0.9262,0.0636,STABLE CROPLAND,1.0,1.0,22.0,"{""type"":""Point"",""coordinates"":[85.94331806182142,27.482462865504694]}"
3214,0.4903,0.1611,0.8682,0.0782,STABLE CROPLAND,2.0,1.0,21.0,"{""type"":""Point"",""coordinates"":[85.7257795876648,27.48059217978348]}"
3215,0.4017,0.1281,0.8617,0.1506,DISCARDED (Failed Phenology),4.0,2.0,20.0,"{""type"":""Point"",""coordinates"":[85.75062180466448,27.48025280096039]}"
3216,,,,,DISCARDED (Insufficient Samples),,,,"{""type"":""Point"",""coordinates"":[84.31547019670487,27.463631181605873]}"
3217,0.4879,0.1828,0.8426,0.0805,STABLE CROPLAND,3.0,2.0,20.0,"{""type"":""Point"",""coordinates"":[85.00126283273865,27.467527107530888]}"
3218,,,,,DISCARDED (Insufficient Samples),,,,"{""type"":""Point"",""coordinates"":[84.89209891208641,27.46470741180716]}"
3219,,,,,DISCARDED (Insufficient Samples),,,,"{""type"":""Point"",""coordinates"":[83.25272868174173,27.430210730719548]}"
3220,0.4706,0.1361,0.8446,0.0934,STABLE CROPLAND,0.0,0.0,23.0,"{""type"":""Point"",""coordinates"":[86.75637205593947,27.479887990385116]}"
3221,,,,,DISCARDED (Insufficient Samples),,,,"{""type"":""Point"",""coordinates"":[84.28785315556257,27.45228920640193]}"
3222,,,,,DISCARDED (Insufficient Samples),,,,"{""type"":""Point"",""coordinates"":[84.3383335427858,27.455525214209537]}"
3223,,,,,DISCARDED (Insufficient Samples),,,,"{""type"":""Point"",""coordinates"":[83.8348011371603,27.44065215250742]}"
3224,,,,,DISCARDED (Insufficient Samples),,,,"{""type"":""Point"",""coordinates"":[83.56093972770533,27.519226473285432]}"
3225,,,,,DISCARDED (Insufficient Samples),,,,"{""type"":""Point"",""coordinates"":[83.644262330764,27.509839173296818]}"
3226,,,,,DISCARDED (Insufficient Samples),,,,"{""type"":""Point"",""coordinates"":[83.52205325036992,27.528881240086903]}"
3227,,,,,DISCARDED (Insufficient Samples),,,,"{""type"":""Point"",""coordinates"":[83.54958045659568,27.484702925594032]}"
3228,,,,,DISCARDED (Insufficient Samples),,,,"{""type"":""Point"",""coordinates"":[83.57028670557149,27.573737353250674]}"
3229,,,,,DISCARDED (Insufficient Samples),,,,"{""type"":""Point"",""coordinates"":[83.65467200181848,27.4661624936677]}"
3230,,,,,DISCARDED (Insufficient Samples),,,,"{""type"":""Point"",""coordinates"":[83.54890979814567,27.503613549456738]}"
3231,,,,,DISCARDED (Insufficient Samples),,,,"{""type"":""Point"",""coordinates"":[83.50818225390297,27.482550241852532]}"
3232,,,,,DISCARDED (Insufficient Samples),,,,"{""type"":""Point"",""coordinates"":[83.57326940469787,27.486439313922915]}"
3233,,,,,DISCARDED (Insufficient Samples),,,,"{""type"":""Point"",""coordinates"":[83.62851438845878,27.561523684311073]}"
3234,,,,,DISCARDED (Insufficient Samples),,,,"{""type"":""Point"",""coordinates"":[83.5293048081508,27.496110487553853]}"
3235,,,,,DISCARDED (Insufficient Samples),,,,"{""type"":""Point"",""coordinates"":[83.67824155876754,27.50610697183903]}"
3236,,,,,DISCARDED (Insufficient Samples),,,,"{""type"":""Point"",""coordinates"":[83.52801257516492,27.475714184617008]}"
3237,,,,,DISCARDED (Insufficient Samples),,,,"{""type"":""Point"",""coordinates"":[83.66234327819816,27.57026552600509]}"
3238,,,,,DISCARDED (Insufficient Samples),,,,"{""type"":""Point"",""coordinates"":[83.51396568238549,27.509890421884762]}"
3239,,,,,DISCARDED (Insufficient Samples),,,,"{""type"":""Point"",""coordinates"":[83.67215059311118,27.44755450979855]}"
3240,0.4623,0.1643,0.8606,0.1109,STABLE CROPLAND,1.0,1.0,22.0,"{""type"":""Point"",""coordinates"":[85.80946203772434,27.46955754292024]}"
3241,,,,,DISCARDED (Insufficient Samples),,,,"{""type"":""Point"",""coordinates"":[83.86708701505584,27.438798967458165]}"
3242,,,,,DISCARDED (Insufficient Samples),,,,"{""type"":""Point"",""coordinates"":[84.3677041756641,27.451036290494024]}"
3243,,,,,DISCARDED (Insufficient Samples),,,,"{""type"":""Point"",""coordinates"":[84.94394849378432,27.456734020809463]}"
3244,,,,,DISCARDED (Insufficient Samples),,,,"{""type"":""Point"",""coordinates"":[83.69873346324025,27.43202539132767]}"
3245,,,,,DISCARDED (Insufficient Samples),,,,"{""type"":""Point"",""coordinates"":[84.31311582580244,27.444574448243042]}"
3246,0.3646,0.0994,0.8351,0.1291,STABLE CROPLAND,1.0,1.0,22.0,"{""type"":""Point"",""coordinates"":[85.8317779740193,27.46609021875928]}"
3247,,,,,DISCARDED (Insufficient Samples),,,,"{""type"":""Point"",""coordinates"":[83.76801795525996,27.433409201823963]}"
3248,,,,,DISCARDED (Insufficient Samples),,,,"{""type"":""Point"",""coordinates"":[84.98200571144591,27.453836892406855]}"
3249,0.5525,0.2952,0.8892,0.0748,DISCARDED (Static Vegetation / Low Amplitude),2.0,1.0,21.0,"{""type"":""Point"",""coordinates"":[86.11255233118797,27.47302911053491]}"
3250,,,,,DISCARDED (Insufficient Samples),,,,"{""type"":""Point"",""coordinates"":[83.74413995921951,27.428559237737506]}"
3251,,,,,DISCARDED (Insufficient Samples),,,,"{""type"":""Point"",""coordinates"":[83.78789675120511,27.428635269215423]}"
3252,0.6058,0.2482,0.8698,0.0467,STABLE CROPLAND,1.0,1.0,22.0,"{""type"":""Point"",""coordinates"":[87.60463666845224,27.463390733023317]}"
3253,,,,,DISCARDED (Insufficient Samples),,,,"{""type"":""Point"",""coordinates"":[85.26223162827598,27.45348963287706]}"
3254,,,,,DISCARDED (Insufficient Samples),,,,"{""type"":""Point"",""coordinates"":[84.35172554808456,27.439030670914924]}"
3255,,,,,DISCARDED (Insufficient Samples),,,,"{""type"":""Point"",""coordinates"":[84.91626492380172,27.44627014048715]}"
3256,0.4008,0.0861,0.7722,0.1116,STABLE CROPLAND,2.0,1.0,21.0,"{""type"":""Point"",""coordinates"":[85.87416932505016,27.456814516710548]}"
3257,,,,,DISCARDED (Insufficient Samples),,,,"{""type"":""Point"",""coordinates"":[84.37890499795158,27.435088617035092]}"
3258,0.4069,0.1356,0.849,0.1724,STABLE CROPLAND,3.0,2.0,20.0,"{""type"":""Point"",""coordinates"":[84.9636769878588,27.445354242292577]}"
3259,0.5026,0.193,0.9225,0.0737,STABLE CROPLAND,1.0,1.0,22.0,"{""type"":""Point"",""coordinates"":[86.09102725027736,27.458022179014964]}"
3260,,,,,DISCARDED (Insufficient Samples),,,,"{""type"":""Point"",""coordinates"":[84.28532006783823,27.43253011958451]}"
3261,,,,,DISCARDED (Insufficient Samples),,,,"{""type"":""Point"",""coordinates"":[83.76802571284794,27.537764627665418]}"
3262,,,,,DISCARDED (Insufficient Samples),,,,"{""type"":""Point"",""coordinates"":[83.77049721423396,27.478655594928874]}"
3263,,,,,DISCARDED (Insufficient Samples),,,,"{""type"":""Point"",""coordinates"":[83.71704120876387,27.424117408754775]}"
3264,,,,,DISCARDED (Insufficient Samples),,,,"{""type"":""Point"",""coordinates"":[83.6960236931483,27.475769114476012]}"
3265,,,,,DISCARDED (Insufficient Samples),,,,"{""type"":""Point"",""coordinates"":[85.2986231596365,27.446860212234512]}"
3266,0.5047,0.1846,0.8975,0.0627,STABLE CROPLAND,0.0,0.0,23.0,"{""type"":""Point"",""coordinates"":[86.02962910426456,27.45275952106425]}"
3267,,,,,DISCARDED (Insufficient Samples),,,,"{""type"":""Point"",""coordinates"":[83.29141692223472,27.406571010212865]}"
3268,0.4198,0.1183,0.8525,0.1119,STABLE CROPLAND,2.0,2.0,21.0,"{""type"":""Point"",""coordinates"":[85.79820095364417,27.450878950901313]}"
3269,0.5668,0.2205,0.9376,0.1071,STABLE CROPLAND,2.0,1.0,21.0,"{""type"":""Point"",""coordinates"":[85.96963828064561,27.45187164546618]}"
3270,,,,,DISCARDED (Insufficient Samples),,,,"{""type"":""Point"",""coordinates"":[84.93701455328127,27.439142751574057]}"
3271,,,,,DISCARDED (Insufficient Samples),,,,"{""type"":""Point"",""coordinates"":[83.31366841583997,27.405246010085566]}"
3272,,,,,DISCARDED (Insufficient Samples),,,,"{""type"":""Point"",""coordinates"":[85.08041092811047,27.442841220902178]}"
3273,,,,,DISCARDED (Insufficient Samples),,,,"{""type"":""Point"",""coordinates"":[83.8149820237364,27.433372131169374]}"
3274,,,,,DISCARDED (Insufficient Samples),,,,"{""type"":""Point"",""coordinates"":[85.03274043810019,27.43823385849824]}"
3275,0.5218,0.2567,0.8468,0.0667,DISCARDED (Static Vegetation / Low Amplitude),0.0,0.0,23.0,"{""type"":""Point"",""coordinates"":[86.11000881105625,27.44755602713623]}"
3276,0.5784,0.2947,0.8474,0.0511,DISCARDED (Static Vegetation / Low Amplitude),0.0,0.0,24.0,"{""type"":""Point"",""coordinates"":[87.68138668523618,27.44919400752087]}"
3277,0.5007,0.2039,0.8814,0.0811,STABLE CROPLAND,0.0,0.0,23.0,"{""type"":""Point"",""coordinates"":[86.25395037264641,27.44806509903596]}"
3278,0.5141,0.1447,0.9176,0.101,DISCARDED (Failed Phenology),3.0,3.0,20.0,"{""type"":""Point"",""coordinates"":[85.82009895147267,27.444824370708275]}"
3279,0.5484,0.2876,0.8541,0.0705,DISCARDED (Static Vegetation / Low Amplitude),10.0,2.0,14.0,"{""type"":""Point"",""coordinates"":[85.72726780681599,27.444195446251612]}"
3280,0.3809,0.0988,0.8495,0.0969,STABLE CROPLAND,0.0,0.0,23.0,"{""type"":""Point"",""coordinates"":[85.85549786673938,27.443770929011222]}"
3281,0.4012,0.1183,0.8601,0.1233,STABLE CROPLAND,3.0,1.0,21.0,"{""type"":""Point"",""coordinates"":[84.4174479437263,27.423554798295534]}"
3282,,,,,DISCARDED (Insufficient Samples),,,,"{""type"":""Point"",""coordinates"":[83.1829465522904,27.503630128138003]}"
3283,0.4432,0.0697,0.7972,0.1151,DISCARDED (Failed Phenology),6.0,1.0,21.0,"{""type"":""Point"",""coordinates"":[83.13344041825697,27.63802318025184]}"
3284,0.4284,0.126,0.8098,0.0916,STABLE CROPLAND,3.0,1.0,25.0,"{""type"":""Point"",""coordinates"":[83.0300513468406,27.533673957891505]}"
3285,,,,,DISCARDED (Insufficient Samples),,,,"{""type"":""Point"",""coordinates"":[83.23495087602761,27.554430052379818]}"
3286,0.3508,0.0863,0.8274,0.1945,DISCARDED (Failed Phenology),4.0,2.0,20.0,"{""type"":""Point"",""coordinates"":[83.10800462306803,27.53285164074933]}"
3287,0.4236,0.1055,0.8544,0.1228,DISCARDED (Failed Phenology),4.0,1.0,24.0,"{""type"":""Point"",""coordinates"":[83.084081041633,27.462104632502292]}"
3288,,,,,DISCARDED (Insufficient Samples),,,,"{""type"":""Point"",""coordinates"":[83.15623880159185,27.49037127808341]}"
3289,,,,,DISCARDED (Insufficient Samples),,,,"{""type"":""Point"",""coordinates"":[83.29956410429241,27.517997376906873]}"
3290,0.4244,0.1361,0.8373,0.114,STABLE CROPLAND,3.0,1.0,25.0,"{""type"":""Point"",""coordinates"":[83.12141324696836,27.596209078812773]}"
3291,,,,,DISCARDED (Insufficient Samples),,,,"{""type"":""Point"",""coordinates"":[83.30296054545178,27.44346011888]}"
3292,0.3968,0.107,0.8857,0.1577,DISCARDED (Failed Phenology),4.0,2.0,23.0,"{""type"":""Point"",""coordinates"":[83.06937949243753,27.52028439629372]}"
3293,0.4013,0.111,0.825,0.1309,DISCARDED (Failed Phenology),6.0,4.0,21.0,"{""type"":""Point"",""coordinates"":[83.13924746581279,27.55089633696605]}"
3294,,,,,DISCARDED (Insufficient Samples),,,,"{""type"":""Point"",""coordinates"":[83.21182522719263,27.47016361252973]}"
3295,0.3922,0.1025,0.8371,0.1417,STABLE CROPLAND,1.0,1.0,22.0,"{""type"":""Point"",""coordinates"":[83.03268200208474,27.484916481895148]}"
3296,,,,,DISCARDED (Insufficient Samples),,,,"{""type"":""Point"",""coordinates"":[83.26609363638933,27.57199320627322]}"
3297,0.4534,0.1094,0.8212,0.1171,STABLE CROPLAND,3.0,1.0,24.0,"{""type"":""Point"",""coordinates"":[83.09710625855426,27.563040519678]}"
3298,0.4214,0.1325,0.8713,0.1462,DISCARDED (Failed Phenology),5.0,1.0,20.0,"{""type"":""Point"",""coordinates"":[83.11126311857448,27.465400484577614]}"
3299,,,,,DISCARDED (Insufficient Samples),,,,"{""type"":""Point"",""coordinates"":[83.2263045140309,27.449481050427817]}"
3300,0.387,0.1065,0.7927,0.1274,STABLE CROPLAND,2.0,1.0,24.0,"{""type"":""Point"",""coordinates"":[83.00294953522884,27.513814657244776]}"
3301,0.4016,0.0999,0.8486,0.1591,DISCARDED (Failed Phenology),5.0,2.0,20.0,"{""type"":""Point"",""coordinates"":[83.08363870284315,27.499810036100516]}"
3302,,,,,DISCARDED (Insufficient Samples),,,,"{""type"":""Point"",""coordinates"":[83.23498675830048,27.57777643593077]}"
3303,0.4422,0.1786,0.8239,0.1077,STABLE CROPLAND,2.0,1.0,22.0,"{""type"":""Point"",""coordinates"":[83.02932986815772,27.509357887013667]}"
3304,0.4261,0.095,0.8709,0.1238,STABLE CROPLAND,2.0,1.0,23.0,"{""type"":""Point"",""coordinates"":[83.0443624132825,27.45773598435945]}"
3305,,,,,DISCARDED (Insufficient Samples),,,,"{""type"":""Point"",""coordinates"":[83.22563229365328,27.49124830105869]}"
3306,,,,,DISCARDED (Insufficient Samples),,,,"{""type"":""Point"",""coordinates"":[83.1946594996138,27.44826996367121]}"
3307,0.4124,0.1733,0.7884,0.1374,STABLE CROPLAND,2.0,1.0,24.0,"{""type"":""Point"",""coordinates"":[82.99797583453159,27.493032583663688]}"
3308,,,,,DISCARDED (Insufficient Samples),,,,"{""type"":""Point"",""coordinates"":[83.25234617737681,27.41170180647675]}"
3309,0.4047,0.1688,0.7335,0.1205,DISCARDED (Failed Phenology),7.0,2.0,18.0,"{""type"":""Point"",""coordinates"":[83.18599958270619,27.594022450441624]}"
3310,,,,,DISCARDED (Insufficient Samples),,,,"{""type"":""Point"",""coordinates"":[83.2766667407327,27.45316997017456]}"
3311,0.3873,0.1173,0.868,0.1496,STABLE CROPLAND,3.0,1.0,22.0,"{""type"":""Point"",""coordinates"":[83.01281080518477,27.472685742127826]}"
3312,,,,,DISCARDED (Insufficient Samples),,,,"{""type"":""Point"",""coordinates"":[83.2642104463481,27.545463554429784]}"
3313,0.41,0.0737,0.8533,0.1695,DISCARDED (Failed Phenology),9.0,4.0,16.0,"{""type"":""Point"",""coordinates"":[83.1640668586584,27.525948805769335]}"
3314,0.45,0.092,0.8479,0.1322,STABLE CROPLAND,3.0,2.0,23.0,"{""type"":""Point"",""coordinates"":[83.15750360948117,27.631930549264723]}"
3315,,,,,DISCARDED (Insufficient Samples),,,,"{""type"":""Point"",""coordinates"":[83.21029646788774,27.427459585537065]}"
3316,,,,,DISCARDED (Insufficient Samples),,,,"{""type"":""Point"",""coordinates"":[83.25139094810265,27.465139833403747]}"
3317,0.4223,0.183,0.7158,0.1104,DISCARDED (Static Vegetation / Low Amplitude),5.0,2.0,19.0,"{""type"":""Point"",""coordinates"":[83.14929191906354,27.61531784185942]}"
3318,,,,,DISCARDED (Insufficient Samples),,,,"{""type"":""Point"",""coordinates"":[83.32150717660166,27.461461860190624]}"
3319,,,,,DISCARDED (Insufficient Samples),,,,"{""type"":""Point"",""coordinates"":[83.17612758455556,27.483405437263208]}"
3320,0.3356,0.11,0.8391,0.2048,DISCARDED (Failed Phenology),6.0,4.0,18.0,"{""type"":""Point"",""coordinates"":[83.12933733115851,27.508340907487998]}"
3321,0.409,0.1261,0.7627,0.1054,DISCARDED (Failed Phenology),4.0,1.0,20.0,"{""type"":""Point"",""coordinates"":[82.97844392574159,27.480936635831352]}"
3322,0.3423,0.0979,0.7862,0.1657,DISCARDED (Failed Phenology),4.0,1.0,19.0,"{""type"":""Point"",""coordinates"":[83.00704458123222,27.53505469737417]}"
3323,,,,,DISCARDED (Insufficient Samples),,,,"{""type"":""Point"",""coordinates"":[83.28481598062554,27.430699391524847]}"
3324,0.4114,0.1683,0.8289,0.1347,DISCARDED (Failed Phenology),4.0,1.0,24.0,"{""type"":""Point"",""coordinates"":[83.089060884892,27.53928282389685]}"
3325,,,,,DISCARDED (Insufficient Samples),,,,"{""type"":""Point"",""coordinates"":[83.21811389417836,27.56479440513307]}"
3326,0.4048,0.1199,0.8591,0.1346,DISCARDED (Failed Phenology),5.0,2.0,22.0,"{""type"":""Point"",""coordinates"":[83.11473624484024,27.492215708120316]}"
3327,,,,,DISCARDED (Insufficient Samples),,,,"{""type"":""Point"",""coordinates"":[83.23236487741877,27.421900008732536]}"
3328,,,,,DISCARDED (Insufficient Samples),,,,"{""type"":""Point"",""coordinates"":[83.2026808811667,27.499440142378678]}"
3329,,,,,DISCARDED (Insufficient Samples),,,,"{""type"":""Point"",""coordinates"":[83.06631251352937,27.47503785610978]}"
3330,0.4313,0.2244,0.7107,0.0682,DISCARDED (Static Vegetation / Low Amplitude),6.0,2.0,18.0,"{""type"":""Point"",""coordinates"":[83.11576752544757,27.649222660622172]}"
3331,0.373,-0.1097,0.8488,0.1495,STABLE CROPLAND,3.0,1.0,24.0,"{""type"":""Point"",""coordinates"":[83.04922663283124,27.51423038961481]}"
3332,0.4287,0.1067,0.8221,0.1104,STABLE CROPLAND,3.0,1.0,23.0,"{""type"":""Point"",""coordinates"":[83.08890138203797,27.480155007217704]}"
3333,0.423,0.1473,0.8417,0.1231,STABLE CROPLAND,3.0,2.0,25.0,"{""type"":""Point"",""coordinates"":[83.10341992383233,27.508426351268785]}"
3334,,,,,DISCARDED (Insufficient Samples),,,,"{""type"":""Point"",""coordinates"":[83.26854121191782,27.517632892929836]}"
3335,0.3578,0.1333,0.7201,0.1224,DISCARDED (Failed Phenology),4.0,2.0,23.0,"{""type"":""Point"",""coordinates"":[83.10953156918386,27.578350647026728]}"
3336,0.4367,0.14,0.8012,0.1144,DISCARDED (Failed Phenology),5.0,1.0,21.0,"{""type"":""Point"",""coordinates"":[83.05913965138299,27.49285196654129]}"
3337,,,,,DISCARDED (Insufficient Samples),,,,"{""type"":""Point"",""coordinates"":[83.23181549522589,27.472841716944703]}"
3338,0.4243,0.1611,0.8083,0.1143,DISCARDED (Failed Phenology),7.0,2.0,21.0,"{""type"":""Point"",""coordinates"":[83.1187076936678,27.554543653867725]}"
3339,0.4721,0.1541,0.8045,0.095,DISCARDED (Failed Phenology),6.0,2.0,20.0,"{""type"":""Point"",""coordinates"":[83.14771107053895,27.65180696280486]}"
3340,0.3718,0.1339,0.8252,0.1349,STABLE CROPLAND,2.0,1.0,23.0,"{""type"":""Point"",""coordinates"":[82.99558144723241,27.462712394266994]}"
3341,,,,,DISCARDED (Insufficient Samples),,,,"{""type"":""Point"",""coordinates"":[83.19105949739559,27.4683297236064]}"
3342,0.3873,0.1184,0.8363,0.1845,DISCARDED (Failed Phenology),6.0,4.0,19.0,"{""type"":""Point"",""coordinates"":[83.150085940826,27.507946324720255]}"
3343,0.4313,0.1329,0.8517,0.1319,DISCARDED (Failed Phenology),7.0,4.0,16.0,"{""type"":""Point"",""coordinates"":[83.12995226394453,27.527025071754228]}"
3344,,,,,DISCARDED (Insufficient Samples),,,,"{""type"":""Point"",""coordinates"":[83.02104568463338,27.455764094251606]}"
3345,0.4777,0.1399,0.8427,0.0901,DISCARDED (Failed Phenology),4.0,1.0,23.0,"{""type"":""Point"",""coordinates"":[83.08734999760878,27.578849859779034]}"
3346,0.4367,0.1345,0.8144,0.097,DISCARDED (Failed Phenology),4.0,1.0,23.0,"{""type"":""Point"",""coordinates"":[83.0655433573599,27.4546223599298]}"
3347,0.4115,0.1187,0.7935,0.09,DISCARDED (Failed Phenology),4.0,2.0,26.0,"{""type"":""Point"",""coordinates"":[82.96843947096528,27.46468466379221]}"
3348,,,,,DISCARDED (Insufficient Samples),,,,"{""type"":""Point"",""coordinates"":[83.8297001313554,27.411249334371707]}"
3349,,,,,DISCARDED (Insufficient Samples),,,,"{""type"":""Point"",""coordinates"":[83.80384187267144,27.41004955521519]}"
3350,0.5569,0.1502,0.8761,0.0589,STABLE CROPLAND,0.0,0.0,23.0,"{""type"":""Point"",""coordinates"":[86.15504257899535,27.443709346025724]}"
3351,,,,,DISCARDED (Insufficient Samples),,,,"{""type"":""Point"",""coordinates"":[83.76044062497384,27.40748450517743]}"
3352,,,,,DISCARDED (Insufficient Samples),,,,"{""type"":""Point"",""coordinates"":[84.99692796316242,27.430049633341817]}"
3353,,,,,DISCARDED (Insufficient Samples),,,,"{""type"":""Point"",""coordinates"":[85.33212408653382,27.433833512026464]}"
3354,,,,,DISCARDED (Insufficient Samples),,,,"{""type"":""Point"",""coordinates"":[85.48534714236551,27.436421192647792]}"
3355,,,,,DISCARDED (Insufficient Samples),,,,"{""type"":""Point"",""coordinates"":[84.44681912049839,27.416612071129823]}"
3356,0.4343,0.1348,0.8426,0.0948,STABLE CROPLAND,1.0,1.0,22.0,"{""type"":""Point"",""coordinates"":[85.88052602843979,27.434667487431735]}"
3357,0.4287,0.1452,0.791,0.0744,STABLE CROPLAND,1.0,1.0,22.0,"{""type"":""Point"",""coordinates"":[85.9383185275627,27.434788170485927]}"
3358,,,,,DISCARDED (Insufficient Samples),,,,"{""type"":""Point"",""coordinates"":[83.2622092610601,27.392559523835455]}"
3359,0.4798,0.1742,0.8696,0.084,STABLE CROPLAND,1.0,1.0,22.0,"{""type"":""Point"",""coordinates"":[85.99846044492975,27.437321513603464]}"
3360,0.5367,0.2127,0.8887,0.0939,STABLE CROPLAND,2.0,1.0,21.0,"{""type"":""Point"",""coordinates"":[87.69985395742967,27.43608463141762]}"
3361,0.4603,0.1523,0.8152,0.0778,STABLE CROPLAND,0.0,0.0,23.0,"{""type"":""Point"",""coordinates"":[85.90245882497629,27.433488718035896]}"
3362,,,,,DISCARDED (Insufficient Samples),,,,"{""type"":""Point"",""coordinates"":[85.51024840314571,27.42902351613514]}"
3363,0.6183,0.2753,0.8735,0.0406,DISCARDED (Static Vegetation / Low Amplitude),0.0,0.0,23.0,"{""type"":""Point"",""coordinates"":[87.60871455470924,27.435692449230743]}"
3364,0.4046,0.1503,0.8488,0.1594,STABLE CROPLAND,3.0,2.0,20.0,"{""type"":""Point"",""coordinates"":[84.9597502497592,27.42107037171772]}"
3365,,,,,DISCARDED (Insufficient Samples),,,,"{""type"":""Point"",""coordinates"":[85.04597613033648,27.42225676143661]}"
3366,,,,,DISCARDED (Insufficient Samples),,,,"{""type"":""Point"",""coordinates"":[83.78449322195809,27.39874236121096]}"
3367,0.4675,0.1411,0.8885,0.082,STABLE CROPLAND,0.0,0.0,23.0,"{""type"":""Point"",""coordinates"":[86.01965087744628,27.431463180543467]}"
3368,0.3903,0.1201,0.8374,0.1607,STABLE CROPLAND,3.0,2.0,20.0,"{""type"":""Point"",""coordinates"":[84.9372710591505,27.4194089907781]}"
3369,,,,,DISCARDED (Insufficient Samples),,,,"{""type"":""Point"",""coordinates"":[85.35628730265097,27.425316833710017]}"
3370,0.4564,0.1752,0.82,0.0771,STABLE CROPLAND,1.0,1.0,24.0,"{""type"":""Point"",""coordinates"":[86.04652881228793,27.42910890960964]}"
3371,0.4114,0.1614,0.8396,0.0785,STABLE CROPLAND,0.0,0.0,23.0,"{""type"":""Point"",""coordinates"":[85.97021540856532,27.42866455589081]}"
3372,0.4965,0.1491,0.9062,0.0551,STABLE CROPLAND,0.0,0.0,23.0,"{""type"":""Point"",""coordinates"":[86.07697911313984,27.428825452896042]}"
3373,,,,,DISCARDED (Insufficient Samples),,,,"{""type"":""Point"",""coordinates"":[85.10195871429711,27.417529063013426]}"
3374,0.4546,0.1776,0.8037,0.094,STABLE CROPLAND,1.0,1.0,22.0,"{""type"":""Point"",""coordinates"":[87.10770978802202,27.430043008537016]}"
3375,,,,,DISCARDED (Insufficient Samples),,,,"{""type"":""Point"",""coordinates"":[85.37753655813938,27.41944119575391]}"
3376,0.427,0.1296,0.7885,0.0792,DISCARDED (Failed Phenology),4.0,4.0,19.0,"{""type"":""Point"",""coordinates"":[85.79195056962135,27.424334390627187]}"
3377,0.3798,0.1203,0.7988,0.0857,STABLE CROPLAND,0.0,0.0,23.0,"{""type"":""Point"",""coordinates"":[85.83413322297491,27.424120045461148]}"
3378,,,,,DISCARDED (Insufficient Samples),,,,"{""type"":""Point"",""coordinates"":[85.01113192790771,27.412642923385025]}"
3379,,,,,DISCARDED (Insufficient Samples),,,,"{""type"":""Point"",""coordinates"":[83.83400923639554,27.390513835715865]}"
3380,0.542,0.2681,0.8914,0.0968,DISCARDED (Static Vegetation / Low Amplitude),1.0,1.0,22.0,"{""type"":""Point"",""coordinates"":[86.6839295206045,27.422829483500937]}"
3381,,,,,DISCARDED (Insufficient Samples),,,,"{""type"":""Point"",""coordinates"":[83.81034336752916,27.386844578973733]}"
3382,,,,,DISCARDED (Insufficient Samples),,,,"{""type"":""Point"",""coordinates"":[83.89358440045822,27.386651367391647]}"
3383,0.398,0.1284,0.8437,0.1235,STABLE CROPLAND,0.0,0.0,23.0,"{""type"":""Point"",""coordinates"":[85.9216944130638,27.41680852282111]}"
3384,0.4622,0.1797,0.8468,0.1284,STABLE CROPLAND,2.0,2.0,21.0,"{""type"":""Point"",""coordinates"":[86.2401115944892,27.418822485890686]}"
3385,0.4683,0.1827,0.8554,0.1413,STABLE CROPLAND,2.0,2.0,21.0,"{""type"":""Point"",""coordinates"":[85.55020402331381,27.4120558638054]}"
3386,0.4929,0.0626,0.9411,0.1144,DISCARDED (Failed Phenology),5.0,5.0,18.0,"{""type"":""Point"",""coordinates"":[85.87799576091415,27.414716147890324]}"
3387,,,,,DISCARDED (Insufficient Samples),,,,"{""type"":""Point"",""coordinates"":[85.0765299970377,27.408346044652593]}"
3388,0.417,0.1278,0.8675,0.1155,STABLE CROPLAND,1.0,1.0,22.0,"{""type"":""Point"",""coordinates"":[85.85649073406118,27.41419640271981]}"
3389,0.6271,0.1972,0.9116,0.0689,STABLE CROPLAND,3.0,2.0,21.0,"{""type"":""Point"",""coordinates"":[87.67397182515792,27.41597507820506]}"
3390,0.4525,0.2325,0.7561,0.0681,DISCARDED (Static Vegetation / Low Amplitude),1.0,1.0,22.0,"{""type"":""Point"",""coordinates"":[87.21615601800126,27.416468436024978]}"
3391,0.4526,0.1394,0.8685,0.1031,STABLE CROPLAND,0.0,0.0,23.0,"{""type"":""Point"",""coordinates"":[86.21782341758221,27.414168784152224]}"
3392,0.4398,0.2231,0.7181,0.0685,DISCARDED (Static Vegetation / Low Amplitude),1.0,1.0,22.0,"{""type"":""Point"",""coordinates"":[87.29456195914108,27.415285170743267]}"
3393,0.4995,0.1917,0.7603,0.0567,STABLE CROPLAND,0.0,0.0,23.0,"{""type"":""Point"",""coordinates"":[87.07175514290557,27.415125214383515]}"
3394,,,,,DISCARDED (Insufficient Samples),,,,"{""type"":""Point"",""coordinates"":[84.99275745948674,27.401645938450145]}"
3395,,,,,DISCARDED (Insufficient Samples),,,,"{""type"":""Point"",""coordinates"":[83.3113848274797,27.365447430596333]}"
3396,0.4034,0.0712,0.8082,0.1483,DISCARDED (Failed Phenology),4.0,2.0,19.0,"{""type"":""Point"",""coordinates"":[85.04245057090775,27.398414650898463]}"
3397,0.5005,0.0721,0.8758,0.0741,STABLE CROPLAND,0.0,0.0,23.0,"{""type"":""Point"",""coordinates"":[87.12724819773942,27.40940321600832]}"
3398,0.4375,0.1636,0.8277,0.0678,STABLE CROPLAND,0.0,0.0,23.0,"{""type"":""Point"",""coordinates"":[85.99574501849636,27.405504870979225]}"
3399,0.4011,0.122,0.8373,0.0948,STABLE CROPLAND,0.0,0.0,23.0,"{""type"":""Point"",""coordinates"":[86.12325861958325,27.406915978744347]}"
3400,0.4192,0.1445,0.8069,0.0938,STABLE CROPLAND,0.0,0.0,23.0,"{""type"":""Point"",""coordinates"":[86.18969003114502,27.404355761863744]}"
3401,,,,,DISCARDED (Insufficient Samples),,,,"{""type"":""Point"",""coordinates"":[85.06231233331432,27.394351022215577]}"
3402,0.376,0.1132,0.8103,0.1467,STABLE CROPLAND,2.0,1.0,21.0,"{""type"":""Point"",""coordinates"":[86.25213539908458,27.40359773712543]}"
3403,0.4143,0.1215,0.8674,0.0878,STABLE CROPLAND,0.0,0.0,23.0,"{""type"":""Point"",""coordinates"":[85.9532293330602,27.40280835939233]}"
3404,0.4965,0.1723,0.8806,0.0611,STABLE CROPLAND,0.0,0.0,23.0,"{""type"":""Point"",""coordinates"":[86.04928693543089,27.40259106558796]}"
3405,0.4629,0.2222,0.7919,0.0946,STABLE CROPLAND,1.0,1.0,22.0,"{""type"":""Point"",""coordinates"":[87.27034523836741,27.40402773577333]}"
3406,,,,,DISCARDED (Insufficient Samples),,,,"{""type"":""Point"",""coordinates"":[85.39499809122063,27.39446811061558]}"
3407,0.3932,0.209,0.6261,0.059,DISCARDED (Static Vegetation / Low Amplitude),1.0,1.0,22.0,"{""type"":""Point"",""coordinates"":[87.16637179287605,27.403858887360013]}"
3408,,,,,DISCARDED (Insufficient Samples),,,,"{""type"":""Point"",""coordinates"":[85.45847979163199,27.39423879732971]}"
3409,0.4204,0.1563,0.802,0.0772,STABLE CROPLAND,1.0,1.0,22.0,"{""type"":""Point"",""coordinates"":[85.84187640641603,27.39859886223587]}"
3410,0.4702,0.1561,0.8893,0.0562,STABLE CROPLAND,0.0,0.0,23.0,"{""type"":""Point"",""coordinates"":[86.08467121236144,27.404033183042102]}"
3411,0.4282,0.1487,0.8675,0.109,STABLE CROPLAND,1.0,1.0,22.0,"{""type"":""Point"",""coordinates"":[86.69443194307132,27.402229692420786]}"
3412,,,,,DISCARDED (Insufficient Samples),,,,"{""type"":""Point"",""coordinates"":[83.83746300787604,27.36592596325132]}"
3413,0.5833,0.2442,0.8289,0.0323,STABLE CROPLAND,2.0,1.0,21.0,"{""type"":""Point"",""coordinates"":[87.65734901281047,27.39959041238832]}"
3414,0.4502,0.2111,0.7755,0.0765,STABLE CROPLAND,2.0,1.0,21.0,"{""type"":""Point"",""coordinates"":[87.18703623231471,27.402277666856474]}"
3415,0.4642,0.1624,0.8618,0.1097,STABLE CROPLAND,2.0,1.0,21.0,"{""type"":""Point"",""coordinates"":[85.29963678015197,27.389883860797386]}"
3416,,,,,DISCARDED (Insufficient Samples),,,,"{""type"":""Point"",""coordinates"":[85.26981915828051,27.38913189193693]}"
3417,0.4163,0.1731,0.7987,0.0815,STABLE CROPLAND,0.0,0.0,23.0,"{""type"":""Point"",""coordinates"":[85.91009706141284,27.395142675505078]}"
3418,0.4367,0.1563,0.8396,0.1299,STABLE CROPLAND,2.0,2.0,21.0,"{""type"":""Point"",""coordinates"":[84.97406754857857,27.391636586113222]}"
3419,,,,,DISCARDED (Insufficient Samples),,,,"{""type"":""Point"",""coordinates"":[85.15755356978285,27.386923611992426]}"
3420,0.4792,0.0929,0.9351,0.071,STABLE CROPLAND,0.0,0.0,23.0,"{""type"":""Point"",""coordinates"":[86.01683129023893,27.395420472692905]}"
3421,0.431,0.1704,0.732,0.0846,STABLE CROPLAND,2.0,2.0,21.0,"{""type"":""Point"",""coordinates"":[87.23041661781915,27.398995120551398]}"
3422,,,,,DISCARDED (Insufficient Samples),,,,"{""type"":""Point"",""coordinates"":[85.09521539277615,27.385109651103527]}"
3423,0.4938,0.1211,0.9241,0.1642,DISCARDED (Failed Phenology),4.0,4.0,19.0,"{""type"":""Point"",""coordinates"":[85.88742225893701,27.39197041491055]}"
3424,0.5131,0.1543,0.9139,0.0974,STABLE CROPLAND,0.0,0.0,23.0,"{""type"":""Point"",""coordinates"":[86.2232704369808,27.393509714029246]}"
3425,0.3841,0.1489,0.8105,0.1439,STABLE CROPLAND,2.0,1.0,21.0,"{""type"":""Point"",""coordinates"":[84.99478502159022,27.38024368061505]}"
3426,0.3587,0.1164,0.8031,0.129,STABLE CROPLAND,1.0,1.0,22.0,"{""type"":""Point"",""coordinates"":[85.93551837852621,27.390038011250745]}"
3427,,,,,DISCARDED (Insufficient Samples),,,,"{""type"":""Point"",""coordinates"":[85.19814264835844,27.382221042460625]}"
3428,0.4347,0.1923,0.7226,0.0821,DISCARDED (Static Vegetation / Low Amplitude),0.0,0.0,23.0,"{""type"":""Point"",""coordinates"":[87.20983464150434,27.39305839113959]}"
3429,0.4514,0.1389,0.8404,0.1136,STABLE CROPLAND,2.0,2.0,21.0,"{""type"":""Point"",""coordinates"":[85.31995668957431,27.38344996920488]}"
3430,0.4009,0.0313,0.8664,0.1481,STABLE CROPLAND,2.0,1.0,21.0,"{""type"":""Point"",""coordinates"":[85.03896190859933,27.37539277627799]}"
3431,,,,,DISCARDED (Insufficient Samples),,,,"{""type"":""Point"",""coordinates"":[85.11629672967022,27.39383625137168]}"
3432,,,,,DISCARDED (Insufficient Samples),,,,"{""type"":""Point"",""coordinates"":[83.29136289146854,27.338351344453752]}"
3433,0.4366,0.1074,0.8759,0.1182,DISCARDED (Failed Phenology),3.0,3.0,20.0,"{""type"":""Point"",""coordinates"":[85.95894011379079,27.382731516599467]}"
3434,0.4356,0.1382,0.7691,0.081,STABLE CROPLAND,0.0,0.0,23.0,"{""type"":""Point"",""coordinates"":[87.15337165799974,27.385419397819717]}"
3435,0.4018,0.1542,0.8261,0.1556,STABLE CROPLAND,3.0,2.0,20.0,"{""type"":""Point"",""coordinates"":[85.01829258943555,27.371422763475415]}"
3436,0.3733,0.0647,0.7632,0.1544,DISCARDED (Failed Phenology),4.0,2.0,19.0,"{""type"":""Point"",""coordinates"":[85.06641031038122,27.3722860039179]}"
3437,0.4861,0.1854,0.7982,0.0874,DISCARDED (Failed Phenology),6.0,2.0,17.0,"{""type"":""Point"",""coordinates"":[86.61043842022032,27.385448380241705]}"
3438,,,,,DISCARDED (Insufficient Samples),,,,"{""type"":""Point"",""coordinates"":[85.1164126614104,27.372185946439277]}"
3439,0.3306,0.1062,0.9182,0.1464,STABLE CROPLAND,1.0,1.0,22.0,"{""type"":""Point"",""coordinates"":[85.99990886159141,27.3813373387151]}"
3440,,,,,DISCARDED (Insufficient Samples),,,,"{""type"":""Point"",""coordinates"":[85.34071714650484,27.375593527693162]}"
3441,,,,,DISCARDED (Insufficient Samples),,,,"{""type"":""Point"",""coordinates"":[85.62375892229235,27.377422081036634]}"
3442,0.5633,0.2311,0.8513,0.0681,STABLE CROPLAND,3.0,1.0,20.0,"{""type"":""Point"",""coordinates"":[87.57909423743665,27.382168987067065]}"
3443,,,,,DISCARDED (Insufficient Samples),,,,"{""type"":""Point"",""coordinates"":[83.87109047506046,27.356963699309254]}"
3444,0.4432,0.1521,0.8548,0.0875,STABLE CROPLAND,0.0,0.0,23.0,"{""type"":""Point"",""coordinates"":[86.13366847631275,27.38097716109091]}"
3445,0.3572,0.1221,0.8227,0.1556,DISCARDED (Failed Phenology),4.0,1.0,19.0,"{""type"":""Point"",""coordinates"":[84.57348209678035,27.36246139204033]}"
3446,0.5062,0.201,0.8591,0.0856,STABLE CROPLAND,0.0,0.0,23.0,"{""type"":""Point"",""coordinates"":[86.19880137956876,27.380201213857827]}"
3447,0.5651,0.1729,0.88,0.0426,STABLE CROPLAND,1.0,1.0,22.0,"{""type"":""Point"",""coordinates"":[87.60363115314622,27.38105224098417]}"
3448,,,,,DISCARDED (Insufficient Samples),,,,"{""type"":""Point"",""coordinates"":[83.36071306311824,27.431800308199186]}"
3449,,,,,DISCARDED (Insufficient Samples),,,,"{""type"":""Point"",""coordinates"":[83.33812184271142,27.369849526494345]}"
3450,,,,,DISCARDED (Insufficient Samples),,,,"{""type"":""Point"",""coordinates"":[83.38872078969871,27.420099271634406]}"
3451,,,,,DISCARDED (Insufficient Samples),,,,"{""type"":""Point"",""coordinates"":[83.30858349007003,27.38547955534164]}"
3452,,,,,DISCARDED (Insufficient Samples),,,,"{""type"":""Point"",""coordinates"":[83.3364511253053,27.39906586285954]}"
3453,,,,,DISCARDED (Insufficient Samples),,,,"{""type"":""Point"",""coordinates"":[83.27939257390955,27.382724846012778]}"
3454,,,,,DISCARDED (Insufficient Samples),,,,"{""type"":""Point"",""coordinates"":[83.3545660695914,27.381484320355263]}"
3455,,,,,DISCARDED (Insufficient Samples),,,,"{""type"":""Point"",""coordinates"":[83.35535728992376,27.45491813363398]}"
3456,,,,,DISCARDED (Insufficient Samples),,,,"{""type"":""Point"",""coordinates"":[83.3833214495634,27.375684788658155]}"
3457,,,,,DISCARDED (Insufficient Samples),,,,"{""type"":""Point"",""coordinates"":[83.36997981290632,27.39575388675451]}"
3458,,,,,DISCARDED (Insufficient Samples),,,,"{""type"":""Point"",""coordinates"":[83.3311625551743,27.339475311870142]}"
3459,,,,,DISCARDED (Insufficient Samples),,,,"{""type"":""Point"",""coordinates"":[83.37155438782887,27.36014645718606]}"
3460,,,,,DISCARDED (Insufficient Samples),,,,"{""type"":""Point"",""coordinates"":[83.27573187300173,27.35940597499453]}"
3461,,,,,DISCARDED (Insufficient Samples),,,,"{""type"":""Point"",""coordinates"":[83.3537160268563,27.34473524692967]}"
3462,,,,,DISCARDED (Insufficient Samples),,,,"{""type"":""Point"",""coordinates"":[83.33204494736394,27.436155006235097]}"
3463,,,,,DISCARDED (Insufficient Samples),,,,"{""type"":""Point"",""coordinates"":[83.39372843840692,27.455810684657163]}"
3464,,,,,DISCARDED (Insufficient Samples),,,,"{""type"":""Point"",""coordinates"":[83.35668183469186,27.411588034365714]}"
3465,,,,,DISCARDED (Insufficient Samples),,,,"{""type"":""Point"",""coordinates"":[83.39515662451576,27.400494430452174]}"
3466,,,,,DISCARDED (Insufficient Samples),,,,"{""type"":""Point"",""coordinates"":[83.38156564281242,27.43783624717585]}"
3467,0.3932,0.0641,0.8652,0.1374,STABLE CROPLAND,3.0,1.0,20.0,"{""type"":""Point"",""coordinates"":[85.14166068928704,27.37059357825331]}"
3468,0.5042,0.1624,0.8384,0.0572,STABLE CROPLAND,0.0,0.0,23.0,"{""type"":""Point"",""coordinates"":[86.7990099653653,27.38050558236353]}"
3469,,,,,DISCARDED (Insufficient Samples),,,,"{""type"":""Point"",""coordinates"":[85.54085108627551,27.373407527889235]}"
3470,0.4352,0.1628,0.8824,0.1239,STABLE CROPLAND,0.0,0.0,23.0,"{""type"":""Point"",""coordinates"":[86.64296675268196,27.38015776429789]}"
3471,0.4622,0.2063,0.8058,0.0864,STABLE CROPLAND,1.0,1.0,22.0,"{""type"":""Point"",""coordinates"":[87.10444308855696,27.379665653843272]}"
3472,0.473,0.1744,0.8148,0.0978,STABLE CROPLAND,1.0,1.0,23.0,"{""type"":""Point"",""coordinates"":[84.6075006214304,27.36012393002774]}"
3473,0.4315,0.1588,0.8131,0.1454,DISCARDED (Failed Phenology),4.0,4.0,19.0,"{""type"":""Point"",""coordinates"":[85.24180273904659,27.3687864791359]}"
3474,0.4959,0.1871,0.8968,0.1088,STABLE CROPLAND,0.0,0.0,24.0,"{""type"":""Point"",""coordinates"":[86.03906325961822,27.37605147938319]}"
3475,0.4615,0.14,0.8506,0.1118,STABLE CROPLAND,1.0,1.0,22.0,"{""type"":""Point"",""coordinates"":[85.16814776702293,27.366253142907293]}"
3476,0.4458,0.097,0.8951,0.0831,STABLE CROPLAND,1.0,1.0,22.0,"{""type"":""Point"",""coordinates"":[86.06728781801922,27.37727360874597]}"
3477,,,,,DISCARDED (Insufficient Samples),,,,"{""type"":""Point"",""coordinates"":[85.51865348780183,27.369961113831753]}"
3478,0.4917,0.2034,0.8503,0.1169,STABLE CROPLAND,2.0,2.0,21.0,"{""type"":""Point"",""coordinates"":[85.39526874502657,27.368068268785766]}"
3479,0.4509,0.1547,0.8753,0.0676,STABLE CROPLAND,0.0,0.0,23.0,"{""type"":""Point"",""coordinates"":[86.10411424898022,27.3725856623873]}"
3480,,,,,DISCARDED (Insufficient Samples),,,,"{""type"":""Point"",""coordinates"":[87.85305845810889,27.37295705099382]}"
3481,0.4936,0.1946,0.8637,0.088,STABLE CROPLAND,1.0,1.0,22.0,"{""type"":""Point"",""coordinates"":[85.94134877432576,27.369779098056057]}"
3482,0.4618,0.0956,0.7843,0.0944,STABLE CROPLAND,1.0,1.0,22.0,"{""type"":""Point"",""coordinates"":[87.225443630891,27.373118731359135]}"
3483,,,,,DISCARDED (Insufficient Samples),,,,"{""type"":""Point"",""coordinates"":[85.27317723153166,27.362292094671393]}"
3484,0.531,0.2219,0.8353,0.072,STABLE CROPLAND,1.0,1.0,23.0,"{""type"":""Point"",""coordinates"":[87.53193499361382,27.36835263665866]}"
3485,0.422,0.1457,0.8571,0.1517,STABLE CROPLAND,3.0,1.0,20.0,"{""type"":""Point"",""coordinates"":[85.21341801930026,27.357023980935526]}"
3486,0.4619,0.1861,0.8987,0.1281,STABLE CROPLAND,0.0,0.0,23.0,"{""type"":""Point"",""coordinates"":[86.22509636624007,27.36635049232686]}"
3487,0.458,0.1836,0.8278,0.0885,STABLE CROPLAND,0.0,0.0,23.0,"{""type"":""Point"",""coordinates"":[86.17261429066362,27.36450778785036]}"
3488,,,,,DISCARDED (Insufficient Samples),,,,"{""type"":""Point"",""coordinates"":[85.65316329912288,27.360247685741136]}"
3489,0.382,0.1132,0.8294,0.0742,STABLE CROPLAND,0.0,0.0,23.0,"{""type"":""Point"",""coordinates"":[86.08648143519413,27.363374753691357]}"
3490,0.4596,0.1648,0.8475,0.0957,STABLE CROPLAND,0.0,0.0,23.0,"{""type"":""Point"",""coordinates"":[87.18438903898686,27.36529620374681]}"
3491,0.3776,0.154,0.774,0.0952,STABLE CROPLAND,1.0,1.0,22.0,"{""type"":""Point"",""coordinates"":[85.91485591768718,27.35968169388325]}"
3492,,,,,DISCARDED (Insufficient Samples),,,,"{""type"":""Point"",""coordinates"":[85.35417382358273,27.3534362738315]}"
3493,,,,,DISCARDED (Insufficient Samples),,,,"{""type"":""Point"",""coordinates"":[85.23536828046974,27.350820339899194]}"
3494,0.4946,0.1837,0.8637,0.0881,STABLE CROPLAND,2.0,2.0,21.0,"{""type"":""Point"",""coordinates"":[85.32103648777324,27.350151901841443]}"
3495,0.4712,0.157,0.7871,0.102,DISCARDED (Failed Phenology),5.0,3.0,18.0,"{""type"":""Point"",""coordinates"":[85.87387091799926,27.355494566322285]}"
3496,,,,,DISCARDED (Insufficient Samples),,,,"{""type"":""Point"",""coordinates"":[85.5462774575313,27.352589104206448]}"
3497,0.3707,0.0933,0.8769,0.1217,STABLE CROPLAND,0.0,0.0,23.0,"{""type"":""Point"",""coordinates"":[86.03128352716813,27.354085350758485]}"
3498,0.5841,0.2175,0.8952,0.0559,STABLE CROPLAND,0.0,0.0,23.0,"{""type"":""Point"",""coordinates"":[87.61746234456791,27.35683767889882]}"
3499,0.5021,0.1887,0.835,0.0987,STABLE CROPLAND,2.0,2.0,21.0,"{""type"":""Point"",""coordinates"":[85.19159312287516,27.343943205266893]}"
3500,0.4369,0.1726,0.788,0.086,DISCARDED (Failed Phenology),3.0,3.0,20.0,"{""type"":""Point"",""coordinates"":[85.97552596159437,27.35159477203725]}"
3501,,,,,DISCARDED (Insufficient Samples),,,,"{""type"":""Point"",""coordinates"":[85.37825285211204,27.344891682269644]}"
3502,0.575,0.2615,0.8799,0.0924,DISCARDED (Static Vegetation / Low Amplitude),1.0,1.0,22.0,"{""type"":""Point"",""coordinates"":[86.19415113625085,27.349272309639193]}"
3503,0.4488,0.121,0.9157,0.1731,DISCARDED (Failed Phenology),4.0,2.0,20.0,"{""type"":""Point"",""coordinates"":[86.44104624828026,27.35030392446743]}"
3504,0.4387,0.2013,0.786,0.0841,STABLE CROPLAND,0.0,0.0,23.0,"{""type"":""Point"",""coordinates"":[87.16286972528019,27.350852465615002]}"
3505,0.5539,0.2594,0.8461,0.0915,DISCARDED (Static Vegetation / Low Amplitude),6.0,2.0,17.0,"{""type"":""Point"",""coordinates"":[86.84235076796011,27.350589570620365]}"
3506,0.3667,0.1142,0.6604,0.083,DISCARDED (Static Vegetation / Low Amplitude),3.0,2.0,20.0,"{""type"":""Point"",""coordinates"":[85.3441567893122,27.337694856045694]}"
3507,0.5423,0.3217,0.8828,0.118,DISCARDED (Static Vegetation / Low Amplitude),4.0,2.0,19.0,"{""type"":""Point"",""coordinates"":[86.30528740868121,27.34566147609759]}"
3508,0.4345,0.1448,0.8499,0.1511,STABLE CROPLAND,2.0,1.0,21.0,"{""type"":""Point"",""coordinates"":[85.28026685672883,27.337657551664932]}"
3509,,,,,DISCARDED (Insufficient Samples),,,,"{""type"":""Point"",""coordinates"":[85.22239962291762,27.33659701116432]}"
3510,0.3882,0.1595,0.7653,0.1236,DISCARDED (Failed Phenology),4.0,3.0,19.0,"{""type"":""Point"",""coordinates"":[85.0844227769496,27.332201227096913]}"
3511,0.3835,0.1366,0.8315,0.1393,DISCARDED (Failed Phenology),4.0,3.0,20.0,"{""type"":""Point"",""coordinates"":[84.63984443570801,27.325759139054604]}"
3512,,,,,DISCARDED (Insufficient Samples),,,,"{""type"":""Point"",""coordinates"":[85.74436248667413,27.33810224003983]}"
3513,0.4179,0.1374,0.8035,0.091,STABLE CROPLAND,0.0,0.0,23.0,"{""type"":""Point"",""coordinates"":[85.44025362538818,27.33479553522761]}"
3514,0.533,0.1857,0.8764,0.082,STABLE CROPLAND,2.0,1.0,21.0,"{""type"":""Point"",""coordinates"":[87.6413310701382,27.34096945979539]}"
3515,0.3856,0.1383,0.7646,0.1247,DISCARDED (Failed Phenology),4.0,2.0,19.0,"{""type"":""Point"",""coordinates"":[85.1450597476413,27.32863368526647]}"
3516,,,,,DISCARDED (Insufficient Samples),,,,"{""type"":""Point"",""coordinates"":[87.85090975810034,27.33876560188625]}"
3517,0.4319,0.1803,0.8367,0.1083,STABLE CROPLAND,0.0,0.0,23.0,"{""type"":""Point"",""coordinates"":[86.27335632163594,27.33558204182743]}"
3518,0.4196,0.1521,0.7608,0.0896,STABLE CROPLAND,2.0,1.0,21.0,"{""type"":""Point"",""coordinates"":[85.40552269300387,27.32452851461305]}"
3519,0.4244,0.1525,0.8035,0.1128,STABLE CROPLAND,1.0,1.0,22.0,"{""type"":""Point"",""coordinates"":[85.94079615497677,27.32868423478362]}"
3520,0.4026,0.1139,0.8204,0.1557,STABLE CROPLAND,2.0,1.0,21.0,"{""type"":""Point"",""coordinates"":[85.24620078273237,27.322467110763252]}"
3521,0.4489,0.0975,0.8877,0.1256,STABLE CROPLAND,1.0,1.0,22.0,"{""type"":""Point"",""coordinates"":[86.00609289275208,27.328527668639676]}"
3522,0.4295,0.131,0.8999,0.1101,STABLE CROPLAND,0.0,0.0,23.0,"{""type"":""Point"",""coordinates"":[87.19524233486382,27.33169320311858]}"
3523,0.415,0.1647,0.8137,0.0829,STABLE CROPLAND,0.0,0.0,23.0,"{""type"":""Point"",""coordinates"":[86.23722388427203,27.327359099521555]}"
3524,,,,,DISCARDED (Insufficient Samples),,,,"{""type"":""Point"",""coordinates"":[86.43402915151857,27.328783282917534]}"
3525,,,,,DISCARDED (Insufficient Samples),,,,"{""type"":""Point"",""coordinates"":[85.79867589470425,27.324738499695616]}"
3526,0.4033,0.1274,0.7814,0.1125,STABLE CROPLAND,2.0,2.0,21.0,"{""type"":""Point"",""coordinates"":[85.32341669549365,27.318356739785838]}"
3527,0.5088,0.1752,0.8639,0.091,STABLE CROPLAND,0.0,0.0,23.0,"{""type"":""Point"",""coordinates"":[86.58572987744401,27.327119504001182]}"
3528,0.4563,0.1187,0.7909,0.125,DISCARDED (Failed Phenology),6.0,2.0,17.0,"{""type"":""Point"",""coordinates"":[85.4277001813253,27.31993198312674]}"
3529,0.452,0.1902,0.7912,0.0895,STABLE CROPLAND,0.0,0.0,23.0,"{""type"":""Point"",""coordinates"":[86.20996257925302,27.324025973839813]}"
3530,0.4348,0.1888,0.8379,0.1116,STABLE CROPLAND,0.0,0.0,23.0,"{""type"":""Point"",""coordinates"":[86.48171525205638,27.325916498639554]}"
3531,,,,,DISCARDED (Insufficient Samples),,,,"{""type"":""Point"",""coordinates"":[85.8825187677295,27.320370697582234]}"
3532,0.455,0.071,0.8322,0.1178,STABLE CROPLAND,3.0,2.0,21.0,"{""type"":""Point"",""coordinates"":[86.29878291870307,27.325046598657863]}"
3533,,,,,DISCARDED (Insufficient Samples),,,,"{""type"":""Point"",""coordinates"":[87.33469195751586,27.325844933044447]}"
3534,,,,,DISCARDED (Insufficient Samples),,,,"{""type"":""Point"",""coordinates"":[84.6552705772873,27.305047022857806]}"
3535,0.4596,0.1473,0.8231,0.0911,STABLE CROPLAND,0.0,0.0,23.0,"{""type"":""Point"",""coordinates"":[86.61555967315932,27.32278161883032]}"
3536,0.4036,0.1385,0.7049,0.0828,DISCARDED (Failed Phenology),3.0,3.0,20.0,"{""type"":""Point"",""coordinates"":[85.36645967423183,27.311863702341885]}"
3537,,,,,DISCARDED (Insufficient Samples),,,,"{""type"":""Point"",""coordinates"":[87.84234362913378,27.318777744467518]}"
3538,0.5163,0.1493,0.8625,0.0572,STABLE CROPLAND,0.0,0.0,23.0,"{""type"":""Point"",""coordinates"":[86.71776487291608,27.31907277865736]}"
3539,,,,,DISCARDED (Insufficient Samples),,,,"{""type"":""Point"",""coordinates"":[85.19666637889554,27.306680146874854]}"
3540,,,,,DISCARDED (Insufficient Samples),,,,"{""type"":""Point"",""coordinates"":[85.81679404685138,27.31369085153348]}"
3541,0.5132,0.2037,0.9067,0.1044,STABLE CROPLAND,0.0,0.0,23.0,"{""type"":""Point"",""coordinates"":[86.73919962595383,27.31660033683281]}"
3542,,,,,DISCARDED (Insufficient Samples),,,,"{""type"":""Point"",""coordinates"":[85.5532712453435,27.30863074561184]}"
3543,0.4117,0.1523,0.8185,0.1101,STABLE CROPLAND,0.0,0.0,23.0,"{""type"":""Point"",""coordinates"":[86.54204252272628,27.315846958482787]}"
3544,0.4405,0.1375,0.8775,0.1002,STABLE CROPLAND,0.0,0.0,23.0,"{""type"":""Point"",""coordinates"":[87.1908863258774,27.313836212579222]}"
3545,0.3263,0.1133,0.6888,0.0847,STABLE CROPLAND,0.0,0.0,23.0,"{""type"":""Point"",""coordinates"":[86.02613895237175,27.310520465036085]}"
3546,0.558,0.2458,0.9335,0.1148,STABLE CROPLAND,0.0,0.0,23.0,"{""type"":""Point"",""coordinates"":[86.3281637087376,27.311917403097347]}"
3547,,,,,DISCARDED (Insufficient Samples),,,,"{""type"":""Point"",""coordinates"":[85.85242440193099,27.307535388371715]}"
3548,0.6195,0.2261,0.9019,0.0561,STABLE CROPLAND,1.0,1.0,22.0,"{""type"":""Point"",""coordinates"":[87.68397006218616,27.30986887545165]}"
3549,0.5,0.1355,0.9179,0.0844,STABLE CROPLAND,0.0,0.0,23.0,"{""type"":""Point"",""coordinates"":[85.99308483712873,27.306096488218248]}"
3550,0.4408,0.1154,0.8492,0.1642,STABLE CROPLAND,2.0,2.0,21.0,"{""type"":""Point"",""coordinates"":[86.4539870759238,27.30875942237181]}"
3551,,,,,DISCARDED (Insufficient Samples),,,,"{""type"":""Point"",""coordinates"":[85.65713128068718,27.30292809609057]}"
3552,0.5274,0.2058,0.8125,0.0823,STABLE CROPLAND,2.0,1.0,21.0,"{""type"":""Point"",""coordinates"":[86.786897774889,27.308995524368463]}"
3553,0.4738,0.1292,0.8614,0.1003,DISCARDED (Failed Phenology),4.0,1.0,19.0,"{""type"":""Point"",""coordinates"":[86.52226575107555,27.307490233823597]}"
3554,0.4582,0.138,0.8504,0.0813,STABLE CROPLAND,1.0,1.0,22.0,"{""type"":""Point"",""coordinates"":[86.66336465450935,27.308282099057365]}"
3555,0.5752,0.1973,0.8959,0.086,STABLE CROPLAND,1.0,1.0,22.0,"{""type"":""Point"",""coordinates"":[85.89695304816173,27.30203271890547]}"
3556,0.5127,0.2273,0.8337,0.0794,STABLE CROPLAND,1.0,1.0,22.0,"{""type"":""Point"",""coordinates"":[86.2448412393421,27.30426836720065]}"
3557,0.5623,0.2032,0.8458,0.0589,STABLE CROPLAND,3.0,1.0,21.0,"{""type"":""Point"",""coordinates"":[87.7576268263072,27.30270002619795]}"
3558,0.393,0.1508,0.7653,0.11,STABLE CROPLAND,1.0,1.0,22.0,"{""type"":""Point"",""coordinates"":[85.41786192020713,27.298458080680188]}"
3559,0.4551,0.1406,0.865,0.1141,STABLE CROPLAND,0.0,0.0,24.0,"{""type"":""Point"",""coordinates"":[87.25922564186723,27.303678812729487]}"
3560,0.435,0.1261,0.8193,0.0887,STABLE CROPLAND,0.0,0.0,23.0,"{""type"":""Point"",""coordinates"":[86.1813937813187,27.30220394403774]}"
3561,,,,,DISCARDED (Insufficient Samples),,,,"{""type"":""Point"",""coordinates"":[85.215961677355,27.294687867983995]}"
3562,0.3769,0.1365,0.7845,0.142,STABLE CROPLAND,2.0,1.0,21.0,"{""type"":""Point"",""coordinates"":[85.44456704850053,27.294967235288766]}"
3563,0.4058,0.1472,0.8123,0.1283,STABLE CROPLAND,1.0,1.0,22.0,"{""type"":""Point"",""coordinates"":[85.34463853292475,27.293430067922536]}"
3564,0.4144,0.119,0.8487,0.1306,STABLE CROPLAND,2.0,1.0,21.0,"{""type"":""Point"",""coordinates"":[85.27906975049595,27.292038050453627]}"
3565,0.4528,0.1448,0.8277,0.0648,STABLE CROPLAND,0.0,0.0,23.0,"{""type"":""Point"",""coordinates"":[86.58762942201972,27.301917306598845]}"
3566,,,,,DISCARDED (Insufficient Samples),,,,"{""type"":""Point"",""coordinates"":[85.06700958442175,27.289477743125936]}"
3567,0.5517,0.3277,0.8834,0.0728,DISCARDED (Static Vegetation / Low Amplitude),0.0,0.0,23.0,"{""type"":""Point"",""coordinates"":[85.95824468544865,27.298245860524094]}"
3568,0.5702,0.2431,0.8502,0.0557,STABLE CROPLAND,0.0,0.0,23.0,"{""type"":""Point"",""coordinates"":[87.71658305618757,27.298825010556424]}"
3569,,,,,DISCARDED (Insufficient Samples),,,,"{""type"":""Point"",""coordinates"":[87.83674396300408,27.299963530996482]}"
3570,,,,,DISCARDED (Insufficient Samples),,,,"{""type"":""Point"",""coordinates"":[85.59741172877858,27.293080124151324]}"
3571,0.4016,0.1617,0.7787,0.1439,DISCARDED (Failed Phenology),4.0,2.0,19.0,"{""type"":""Point"",""coordinates"":[85.70287950796863,27.293981740077548]}"
3572,0.5173,0.1705,0.9066,0.0972,STABLE CROPLAND,0.0,0.0,23.0,"{""type"":""Point"",""coordinates"":[86.43487888305765,27.301706047324146]}"
3573,,,,,DISCARDED (Insufficient Samples),,,,"{""type"":""Point"",""coordinates"":[85.48978093308526,27.289284213498945]}"
3574,0.5025,0.2682,0.898,0.1053,DISCARDED (Static Vegetation / Low Amplitude),2.0,1.0,22.0,"{""type"":""Point"",""coordinates"":[86.71931618257516,27.298752620320776]}"
3575,0.5037,0.0423,0.7877,0.0755,STABLE CROPLAND,1.0,1.0,22.0,"{""type"":""Point"",""coordinates"":[87.12101498732898,27.297077327912895]}"
3576,0.4557,0.1246,0.8579,0.0749,STABLE CROPLAND,0.0,0.0,23.0,"{""type"":""Point"",""coordinates"":[86.13446763614319,27.29494414907249]}"
3577,0.4736,0.1494,0.8743,0.1046,STABLE CROPLAND,0.0,0.0,23.0,"{""type"":""Point"",""coordinates"":[85.68096186899837,27.2897440096259]}"
3578,,,,,DISCARDED (Insufficient Samples),,,,"{""type"":""Point"",""coordinates"":[85.08647829936234,27.28111702788461]}"
3579,0.474,0.2101,0.8608,0.0998,STABLE CROPLAND,0.0,0.0,23.0,"{""type"":""Point"",""coordinates"":[86.01754705932085,27.29041646445744]}"
3580,0.5093,0.1426,0.8656,0.1124,STABLE CROPLAND,2.0,1.0,21.0,"{""type"":""Point"",""coordinates"":[85.37045544655767,27.284862113678116]}"
3581,0.3947,0.1061,0.8339,0.1139,STABLE CROPLAND,0.0,0.0,23.0,"{""type"":""Point"",""coordinates"":[86.04952973022186,27.29066436398278]}"
3582,0.4633,0.1626,0.8808,0.0928,STABLE CROPLAND,0.0,0.0,23.0,"{""type"":""Point"",""coordinates"":[86.67407373494444,27.291730686990192]}"
3583,0.5623,0.2591,0.8798,0.0868,DISCARDED (Static Vegetation / Low Amplitude),2.0,2.0,21.0,"{""type"":""Point"",""coordinates"":[87.35922463112935,27.29207038121879]}"
3584,0.4699,0.1573,0.881,0.1367,STABLE CROPLAND,1.0,1.0,25.0,"{""type"":""Point"",""coordinates"":[86.4729075604159,27.291283048748223]}"
3585,0.4892,0.1812,0.8253,0.0804,STABLE CROPLAND,1.0,1.0,22.0,"{""type"":""Point"",""coordinates"":[87.1668748288258,27.293946880894527]}"
3586,0.3964,0.0804,0.8083,0.117,STABLE CROPLAND,1.0,1.0,22.0,"{""type"":""Point"",""coordinates"":[86.62083311230063,27.290278950561024]}"
3587,,,,,DISCARDED (Insufficient Samples),,,,"{""type"":""Point"",""coordinates"":[85.63621813575692,27.283409221687062]}"
3588,0.4952,0.2196,0.8447,0.098,STABLE CROPLAND,2.0,1.0,21.0,"{""type"":""Point"",""coordinates"":[87.31971925846935,27.290781505765178]}"
3589,0.5535,0.2186,0.8779,0.0873,STABLE CROPLAND,0.0,0.0,23.0,"{""type"":""Point"",""coordinates"":[87.81381668595013,27.286440132540996]}"
3590,,,,,DISCARDED (Insufficient Samples),,,,"{""type"":""Point"",""coordinates"":[87.91399254603174,27.285857265377402]}"
3591,0.4421,0.1037,0.8999,0.0942,STABLE CROPLAND,0.0,0.0,23.0,"{""type"":""Point"",""coordinates"":[87.20511136325746,27.29012264606489]}"
3592,0.516,0.1893,0.8523,0.0895,STABLE CROPLAND,2.0,1.0,21.0,"{""type"":""Point"",""coordinates"":[87.68320183450184,27.286816438055197]}"
3593,0.3708,0.0859,0.7965,0.1487,DISCARDED (Failed Phenology),4.0,3.0,19.0,"{""type"":""Point"",""coordinates"":[85.47067554657787,27.282570829762122]}"
3594,,,,,DISCARDED (Insufficient Samples),,,,"{""type"":""Point"",""coordinates"":[84.68350090499025,27.2671344089473]}"
3595,0.5318,0.1473,0.8559,0.0803,STABLE CROPLAND,0.0,0.0,23.0,"{""type"":""Point"",""coordinates"":[87.77614121608048,27.283804195919068]}"
3596,0.4786,0.0484,0.8556,0.1213,DISCARDED (Failed Phenology),4.0,1.0,19.0,"{""type"":""Point"",""coordinates"":[86.55304570616069,27.283119153072573]}"
3597,0.4127,0.1221,0.8224,0.1045,STABLE CROPLAND,3.0,2.0,20.0,"{""type"":""Point"",""coordinates"":[86.22157639314551,27.28034096150894]}"
3598,0.4139,0.1034,0.8011,0.126,STABLE CROPLAND,1.0,1.0,22.0,"{""type"":""Point"",""coordinates"":[85.38992846151179,27.272609613275886]}"
3599,0.3983,0.0903,0.8497,0.1115,STABLE CROPLAND,0.0,0.0,23.0,"{""type"":""Point"",""coordinates"":[86.07740549430926,27.28112248427258]}"
3600,0.4223,0.1135,0.8378,0.0921,STABLE CROPLAND,0.0,0.0,23.0,"{""type"":""Point"",""coordinates"":[86.64267414499524,27.28200996712241]}"
3601,,,,,DISCARDED (Insufficient Samples),,,,"{""type"":""Point"",""coordinates"":[85.18257274829082,27.268832902310695]}"
3602,0.4869,0.1579,0.8092,0.0834,DISCARDED (Failed Phenology),6.0,3.0,18.0,"{""type"":""Point"",""coordinates"":[86.69484921069747,27.27929226925337]}"
3603,0.5508,0.2623,0.8939,0.1218,DISCARDED (Static Vegetation / Low Amplitude),4.0,1.0,20.0,"{""type"":""Point"",""coordinates"":[86.25733788574462,27.27852777371774]}"
3604,,,,,DISCARDED (Insufficient Samples),,,,"{""type"":""Point"",""coordinates"":[85.12466116448921,27.266133179390394]}"
3605,0.5389,0.2289,0.8117,0.0561,STABLE CROPLAND,1.0,1.0,23.0,"{""type"":""Point"",""coordinates"":[87.6564272442288,27.276444950865788]}"
3606,0.4844,0.1747,0.8094,0.0984,STABLE CROPLAND,1.0,1.0,22.0,"{""type"":""Point"",""coordinates"":[87.72025746683074,27.275893410122837]}"
3607,0.5267,0.233,0.8656,0.0727,STABLE CROPLAND,0.0,0.0,23.0,"{""type"":""Point"",""coordinates"":[87.15725519103094,27.277170456890822]}"
3608,,,,,DISCARDED (Insufficient Samples),,,,"{""type"":""Point"",""coordinates"":[85.563912399589,27.275319310731014]}"
3609,,,,,DISCARDED (Insufficient Samples),,,,"{""type"":""Point"",""coordinates"":[85.2868000684894,27.264749324559094]}"
3610,,,,,DISCARDED (Insufficient Samples),,,,"{""type"":""Point"",""coordinates"":[87.85773833067586,27.272761019676643]}"
3611,,,,,DISCARDED (Insufficient Samples),,,,"{""type"":""Point"",""coordinates"":[85.61899436606056,27.266988641508807]}"
3612,,,,,DISCARDED (Insufficient Samples),,,,"{""type"":""Point"",""coordinates"":[85.51313142978537,27.265133092373656]}"
3613,0.4426,0.1406,0.9008,0.0883,STABLE CROPLAND,0.0,0.0,23.0,"{""type"":""Point"",""coordinates"":[87.20166572266075,27.270884255410802]}"
3614,0.4469,0.1827,0.8435,0.1398,DISCARDED (Failed Phenology),6.0,2.0,17.0,"{""type"":""Point"",""coordinates"":[85.77059825741452,27.266256449639187]}"
3615,0.4665,0.1295,0.8437,0.0995,STABLE CROPLAND,0.0,0.0,23.0,"{""type"":""Point"",""coordinates"":[86.57000966018649,27.271126301027255]}"
3616,,,,,DISCARDED (Insufficient Samples),,,,"{""type"":""Point"",""coordinates"":[85.71125379221573,27.26456642872847]}"
3617,0.3204,0.079,0.81,0.1468,DISCARDED (Failed Phenology),4.0,2.0,19.0,"{""type"":""Point"",""coordinates"":[85.46841359094611,27.261384444998395]}"
3618,,,,,DISCARDED (Insufficient Samples),,,,"{""type"":""Point"",""coordinates"":[85.59274744544015,27.26323666586705]}"
3619,0.4929,0.1479,0.8862,0.083,STABLE CROPLAND,1.0,1.0,22.0,"{""type"":""Point"",""coordinates"":[86.12170324673264,27.266099924351693]}"
3620,0.4437,0.1585,0.9044,0.1185,STABLE CROPLAND,0.0,0.0,23.0,"{""type"":""Point"",""coordinates"":[87.30971551167457,27.268437141881236]}"
3621,0.4201,0.1226,0.8388,0.1684,STABLE CROPLAND,3.0,2.0,20.0,"{""type"":""Point"",""coordinates"":[85.65925371817298,27.265278715648822]}"
3622,,,,,DISCARDED (Insufficient Samples),,,,"{""type"":""Point"",""coordinates"":[85.74614576352272,27.262038070446238]}"
3623,0.4178,0.1482,0.8165,0.0675,STABLE CROPLAND,0.0,0.0,23.0,"{""type"":""Point"",""coordinates"":[86.14401293848945,27.262881747336632]}"
3624,0.4628,0.1115,0.8606,0.1219,STABLE CROPLAND,0.0,0.0,23.0,"{""type"":""Point"",""coordinates"":[86.62614458677798,27.27093798181422]}"
3625,0.4502,0.1547,0.8474,0.1192,STABLE CROPLAND,2.0,1.0,21.0,"{""type"":""Point"",""coordinates"":[87.13137561221005,27.264536974233177]}"
3626,,,,,DISCARDED (Insufficient Samples),,,,"{""type"":""Point"",""coordinates"":[85.87415771651303,27.25949685466914]}"
3627,,,,,DISCARDED (Insufficient Samples),,,,"{""type"":""Point"",""coordinates"":[84.69240444082821,27.24232252601356]}"
3628,,,,,DISCARDED (Insufficient Samples),,,,"{""type"":""Point"",""coordinates"":[85.11073079707514,27.24852724480702]}"
3629,0.4251,0.1342,0.786,0.1293,DISCARDED (Failed Phenology),6.0,3.0,17.0,"{""type"":""Point"",""coordinates"":[85.85113797981042,27.255595066989574]}"
3630,0.4076,0.1291,0.8389,0.1096,STABLE CROPLAND,1.0,1.0,22.0,"{""type"":""Point"",""coordinates"":[87.28270541351795,27.25887710355408]}"
3631,,,,,DISCARDED (Insufficient Samples),,,,"{""type"":""Point"",""coordinates"":[85.68752081445615,27.256540284282373]}"
3632,,,,,DISCARDED (Insufficient Samples),,,,"{""type"":""Point"",""coordinates"":[85.82817510543548,27.25312838684618]}"
3633,0.4261,0.1717,0.8724,0.1022,STABLE CROPLAND,0.0,0.0,23.0,"{""type"":""Point"",""coordinates"":[86.0832125116915,27.2543095997316]}"
3634,0.4704,0.1845,0.8243,0.1038,STABLE CROPLAND,2.0,1.0,21.0,"{""type"":""Point"",""coordinates"":[85.90736944548003,27.25198998649407]}"
3635,,,,,DISCARDED (Insufficient Samples),,,,"{""type"":""Point"",""coordinates"":[85.52991036296386,27.249332449587403]}"
3636,0.4065,0.1033,0.7387,0.1114,STABLE CROPLAND,1.0,1.0,22.0,"{""type"":""Point"",""coordinates"":[85.38685626206518,27.243330290539788]}"
3637,0.3944,0.0961,0.768,0.0835,STABLE CROPLAND,0.0,0.0,23.0,"{""type"":""Point"",""coordinates"":[86.60167790810203,27.25205296150486]}"
3638,,,,,DISCARDED (Insufficient Samples),,,,"{""type"":""Point"",""coordinates"":[85.78222431638545,27.246660062361077]}"
3639,0.4694,0.1196,0.936,0.092,STABLE CROPLAND,0.0,0.0,23.0,"{""type"":""Point"",""coordinates"":[86.18513851288769,27.250288513979037]}"
3640,,,,,DISCARDED (Insufficient Samples),,,,"{""type"":""Point"",""coordinates"":[85.14572836694377,27.239793089642262]}"
3641,,,,,DISCARDED (Insufficient Samples),,,,"{""type"":""Point"",""coordinates"":[85.80816119586886,27.250208120182336]}"
3642,0.3988,0.1255,0.8695,0.1063,STABLE CROPLAND,0.0,0.0,23.0,"{""type"":""Point"",""coordinates"":[87.20994633542246,27.249827073847314]}"
3643,0.5007,0.2225,0.8239,0.0879,STABLE CROPLAND,2.0,2.0,21.0,"{""type"":""Point"",""coordinates"":[87.58521104262176,27.246856874377197]}"
3644,0.4683,0.2281,0.8016,0.0777,STABLE CROPLAND,0.0,0.0,24.0,"{""type"":""Point"",""coordinates"":[87.66624687951206,27.246122776851067]}"
3645,,,,,DISCARDED (Insufficient Samples),,,,"{""type"":""Point"",""coordinates"":[85.40715181177063,27.23638045266375]}"
3646,,,,,DISCARDED (Insufficient Samples),,,,"{""type"":""Point"",""coordinates"":[85.48238397522083,27.24756173330179]}"
3647,0.4419,0.098,0.7692,0.0722,STABLE CROPLAND,1.0,1.0,22.0,"{""type"":""Point"",""coordinates"":[86.13353889811174,27.24072050869673]}"
3648,0.4393,0.1633,0.8106,0.0736,STABLE CROPLAND,1.0,1.0,22.0,"{""type"":""Point"",""coordinates"":[87.72738600424466,27.24151646909399]}"
3649,0.5068,0.1779,0.8226,0.0774,STABLE CROPLAND,1.0,1.0,22.0,"{""type"":""Point"",""coordinates"":[87.76793639533177,27.239359572096625]}"
3650,0.3706,0.1486,0.8032,0.1231,STABLE CROPLAND,0.0,0.0,23.0,"{""type"":""Point"",""coordinates"":[86.33256206074682,27.23828374722708]}"
3651,0.4146,0.1163,0.8322,0.0992,STABLE CROPLAND,0.0,0.0,23.0,"{""type"":""Point"",""coordinates"":[86.38377188669759,27.238917285718667]}"
3652,0.4889,0.1433,0.874,0.1166,STABLE CROPLAND,2.0,1.0,21.0,"{""type"":""Point"",""coordinates"":[87.74780624426874,27.23697692076498]}"
3653,0.3935,0.1248,0.7642,0.1209,STABLE CROPLAND,1.0,1.0,22.0,"{""type"":""Point"",""coordinates"":[85.42666911997789,27.22971007672631]}"
3654,,,,,DISCARDED (Insufficient Samples),,,,"{""type"":""Point"",""coordinates"":[85.48034807165246,27.229523220498006]}"
3655,0.476,0.1729,0.8446,0.1199,STABLE CROPLAND,2.0,1.0,21.0,"{""type"":""Point"",""coordinates"":[86.21039417887673,27.236043929351528]}"
3656,0.4958,0.2098,0.8385,0.0796,STABLE CROPLAND,1.0,1.0,23.0,"{""type"":""Point"",""coordinates"":[87.37885482724431,27.23652501154662]}"
3657,,,,,DISCARDED (Insufficient Samples),,,,"{""type"":""Point"",""coordinates"":[85.51507882614536,27.229873371702364]}"
3658,0.4369,0.1293,0.8564,0.1039,STABLE CROPLAND,0.0,0.0,23.0,"{""type"":""Point"",""coordinates"":[86.55403125915258,27.23598679635598]}"
3659,0.4473,0.1695,0.8458,0.1054,STABLE CROPLAND,1.0,1.0,23.0,"{""type"":""Point"",""coordinates"":[87.80214697672035,27.23495093508631]}"
3660,,,,,DISCARDED (Insufficient Samples),,,,"{""type"":""Point"",""coordinates"":[85.1790287978921,27.23032003276137]}"
3661,,,,,DISCARDED (Insufficient Samples),,,,"{""type"":""Point"",""coordinates"":[85.72508031765304,27.231368994145935]}"
3662,0.4867,0.1585,0.8731,0.0738,STABLE CROPLAND,0.0,0.0,23.0,"{""type"":""Point"",""coordinates"":[86.07478926930999,27.2318349311837]}"
3663,0.4265,0.1782,0.7499,0.1149,DISCARDED (Failed Phenology),3.0,3.0,20.0,"{""type"":""Point"",""coordinates"":[85.89076757950811,27.230368482369073]}"
3664,,,,,DISCARDED (Insufficient Samples),,,,"{""type"":""Point"",""coordinates"":[85.78846938136206,27.228297662976576]}"
3665,,,,,DISCARDED (Insufficient Samples),,,,"{""type"":""Point"",""coordinates"":[85.33034414628526,27.222734424462427]}"
3666,,,,,DISCARDED (Insufficient Samples),,,,"{""type"":""Point"",""coordinates"":[84.68914729870112,27.213435021299254]}"
3667,,,,,DISCARDED (Insufficient Samples),,,,"{""type"":""Point"",""coordinates"":[85.95153194529672,27.225701224074847]}"
3668,0.3346,0.1177,0.8006,0.1365,STABLE CROPLAND,1.0,1.0,22.0,"{""type"":""Point"",""coordinates"":[86.36604086056674,27.227943983558156]}"
3669,,,,,DISCARDED (Insufficient Samples),,,,"{""type"":""Point"",""coordinates"":[85.45237011545473,27.221142874742633]}"
3670,0.4984,0.1559,0.939,0.1205,STABLE CROPLAND,0.0,0.0,23.0,"{""type"":""Point"",""coordinates"":[86.14938825684689,27.225330584273078]}"
3671,0.4203,0.0986,0.9251,0.126,STABLE CROPLAND,0.0,0.0,23.0,"{""type"":""Point"",""coordinates"":[87.22501478738349,27.227745796269755]}"
3672,0.4466,0.1321,0.895,0.1117,STABLE CROPLAND,0.0,0.0,23.0,"{""type"":""Point"",""coordinates"":[86.52255436894998,27.225871538410274]}"
3673,,,,,DISCARDED (Insufficient Samples),,,,"{""type"":""Point"",""coordinates"":[84.76335039752908,27.20788899614829]}"
3674,0.4168,0.1008,0.8793,0.1147,DISCARDED (Failed Phenology),5.0,5.0,18.0,"{""type"":""Point"",""coordinates"":[85.91201688924237,27.22160892455358]}"
3675,0.4231,0.1643,0.7757,0.0914,STABLE CROPLAND,0.0,0.0,23.0,"{""type"":""Point"",""coordinates"":[86.61853024854577,27.224296991616587]}"
3676,,,,,DISCARDED (Insufficient Samples),,,,"{""type"":""Point"",""coordinates"":[84.85532148616754,27.207965425773523]}"
3677,,,,,DISCARDED (Insufficient Samples),,,,"{""type"":""Point"",""coordinates"":[84.83310449058253,27.210884720610412]}"
3678,0.5097,0.1324,0.8695,0.079,STABLE CROPLAND,2.0,2.0,21.0,"{""type"":""Point"",""coordinates"":[87.72579541889097,27.221995218218648]}"
3679,0.4388,0.1867,0.8236,0.1031,STABLE CROPLAND,0.0,0.0,23.0,"{""type"":""Point"",""coordinates"":[86.18968496474913,27.2213795020432]}"
3680,0.4152,0.1469,0.8499,0.1333,STABLE CROPLAND,2.0,1.0,21.0,"{""type"":""Point"",""coordinates"":[86.26637096348469,27.220354591978168]}"
3681,0.4816,0.2626,0.9437,0.1294,DISCARDED (Static Vegetation / Low Amplitude),6.0,4.0,17.0,"{""type"":""Point"",""coordinates"":[86.34115289521748,27.22079791344244]}"
3682,0.4619,0.1163,0.8854,0.0954,STABLE CROPLAND,1.0,1.0,22.0,"{""type"":""Point"",""coordinates"":[86.57561396101708,27.220270223994547]}"
3683,,,,,DISCARDED (Insufficient Samples),,,,"{""type"":""Point"",""coordinates"":[87.77202066924643,27.217302690259995]}"
3684,,,,,DISCARDED (Insufficient Samples),,,,"{""type"":""Point"",""coordinates"":[85.5085693898952,27.21018800983373]}"
3685,,,,,DISCARDED (Insufficient Samples),,,,"{""type"":""Point"",""coordinates"":[85.25000853270468,27.20655656815449]}"
3686,0.5153,0.1818,0.8816,0.1041,STABLE CROPLAND,0.0,0.0,23.0,"{""type"":""Point"",""coordinates"":[87.74714156790857,27.217764697329123]}"
3687,0.4965,0.2085,0.8484,0.0715,STABLE CROPLAND,2.0,2.0,21.0,"{""type"":""Point"",""coordinates"":[85.93819046398563,27.21119409632623]}"
3688,0.5016,0.1917,0.8882,0.0948,STABLE CROPLAND,0.0,0.0,23.0,"{""type"":""Point"",""coordinates"":[87.60406162327473,27.213067986038098]}"
3689,,,,,DISCARDED (Insufficient Samples),,,,"{""type"":""Point"",""coordinates"":[84.68965946301806,27.194437405812575]}"
3690,0.4539,0.1299,0.8334,0.0901,DISCARDED (Failed Phenology),3.0,3.0,20.0,"{""type"":""Point"",""coordinates"":[85.89224527058869,27.2076792910166]}"
3691,0.4315,0.135,0.8024,0.0805,STABLE CROPLAND,1.0,1.0,22.0,"{""type"":""Point"",""coordinates"":[87.2704627183886,27.210326541799017]}"
3692,0.4122,0.1451,0.8674,0.1282,STABLE CROPLAND,1.0,1.0,22.0,"{""type"":""Point"",""coordinates"":[86.30912114411632,27.207853904911676]}"
3693,,,,,DISCARDED (Insufficient Samples),,,,"{""type"":""Point"",""coordinates"":[84.87659742976678,27.19331828442485]}"
3694,,,,,DISCARDED (Insufficient Samples),,,,"{""type"":""Point"",""coordinates"":[85.65712403374165,27.203351725095608]}"
3695,,,,,DISCARDED (Insufficient Samples),,,,"{""type"":""Point"",""coordinates"":[85.81139671922182,27.20425661729765]}"
3696,0.528,0.1848,0.8639,0.0613,STABLE CROPLAND,1.0,1.0,22.0,"{""type"":""Point"",""coordinates"":[87.62648827140437,27.20698241224061]}"
3697,0.4749,0.1862,0.8176,0.111,DISCARDED (Failed Phenology),3.0,3.0,20.0,"{""type"":""Point"",""coordinates"":[85.8627953131772,27.201326825999164]}"
3698,0.4745,0.1975,0.8062,0.0727,STABLE CROPLAND,0.0,0.0,23.0,"{""type"":""Point"",""coordinates"":[87.6937796918372,27.204326209134557]}"
3699,,,,,DISCARDED (Insufficient Samples),,,,"{""type"":""Point"",""coordinates"":[84.76658517564118,27.187119722019748]}"
3700,,,,,DISCARDED (Insufficient Samples),,,,"{""type"":""Point"",""coordinates"":[85.63017916092727,27.196293607468494]}"
3701,0.4792,0.1798,0.8602,0.0968,STABLE CROPLAND,0.0,0.0,23.0,"{""type"":""Point"",""coordinates"":[86.49016680734793,27.2023464886498]}"
3702,,,,,DISCARDED (Insufficient Samples),,,,"{""type"":""Point"",""coordinates"":[85.7038536000199,27.19655510836376]}"
3703,0.4863,0.2057,0.9514,0.1373,STABLE CROPLAND,0.0,0.0,23.0,"{""type"":""Point"",""coordinates"":[86.263963559965,27.19919467521283]}"
3704,0.4476,0.1968,0.8228,0.125,STABLE CROPLAND,1.0,1.0,23.0,"{""type"":""Point"",""coordinates"":[86.85937238567476,27.20079206674434]}"
3705,0.5688,0.2873,0.8278,0.0703,DISCARDED (Static Vegetation / Low Amplitude),1.0,1.0,23.0,"{""type"":""Point"",""coordinates"":[86.04536848389459,27.197051925318505]}"
3706,0.466,0.1604,0.8661,0.1095,STABLE CROPLAND,1.0,1.0,22.0,"{""type"":""Point"",""coordinates"":[87.734167101017,27.19834406546764]}"
3707,0.5235,0.1925,0.8293,0.0697,DISCARDED (Failed Phenology),5.0,4.0,18.0,"{""type"":""Point"",""coordinates"":[85.96295414743122,27.196107970627075]}"
3708,0.4972,0.1724,0.8916,0.0785,STABLE CROPLAND,0.0,0.0,23.0,"{""type"":""Point"",""coordinates"":[86.69742895364423,27.197058425472008]}"
3709,0.5109,0.2454,0.8895,0.1034,STABLE CROPLAND,0.0,0.0,23.0,"{""type"":""Point"",""coordinates"":[87.879710079435,27.192572439441516]}"
3710,,,,,DISCARDED (Insufficient Samples),,,,"{""type"":""Point"",""coordinates"":[85.52030154608552,27.18701747200568]}"
3711,,,,,DISCARDED (Insufficient Samples),,,,"{""type"":""Point"",""coordinates"":[85.18714345421613,27.186953838423754]}"
3712,0.506,0.2504,0.8099,0.0807,DISCARDED (Static Vegetation / Low Amplitude),3.0,3.0,21.0,"{""type"":""Point"",""coordinates"":[86.00437401428839,27.192626188962056]}"
3713,0.4783,0.1973,0.8377,0.0843,STABLE CROPLAND,0.0,0.0,23.0,"{""type"":""Point"",""coordinates"":[86.76600792629782,27.19376130578532]}"
3714,0.4626,0.1661,0.9164,0.1332,DISCARDED (Failed Phenology),6.0,2.0,17.0,"{""type"":""Point"",""coordinates"":[86.37619553190171,27.190467070049266]}"
3715,0.4844,0.1914,0.8179,0.1011,STABLE CROPLAND,3.0,2.0,20.0,"{""type"":""Point"",""coordinates"":[85.84824636501797,27.1852915015872]}"
3716,0.4822,0.251,0.7711,0.0737,DISCARDED (Static Vegetation / Low Amplitude),1.0,1.0,23.0,"{""type"":""Point"",""coordinates"":[87.60338259822686,27.18935990854957]}"
3717,0.4886,0.198,0.8511,0.0736,STABLE CROPLAND,0.0,0.0,23.0,"{""type"":""Point"",""coordinates"":[87.79681369112201,27.18786083360341]}"
3718,0.4245,0.1318,0.7987,0.1202,STABLE CROPLAND,3.0,2.0,20.0,"{""type"":""Point"",""coordinates"":[85.80777329646747,27.184003243883616]}"
3719,0.4887,0.2032,0.7955,0.0689,STABLE CROPLAND,0.0,0.0,23.0,"{""type"":""Point"",""coordinates"":[87.65435540923643,27.186316997049683]}"
3720,0.4607,0.183,0.8159,0.0787,STABLE CROPLAND,0.0,0.0,23.0,"{""type"":""Point"",""coordinates"":[86.64898902418669,27.186037573292285]}"
3721,0.3948,0.1828,0.7844,0.1117,STABLE CROPLAND,2.0,1.0,22.0,"{""type"":""Point"",""coordinates"":[87.20151321562676,27.186197645144233]}"
3722,,,,,DISCARDED (Insufficient Samples),,,,"{""type"":""Point"",""coordinates"":[84.6808384403075,27.165843088739283]}"
3723,,,,,DISCARDED (Insufficient Samples),,,,"{""type"":""Point"",""coordinates"":[84.89682211267898,27.170328455970324]}"
3724,,,,,DISCARDED (Insufficient Samples),,,,"{""type"":""Point"",""coordinates"":[85.55252104710853,27.17675696326351]}"
3725,0.5129,0.2509,0.8217,0.1072,DISCARDED (Static Vegetation / Low Amplitude),1.0,1.0,22.0,"{""type"":""Point"",""coordinates"":[86.23802567872971,27.18256040420936]}"
3726,0.4437,0.1702,0.8579,0.1129,STABLE CROPLAND,0.0,0.0,23.0,"{""type"":""Point"",""coordinates"":[86.02601507143991,27.181378138516873]}"
3727,0.4379,0.1409,0.8834,0.1133,STABLE CROPLAND,0.0,0.0,23.0,"{""type"":""Point"",""coordinates"":[86.44814613062573,27.183033792512653]}"
3728,,,,,DISCARDED (Insufficient Samples),,,,"{""type"":""Point"",""coordinates"":[85.33839149201413,27.175534743151335]}"
3729,0.3921,0.124,0.8209,0.1145,STABLE CROPLAND,1.0,1.0,22.0,"{""type"":""Point"",""coordinates"":[86.62095300711245,27.180891554710715]}"
3730,0.4198,0.1565,0.8026,0.0739,STABLE CROPLAND,0.0,0.0,23.0,"{""type"":""Point"",""coordinates"":[86.78119643773721,27.179364300535312]}"
3731,0.4891,0.1164,0.8355,0.0568,STABLE CROPLAND,0.0,0.0,23.0,"{""type"":""Point"",""coordinates"":[87.63221200360265,27.177630589679918]}"
3732,,,,,DISCARDED (Insufficient Samples),,,,"{""type"":""Point"",""coordinates"":[84.96635298163896,27.164849281851872]}"
3733,0.5326,0.127,0.8678,0.1109,STABLE CROPLAND,3.0,1.0,20.0,"{""type"":""Point"",""coordinates"":[86.49006142627248,27.178132924889464]}"
3734,0.467,0.1829,0.8603,0.1077,DISCARDED (Failed Phenology),5.0,3.0,18.0,"{""type"":""Point"",""coordinates"":[85.9859057810359,27.178978735443874]}"
3735,,,,,DISCARDED (Insufficient Samples),,,,"{""type"":""Point"",""coordinates"":[85.1837516586255,27.16839765090472]}"
3736,0.4691,0.1542,0.8793,0.1062,STABLE CROPLAND,0.0,0.0,23.0,"{""type"":""Point"",""coordinates"":[87.2413788181162,27.176947577799826]}"
3737,,,,,DISCARDED (Insufficient Samples),,,,"{""type"":""Point"",""coordinates"":[85.4963640907488,27.168526582893982]}"
3738,,,,,DISCARDED (Insufficient Samples),,,,"{""type"":""Point"",""coordinates"":[85.0601815769443,27.160726230728702]}"
3739,,,,,DISCARDED (Insufficient Samples),,,,"{""type"":""Point"",""coordinates"":[85.58261441495532,27.165813204296064]}"
3740,,,,,DISCARDED (Insufficient Samples),,,,"{""type"":""Point"",""coordinates"":[86.19490123044385,27.17071292712495]}"
3741,0.3838,0.1383,0.8431,0.1186,STABLE CROPLAND,0.0,0.0,23.0,"{""type"":""Point"",""coordinates"":[87.26151571915987,27.171739805413402]}"
3742,0.3718,0.1352,0.7563,0.0881,STABLE CROPLAND,0.0,0.0,23.0,"{""type"":""Point"",""coordinates"":[86.59020719607867,27.17205276160694]}"
3743,0.4942,0.2212,0.8624,0.0799,STABLE CROPLAND,1.0,1.0,22.0,"{""type"":""Point"",""coordinates"":[87.6043628037361,27.17131358375249]}"
3744,0.5318,0.181,0.8901,0.0932,STABLE CROPLAND,0.0,0.0,23.0,"{""type"":""Point"",""coordinates"":[87.75941600882396,27.170967677434632]}"
3745,0.4793,0.1551,0.8531,0.0741,STABLE CROPLAND,0.0,0.0,23.0,"{""type"":""Point"",""coordinates"":[85.87616326274598,27.166599084990853]}"
3746,,,,,DISCARDED (Insufficient Samples),,,,"{""type"":""Point"",""coordinates"":[84.9478396309827,27.157546216693625]}"
3747,,,,,DISCARDED (Insufficient Samples),,,,"{""type"":""Point"",""coordinates"":[86.41662668190943,27.170425494183515]}"
3748,0.4195,0.1738,0.8301,0.1405,STABLE CROPLAND,1.0,1.0,22.0,"{""type"":""Point"",""coordinates"":[86.07339488473926,27.16706807656035]}"
3749,0.3231,0.1251,0.6832,0.117,STABLE CROPLAND,3.0,1.0,20.0,"{""type"":""Point"",""coordinates"":[85.73375369394243,27.163382955443357]}"
3750,0.4584,0.1575,0.8684,0.1038,STABLE CROPLAND,2.0,2.0,21.0,"{""type"":""Point"",""coordinates"":[85.95443676822053,27.16311305638233]}"
3751,0.3974,0.1695,0.7824,0.117,STABLE CROPLAND,0.0,0.0,23.0,"{""type"":""Point"",""coordinates"":[86.36879854886654,27.164666000609824]}"
3752,,,,,DISCARDED (Insufficient Samples),,,,"{""type"":""Point"",""coordinates"":[85.3525807042098,27.155965709320473]}"
3753,0.3574,0.1438,0.7048,0.0802,STABLE CROPLAND,2.0,1.0,22.0,"{""type"":""Point"",""coordinates"":[86.44502497380284,27.16363035354893]}"
3754,0.4084,0.1718,0.8432,0.121,STABLE CROPLAND,1.0,1.0,22.0,"{""type"":""Point"",""coordinates"":[86.65907943623819,27.165393792021863]}"
3755,0.3916,0.1635,0.8246,0.1088,STABLE CROPLAND,0.0,0.0,23.0,"{""type"":""Point"",""coordinates"":[86.69848733893942,27.16503586246041]}"
3756,0.3919,0.1535,0.7862,0.1017,STABLE CROPLAND,0.0,0.0,23.0,"{""type"":""Point"",""coordinates"":[86.61437214791195,27.163772253921977]}"
3757,,,,,DISCARDED (Insufficient Samples),,,,"{""type"":""Point"",""coordinates"":[84.8466026071229,27.147763545008914]}"
3758,0.3745,0.1416,0.8176,0.0912,STABLE CROPLAND,0.0,0.0,23.0,"{""type"":""Point"",""coordinates"":[86.53215578272248,27.16189094644244]}"
3759,,,,,DISCARDED (Insufficient Samples),,,,"{""type"":""Point"",""coordinates"":[84.9895100810974,27.147944357605482]}"
3760,0.4388,0.1848,0.8067,0.1254,STABLE CROPLAND,1.0,1.0,22.0,"{""type"":""Point"",""coordinates"":[86.14722257402859,27.160128760735134]}"
3761,0.3453,0.1445,0.7057,0.0839,STABLE CROPLAND,1.0,1.0,22.0,"{""type"":""Point"",""coordinates"":[86.63825877001828,27.163033682466452]}"
3762,0.4852,0.1519,0.9122,0.0988,STABLE CROPLAND,2.0,1.0,21.0,"{""type"":""Point"",""coordinates"":[87.02207069168942,27.16181318956791]}"
3763,0.48,0.1767,0.8458,0.0832,STABLE CROPLAND,0.0,0.0,23.0,"{""type"":""Point"",""coordinates"":[87.68752009748495,27.161062709533965]}"
3764,0.4257,0.1445,0.9394,0.138,STABLE CROPLAND,0.0,0.0,23.0,"{""type"":""Point"",""coordinates"":[87.73671464286666,27.158912950358275]}"
3765,,,,,DISCARDED (Insufficient Samples),,,,"{""type"":""Point"",""coordinates"":[85.01070130902228,27.15117631273254]}"
3766,0.4383,0.1333,0.8462,0.1464,DISCARDED (Failed Phenology),4.0,3.0,19.0,"{""type"":""Point"",""coordinates"":[85.90955756057976,27.156506867546142]}"
3767,0.4384,0.1658,0.8183,0.0786,STABLE CROPLAND,0.0,0.0,24.0,"{""type"":""Point"",""coordinates"":[86.09362918214599,27.15797790511096]}"
3768,,,,,DISCARDED (Insufficient Samples),,,,"{""type"":""Point"",""coordinates"":[85.40678109242214,27.151416645069265]}"
3769,0.493,0.1911,0.8633,0.1003,STABLE CROPLAND,0.0,0.0,23.0,"{""type"":""Point"",""coordinates"":[87.11008047274689,27.160593098005812]}"
3770,,,,,DISCARDED (Insufficient Samples),,,,"{""type"":""Point"",""coordinates"":[84.80990682199818,27.142904022948958]}"
3771,0.4893,0.1807,0.8601,0.1129,STABLE CROPLAND,0.0,0.0,23.0,"{""type"":""Point"",""coordinates"":[86.99397301673818,27.159672612325483]}"
3772,0.4856,0.225,0.7876,0.0618,STABLE CROPLAND,1.0,1.0,22.0,"{""type"":""Point"",""coordinates"":[87.81681088381444,27.156556054275782]}"
3773,0.4864,0.2077,0.8591,0.0975,STABLE CROPLAND,0.0,0.0,23.0,"{""type"":""Point"",""coordinates"":[87.23246965201938,27.15774582719537]}"
3774,0.4295,0.1909,0.7962,0.0797,STABLE CROPLAND,0.0,0.0,23.0,"{""type"":""Point"",""coordinates"":[87.53922363002987,27.15637806385088]}"
3775,0.4545,0.1465,0.8591,0.0923,STABLE CROPLAND,2.0,1.0,21.0,"{""type"":""Point"",""coordinates"":[86.01155273469298,27.15365507853302]}"
3776,,,,,DISCARDED (Insufficient Samples),,,,"{""type"":""Point"",""coordinates"":[85.04281975544932,27.147349621592397]}"
3777,0.4684,0.1757,0.8301,0.1021,STABLE CROPLAND,0.0,0.0,23.0,"{""type"":""Point"",""coordinates"":[85.76549072720901,27.15055905393474]}"
3778,0.4702,0.188,0.7764,0.0944,STABLE CROPLAND,0.0,0.0,24.0,"{""type"":""Point"",""coordinates"":[86.03416204941237,27.152911790258056]}"
3779,0.3894,0.1376,0.8435,0.1409,STABLE CROPLAND,1.0,1.0,22.0,"{""type"":""Point"",""coordinates"":[85.86468463032406,27.14934427222836]}"
3780,0.4996,0.1886,0.8593,0.1003,STABLE CROPLAND,0.0,0.0,23.0,"{""type"":""Point"",""coordinates"":[87.06335079851695,27.153308075828285]}"
3781,0.4471,0.1582,0.8247,0.0899,STABLE CROPLAND,0.0,0.0,23.0,"{""type"":""Point"",""coordinates"":[87.15655999684886,27.15305130737718]}"
3782,0.4071,0.1001,0.7765,0.0915,STABLE CROPLAND,0.0,0.0,23.0,"{""type"":""Point"",""coordinates"":[86.40257200327801,27.150679497339453]}"
3783,,,,,DISCARDED (Insufficient Samples),,,,"{""type"":""Point"",""coordinates"":[85.51138690031985,27.143290388677162]}"
3784,,,,,DISCARDED (Insufficient Samples),,,,"{""type"":""Point"",""coordinates"":[86.17897244977371,27.150257640736704]}"
3785,0.4351,0.1956,0.8592,0.1013,STABLE CROPLAND,0.0,0.0,23.0,"{""type"":""Point"",""coordinates"":[86.78284590420866,27.14785719253285]}"
3786,,,,,DISCARDED (Insufficient Samples),,,,"{""type"":""Point"",""coordinates"":[87.27304043933877,27.14910854926404]}"
3787,0.5375,0.2347,0.8544,0.07,STABLE CROPLAND,0.0,0.0,23.0,"{""type"":""Point"",""coordinates"":[87.55817566798208,27.146193840338185]}"
3788,0.3636,0.1357,0.8037,0.143,STABLE CROPLAND,1.0,1.0,22.0,"{""type"":""Point"",""coordinates"":[86.68865118450208,27.145421173510975]}"
3789,0.4258,0.1934,0.8543,0.1099,STABLE CROPLAND,0.0,0.0,23.0,"{""type"":""Point"",""coordinates"":[86.73441807515957,27.14551970509345]}"
3790,,,,,DISCARDED (Insufficient Samples),,,,"{""type"":""Point"",""coordinates"":[87.79408557527012,27.143668289598843]}"
3791,,,,,DISCARDED (Insufficient Samples),,,,"{""type"":""Point"",""coordinates"":[84.95108651057967,27.13028879887024]}"
3792,0.486,0.2146,0.8315,0.1359,STABLE CROPLAND,1.0,1.0,22.0,"{""type"":""Point"",""coordinates"":[86.8359920253245,27.145401755013864]}"
3793,0.3706,0.1697,0.7835,0.1219,STABLE CROPLAND,0.0,0.0,23.0,"{""type"":""Point"",""coordinates"":[86.6413561612125,27.143887665807075]}"
3794,,,,,DISCARDED (Insufficient Samples),,,,"{""type"":""Point"",""coordinates"":[84.97885270629611,27.12933392844298]}"
3795,0.4126,0.1676,0.7251,0.0845,STABLE CROPLAND,0.0,0.0,23.0,"{""type"":""Point"",""coordinates"":[85.74816312126445,27.138522110148966]}"
3796,0.4889,0.2474,0.8316,0.0989,STABLE CROPLAND,1.0,1.0,22.0,"{""type"":""Point"",""coordinates"":[87.72334030851621,27.142141609971855]}"
3797,,,,,DISCARDED (Insufficient Samples),,,,"{""type"":""Point"",""coordinates"":[85.14149026362628,27.139641281838404]}"
3798,,,,,DISCARDED (Insufficient Samples),,,,"{""type"":""Point"",""coordinates"":[85.41775896426918,27.134792520731928]}"
3799,,,,,DISCARDED (Insufficient Samples),,,,"{""type"":""Point"",""coordinates"":[85.39246106605404,27.137081404956962]}"
3800,,,,,DISCARDED (Insufficient Samples),,,,"{""type"":""Point"",""coordinates"":[85.05184043674038,27.12908008562039]}"
3801,0.3939,0.0512,0.8937,0.1426,STABLE CROPLAND,1.0,1.0,22.0,"{""type"":""Point"",""coordinates"":[86.05166347674874,27.13887950711341]}"
3802,0.425,0.1864,0.7686,0.0675,STABLE CROPLAND,0.0,0.0,23.0,"{""type"":""Point"",""coordinates"":[86.15235056239358,27.139174025197665]}"
3803,0.3383,0.172,0.6199,0.0673,DISCARDED (Static Vegetation / Low Amplitude),1.0,1.0,22.0,"{""type"":""Point"",""coordinates"":[86.5457127529644,27.14223939670409]}"
3804,0.4066,0.1439,0.8322,0.0864,STABLE CROPLAND,0.0,0.0,23.0,"{""type"":""Point"",""coordinates"":[86.51569400436946,27.14057052923128]}"
3805,,,,,DISCARDED (Insufficient Samples),,,,"{""type"":""Point"",""coordinates"":[84.92886992623296,27.127601867384737]}"
3806,0.4109,0.1309,0.8181,0.107,STABLE CROPLAND,1.0,1.0,23.0,"{""type"":""Point"",""coordinates"":[86.11165658202457,27.13869387457827]}"
3807,,,,,DISCARDED (Insufficient Samples),,,,"{""type"":""Point"",""coordinates"":[85.48771340267426,27.133502474241777]}"
3808,0.4495,0.1559,0.8462,0.0784,STABLE CROPLAND,0.0,0.0,23.0,"{""type"":""Point"",""coordinates"":[87.65151274411693,27.13861245337109]}"
3809,0.4474,0.2104,0.7927,0.1011,STABLE CROPLAND,0.0,0.0,23.0,"{""type"":""Point"",""coordinates"":[86.37926040539656,27.13739401885848]}"
3810,0.3945,0.1641,0.8111,0.1111,STABLE CROPLAND,0.0,0.0,23.0,"{""type"":""Point"",""coordinates"":[86.58689332179195,27.139861460625564]}"
3811,0.4426,0.151,0.8395,0.0899,STABLE CROPLAND,0.0,0.0,23.0,"{""type"":""Point"",""coordinates"":[87.12361475662536,27.139298916697005]}"
3812,0.4629,0.2039,0.8316,0.0756,STABLE CROPLAND,2.0,1.0,21.0,"{""type"":""Point"",""coordinates"":[85.95390922720988,27.135308230942684]}"
3813,0.4907,0.1963,0.8257,0.0903,STABLE CROPLAND,0.0,0.0,23.0,"{""type"":""Point"",""coordinates"":[86.97796459346107,27.13823569616031]}"
3814,,,,,DISCARDED (Insufficient Samples),,,,"{""type"":""Point"",""coordinates"":[84.88815339423718,27.120732478692748]}"
3815,0.4225,0.1712,0.7841,0.0993,STABLE CROPLAND,1.0,1.0,22.0,"{""type"":""Point"",""coordinates"":[87.02492078289607,27.135752423598618]}"
3816,0.4207,0.1362,0.854,0.107,STABLE CROPLAND,0.0,0.0,23.0,"{""type"":""Point"",""coordinates"":[87.2358453302349,27.1381200060221]}"
3817,0.4733,0.2216,0.736,0.0548,DISCARDED (Static Vegetation / Low Amplitude),0.0,0.0,23.0,"{""type"":""Point"",""coordinates"":[87.57468477052208,27.134031824379424]}"
3818,0.4871,0.1836,0.8611,0.0992,STABLE CROPLAND,0.0,0.0,23.0,"{""type"":""Point"",""coordinates"":[87.06719756835122,27.135133543369527]}"
3819,,,,,DISCARDED (Insufficient Samples),,,,"{""type"":""Point"",""coordinates"":[85.52121796658973,27.12659171311058]}"
3820,0.4665,0.1243,0.9035,0.1013,STABLE CROPLAND,0.0,0.0,23.0,"{""type"":""Point"",""coordinates"":[87.621401487429,27.132882785457156]}"
3821,,,,,DISCARDED (Insufficient Samples),,,,"{""type"":""Point"",""coordinates"":[84.71654204142843,27.11680092175796]}"
3822,0.4103,0.1308,0.8197,0.0777,STABLE CROPLAND,0.0,0.0,23.0,"{""type"":""Point"",""coordinates"":[87.59917849433425,27.13124058012258]}"
3823,,,,,DISCARDED (Insufficient Samples),,,,"{""type"":""Point"",""coordinates"":[85.09174327879838,27.118719100680355]}"
3824,,,,,DISCARDED (Insufficient Samples),,,,"{""type"":""Point"",""coordinates"":[85.44192152103433,27.12727998555621]}"
3825,0.3883,0.1275,0.8633,0.1305,STABLE CROPLAND,1.0,1.0,22.0,"{""type"":""Point"",""coordinates"":[86.66493556605836,27.13215503455631]}"
3826,0.3859,0.1311,0.7939,0.1167,STABLE CROPLAND,3.0,2.0,20.0,"{""type"":""Point"",""coordinates"":[87.09965320327444,27.13128699975066]}"
3827,,,,,DISCARDED (Insufficient Samples),,,,"{""type"":""Point"",""coordinates"":[85.37913234775809,27.12092370535896]}"
3828,0.401,0.1507,0.862,0.1104,DISCARDED (Failed Phenology),4.0,2.0,19.0,"{""type"":""Point"",""coordinates"":[86.4420906657491,27.13000343800065]}"
3829,,,,,DISCARDED (Insufficient Samples),,,,"{""type"":""Point"",""coordinates"":[85.46791872638367,27.123806819699727]}"
3830,0.4787,0.1836,0.8545,0.092,STABLE CROPLAND,1.0,1.0,22.0,"{""type"":""Point"",""coordinates"":[86.62670607927163,27.12954895849478]}"
3831,0.4052,0.1315,0.8389,0.1357,STABLE CROPLAND,3.0,2.0,20.0,"{""type"":""Point"",""coordinates"":[87.25953979207026,27.127640682989348]}"
3832,,,,,DISCARDED (Insufficient Samples),,,,"{""type"":""Point"",""coordinates"":[85.01909892765532,27.113452584223367]}"
3833,0.4267,0.2004,0.6434,0.059,DISCARDED (Static Vegetation / Low Amplitude),1.0,1.0,22.0,"{""type"":""Point"",""coordinates"":[86.07144207055657,27.12451046962564]}"
3834,0.5287,0.2406,0.8671,0.104,STABLE CROPLAND,1.0,1.0,23.0,"{""type"":""Point"",""coordinates"":[86.57047632000051,27.12588817501554]}"
3835,,,,,DISCARDED (Insufficient Samples),,,,"{""type"":""Point"",""coordinates"":[86.41737686831166,27.12530063575728]}"
3836,,,,,DISCARDED (Insufficient Samples),,,,"{""type"":""Point"",""coordinates"":[85.35312693932575,27.11665588762174]}"
3837,0.4256,0.1815,0.8025,0.1066,STABLE CROPLAND,1.0,1.0,22.0,"{""type"":""Point"",""coordinates"":[87.49800967588136,27.124241390697545]}"
3838,0.4423,0.2119,0.8388,0.1005,STABLE CROPLAND,0.0,0.0,23.0,"{""type"":""Point"",""coordinates"":[87.7312106820256,27.123037134407273]}"
3839,0.3873,0.1497,0.7757,0.1212,STABLE CROPLAND,1.0,1.0,22.0,"{""type"":""Point"",""coordinates"":[86.59137570428975,27.122195031424194]}"
3840,0.4286,0.194,0.8462,0.1079,STABLE CROPLAND,1.0,1.0,22.0,"{""type"":""Point"",""coordinates"":[86.71548033921262,27.122429555413067]}"
3841,,,,,DISCARDED (Insufficient Samples),,,,"{""type"":""Point"",""coordinates"":[85.61459159712602,27.11415988689051]}"
3842,0.425,0.1656,0.8119,0.0972,STABLE CROPLAND,0.0,0.0,23.0,"{""type"":""Point"",""coordinates"":[87.03982336412545,27.122694159509933]}"
3843,0.3478,0.1161,0.7679,0.1269,STABLE CROPLAND,1.0,1.0,22.0,"{""type"":""Point"",""coordinates"":[87.21533992018779,27.12104685128389]}"
3844,0.4352,0.1739,0.8095,0.086,STABLE CROPLAND,0.0,0.0,23.0,"{""type"":""Point"",""coordinates"":[86.13980721245433,27.11769065834292]}"
3845,,,,,DISCARDED (Insufficient Samples),,,,"{""type"":""Point"",""coordinates"":[86.1857611658158,27.118336513537763]}"
3846,0.4337,0.1737,0.8117,0.1031,STABLE CROPLAND,1.0,1.0,22.0,"{""type"":""Point"",""coordinates"":[86.64705085291462,27.118698006216544]}"
3847,,,,,DISCARDED (Insufficient Samples),,,,"{""type"":""Point"",""coordinates"":[85.50104630944891,27.117613612234667]}"
3848,,,,,DISCARDED (Insufficient Samples),,,,"{""type"":""Point"",""coordinates"":[85.22998997922073,27.105856738463682]}"
3849,0.483,0.1991,0.8798,0.1167,STABLE CROPLAND,0.0,0.0,23.0,"{""type"":""Point"",""coordinates"":[87.70093098416834,27.11351620603184]}"
3850,,,,,DISCARDED (Insufficient Samples),,,,"{""type"":""Point"",""coordinates"":[84.96035786492332,27.108579778490203]}"
3851,,,,,DISCARDED (Insufficient Samples),,,,"{""type"":""Point"",""coordinates"":[85.5944704904525,27.110693482151063]}"
3852,0.4468,0.1893,0.7903,0.092,STABLE CROPLAND,1.0,1.0,22.0,"{""type"":""Point"",""coordinates"":[87.2939374989945,27.113321582070252]}"
3853,0.5038,0.1824,0.8724,0.0888,STABLE CROPLAND,0.0,0.0,23.0,"{""type"":""Point"",""coordinates"":[87.68038531411801,27.11217420609672]}"
3854,0.4794,0.1776,0.7946,0.0956,STABLE CROPLAND,1.0,1.0,22.0,"{""type"":""Point"",""coordinates"":[86.08466937355736,27.110297647172214]}"
3855,0.4224,0.1858,0.8231,0.1111,STABLE CROPLAND,1.0,1.0,22.0,"{""type"":""Point"",""coordinates"":[86.43769134678256,27.112302073667458]}"
3856,,,,,DISCARDED (Insufficient Samples),,,,"{""type"":""Point"",""coordinates"":[85.51962676052058,27.106335608570248]}"
3857,,,,,DISCARDED (Insufficient Samples),,,,"{""type"":""Point"",""coordinates"":[85.12902241207665,27.09983950925024]}"
3858,0.4218,0.1108,0.7954,0.1046,DISCARDED (Failed Phenology),4.0,2.0,19.0,"{""type"":""Point"",""coordinates"":[86.49587557919979,27.11081994681483]}"
3859,,,,,DISCARDED (Insufficient Samples),,,,"{""type"":""Point"",""coordinates"":[85.56615921783423,27.104093950870364]}"
3860,,,,,DISCARDED (Insufficient Samples),,,,"{""type"":""Point"",""coordinates"":[84.92084908392896,27.10214527567592]}"
3861,,,,,DISCARDED (Insufficient Samples),,,,"{""type"":""Point"",""coordinates"":[85.36276561695549,27.09979640900984]}"
3862,0.5295,0.2232,0.8984,0.0892,STABLE CROPLAND,0.0,0.0,23.0,"{""type"":""Point"",""coordinates"":[87.32240484067543,27.10853110556886]}"
3863,,,,,DISCARDED (Insufficient Samples),,,,"{""type"":""Point"",""coordinates"":[85.54395581990902,27.103959685176775]}"
3864,,,,,DISCARDED (Insufficient Samples),,,,"{""type"":""Point"",""coordinates"":[85.65879260122527,27.10062204996671]}"
3865,0.4814,0.1122,0.8948,0.088,STABLE CROPLAND,0.0,0.0,23.0,"{""type"":""Point"",""coordinates"":[87.02979172497986,27.105697993821654]}"
3866,0.4338,0.1381,0.8745,0.0976,STABLE CROPLAND,0.0,0.0,24.0,"{""type"":""Point"",""coordinates"":[87.17689445534917,27.104836900385777]}"
3867,0.4849,0.1894,0.8955,0.1194,STABLE CROPLAND,0.0,0.0,23.0,"{""type"":""Point"",""coordinates"":[86.71352803868123,27.104329076654828]}"
3868,,,,,DISCARDED (Insufficient Samples),,,,"{""type"":""Point"",""coordinates"":[84.70363921585509,27.085292393756745]}"
3869,0.4817,0.2016,0.8594,0.1094,STABLE CROPLAND,1.0,1.0,22.0,"{""type"":""Point"",""coordinates"":[86.74917574251015,27.105311468624592]}"
3870,0.3702,0.0696,0.8126,0.1424,DISCARDED (Failed Phenology),4.0,3.0,19.0,"{""type"":""Point"",""coordinates"":[86.15405796304486,27.101312908908273]}"
3871,0.4263,0.1666,0.8507,0.1294,STABLE CROPLAND,1.0,1.0,23.0,"{""type"":""Point"",""coordinates"":[85.9370412581742,27.101815049741703]}"
3872,0.4862,0.2157,0.8363,0.1033,STABLE CROPLAND,1.0,1.0,22.0,"{""type"":""Point"",""coordinates"":[87.46867976650329,27.102607066704824]}"
3873,,,,,DISCARDED (Insufficient Samples),,,,"{""type"":""Point"",""coordinates"":[85.49254756926115,27.094917630860117]}"
3874,0.4438,0.1498,0.811,0.1043,STABLE CROPLAND,0.0,0.0,23.0,"{""type"":""Point"",""coordinates"":[86.1084393140585,27.10035420333584]}"
3875,0.4518,0.183,0.8101,0.0717,STABLE CROPLAND,1.0,1.0,22.0,"{""type"":""Point"",""coordinates"":[86.66429510646428,27.10339995871344]}"
3876,,,,,DISCARDED (Insufficient Samples),,,,"{""type"":""Point"",""coordinates"":[84.65481462542469,27.082694213692513]}"
3877,0.455,0.1556,0.9024,0.1068,STABLE CROPLAND,0.0,0.0,23.0,"{""type"":""Point"",""coordinates"":[87.23348023945884,27.10157683884285]}"
3878,,,,,DISCARDED (Insufficient Samples),,,,"{""type"":""Point"",""coordinates"":[84.91129191005268,27.085764052124716]}"
3879,0.4316,0.0344,0.7848,0.1106,DISCARDED (Failed Phenology),4.0,1.0,19.0,"{""type"":""Point"",""coordinates"":[86.19912478421179,27.098345944489484]}"
3880,0.4656,0.1785,0.8738,0.1067,STABLE CROPLAND,0.0,0.0,23.0,"{""type"":""Point"",""coordinates"":[87.52067594981791,27.09886572680749]}"
3881,0.4961,0.1642,0.9036,0.1116,STABLE CROPLAND,0.0,0.0,23.0,"{""type"":""Point"",""coordinates"":[87.20086656210707,27.09922959598124]}"
3882,0.367,0.1335,0.7838,0.1598,DISCARDED (Failed Phenology),4.0,2.0,20.0,"{""type"":""Point"",""coordinates"":[85.96010036574503,27.094634012671982]}"
3883,0.4442,0.1556,0.8012,0.0822,STABLE CROPLAND,3.0,2.0,20.0,"{""type"":""Point"",""coordinates"":[87.25486996871523,27.10037894714743]}"
3884,,,,,DISCARDED (Insufficient Samples),,,,"{""type"":""Point"",""coordinates"":[86.22278978416702,27.096027516254132]}"
3885,,,,,DISCARDED (Insufficient Samples),,,,"{""type"":""Point"",""coordinates"":[85.10918729453822,27.085031341146475]}"
3886,,,,,DISCARDED (Insufficient Samples),,,,"{""type"":""Point"",""coordinates"":[85.67882964727443,27.09295239617425]}"
3887,0.4985,0.1711,0.8738,0.0923,DISCARDED (Failed Phenology),3.0,3.0,21.0,"{""type"":""Point"",""coordinates"":[85.97832877722072,27.104173696148077]}"
3888,0.4388,0.1971,0.8578,0.1132,STABLE CROPLAND,0.0,0.0,23.0,"{""type"":""Point"",""coordinates"":[86.58942591034157,27.097903987397835]}"
3889,0.4913,0.2209,0.8175,0.101,STABLE CROPLAND,3.0,1.0,20.0,"{""type"":""Point"",""coordinates"":[86.24677554955139,27.093527550754516]}"
3890,,,,,DISCARDED (Insufficient Samples),,,,"{""type"":""Point"",""coordinates"":[85.63626372747684,27.10008257336414]}"
3891,0.3958,0.102,0.8849,0.12,STABLE CROPLAND,0.0,0.0,23.0,"{""type"":""Point"",""coordinates"":[87.61751655680945,27.096743733815277]}"
3892,,,,,DISCARDED (Insufficient Samples),,,,"{""type"":""Point"",""coordinates"":[84.96691535473965,27.080065988802488]}"
3893,0.4713,0.0882,0.8502,0.085,STABLE CROPLAND,0.0,0.0,23.0,"{""type"":""Point"",""coordinates"":[86.51422981083638,27.09337091280308]}"
3894,0.5198,0.2053,0.9013,0.1071,STABLE CROPLAND,1.0,1.0,23.0,"{""type"":""Point"",""coordinates"":[87.28135577493344,27.092745609103172]}"
3895,0.3925,0.1299,0.7569,0.1252,DISCARDED (Failed Phenology),4.0,2.0,19.0,"{""type"":""Point"",""coordinates"":[86.46932542546693,27.091321840575965]}"
3896,0.3817,0.137,0.8009,0.117,STABLE CROPLAND,2.0,1.0,21.0,"{""type"":""Point"",""coordinates"":[85.73049515489338,27.086415917524544]}"
3897,0.4574,0.1171,0.8119,0.0999,STABLE CROPLAND,1.0,1.0,22.0,"{""type"":""Point"",""coordinates"":[86.43715286798574,27.090797843537267]}"
3898,0.4109,0.1637,0.792,0.1167,STABLE CROPLAND,1.0,1.0,22.0,"{""type"":""Point"",""coordinates"":[87.11243522006129,27.09040083437796]}"
3899,,,,,DISCARDED (Insufficient Samples),,,,"{""type"":""Point"",""coordinates"":[85.64836441576158,27.083450026695633]}"
3900,0.4253,0.18,0.8518,0.1026,STABLE CROPLAND,0.0,0.0,23.0,"{""type"":""Point"",""coordinates"":[86.55378930625993,27.08883680464542]}"
3901,0.4645,0.1524,0.8407,0.0663,STABLE CROPLAND,0.0,0.0,23.0,"{""type"":""Point"",""coordinates"":[86.0549223293388,27.086058849698208]}"
3902,0.5134,0.2145,0.843,0.1023,STABLE CROPLAND,0.0,0.0,24.0,"{""type"":""Point"",""coordinates"":[86.7601500285135,27.090138098156267]}"
3903,,,,,DISCARDED (Insufficient Samples),,,,"{""type"":""Point"",""coordinates"":[85.58339756312098,27.092569488325335]}"
3904,0.5325,0.2491,0.8411,0.0956,STABLE CROPLAND,0.0,0.0,23.0,"{""type"":""Point"",""coordinates"":[87.3099496028016,27.090117530240548]}"
3905,,,,,DISCARDED (Insufficient Samples),,,,"{""type"":""Point"",""coordinates"":[85.20803818179935,27.078109646568016]}"
3906,0.4716,0.1996,0.8267,0.1018,STABLE CROPLAND,1.0,1.0,22.0,"{""type"":""Point"",""coordinates"":[87.6867281035966,27.086370782924053]}"
3907,0.498,0.1879,0.8378,0.0768,STABLE CROPLAND,1.0,1.0,22.0,"{""type"":""Point"",""coordinates"":[86.72131770257283,27.08706382337445]}"
3908,0.4804,0.119,0.8768,0.0817,STABLE CROPLAND,0.0,0.0,23.0,"{""type"":""Point"",""coordinates"":[86.99434737318877,27.088061475106876]}"
3909,0.4888,0.2025,0.8539,0.0841,STABLE CROPLAND,0.0,0.0,23.0,"{""type"":""Point"",""coordinates"":[87.1676439834846,27.087249054537075]}"
3910,,,,,DISCARDED (Insufficient Samples),,,,"{""type"":""Point"",""coordinates"":[85.47220951179307,27.079607104525977]}"
3911,0.4238,0.1877,0.7868,0.102,STABLE CROPLAND,1.0,1.0,22.0,"{""type"":""Point"",""coordinates"":[86.0857834754526,27.084107455681952]}"
3912,,,,,DISCARDED (Insufficient Samples),,,,"{""type"":""Point"",""coordinates"":[85.00866070587192,27.07355836247046]}"
3913,,,,,DISCARDED (Insufficient Samples),,,,"{""type"":""Point"",""coordinates"":[85.52889025930455,27.07983979879942]}"
3914,0.4698,0.1694,0.8054,0.0924,DISCARDED (Failed Phenology),4.0,2.0,19.0,"{""type"":""Point"",""coordinates"":[86.14802237654168,27.081038857718305]}"
3915,0.3875,0.1579,0.7432,0.0655,STABLE CROPLAND,0.0,0.0,23.0,"{""type"":""Point"",""coordinates"":[86.67255414124962,27.0839739785556]}"
3916,0.474,0.195,0.8656,0.0953,DISCARDED (Failed Phenology),3.0,3.0,20.0,"{""type"":""Point"",""coordinates"":[86.00435358208016,27.08017100273684]}"
3917,,,,,DISCARDED (Insufficient Samples),,,,"{""type"":""Point"",""coordinates"":[85.56550363191367,27.074993598251034]}"
3918,0.4758,0.1688,0.8543,0.0851,STABLE CROPLAND,0.0,0.0,23.0,"{""type"":""Point"",""coordinates"":[87.06753576632977,27.081036139903212]}"
3919,0.4692,0.1364,0.8309,0.1063,STABLE CROPLAND,2.0,1.0,21.0,"{""type"":""Point"",""coordinates"":[85.78002019511122,27.07410154422685]}"
3920,,,,,DISCARDED (Insufficient Samples),,,,"{""type"":""Point"",""coordinates"":[85.60714599472571,27.072056172701554]}"
3921,0.4794,0.1864,0.8489,0.1312,STABLE CROPLAND,1.0,1.0,22.0,"{""type"":""Point"",""coordinates"":[86.27904470760271,27.076488225580103]}"
3922,0.5175,0.198,0.8918,0.0872,STABLE CROPLAND,0.0,0.0,23.0,"{""type"":""Point"",""coordinates"":[87.18772785979621,27.078789315147745]}"
3923,,,,,DISCARDED (Insufficient Samples),,,,"{""type"":""Point"",""coordinates"":[85.70897046126083,27.07182709363374]}"
3924,0.417,0.1626,0.7663,0.0764,STABLE CROPLAND,1.0,1.0,22.0,"{""type"":""Point"",""coordinates"":[85.94163303352774,27.075155494456805]}"
3925,,,,,DISCARDED (Insufficient Samples),,,,"{""type"":""Point"",""coordinates"":[85.75139079225339,27.07380541201533]}"
3926,0.4014,0.1418,0.8639,0.1253,STABLE CROPLAND,0.0,0.0,23.0,"{""type"":""Point"",""coordinates"":[87.5926864268702,27.072153298482437]}"
3927,0.4824,0.1534,0.8582,0.0965,STABLE CROPLAND,1.0,1.0,22.0,"{""type"":""Point"",""coordinates"":[87.14263011131679,27.07219159611006]}"
3928,,,,,DISCARDED (Insufficient Samples),,,,"{""type"":""Point"",""coordinates"":[86.32998937105772,27.07132215741294]}"
3929,,,,,DISCARDED (Insufficient Samples),,,,"{""type"":""Point"",""coordinates"":[85.29895167391962,27.07022457215477]}"
3930,,,,,DISCARDED (Insufficient Samples),,,,"{""type"":""Point"",""coordinates"":[85.15903081149501,27.059577748789522]}"
3931,,,,,DISCARDED (Insufficient Samples),,,,"{""type"":""Point"",""coordinates"":[85.584480161813,27.068572269066884]}"
3932,,,,,DISCARDED (Insufficient Samples),,,,"{""type"":""Point"",""coordinates"":[85.63687794086897,27.064644948166944]}"
3933,0.4434,0.1813,0.879,0.1168,STABLE CROPLAND,0.0,0.0,23.0,"{""type"":""Point"",""coordinates"":[86.73316775739904,27.070733532940675]}"
3934,0.4698,0.2262,0.8517,0.1145,STABLE CROPLAND,1.0,1.0,22.0,"{""type"":""Point"",""coordinates"":[86.2066604764466,27.06779898000402]}"
3935,0.443,0.1128,0.8865,0.1041,STABLE CROPLAND,0.0,0.0,23.0,"{""type"":""Point"",""coordinates"":[86.46285800208192,27.068921190617804]}"
3936,,,,,DISCARDED (Insufficient Samples),,,,"{""type"":""Point"",""coordinates"":[84.97235153753675,27.054707311081476]}"
3937,,,,,DISCARDED (Insufficient Samples),,,,"{""type"":""Point"",""coordinates"":[84.99972084175229,27.055609972995335]}"
3938,0.3539,0.1569,0.7004,0.0892,DISCARDED (Static Vegetation / Low Amplitude),1.0,1.0,22.0,"{""type"":""Point"",""coordinates"":[86.71251201244645,27.068810561965904]}"
3939,,,,,DISCARDED (Insufficient Samples),,,,"{""type"":""Point"",""coordinates"":[85.49675404548003,27.075704668924246]}"
3940,,,,,DISCARDED (Insufficient Samples),,,,"{""type"":""Point"",""coordinates"":[84.8981983259204,27.0670267977305]}"
3941,0.3763,0.144,0.7919,0.1332,STABLE CROPLAND,2.0,2.0,21.0,"{""type"":""Point"",""coordinates"":[85.80460568144798,27.060672430122263]}"
3942,0.4227,0.1946,0.806,0.0857,STABLE CROPLAND,0.0,0.0,23.0,"{""type"":""Point"",""coordinates"":[86.78866848914681,27.06446849747875]}"
3943,,,,,DISCARDED (Insufficient Samples),,,,"{""type"":""Point"",""coordinates"":[85.5257140162819,27.05670383187054]}"
3944,,,,,DISCARDED (Insufficient Samples),,,,"{""type"":""Point"",""coordinates"":[85.22151323239511,27.053298394681438]}"
3945,0.4089,0.1448,0.8012,0.1305,STABLE CROPLAND,2.0,1.0,21.0,"{""type"":""Point"",""coordinates"":[87.08771440951726,27.063824584652426]}"
3946,,,,,DISCARDED (Insufficient Samples),,,,"{""type"":""Point"",""coordinates"":[85.55286709621221,27.056488448674312]}"
3947,0.4724,0.2053,0.8325,0.0984,STABLE CROPLAND,1.0,1.0,22.0,"{""type"":""Point"",""coordinates"":[87.56064727547783,27.062147552470297]}"
3948,0.4781,0.1936,0.8735,0.0828,STABLE CROPLAND,0.0,0.0,23.0,"{""type"":""Point"",""coordinates"":[86.69206457611138,27.06236758572296]}"
3949,,,,,DISCARDED (Insufficient Samples),,,,"{""type"":""Point"",""coordinates"":[86.5320212972461,27.060568283249896]}"
3950,0.4419,0.1819,0.8886,0.1055,STABLE CROPLAND,0.0,0.0,23.0,"{""type"":""Point"",""coordinates"":[87.16789628258944,27.061676747815607]}"
3951,,,,,DISCARDED (Insufficient Samples),,,,"{""type"":""Point"",""coordinates"":[85.2603949630399,27.049729889145453]}"
3952,0.4664,0.2389,0.8471,0.0807,STABLE CROPLAND,0.0,0.0,23.0,"{""type"":""Point"",""coordinates"":[87.46632946279378,27.05985223353765]}"
3953,,,,,DISCARDED (Insufficient Samples),,,,"{""type"":""Point"",""coordinates"":[85.57428378927989,27.05121369280397]}"
3954,0.3661,0.1376,0.7647,0.1027,STABLE CROPLAND,1.0,1.0,22.0,"{""type"":""Point"",""coordinates"":[86.2416543675011,27.054700230174312]}"
3955,0.4497,0.1636,0.8174,0.085,STABLE CROPLAND,1.0,1.0,24.0,"{""type"":""Point"",""coordinates"":[86.04177382615741,27.05383931785342]}"
3956,,,,,DISCARDED (Insufficient Samples),,,,"{""type"":""Point"",""coordinates"":[85.59465294933108,27.0519429086873]}"
3957,,,,,DISCARDED (Insufficient Samples),,,,"{""type"":""Point"",""coordinates"":[85.61838680847802,27.048893538661137]}"
3958,0.4247,0.145,0.7646,0.075,STABLE CROPLAND,0.0,0.0,23.0,"{""type"":""Point"",""coordinates"":[86.558477060733,27.055298364059343]}"
3959,0.4736,0.1856,0.7107,0.0503,DISCARDED (Static Vegetation / Low Amplitude),2.0,1.0,21.0,"{""type"":""Point"",""coordinates"":[87.38423846962853,27.0546329050049]}"
3960,0.4204,0.159,0.7826,0.0941,STABLE CROPLAND,3.0,1.0,20.0,"{""type"":""Point"",""coordinates"":[86.07657544073915,27.05247671680825]}"
3961,0.5471,0.2204,0.8955,0.059,STABLE CROPLAND,1.0,1.0,22.0,"{""type"":""Point"",""coordinates"":[87.05945664999582,27.05579934357818]}"
3962,,,,,DISCARDED (Insufficient Samples),,,,"{""type"":""Point"",""coordinates"":[84.909945057053,27.040734888095386]}"
3963,,,,,DISCARDED (Insufficient Samples),,,,"{""type"":""Point"",""coordinates"":[85.0556622031085,27.04060215245199]}"
3964,0.4321,0.1315,0.8365,0.1407,STABLE CROPLAND,2.0,1.0,21.0,"{""type"":""Point"",""coordinates"":[86.35800914087314,27.052733835296888]}"
3965,0.4885,0.2313,0.8136,0.0662,STABLE CROPLAND,1.0,1.0,22.0,"{""type"":""Point"",""coordinates"":[86.77018836154157,27.053741941168795]}"
3966,0.5152,0.1909,0.8881,0.0656,STABLE CROPLAND,0.0,0.0,23.0,"{""type"":""Point"",""coordinates"":[87.13371275458523,27.054359065679797]}"
3967,0.4852,0.1509,0.8706,0.0884,STABLE CROPLAND,0.0,0.0,23.0,"{""type"":""Point"",""coordinates"":[87.62747095510576,27.051795491489948]}"
3968,,,,,DISCARDED (Insufficient Samples),,,,"{""type"":""Point"",""coordinates"":[84.95516274149512,27.03711209548964]}"
3969,,,,,DISCARDED (Insufficient Samples),,,,"{""type"":""Point"",""coordinates"":[84.93398410257123,27.037196930759503]}"
3970,0.4084,0.1737,0.8128,0.1249,STABLE CROPLAND,0.0,0.0,23.0,"{""type"":""Point"",""coordinates"":[86.74143493643592,27.052437190762404]}"
3971,,,,,DISCARDED (Insufficient Samples),,,,"{""type"":""Point"",""coordinates"":[85.67782125082444,27.044495310566333]}"
3972,0.4434,0.1421,0.8612,0.1075,STABLE CROPLAND,0.0,0.0,23.0,"{""type"":""Point"",""coordinates"":[87.53597187681382,27.051165454025142]}"
3973,,,,,DISCARDED (Insufficient Samples),,,,"{""type"":""Point"",""coordinates"":[85.3331828230258,27.04231329815528]}"
3974,,,,,DISCARDED (Insufficient Samples),,,,"{""type"":""Point"",""coordinates"":[84.94980802950423,27.05591709285185]}"
3975,,,,,DISCARDED (Insufficient Samples),,,,"{""type"":""Point"",""coordinates"":[84.94638375400817,27.085936319398936]}"
3976,,,,,DISCARDED (Insufficient Samples),,,,"{""type"":""Point"",""coordinates"":[84.92671852163113,27.07237367673191]}"
3977,0.4485,0.1718,0.831,0.1242,DISCARDED (Failed Phenology),7.0,2.0,19.0,"{""type"":""Point"",""coordinates"":[85.93691669132302,27.045508380823833]}"
3978,0.4296,0.1583,0.7847,0.0762,STABLE CROPLAND,0.0,0.0,23.0,"{""type"":""Point"",""coordinates"":[87.59527471203323,27.047521130452285]}"
3979,,,,,DISCARDED (Insufficient Samples),,,,"{""type"":""Point"",""coordinates"":[84.72606722090812,27.194222165796447]}"
3980,,,,,DISCARDED (Insufficient Samples),,,,"{""type"":""Point"",""coordinates"":[84.67259441441,27.056081874829584]}"
3981,,,,,DISCARDED (Insufficient Samples),,,,"{""type"":""Point"",""coordinates"":[84.6485009743248,27.062476255027388]}"
3982,,,,,DISCARDED (Insufficient Samples),,,,"{""type"":""Point"",""coordinates"":[84.68004004932226,27.03828708258507]}"
3983,,,,,DISCARDED (Insufficient Samples),,,,"{""type"":""Point"",""coordinates"":[84.68593699333061,27.107013958463764]}"
3984,,,,,DISCARDED (Insufficient Samples),,,,"{""type"":""Point"",""coordinates"":[84.71470861935012,27.236300836341375]}"
3985,,,,,DISCARDED (Insufficient Samples),,,,"{""type"":""Point"",""coordinates"":[84.74872559156451,27.154523221571157]}"
3986,,,,,DISCARDED (Insufficient Samples),,,,"{""type"":""Point"",""coordinates"":[84.72151178786173,27.159064989961077]}"
3987,,,,,DISCARDED (Insufficient Samples),,,,"{""type"":""Point"",""coordinates"":[84.70241801794197,27.17979340673991]}"
3988,,,,,DISCARDED (Insufficient Samples),,,,"{""type"":""Point"",""coordinates"":[84.7447773641702,27.174313009236528]}"
3989,,,,,DISCARDED (Insufficient Samples),,,,"{""type"":""Point"",""coordinates"":[84.70731639731221,27.13788772518112]}"
3990,,,,,DISCARDED (Insufficient Samples),,,,"{""type"":""Point"",""coordinates"":[84.6840204232888,27.143426963270596]}"
3991,,,,,DISCARDED (Insufficient Samples),,,,"{""type"":""Point"",""coordinates"":[84.65786647016998,27.043254646915088]}"
3992,,,,,DISCARDED (Insufficient Samples),,,,"{""type"":""Point"",""coordinates"":[84.69569188368224,27.05521251114486]}"
3993,0.4389,0.178,0.8651,0.0989,STABLE CROPLAND,0.0,0.0,23.0,"{""type"":""Point"",""coordinates"":[87.19725040302049,27.047319912897933]}"
3994,,,,,DISCARDED (Insufficient Samples),,,,"{""type"":""Point"",""coordinates"":[84.8756428191047,27.031288336558823]}"
3995,0.4793,0.213,0.7785,0.0772,STABLE CROPLAND,2.0,1.0,22.0,"{""type"":""Point"",""coordinates"":[86.11721850037091,27.043922864685836]}"
3996,0.3625,0.0941,0.6949,0.0979,DISCARDED (Failed Phenology),5.0,3.0,18.0,"{""type"":""Point"",""coordinates"":[85.80961682295805,27.04208718767351]}"
3997,0.4854,0.1703,0.8786,0.0877,STABLE CROPLAND,1.0,1.0,23.0,"{""type"":""Point"",""coordinates"":[86.4297980036337,27.044205580273676]}"
3998,,,,,DISCARDED (Insufficient Samples),,,,"{""type"":""Point"",""coordinates"":[85.17661133912691,27.034779908823403]}"
3999,0.4767,0.1883,0.8349,0.0984,STABLE CROPLAND,1.0,1.0,22.0,"{""type"":""Point"",""coordinates"":[86.09514216875186,27.04399774532536]}"
4000,0.3993,0.1147,0.8321,0.0911,STABLE CROPLAND,0.0,0.0,23.0,"{""type"":""Point"",""coordinates"":[87.57385417969512,27.041842430000926]}"
4001,0.4155,0.1321,0.8002,0.092,STABLE CROPLAND,1.0,1.0,23.0,"{""type"":""Point"",""coordinates"":[85.83508786903977,27.040740931849946]}"
4002,0.352,0.0947,0.7294,0.1197,STABLE CROPLAND,2.0,1.0,21.0,"{""type"":""Point"",""coordinates"":[85.88843411069615,27.04073774759512]}"
4003,,,,,DISCARDED (Insufficient Samples),,,,"{""type"":""Point"",""coordinates"":[85.65424469759593,27.03370134215577]}"
4004,0.387,0.1109,0.6761,0.083,STABLE CROPLAND,1.0,1.0,22.0,"{""type"":""Point"",""coordinates"":[85.86060924009465,27.03585037888367]}"
4005,0.4641,0.1912,0.8056,0.1237,STABLE CROPLAND,2.0,1.0,21.0,"{""type"":""Point"",""coordinates"":[86.20573244375619,27.038225662390605]}"
4006,0.525,0.1949,0.8752,0.1125,STABLE CROPLAND,2.0,1.0,21.0,"{""type"":""Point"",""coordinates"":[86.37439702714558,27.037274877728038]}"
4007,0.4899,0.2265,0.8492,0.0908,STABLE CROPLAND,0.0,0.0,23.0,"{""type"":""Point"",""coordinates"":[86.70978283375999,27.0380119510765]}"
4008,,,,,DISCARDED (Insufficient Samples),,,,"{""type"":""Point"",""coordinates"":[85.38923268455396,27.029165927139307]}"
4009,,,,,DISCARDED (Insufficient Samples),,,,"{""type"":""Point"",""coordinates"":[84.90411570154912,27.143729112019674]}"
4010,,,,,DISCARDED (Insufficient Samples),,,,"{""type"":""Point"",""coordinates"":[84.86365053511176,27.047740246838504]}"
4011,,,,,DISCARDED (Insufficient Samples),,,,"{""type"":""Point"",""coordinates"":[84.86990040834755,27.067550606742465]}"
4012,,,,,DISCARDED (Insufficient Samples),,,,"{""type"":""Point"",""coordinates"":[84.87770582379123,27.15089846043206]}"
4013,,,,,DISCARDED (Insufficient Samples),,,,"{""type"":""Point"",""coordinates"":[84.87082527836868,27.109934357563642]}"
4014,,,,,DISCARDED (Insufficient Samples),,,,"{""type"":""Point"",""coordinates"":[84.92411698594327,27.14664714414191]}"
4015,,,,,DISCARDED (Insufficient Samples),,,,"{""type"":""Point"",""coordinates"":[84.86259440515278,27.089439865947437]}"
4016,0.418,0.1559,0.7755,0.1079,STABLE CROPLAND,0.0,0.0,23.0,"{""type"":""Point"",""coordinates"":[86.35211150188863,27.03380847880056]}"
4017,0.4197,0.1474,0.7125,0.1044,DISCARDED (Failed Phenology),6.0,2.0,17.0,"{""type"":""Point"",""coordinates"":[86.13634565926978,27.033573161188894]}"
4018,0.471,0.1907,0.9108,0.1225,STABLE CROPLAND,1.0,1.0,22.0,"{""type"":""Point"",""coordinates"":[86.7621353511009,27.034372495557623]}"
4019,,,,,DISCARDED (Insufficient Samples),,,,"{""type"":""Point"",""coordinates"":[84.98966338923803,27.02022684951761]}"
4020,0.4057,0.1529,0.776,0.0875,STABLE CROPLAND,3.0,2.0,22.0,"{""type"":""Point"",""coordinates"":[86.0782471714487,27.029803393190914]}"
4021,0.5069,0.2004,0.8753,0.0916,STABLE CROPLAND,0.0,0.0,23.0,"{""type"":""Point"",""coordinates"":[86.82366989785831,27.032589707210743]}"
4022,0.3995,0.2016,0.8192,0.1134,STABLE CROPLAND,2.0,1.0,21.0,"{""type"":""Point"",""coordinates"":[86.85748498711727,27.03308512830056]}"
4023,,,,,DISCARDED (Insufficient Samples),,,,"{""type"":""Point"",""coordinates"":[84.9207487233852,27.016716982983432]}"
4024,,,,,DISCARDED (Insufficient Samples),,,,"{""type"":""Point"",""coordinates"":[85.57041148344048,27.025450068181406]}"
4025,0.4591,0.1339,0.8938,0.1055,STABLE CROPLAND,0.0,0.0,23.0,"{""type"":""Point"",""coordinates"":[87.16768716843593,27.032129697161338]}"
4026,0.4086,0.1603,0.8107,0.0876,STABLE CROPLAND,0.0,0.0,23.0,"{""type"":""Point"",""coordinates"":[86.67989376405622,27.03118890468738]}"
4027,,,,,DISCARDED (Insufficient Samples),,,,"{""type"":""Point"",""coordinates"":[85.26768080132983,27.020392368436674]}"
4028,0.4012,0.1752,0.8633,0.1084,STABLE CROPLAND,2.0,1.0,21.0,"{""type"":""Point"",""coordinates"":[86.89756509554994,27.029234422441956]}"
4029,,,,,DISCARDED (Insufficient Samples),,,,"{""type"":""Point"",""coordinates"":[85.02386430342892,27.015039387534557]}"
4030,,,,,DISCARDED (Insufficient Samples),,,,"{""type"":""Point"",""coordinates"":[85.45313614103198,27.01955927318332]}"
4031,0.3667,0.1146,0.6893,0.0996,STABLE CROPLAND,2.0,1.0,21.0,"{""type"":""Point"",""coordinates"":[86.11019174909367,27.025532098702268]}"
4032,,,,,DISCARDED (Insufficient Samples),,,,"{""type"":""Point"",""coordinates"":[85.6292118482956,27.019604867245324]}"
4033,0.4498,0.1615,0.8755,0.1217,STABLE CROPLAND,1.0,1.0,22.0,"{""type"":""Point"",""coordinates"":[85.88180859402189,27.022021336592083]}"
4034,,,,,DISCARDED (Insufficient Samples),,,,"{""type"":""Point"",""coordinates"":[86.169774634515,27.02399148928396]}"
4035,0.4228,0.1547,0.8257,0.0916,STABLE CROPLAND,0.0,0.0,23.0,"{""type"":""Point"",""coordinates"":[87.59944288229651,27.025651691430685]}"
4036,0.4391,0.1323,0.7846,0.1214,DISCARDED (Failed Phenology),3.0,3.0,21.0,"{""type"":""Point"",""coordinates"":[85.92679810365794,27.021219796876903]}"
4037,0.4079,0.1455,0.9149,0.0906,STABLE CROPLAND,0.0,0.0,23.0,"{""type"":""Point"",""coordinates"":[86.7352170920402,27.025186431201465]}"
4038,0.441,0.1532,0.8459,0.0895,STABLE CROPLAND,0.0,0.0,23.0,"{""type"":""Point"",""coordinates"":[87.22037943333653,27.02427249509754]}"
4039,0.409,0.1635,0.7944,0.0972,STABLE CROPLAND,0.0,0.0,23.0,"{""type"":""Point"",""coordinates"":[87.49440095140845,27.02323636329708]}"
4040,,,,,DISCARDED (Insufficient Samples),,,,"{""type"":""Point"",""coordinates"":[85.48995700849949,27.018112965450126]}"
4041,0.4157,0.1304,0.8673,0.1103,STABLE CROPLAND,0.0,0.0,23.0,"{""type"":""Point"",""coordinates"":[87.57909874448602,27.022236782004153]}"
4042,0.4833,0.2406,0.8388,0.0647,STABLE CROPLAND,0.0,0.0,23.0,"{""type"":""Point"",""coordinates"":[87.41964975718157,27.02169532845488]}"
4043,0.4627,0.1895,0.8803,0.1007,STABLE CROPLAND,0.0,0.0,23.0,"{""type"":""Point"",""coordinates"":[86.77712417333998,27.02169163222817]}"
4044,0.4882,0.1529,0.8317,0.0875,STABLE CROPLAND,0.0,0.0,23.0,"{""type"":""Point"",""coordinates"":[87.44419884131271,27.020297963938457]}"
4045,,,,,DISCARDED (Insufficient Samples),,,,"{""type"":""Point"",""coordinates"":[85.38142990365995,27.011207828949814]}"
4046,,,,,DISCARDED (Insufficient Samples),,,,"{""type"":""Point"",""coordinates"":[85.18336303916666,27.008200414364484]}"
4047,,,,,DISCARDED (Insufficient Samples),,,,"{""type"":""Point"",""coordinates"":[85.67430978886715,27.011980001853782]}"
4048,0.4024,0.1919,0.8425,0.1092,STABLE CROPLAND,0.0,0.0,23.0,"{""type"":""Point"",""coordinates"":[86.32169135024559,27.016868678909123]}"
4049,0.3903,0.1136,0.8179,0.0953,STABLE CROPLAND,0.0,0.0,23.0,"{""type"":""Point"",""coordinates"":[87.54595991911076,27.017551535107202]}"
4050,,,,,DISCARDED (Insufficient Samples),,,,"{""type"":""Point"",""coordinates"":[84.95529382862172,27.00280648215131]}"
4051,,,,,DISCARDED (Insufficient Samples),,,,"{""type"":""Point"",""coordinates"":[85.60605696622085,27.01639774797558]}"
4052,0.4839,0.0687,0.8487,0.0871,STABLE CROPLAND,0.0,0.0,23.0,"{""type"":""Point"",""coordinates"":[86.4834900427718,27.01706658666663]}"
4053,,,,,DISCARDED (Insufficient Samples),,,,"{""type"":""Point"",""coordinates"":[85.55717621383255,27.01029537154464]}"
4054,,,,,DISCARDED (Insufficient Samples),,,,"{""type"":""Point"",""coordinates"":[86.20295560045456,27.016865131488714]}"
4055,,,,,DISCARDED (Insufficient Samples),,,,"{""type"":""Point"",""coordinates"":[86.23526081556697,27.015081415876622]}"
4056,0.4167,0.1873,0.8028,0.1324,DISCARDED (Failed Phenology),6.0,2.0,20.0,"{""type"":""Point"",""coordinates"":[86.25951510125228,27.01627313445163]}"
4057,,,,,DISCARDED (Insufficient Samples),,,,"{""type"":""Point"",""coordinates"":[86.14759677139364,27.015474355312026]}"
4058,0.4161,0.1772,0.8634,0.1187,STABLE CROPLAND,1.0,1.0,22.0,"{""type"":""Point"",""coordinates"":[86.80189807763969,27.01665097817526]}"
4059,0.5237,0.1969,0.8736,0.0627,STABLE CROPLAND,0.0,0.0,23.0,"{""type"":""Point"",""coordinates"":[87.15589464262129,27.01627826987821]}"
4060,0.4168,0.1371,0.8468,0.1068,STABLE CROPLAND,0.0,0.0,23.0,"{""type"":""Point"",""coordinates"":[87.62641832994626,27.014545649922443]}"
4061,,,,,DISCARDED (Insufficient Samples),,,,"{""type"":""Point"",""coordinates"":[84.78088682157242,27.16710818013915]}"
4062,,,,,DISCARDED (Insufficient Samples),,,,"{""type"":""Point"",""coordinates"":[84.7909430998267,27.109085761933382]}"
4063,,,,,DISCARDED (Insufficient Samples),,,,"{""type"":""Point"",""coordinates"":[84.74166679579378,27.09013742676954]}"
4064,,,,,DISCARDED (Insufficient Samples),,,,"{""type"":""Point"",""coordinates"":[84.83798679084165,27.097673394731554]}"
4065,,,,,DISCARDED (Insufficient Samples),,,,"{""type"":""Point"",""coordinates"":[84.81642647726143,27.090830936103277]}"
4066,,,,,DISCARDED (Insufficient Samples),,,,"{""type"":""Point"",""coordinates"":[84.76917747143861,27.150979629954335]}"
4067,,,,,DISCARDED (Insufficient Samples),,,,"{""type"":""Point"",""coordinates"":[84.73753343571462,27.041266173952934]}"
4068,,,,,DISCARDED (Insufficient Samples),,,,"{""type"":""Point"",""coordinates"":[84.81474178440837,27.025952166019735]}"
4069,,,,,DISCARDED (Insufficient Samples),,,,"{""type"":""Point"",""coordinates"":[84.81870741791467,27.11671411772752]}"
4070,,,,,DISCARDED (Insufficient Samples),,,,"{""type"":""Point"",""coordinates"":[84.8388372177643,27.058842754475407]}"
4071,,,,,DISCARDED (Insufficient Samples),,,,"{""type"":""Point"",""coordinates"":[84.8358458853014,27.176868245186427]}"
4072,,,,,DISCARDED (Insufficient Samples),,,,"{""type"":""Point"",""coordinates"":[84.79821244981451,27.041969205609053]}"
4073,,,,,DISCARDED (Insufficient Samples),,,,"{""type"":""Point"",""coordinates"":[84.70946118661116,27.028582777244633]}"
4074,,,,,DISCARDED (Insufficient Samples),,,,"{""type"":""Point"",""coordinates"":[84.81930864412381,27.16465582306788]}"
4075,,,,,DISCARDED (Insufficient Samples),,,,"{""type"":""Point"",""coordinates"":[84.78977393992798,27.082982464845802]}"
4076,,,,,DISCARDED (Insufficient Samples),,,,"{""type"":""Point"",""coordinates"":[84.80973051939796,27.185032199851307]}"
4077,,,,,DISCARDED (Insufficient Samples),,,,"{""type"":""Point"",""coordinates"":[84.77105215500276,27.131460564760662]}"
4078,,,,,DISCARDED (Insufficient Samples),,,,"{""type"":""Point"",""coordinates"":[84.75339018961968,27.064697716899772]}"
4079,,,,,DISCARDED (Insufficient Samples),,,,"{""type"":""Point"",""coordinates"":[84.85721840487503,27.175843660862643]}"
4080,,,,,DISCARDED (Insufficient Samples),,,,"{""type"":""Point"",""coordinates"":[84.77318432682924,27.05156032943426]}"
4081,,,,,DISCARDED (Insufficient Samples),,,,"{""type"":""Point"",""coordinates"":[84.81166657386731,27.060962511644163]}"
4082,,,,,DISCARDED (Insufficient Samples),,,,"{""type"":""Point"",""coordinates"":[84.77535974551691,27.024466068680507]}"
4083,,,,,DISCARDED (Insufficient Samples),,,,"{""type"":""Point"",""coordinates"":[84.74370800046121,27.01868520694862]}"
4084,,,,,DISCARDED (Insufficient Samples),,,,"{""type"":""Point"",""coordinates"":[84.80691441729566,27.209137733186807]}"
4085,,,,,DISCARDED (Insufficient Samples),,,,"{""type"":""Point"",""coordinates"":[84.72138675012359,27.074588583616197]}"
4086,,,,,DISCARDED (Insufficient Samples),,,,"{""type"":""Point"",""coordinates"":[84.8472079856191,27.1234927981393]}"
4087,,,,,DISCARDED (Insufficient Samples),,,,"{""type"":""Point"",""coordinates"":[84.80005786818192,27.01351622232869]}"
4088,,,,,DISCARDED (Insufficient Samples),,,,"{""type"":""Point"",""coordinates"":[84.754982991182,27.104519718836396]}"
4089,,,,,DISCARDED (Insufficient Samples),,,,"{""type"":""Point"",""coordinates"":[84.77572275080337,27.096826737639056]}"
4090,,,,,DISCARDED (Insufficient Samples),,,,"{""type"":""Point"",""coordinates"":[84.75059220334433,27.135089583188286]}"
4091,,,,,DISCARDED (Insufficient Samples),,,,"{""type"":""Point"",""coordinates"":[84.7925553638468,27.1953928252231]}"
4092,,,,,DISCARDED (Insufficient Samples),,,,"{""type"":""Point"",""coordinates"":[84.75816288923043,27.034545556672757]}"
4093,,,,,DISCARDED (Insufficient Samples),,,,"{""type"":""Point"",""coordinates"":[84.76286712360736,27.08284338056185]}"
4094,,,,,DISCARDED (Insufficient Samples),,,,"{""type"":""Point"",""coordinates"":[84.84799650005324,27.076781278027102]}"
4095,,,,,DISCARDED (Insufficient Samples),,,,"{""type"":""Point"",""coordinates"":[84.75901527984443,27.005468492927854]}"
4096,,,,,DISCARDED (Insufficient Samples),,,,"{""type"":""Point"",""coordinates"":[84.73324867566014,27.05980526707926]}"
4097,,,,,DISCARDED (Insufficient Samples),,,,"{""type"":""Point"",""coordinates"":[84.823271845318,27.04299084756433]}"
4098,0.4444,0.1447,0.8913,0.1007,STABLE CROPLAND,1.0,1.0,22.0,"{""type"":""Point"",""coordinates"":[87.51762085492823,27.013674463464707]}"
4099,,,,,DISCARDED (Insufficient Samples),,,,"{""type"":""Point"",""coordinates"":[84.91653623716732,26.998596219891926]}"
4100,0.5271,0.2035,0.883,0.0893,STABLE CROPLAND,0.0,0.0,23.0,"{""type"":""Point"",""coordinates"":[87.37114054292283,27.01548112919711]}"
4101,0.475,0.1687,0.854,0.1124,STABLE CROPLAND,0.0,0.0,23.0,"{""type"":""Point"",""coordinates"":[85.86719574437079,27.008308771998095]}"
4102,0.4321,0.1802,0.7918,0.1089,STABLE CROPLAND,0.0,0.0,23.0,"{""type"":""Point"",""coordinates"":[85.90673617813252,27.007550251141094]}"
4103,,,,,DISCARDED (Insufficient Samples),,,,"{""type"":""Point"",""coordinates"":[86.45063846495268,27.01027823185434]}"
4104,0.4728,0.1893,0.901,0.0997,STABLE CROPLAND,1.0,1.0,22.0,"{""type"":""Point"",""coordinates"":[86.63085738883319,27.010628331560103]}"
4105,,,,,DISCARDED (Insufficient Samples),,,,"{""type"":""Point"",""coordinates"":[85.13229818826422,26.998213445574436]}"
4106,,,,,DISCARDED (Insufficient Samples),,,,"{""type"":""Point"",""coordinates"":[86.18235483016745,27.00733612485928]}"
4107,,,,,DISCARDED (Insufficient Samples),,,,"{""type"":""Point"",""coordinates"":[86.30248637647539,27.007301069901963]}"
4108,,,,,DISCARDED (Insufficient Samples),,,,"{""type"":""Point"",""coordinates"":[84.97984882042812,26.993672221319876]}"
4109,,,,,DISCARDED (Insufficient Samples),,,,"{""type"":""Point"",""coordinates"":[86.8409496991045,27.00834672011287]}"
4110,,,,,DISCARDED (Insufficient Samples),,,,"{""type"":""Point"",""coordinates"":[85.40425253818913,27.00083131115422]}"
4111,,,,,DISCARDED (Insufficient Samples),,,,"{""type"":""Point"",""coordinates"":[85.44148907355977,26.998187956542253]}"
4112,,,,,DISCARDED (Insufficient Samples),,,,"{""type"":""Point"",""coordinates"":[85.57899635178993,27.00205293976362]}"
4113,0.424,0.1781,0.8008,0.1276,STABLE CROPLAND,1.0,1.0,22.0,"{""type"":""Point"",""coordinates"":[86.87816153984761,27.007415786634542]}"
4114,0.457,0.14,0.8505,0.1059,STABLE CROPLAND,0.0,0.0,23.0,"{""type"":""Point"",""coordinates"":[87.17540118625367,27.00766850742742]}"
4115,0.4404,0.1305,0.7894,0.1163,STABLE CROPLAND,2.0,2.0,21.0,"{""type"":""Point"",""coordinates"":[86.55981150922857,27.004472682275033]}"
4116,,,,,DISCARDED (Insufficient Samples),,,,"{""type"":""Point"",""coordinates"":[85.221216037512,26.993728167611987]}"
4117,0.4722,0.1767,0.8597,0.0867,DISCARDED (Failed Phenology),3.0,3.0,20.0,"{""type"":""Point"",""coordinates"":[86.73119557311352,27.003375730586438]}"
4118,0.428,0.1012,0.8588,0.12,STABLE CROPLAND,1.0,1.0,22.0,"{""type"":""Point"",""coordinates"":[87.55657348746693,27.001421305292673]}"
4119,,,,,DISCARDED (Insufficient Samples),,,,"{""type"":""Point"",""coordinates"":[86.21013377814594,26.99996588254393]}"
4120,,,,,DISCARDED (Insufficient Samples),,,,"{""type"":""Point"",""coordinates"":[85.59814673064291,26.994667695495238]}"
4121,,,,,DISCARDED (Insufficient Samples),,,,"{""type"":""Point"",""coordinates"":[87.19903205679573,27.004620957523617]}"
4122,0.4074,0.1402,0.7908,0.1006,STABLE CROPLAND,0.0,0.0,23.0,"{""type"":""Point"",""coordinates"":[85.88951052995134,26.99692509724487]}"
4123,0.3754,0.1257,0.8102,0.11,STABLE CROPLAND,0.0,0.0,23.0,"{""type"":""Point"",""coordinates"":[87.47600136739258,26.99954302163694]}"
4124,,,,,DISCARDED (Insufficient Samples),,,,"{""type"":""Point"",""coordinates"":[85.65136403224021,26.993345532958]}"
4125,,,,,DISCARDED (Insufficient Samples),,,,"{""type"":""Point"",""coordinates"":[86.243630729079,26.997286073625297]}"
4126,,,,,DISCARDED (Insufficient Samples),,,,"{""type"":""Point"",""coordinates"":[84.87082145126607,26.983738305094164]}"
4127,,,,,DISCARDED (Insufficient Samples),,,,"{""type"":""Point"",""coordinates"":[85.16341054340462,26.9863241578903]}"
4128,,,,,DISCARDED (Insufficient Samples),,,,"{""type"":""Point"",""coordinates"":[86.32867951114868,26.99698202455305]}"
4129,,,,,DISCARDED (Insufficient Samples),,,,"{""type"":""Point"",""coordinates"":[86.39576960781928,26.994623699252653]}"
4130,,,,,DISCARDED (Insufficient Samples),,,,"{""type"":""Point"",""coordinates"":[86.80891644893718,26.994162843675124]}"
4131,,,,,DISCARDED (Insufficient Samples),,,,"{""type"":""Point"",""coordinates"":[86.68423328816685,26.99335150882518]}"
4132,,,,,DISCARDED (Insufficient Samples),,,,"{""type"":""Point"",""coordinates"":[85.63036946737375,26.986013876080982]}"
4133,,,,,DISCARDED (Insufficient Samples),,,,"{""type"":""Point"",""coordinates"":[86.5309859389038,26.99290235870817]}"
4134,,,,,DISCARDED (Insufficient Samples),,,,"{""type"":""Point"",""coordinates"":[86.48075231642743,26.993255028624375]}"
4135,,,,,DISCARDED (Insufficient Samples),,,,"{""type"":""Point"",""coordinates"":[85.53211091173019,26.98735457897411]}"
4136,,,,,DISCARDED (Insufficient Samples),,,,"{""type"":""Point"",""coordinates"":[86.66024053613,26.991507536242274]}"
4137,,,,,DISCARDED (Insufficient Samples),,,,"{""type"":""Point"",""coordinates"":[86.27658159655262,26.996069867687986]}"
4138,,,,,DISCARDED (Insufficient Samples),,,,"{""type"":""Point"",""coordinates"":[86.95332994354222,26.991062361772038]}"
4139,,,,,DISCARDED (Insufficient Samples),,,,"{""type"":""Point"",""coordinates"":[84.8907874613398,26.98108192738755]}"
4140,,,,,DISCARDED (Insufficient Samples),,,,"{""type"":""Point"",""coordinates"":[86.78065596657197,26.988725786958447]}"
4141,,,,,DISCARDED (Insufficient Samples),,,,"{""type"":""Point"",""coordinates"":[85.24096249277535,26.97727762099062]}"
4142,,,,,DISCARDED (Insufficient Samples),,,,"{""type"":""Point"",""coordinates"":[86.22481473044678,26.987176792501117]}"
4143,,,,,DISCARDED (Insufficient Samples),,,,"{""type"":""Point"",""coordinates"":[85.47027521721475,27.000784194154004]}"
4144,,,,,DISCARDED (Insufficient Samples),,,,"{""type"":""Point"",""coordinates"":[86.74216777118653,26.985774451793716]}"
4145,,,,,DISCARDED (Insufficient Samples),,,,"{""type"":""Point"",""coordinates"":[87.17657172177579,26.985070576853325]}"
4146,,,,,DISCARDED (Insufficient Samples),,,,"{""type"":""Point"",""coordinates"":[85.45279459268143,26.97690381373731]}"
4147,0.3997,0.1404,0.8096,0.1168,STABLE CROPLAND,1.0,1.0,22.0,"{""type"":""Point"",""coordinates"":[85.9319304180631,26.98006318221589]}"
4148,,,,,DISCARDED (Insufficient Samples),,,,"{""type"":""Point"",""coordinates"":[85.4210231061912,26.97548504634744]}"
4149,,,,,DISCARDED (Insufficient Samples),,,,"{""type"":""Point"",""coordinates"":[87.26463082764734,26.983494140917355]}"
4150,,,,,DISCARDED (Insufficient Samples),,,,"{""type"":""Point"",""coordinates"":[85.47763878797045,26.975485126400876]}"
4151,,,,,DISCARDED (Insufficient Samples),,,,"{""type"":""Point"",""coordinates"":[85.13152016346451,26.96902321296334]}"
4152,,,,,DISCARDED (Insufficient Samples),,,,"{""type"":""Point"",""coordinates"":[85.29263516662958,27.00444208251316]}"
4153,,,,,DISCARDED (Insufficient Samples),,,,"{""type"":""Point"",""coordinates"":[86.30743816430957,26.980575621129315]}"
4154,,,,,DISCARDED (Insufficient Samples),,,,"{""type"":""Point"",""coordinates"":[85.72918112053044,26.976404786496868]}"
4155,,,,,DISCARDED (Insufficient Samples),,,,"{""type"":""Point"",""coordinates"":[86.50368216780362,26.980148407574106]}"
4156,,,,,DISCARDED (Insufficient Samples),,,,"{""type"":""Point"",""coordinates"":[85.65868448840729,26.97626237860501]}"
4157,0.3787,0.1201,0.7971,0.1141,STABLE CROPLAND,0.0,0.0,23.0,"{""type"":""Point"",""coordinates"":[87.51793191943257,26.978909920864908]}"
4158,,,,,DISCARDED (Insufficient Samples),,,,"{""type"":""Point"",""coordinates"":[86.24177409700405,26.977230641016384]}"
4159,,,,,DISCARDED (Insufficient Samples),,,,"{""type"":""Point"",""coordinates"":[87.15103734045809,26.979883601020365]}"
4160,,,,,DISCARDED (Insufficient Samples),,,,"{""type"":""Point"",""coordinates"":[86.46330329001559,26.97736529248918]}"
4161,0.4542,0.1579,0.8454,0.0833,STABLE CROPLAND,0.0,0.0,23.0,"{""type"":""Point"",""coordinates"":[87.4124911053144,26.977012623697345]}"
4162,,,,,DISCARDED (Insufficient Samples),,,,"{""type"":""Point"",""coordinates"":[85.3349757515335,26.96820407689476]}"
4163,,,,,DISCARDED (Insufficient Samples),,,,"{""type"":""Point"",""coordinates"":[86.82547905579239,26.975872286893054]}"
4164,,,,,DISCARDED (Insufficient Samples),,,,"{""type"":""Point"",""coordinates"":[84.95718000815404,26.97066312388061]}"
4165,,,,,DISCARDED (Insufficient Samples),,,,"{""type"":""Point"",""coordinates"":[84.94157242496087,27.016404795349384]}"
4166,,,,,DISCARDED (Insufficient Samples),,,,"{""type"":""Point"",""coordinates"":[84.93494218474811,26.97330476056823]}"
4167,,,,,DISCARDED (Insufficient Samples),,,,"{""type"":""Point"",""coordinates"":[86.27100618470725,26.974709416997694]}"
4168,,,,,DISCARDED (Insufficient Samples),,,,"{""type"":""Point"",""coordinates"":[86.64952652017112,26.974800710537387]}"
4169,,,,,DISCARDED (Insufficient Samples),,,,"{""type"":""Point"",""coordinates"":[85.01793606912604,26.96231513866399]}"
4170,,,,,DISCARDED (Insufficient Samples),,,,"{""type"":""Point"",""coordinates"":[86.80342050790908,26.97563709727269]}"
4171,,,,,DISCARDED (Insufficient Samples),,,,"{""type"":""Point"",""coordinates"":[85.35968928330783,26.966051901054225]}"
4172,0.472,0.1667,0.8761,0.1031,STABLE CROPLAND,0.0,0.0,23.0,"{""type"":""Point"",""coordinates"":[87.5370920236731,26.973057010451722]}"
4173,0.3811,0.1127,0.7546,0.1147,STABLE CROPLAND,0.0,0.0,23.0,"{""type"":""Point"",""coordinates"":[85.77433385590714,26.970826912607574]}"
4174,,,,,DISCARDED (Insufficient Samples),,,,"{""type"":""Point"",""coordinates"":[85.17123147356533,26.961613870449607]}"
4175,,,,,DISCARDED (Insufficient Samples),,,,"{""type"":""Point"",""coordinates"":[85.69312125883496,26.968206444731386]}"
4176,,,,,DISCARDED (Insufficient Samples),,,,"{""type"":""Point"",""coordinates"":[86.44209835724754,26.973621539779902]}"
4177,,,,,DISCARDED (Insufficient Samples),,,,"{""type"":""Point"",""coordinates"":[85.74886305131697,26.969021348762183]}"
4178,0.3628,0.1462,0.7958,0.1473,DISCARDED (Failed Phenology),4.0,1.0,20.0,"{""type"":""Point"",""coordinates"":[85.89285531633189,26.978206686774648]}"
4179,,,,,DISCARDED (Insufficient Samples),,,,"{""type"":""Point"",""coordinates"":[86.3739365439615,26.97135000973021]}"
4180,,,,,DISCARDED (Insufficient Samples),,,,"{""type"":""Point"",""coordinates"":[85.56941010921334,26.971755047082844]}"
4181,0.5075,0.0852,0.8818,0.0899,DISCARDED (Failed Phenology),4.0,4.0,19.0,"{""type"":""Point"",""coordinates"":[87.3176672587317,26.971579967846907]}"
4182,,,,,DISCARDED (Insufficient Samples),,,,"{""type"":""Point"",""coordinates"":[85.59440260931325,26.9715359855921]}"
4183,,,,,DISCARDED (Insufficient Samples),,,,"{""type"":""Point"",""coordinates"":[85.51176492016809,26.960709037652773]}"
4184,,,,,DISCARDED (Insufficient Samples),,,,"{""type"":""Point"",""coordinates"":[84.99775243637403,26.95355362369117]}"
4185,0.3733,0.1137,0.814,0.1229,STABLE CROPLAND,2.0,1.0,21.0,"{""type"":""Point"",""coordinates"":[87.44858711030318,26.96728936110142]}"
4186,,,,,DISCARDED (Insufficient Samples),,,,"{""type"":""Point"",""coordinates"":[86.7511195136197,26.966510493221662]}"
4187,,,,,DISCARDED (Insufficient Samples),,,,"{""type"":""Point"",""coordinates"":[85.5818393760081,26.957232689450656]}"
4188,0.4096,0.1027,0.7635,0.1049,STABLE CROPLAND,1.0,1.0,22.0,"{""type"":""Point"",""coordinates"":[85.89773237222668,26.960181250631116]}"
4189,,,,,DISCARDED (Insufficient Samples),,,,"{""type"":""Point"",""coordinates"":[86.4928008606903,26.963783307498392]}"
4190,,,,,DISCARDED (Insufficient Samples),,,,"{""type"":""Point"",""coordinates"":[87.94748056519745,26.96191568654749]}"
4191,,,,,DISCARDED (Insufficient Samples),,,,"{""type"":""Point"",""coordinates"":[85.45250291809839,26.955442489107856]}"
4192,,,,,DISCARDED (Insufficient Samples),,,,"{""type"":""Point"",""coordinates"":[85.81379212304178,26.958984798380566]}"
4193,,,,,DISCARDED (Insufficient Samples),,,,"{""type"":""Point"",""coordinates"":[86.40378620406763,26.96192028582756]}"
4194,,,,,DISCARDED (Insufficient Samples),,,,"{""type"":""Point"",""coordinates"":[85.71317723274962,26.964936081067467]}"
4195,,,,,DISCARDED (Insufficient Samples),,,,"{""type"":""Point"",""coordinates"":[86.25602434785282,26.961254005085756]}"
4196,,,,,DISCARDED (Insufficient Samples),,,,"{""type"":""Point"",""coordinates"":[85.6295781045373,26.960088567335152]}"
4197,,,,,DISCARDED (Insufficient Samples),,,,"{""type"":""Point"",""coordinates"":[86.33551375595435,26.95942813775084]}"
4198,0.3963,0.1416,0.8593,0.1375,STABLE CROPLAND,1.0,1.0,22.0,"{""type"":""Point"",""coordinates"":[85.92764152774534,26.957091287975583]}"
4199,,,,,DISCARDED (Insufficient Samples),,,,"{""type"":""Point"",""coordinates"":[85.55930768822637,26.952935680041755]}"
4200,0.5228,0.2102,0.9067,0.1041,STABLE CROPLAND,2.0,1.0,21.0,"{""type"":""Point"",""coordinates"":[87.49887653759701,26.959044593422266]}"
4201,,,,,DISCARDED (Insufficient Samples),,,,"{""type"":""Point"",""coordinates"":[86.28352788209078,26.958541723384982]}"
4202,0.4021,0.1235,0.7777,0.1024,STABLE CROPLAND,1.0,1.0,22.0,"{""type"":""Point"",""coordinates"":[85.78642426222196,26.953786878933084]}"
4203,,,,,DISCARDED (Insufficient Samples),,,,"{""type"":""Point"",""coordinates"":[85.69703301499278,26.950300742269945]}"
4204,,,,,DISCARDED (Insufficient Samples),,,,"{""type"":""Point"",""coordinates"":[85.74128713559877,26.95141959341137]}"
4205,,,,,DISCARDED (Insufficient Samples),,,,"{""type"":""Point"",""coordinates"":[85.0444355727374,27.084983006227183]}"
4206,,,,,DISCARDED (Insufficient Samples),,,,"{""type"":""Point"",""coordinates"":[84.97994623732318,27.1010767345595]}"
4207,,,,,DISCARDED (Insufficient Samples),,,,"{""type"":""Point"",""coordinates"":[85.06816714958227,27.104405408825002]}"
4208,,,,,DISCARDED (Insufficient Samples),,,,"{""type"":""Point"",""coordinates"":[85.0431719930766,27.111021422943406]}"
4209,,,,,DISCARDED (Insufficient Samples),,,,"{""type"":""Point"",""coordinates"":[85.04116260849095,27.065677621597974]}"
4210,0.4697,0.1388,0.8922,0.1251,STABLE CROPLAND,0.0,0.0,23.0,"{""type"":""Point"",""coordinates"":[87.46858336512634,26.95519572913082]}"
4211,,,,,DISCARDED (Insufficient Samples),,,,"{""type"":""Point"",""coordinates"":[87.78355651998682,26.954209924354704]}"
4212,,,,,DISCARDED (Insufficient Samples),,,,"{""type"":""Point"",""coordinates"":[85.42473955636606,26.946680026146563]}"
4213,,,,,DISCARDED (Insufficient Samples),,,,"{""type"":""Point"",""coordinates"":[85.35507250471017,26.94687494631105]}"
4214,,,,,DISCARDED (Insufficient Samples),,,,"{""type"":""Point"",""coordinates"":[86.3081376035686,26.95370807057695]}"
4215,0.4835,0.1671,0.8035,0.0813,DISCARDED (Failed Phenology),5.0,4.0,19.0,"{""type"":""Point"",""coordinates"":[87.3817434600673,26.95322116368554]}"
4216,0.4408,0.1447,0.8112,0.0957,STABLE CROPLAND,3.0,2.0,20.0,"{""type"":""Point"",""coordinates"":[87.30644791530506,26.952997014100657]}"
4217,0.5003,0.1253,0.9111,0.1147,DISCARDED (Failed Phenology),4.0,4.0,21.0,"{""type"":""Point"",""coordinates"":[87.42299681406537,26.95330963874048]}"
4218,0.4341,0.181,0.8463,0.1028,STABLE CROPLAND,0.0,0.0,23.0,"{""type"":""Point"",""coordinates"":[87.57292746143689,26.95381557483161]}"
4219,0.4178,0.1114,0.8156,0.1062,STABLE CROPLAND,2.0,1.0,21.0,"{""type"":""Point"",""coordinates"":[87.6025705073429,26.95148713457777]}"
4220,,,,,DISCARDED (Insufficient Samples),,,,"{""type"":""Point"",""coordinates"":[84.9778462482429,26.93839133666712]}"
4221,,,,,DISCARDED (Insufficient Samples),,,,"{""type"":""Point"",""coordinates"":[85.49065696686944,26.94543377046637]}"
4222,0.3672,0.1515,0.7029,0.1041,STABLE CROPLAND,2.0,1.0,22.0,"{""type"":""Point"",""coordinates"":[85.95042824155641,26.951858340742078]}"
4223,,,,,DISCARDED (Insufficient Samples),,,,"{""type"":""Point"",""coordinates"":[86.81129606419223,26.953203674362886]}"
4224,,,,,DISCARDED (Insufficient Samples),,,,"{""type"":""Point"",""coordinates"":[87.7510184997401,26.9492825502696]}"
4225,,,,,DISCARDED (Insufficient Samples),,,,"{""type"":""Point"",""coordinates"":[85.30569736695071,26.941527642218556]}"
4226,0.3748,0.0943,0.7721,0.1072,STABLE CROPLAND,1.0,1.0,22.0,"{""type"":""Point"",""coordinates"":[85.88286379702174,26.94762896267045]}"
4227,0.4401,0.1227,0.8712,0.1279,STABLE CROPLAND,1.0,1.0,22.0,"{""type"":""Point"",""coordinates"":[87.51648994415865,26.94790720566652]}"
4228,,,,,DISCARDED (Insufficient Samples),,,,"{""type"":""Point"",""coordinates"":[86.37636154485949,26.94697677129732]}"
4229,,,,,DISCARDED (Insufficient Samples),,,,"{""type"":""Point"",""coordinates"":[85.63468463873066,26.942581805715893]}"
4230,,,,,DISCARDED (Insufficient Samples),,,,"{""type"":""Point"",""coordinates"":[85.8426423637399,26.947600442339546]}"
4231,,,,,DISCARDED (Insufficient Samples),,,,"{""type"":""Point"",""coordinates"":[85.17439674673308,26.93429793108102]}"
4232,,,,,DISCARDED (Insufficient Samples),,,,"{""type"":""Point"",""coordinates"":[85.32519159917045,26.946115552580945]}"
4233,,,,,DISCARDED (Insufficient Samples),,,,"{""type"":""Point"",""coordinates"":[85.40354023589418,26.939295010149277]}"
4234,0.5119,0.1516,0.9141,0.1129,STABLE CROPLAND,2.0,1.0,21.0,"{""type"":""Point"",""coordinates"":[87.40370621056067,26.94156156774347]}"
4235,0.4591,0.1986,0.7988,0.0905,STABLE CROPLAND,1.0,1.0,22.0,"{""type"":""Point"",""coordinates"":[87.44090367980871,26.942619935825896]}"
4236,,,,,DISCARDED (Insufficient Samples),,,,"{""type"":""Point"",""coordinates"":[86.43605165972829,26.940380183350626]}"
4237,,,,,DISCARDED (Insufficient Samples),,,,"{""type"":""Point"",""coordinates"":[85.65919267723739,26.956161182272698]}"
4238,,,,,DISCARDED (Insufficient Samples),,,,"{""type"":""Point"",""coordinates"":[85.47020316692179,26.933227415431]}"
4239,,,,,DISCARDED (Insufficient Samples),,,,"{""type"":""Point"",""coordinates"":[87.72047532453497,26.937588332153158]}"
4240,,,,,DISCARDED (Insufficient Samples),,,,"{""type"":""Point"",""coordinates"":[85.7286390597169,26.93158508937984]}"
4241,,,,,DISCARDED (Insufficient Samples),,,,"{""type"":""Point"",""coordinates"":[86.15788991331539,26.937376427281986]}"
4242,0.4998,0.1672,0.9149,0.0839,STABLE CROPLAND,1.0,1.0,22.0,"{""type"":""Point"",""coordinates"":[87.15143987653042,26.936764971087875]}"
4243,,,,,DISCARDED (Insufficient Samples),,,,"{""type"":""Point"",""coordinates"":[86.48468274446961,26.935385456981596]}"
4244,,,,,DISCARDED (Insufficient Samples),,,,"{""type"":""Point"",""coordinates"":[87.76836643242687,26.93317687944539]}"
4245,,,,,DISCARDED (Insufficient Samples),,,,"{""type"":""Point"",""coordinates"":[85.35685969192964,26.92568011692511]}"
4246,0.4262,0.1552,0.7783,0.1039,STABLE CROPLAND,1.0,1.0,22.0,"{""type"":""Point"",""coordinates"":[85.95806355891162,26.93069620683412]}"
4247,0.3891,0.1328,0.7615,0.0911,STABLE CROPLAND,0.0,0.0,23.0,"{""type"":""Point"",""coordinates"":[85.85165779197673,26.93081599241669]}"
4248,0.4948,0.1039,0.8218,0.0966,STABLE CROPLAND,1.0,1.0,22.0,"{""type"":""Point"",""coordinates"":[87.04591702309013,26.933782242687602]}"
4249,,,,,DISCARDED (Insufficient Samples),,,,"{""type"":""Point"",""coordinates"":[85.42589427730813,26.92473751389458]}"
4250,0.3217,0.0823,0.7423,0.1178,DISCARDED (Failed Phenology),5.0,2.0,18.0,"{""type"":""Point"",""coordinates"":[85.88340166134384,26.9295784994938]}"
4251,,,,,DISCARDED (Insufficient Samples),,,,"{""type"":""Point"",""coordinates"":[85.51522144168382,26.925512940415413]}"
4252,,,,,DISCARDED (Insufficient Samples),,,,"{""type"":""Point"",""coordinates"":[85.61057341175695,26.928110512267192]}"
4253,,,,,DISCARDED (Insufficient Samples),,,,"{""type"":""Point"",""coordinates"":[85.64487241962816,26.926414172150178]}"
4254,,,,,DISCARDED (Insufficient Samples),,,,"{""type"":""Point"",""coordinates"":[85.67566580319155,26.926052274527137]}"
4255,,,,,DISCARDED (Insufficient Samples),,,,"{""type"":""Point"",""coordinates"":[86.79011189416748,26.93150483568573]}"
4256,,,,,DISCARDED (Insufficient Samples),,,,"{""type"":""Point"",""coordinates"":[85.7583114216734,26.926010464155198]}"
4257,0.4187,0.0847,0.8198,0.1372,STABLE CROPLAND,1.0,1.0,22.0,"{""type"":""Point"",""coordinates"":[85.80599593219395,26.937176638636668]}"
4258,,,,,DISCARDED (Insufficient Samples),,,,"{""type"":""Point"",""coordinates"":[85.40006889638055,26.91959004315582]}"
4259,0.3879,0.1355,0.823,0.108,STABLE CROPLAND,3.0,1.0,20.0,"{""type"":""Point"",""coordinates"":[86.07832086946837,26.926813990085556]}"
4260,,,,,DISCARDED (Insufficient Samples),,,,"{""type"":""Point"",""coordinates"":[85.42932422531362,27.01978849915142]}"
4261,,,,,DISCARDED (Insufficient Samples),,,,"{""type"":""Point"",""coordinates"":[85.44567698423768,27.04679571736547]}"
4262,,,,,DISCARDED (Insufficient Samples),,,,"{""type"":""Point"",""coordinates"":[85.47808959715057,27.04635699553765]}"
4263,0.4011,0.1365,0.7694,0.105,STABLE CROPLAND,2.0,1.0,21.0,"{""type"":""Point"",""coordinates"":[85.93255465944688,26.92869962168147]}"
4264,,,,,DISCARDED (Insufficient Samples),,,,"{""type"":""Point"",""coordinates"":[86.27281831327903,26.926175434763802]}"
4265,,,,,DISCARDED (Insufficient Samples),,,,"{""type"":""Point"",""coordinates"":[86.39542949901403,26.937478229299998]}"
4266,0.3655,0.113,0.8266,0.133,STABLE CROPLAND,3.0,1.0,20.0,"{""type"":""Point"",""coordinates"":[86.00265712916956,26.92190792223292]}"
4267,,,,,DISCARDED (Insufficient Samples),,,,"{""type"":""Point"",""coordinates"":[85.48199281572221,26.91778855269856]}"
4268,0.411,0.1403,0.8038,0.1113,STABLE CROPLAND,0.0,0.0,23.0,"{""type"":""Point"",""coordinates"":[87.38595593210582,26.924334515450756]}"
4269,,,,,DISCARDED (Insufficient Samples),,,,"{""type"":""Point"",""coordinates"":[86.45629337769596,26.92362681512076]}"
4270,,,,,DISCARDED (Insufficient Samples),,,,"{""type"":""Point"",""coordinates"":[85.44652452810163,26.917389206602767]}"
4271,,,,,DISCARDED (Insufficient Samples),,,,"{""type"":""Point"",""coordinates"":[86.86069749528203,26.92372229832682]}"
4272,0.4611,0.1363,0.8724,0.1163,STABLE CROPLAND,2.0,1.0,21.0,"{""type"":""Point"",""coordinates"":[86.03325756769823,26.923061896114106]}"
4273,,,,,DISCARDED (Insufficient Samples),,,,"{""type"":""Point"",""coordinates"":[87.17875482996186,26.922983189842917]}"
4274,0.3414,0.1005,0.7521,0.1211,STABLE CROPLAND,3.0,1.0,20.0,"{""type"":""Point"",""coordinates"":[85.99058250507154,26.93892717173504]}"
4275,,,,,DISCARDED (Insufficient Samples),,,,"{""type"":""Point"",""coordinates"":[85.7057095172874,26.916477222713773]}"
4276,0.4337,0.1523,0.8279,0.1309,STABLE CROPLAND,0.0,0.0,23.0,"{""type"":""Point"",""coordinates"":[87.2851949710935,26.921710266231408]}"
4277,0.3737,0.1273,0.7993,0.1548,DISCARDED (Failed Phenology),3.0,3.0,21.0,"{""type"":""Point"",""coordinates"":[87.46833513326553,26.921750310838306]}"
4278,0.4347,0.1778,0.8734,0.0963,STABLE CROPLAND,0.0,0.0,23.0,"{""type"":""Point"",""coordinates"":[87.61010017998314,26.919613368327898]}"
4279,,,,,DISCARDED (Insufficient Samples),,,,"{""type"":""Point"",""coordinates"":[85.74100794689775,26.914883035209254]}"
4280,,,,,DISCARDED (Insufficient Samples),,,,"{""type"":""Point"",""coordinates"":[86.23510680019632,26.917949793204034]}"
4281,,,,,DISCARDED (Insufficient Samples),,,,"{""type"":""Point"",""coordinates"":[85.55925707905486,26.910895735312447]}"
4282,0.3882,0.1399,0.7991,0.1424,DISCARDED (Failed Phenology),5.0,3.0,20.0,"{""type"":""Point"",""coordinates"":[85.91375009367617,26.9147808378086]}"
4283,0.3718,0.0963,0.7628,0.1256,STABLE CROPLAND,2.0,1.0,21.0,"{""type"":""Point"",""coordinates"":[85.84033349129984,26.911310989088435]}"
4284,,,,,DISCARDED (Insufficient Samples),,,,"{""type"":""Point"",""coordinates"":[86.18458529358676,26.914404533367254]}"
4285,,,,,DISCARDED (Insufficient Samples),,,,"{""type"":""Point"",""coordinates"":[87.23276237132463,26.916092304500733]}"
4286,,,,,DISCARDED (Insufficient Samples),,,,"{""type"":""Point"",""coordinates"":[85.19025183704383,26.905222926843937]}"
4287,,,,,DISCARDED (Insufficient Samples),,,,"{""type"":""Point"",""coordinates"":[84.99827585038761,26.90099179794494]}"
4288,,,,,DISCARDED (Insufficient Samples),,,,"{""type"":""Point"",""coordinates"":[87.02252179738197,26.911885813687537]}"
4289,,,,,DISCARDED (Insufficient Samples),,,,"{""type"":""Point"",""coordinates"":[86.5177725232562,26.910970065100592]}"
4290,,,,,DISCARDED (Insufficient Samples),,,,"{""type"":""Point"",""coordinates"":[86.14797680777501,26.908501433561117]}"
4291,0.3938,0.1218,0.8081,0.1321,STABLE CROPLAND,3.0,1.0,20.0,"{""type"":""Point"",""coordinates"":[85.98442793263054,26.913765394032463]}"
4292,0.4149,0.1353,0.7934,0.1258,STABLE CROPLAND,3.0,2.0,20.0,"{""type"":""Point"",""coordinates"":[86.02429372015935,26.90680022476568]}"
4293,,,,,DISCARDED (Insufficient Samples),,,,"{""type"":""Point"",""coordinates"":[86.91908403345164,26.910282381324826]}"
4294,0.3787,0.1319,0.7833,0.1027,STABLE CROPLAND,1.0,1.0,22.0,"{""type"":""Point"",""coordinates"":[86.0473845605153,26.905322194561936]}"
4295,0.4373,0.0528,0.8699,0.141,STABLE CROPLAND,0.0,0.0,23.0,"{""type"":""Point"",""coordinates"":[86.07971895366708,26.904846484616634]}"
4296,,,,,DISCARDED (Insufficient Samples),,,,"{""type"":""Point"",""coordinates"":[85.59488238300682,26.899779175042166]}"
4297,,,,,DISCARDED (Insufficient Samples),,,,"{""type"":""Point"",""coordinates"":[86.30550707103947,26.90555927341703]}"
4298,,,,,DISCARDED (Insufficient Samples),,,,"{""type"":""Point"",""coordinates"":[86.54496523607597,26.90655627267684]}"
4299,,,,,DISCARDED (Insufficient Samples),,,,"{""type"":""Point"",""coordinates"":[85.42944270114448,26.89842597359686]}"
4300,,,,,DISCARDED (Insufficient Samples),,,,"{""type"":""Point"",""coordinates"":[85.24655875401965,26.89550741704422]}"
4301,,,,,DISCARDED (Insufficient Samples),,,,"{""type"":""Point"",""coordinates"":[85.3826816336799,26.895595112634165]}"
4302,,,,,DISCARDED (Insufficient Samples),,,,"{""type"":""Point"",""coordinates"":[85.61856640250492,26.905578176887605]}"
4303,,,,,DISCARDED (Insufficient Samples),,,,"{""type"":""Point"",""coordinates"":[85.16985951772048,26.895479605778114]}"
4304,,,,,DISCARDED (Insufficient Samples),,,,"{""type"":""Point"",""coordinates"":[87.7692473138565,26.90234404634309]}"
4305,0.4208,0.0714,0.8437,0.1123,DISCARDED (Failed Phenology),4.0,3.0,23.0,"{""type"":""Point"",""coordinates"":[85.77390792891464,26.898798646291105]}"
4306,,,,,DISCARDED (Insufficient Samples),,,,"{""type"":""Point"",""coordinates"":[86.11646790136317,26.910028653286002]}"
4307,,,,,DISCARDED (Insufficient Samples),,,,"{""type"":""Point"",""coordinates"":[86.95556063181749,26.90314127054198]}"
4308,,,,,DISCARDED (Insufficient Samples),,,,"{""type"":""Point"",""coordinates"":[85.40733052076286,26.897232892960602]}"
4309,,,,,DISCARDED (Insufficient Samples),,,,"{""type"":""Point"",""coordinates"":[86.24373265245178,26.90111899870192]}"
4310,,,,,DISCARDED (Insufficient Samples),,,,"{""type"":""Point"",""coordinates"":[85.52669584097707,26.894173258657364]}"
4311,,,,,DISCARDED (Insufficient Samples),,,,"{""type"":""Point"",""coordinates"":[86.33014781846,26.899292110755837]}"
4312,,,,,DISCARDED (Insufficient Samples),,,,"{""type"":""Point"",""coordinates"":[86.49009332311617,26.899695682552185]}"
4313,0.4177,0.1448,0.7957,0.1054,STABLE CROPLAND,3.0,1.0,21.0,"{""type"":""Point"",""coordinates"":[85.9150473347194,26.89673589652529]}"
4314,0.4376,0.1578,0.8329,0.0962,STABLE CROPLAND,0.0,0.0,23.0,"{""type"":""Point"",""coordinates"":[86.41174503712155,26.899893043869177]}"
4315,,,,,DISCARDED (Insufficient Samples),,,,"{""type"":""Point"",""coordinates"":[85.4650717931842,26.891281079742246]}"
4316,,,,,DISCARDED (Insufficient Samples),,,,"{""type"":""Point"",""coordinates"":[85.69906751482456,26.892823535655445]}"
4317,,,,,DISCARDED (Insufficient Samples),,,,"{""type"":""Point"",""coordinates"":[85.72675522364864,26.890521624006656]}"
4318,0.3964,0.0874,0.7913,0.1125,STABLE CROPLAND,1.0,1.0,22.0,"{""type"":""Point"",""coordinates"":[85.97130174209103,26.89327601276157]}"
4319,,,,,DISCARDED (Insufficient Samples),,,,"{""type"":""Point"",""coordinates"":[86.22098321560085,26.896944096108772]}"
4320,,,,,DISCARDED (Insufficient Samples),,,,"{""type"":""Point"",""coordinates"":[85.63801527069826,26.88922337579534]}"
4321,,,,,DISCARDED (Insufficient Samples),,,,"{""type"":""Point"",""coordinates"":[85.13422576081537,26.882127909977147]}"
4322,0.4062,0.1624,0.7588,0.0912,DISCARDED (Failed Phenology),4.0,2.0,21.0,"{""type"":""Point"",""coordinates"":[85.87577125021775,26.90953178280894]}"
4323,0.4099,0.1212,0.7311,0.1041,DISCARDED (Failed Phenology),5.0,2.0,18.0,"{""type"":""Point"",""coordinates"":[85.9961223667679,26.889784389765794]}"
4324,,,,,DISCARDED (Insufficient Samples),,,,"{""type"":""Point"",""coordinates"":[86.77055001184816,26.892748082704472]}"
4325,,,,,DISCARDED (Insufficient Samples),,,,"{""type"":""Point"",""coordinates"":[86.98679465919078,26.892041934749255]}"
4326,0.3574,0.1364,0.727,0.1104,STABLE CROPLAND,0.0,0.0,23.0,"{""type"":""Point"",""coordinates"":[86.03263870291244,26.88833624807299]}"
4327,,,,,DISCARDED (Insufficient Samples),,,,"{""type"":""Point"",""coordinates"":[85.27301928812216,26.880344335920103]}"
4328,,,,,DISCARDED (Insufficient Samples),,,,"{""type"":""Point"",""coordinates"":[86.81037570407699,26.890499070942795]}"
4329,,,,,DISCARDED (Insufficient Samples),,,,"{""type"":""Point"",""coordinates"":[86.89672577171808,26.8905751349302]}"
4330,,,,,DISCARDED (Insufficient Samples),,,,"{""type"":""Point"",""coordinates"":[86.61774764317647,26.88924424776756]}"
4331,0.4152,0.1146,0.7372,0.0877,DISCARDED (Failed Phenology),6.0,3.0,19.0,"{""type"":""Point"",""coordinates"":[85.86639210658653,26.88719418586138]}"
4332,0.4598,0.1689,0.8256,0.0901,DISCARDED (Failed Phenology),4.0,2.0,19.0,"{""type"":""Point"",""coordinates"":[85.79480512638803,26.883195955006165]}"
4333,,,,,DISCARDED (Insufficient Samples),,,,"{""type"":""Point"",""coordinates"":[87.7794266930635,26.88593980067095]}"
4334,,,,,DISCARDED (Insufficient Samples),,,,"{""type"":""Point"",""coordinates"":[85.41500235595605,26.878558479300164]}"
4335,,,,,DISCARDED (Insufficient Samples),,,,"{""type"":""Point"",""coordinates"":[85.65893744387961,26.88219121926941]}"
4336,,,,,DISCARDED (Insufficient Samples),,,,"{""type"":""Point"",""coordinates"":[86.12779909083443,26.882838654569433]}"
4337,0.4149,0.1581,0.7254,0.0947,STABLE CROPLAND,3.0,1.0,20.0,"{""type"":""Point"",""coordinates"":[86.06038060285903,26.88238400292702]}"
4338,,,,,DISCARDED (Insufficient Samples),,,,"{""type"":""Point"",""coordinates"":[86.16622950254494,26.884370271660195]}"
4339,0.4057,0.1158,0.7904,0.1288,STABLE CROPLAND,2.0,1.0,21.0,"{""type"":""Point"",""coordinates"":[85.94065065890011,26.911368879668867]}"
4340,,,,,DISCARDED (Insufficient Samples),,,,"{""type"":""Point"",""coordinates"":[85.24610713223427,26.87168356499999]}"
4341,,,,,DISCARDED (Insufficient Samples),,,,"{""type"":""Point"",""coordinates"":[85.18205159345673,26.871478829369956]}"
4342,0.3913,0.126,0.7841,0.124,STABLE CROPLAND,2.0,1.0,21.0,"{""type"":""Point"",""coordinates"":[86.43802043346908,26.880083804477746]}"
4343,,,,,DISCARDED (Insufficient Samples),,,,"{""type"":""Point"",""coordinates"":[85.59016695282428,26.925322639134563]}"
4344,,,,,DISCARDED (Insufficient Samples),,,,"{""type"":""Point"",""coordinates"":[85.60831149921391,26.94947113635024]}"
4345,,,,,DISCARDED (Insufficient Samples),,,,"{""type"":""Point"",""coordinates"":[87.88696807051446,26.87626660230519]}"
4346,0.4592,0.153,0.8236,0.1014,STABLE CROPLAND,2.0,2.0,23.0,"{""type"":""Point"",""coordinates"":[85.96180988733754,26.87477052635696]}"
4347,,,,,DISCARDED (Insufficient Samples),,,,"{""type"":""Point"",""coordinates"":[85.43637755523137,26.87568253845176]}"
4348,,,,,DISCARDED (Insufficient Samples),,,,"{""type"":""Point"",""coordinates"":[85.48591845168437,26.869303709880107]}"
4349,0.3734,0.1149,0.741,0.1027,STABLE CROPLAND,2.0,1.0,22.0,"{""type"":""Point"",""coordinates"":[85.89828044265778,26.87236708780272]}"
4350,,,,,DISCARDED (Insufficient Samples),,,,"{""type"":""Point"",""coordinates"":[85.55433658394858,26.869065718322634]}"
4351,,,,,DISCARDED (Insufficient Samples),,,,"{""type"":""Point"",""coordinates"":[85.36539323783299,26.86522337997482]}"
4352,0.3765,0.0828,0.7537,0.0945,STABLE CROPLAND,3.0,1.0,20.0,"{""type"":""Point"",""coordinates"":[85.75988582125723,26.87159241028681]}"
4353,0.3709,0.1565,0.7438,0.1068,DISCARDED (Failed Phenology),4.0,1.0,20.0,"{""type"":""Point"",""coordinates"":[85.89472363066868,26.893324944831612]}"
4354,,,,,DISCARDED (Insufficient Samples),,,,"{""type"":""Point"",""coordinates"":[85.31741538012781,26.862321472606357]}"
4355,,,,,DISCARDED (Insufficient Samples),,,,"{""type"":""Point"",""coordinates"":[85.74012798318888,26.865345772645636]}"
4356,,,,,DISCARDED (Insufficient Samples),,,,"{""type"":""Point"",""coordinates"":[85.45740888788684,26.8653077179193]}"
4357,0.4366,0.1387,0.8668,0.1353,STABLE CROPLAND,3.0,1.0,20.0,"{""type"":""Point"",""coordinates"":[85.8781801351441,26.865043481190334]}"
4358,,,,,DISCARDED (Insufficient Samples),,,,"{""type"":""Point"",""coordinates"":[85.02711307586696,26.854974353357587]}"
4359,,,,,DISCARDED (Insufficient Samples),,,,"{""type"":""Point"",""coordinates"":[85.06083074768382,26.855763512058715]}"
4360,0.3987,0.1646,0.8136,0.0914,STABLE CROPLAND,1.0,1.0,23.0,"{""type"":""Point"",""coordinates"":[86.49230639330226,26.868668388166668]}"
4361,,,,,DISCARDED (Insufficient Samples),,,,"{""type"":""Point"",""coordinates"":[86.41306115609014,26.865739820884112]}"
4362,,,,,DISCARDED (Insufficient Samples),,,,"{""type"":""Point"",""coordinates"":[85.36441738695235,27.02152266095476]}"
4363,,,,,DISCARDED (Insufficient Samples),,,,"{""type"":""Point"",""coordinates"":[85.30996745398967,26.907271312284568]}"
4364,,,,,DISCARDED (Insufficient Samples),,,,"{""type"":""Point"",""coordinates"":[85.34404765639043,26.99545865822327]}"
4365,,,,,DISCARDED (Insufficient Samples),,,,"{""type"":""Point"",""coordinates"":[85.35168263847244,27.068948435889034]}"
4366,,,,,DISCARDED (Insufficient Samples),,,,"{""type"":""Point"",""coordinates"":[85.35122940455898,26.89795115257408]}"
4367,,,,,DISCARDED (Insufficient Samples),,,,"{""type"":""Point"",""coordinates"":[85.33464325270671,27.087404419144168]}"
4368,,,,,DISCARDED (Insufficient Samples),,,,"{""type"":""Point"",""coordinates"":[85.37423495710514,27.06236024481398]}"
4369,,,,,DISCARDED (Insufficient Samples),,,,"{""type"":""Point"",""coordinates"":[85.32583016998178,26.88864185434426]}"
4370,,,,,DISCARDED (Insufficient Samples),,,,"{""type"":""Point"",""coordinates"":[85.3069101434028,26.989465845541194]}"
4371,,,,,DISCARDED (Insufficient Samples),,,,"{""type"":""Point"",""coordinates"":[85.37312664643285,26.99308673800954]}"
4372,,,,,DISCARDED (Insufficient Samples),,,,"{""type"":""Point"",""coordinates"":[85.32754262479622,26.924009455928985]}"
4373,,,,,DISCARDED (Insufficient Samples),,,,"{""type"":""Point"",""coordinates"":[85.30234223839656,27.0404973663226]}"
4374,,,,,DISCARDED (Insufficient Samples),,,,"{""type"":""Point"",""coordinates"":[85.36701596157934,27.04489207206053]}"
4375,,,,,DISCARDED (Insufficient Samples),,,,"{""type"":""Point"",""coordinates"":[85.33113380816411,27.013716755380553]}"
4376,,,,,DISCARDED (Insufficient Samples),,,,"{""type"":""Point"",""coordinates"":[85.38454188157816,26.976523339931248]}"
4377,0.38,0.1017,0.7391,0.0932,DISCARDED (Failed Phenology),4.0,2.0,28.0,"{""type"":""Point"",""coordinates"":[85.9921576655031,26.863464234884493]}"
4378,,,,,DISCARDED (Insufficient Samples),,,,"{""type"":""Point"",""coordinates"":[86.27360911510654,26.86196393442971]}"
4379,,,,,DISCARDED (Insufficient Samples),,,,"{""type"":""Point"",""coordinates"":[85.65625064960312,26.909078523788324]}"
4380,0.4499,0.1402,0.8239,0.0847,STABLE CROPLAND,0.0,0.0,23.0,"{""type"":""Point"",""coordinates"":[86.53302287392128,26.86399994626533]}"
4381,,,,,DISCARDED (Insufficient Samples),,,,"{""type"":""Point"",""coordinates"":[85.59644682633541,26.87510033097998]}"
4382,,,,,DISCARDED (Insufficient Samples),,,,"{""type"":""Point"",""coordinates"":[85.61701250743624,26.8837900379912]}"
4383,,,,,DISCARDED (Insufficient Samples),,,,"{""type"":""Point"",""coordinates"":[86.19099593716052,26.867829732421]}"
4384,,,,,DISCARDED (Insufficient Samples),,,,"{""type"":""Point"",""coordinates"":[86.13263933701997,26.861545789421562]}"
4385,,,,,DISCARDED (Insufficient Samples),,,,"{""type"":""Point"",""coordinates"":[85.5930443627543,26.854082257089214]}"
4386,0.3972,0.1518,0.7977,0.1091,STABLE CROPLAND,1.0,1.0,22.0,"{""type"":""Point"",""coordinates"":[85.92352513458967,26.85810504196647]}"
4387,0.4259,0.178,0.7749,0.0922,STABLE CROPLAND,0.0,0.0,23.0,"{""type"":""Point"",""coordinates"":[86.56277979939601,26.861491257276608]}"
4388,,,,,DISCARDED (Insufficient Samples),,,,"{""type"":""Point"",""coordinates"":[86.20754513782481,26.85647775347422]}"
4389,0.4259,0.1275,0.7839,0.1027,DISCARDED (Failed Phenology),5.0,2.0,19.0,"{""type"":""Point"",""coordinates"":[85.95702783231043,26.85623202279747]}"
4390,,,,,DISCARDED (Insufficient Samples),,,,"{""type"":""Point"",""coordinates"":[85.38009588272155,26.84737135829792]}"
4391,,,,,DISCARDED (Insufficient Samples),,,,"{""type"":""Point"",""coordinates"":[85.47979606145493,26.849267026124714]}"
4392,,,,,DISCARDED (Insufficient Samples),,,,"{""type"":""Point"",""coordinates"":[85.66003733946977,26.85798627387985]}"
4393,0.4191,0.1146,0.7988,0.0905,STABLE CROPLAND,1.0,1.0,22.0,"{""type"":""Point"",""coordinates"":[85.75444084379373,26.89333612756413]}"
4394,0.36,0.1367,0.7426,0.1225,DISCARDED (Failed Phenology),4.0,1.0,19.0,"{""type"":""Point"",""coordinates"":[86.43567579403545,26.857074827714214]}"
4395,0.4537,0.1946,0.8414,0.0976,DISCARDED (Failed Phenology),5.0,2.0,18.0,"{""type"":""Point"",""coordinates"":[86.0248007656364,26.851808621775913]}"
4396,,,,,DISCARDED (Insufficient Samples),,,,"{""type"":""Point"",""coordinates"":[85.3335162675101,26.844625587270674]}"
4397,,,,,DISCARDED (Insufficient Samples),,,,"{""type"":""Point"",""coordinates"":[85.42180501399207,26.84564299489434]}"
4398,,,,,DISCARDED (Insufficient Samples),,,,"{""type"":""Point"",""coordinates"":[86.321884033546,26.85009454729202]}"
4399,0.3616,0.1075,0.8373,0.1281,STABLE CROPLAND,3.0,1.0,21.0,"{""type"":""Point"",""coordinates"":[85.88453469311703,26.847325640381285]}"
4400,,,,,DISCARDED (Insufficient Samples),,,,"{""type"":""Point"",""coordinates"":[86.46065491062102,26.849540093843316]}"
4401,,,,,DISCARDED (Insufficient Samples),,,,"{""type"":""Point"",""coordinates"":[85.7017592492547,26.843995825385193]}"
4402,,,,,DISCARDED (Insufficient Samples),,,,"{""type"":""Point"",""coordinates"":[86.54520504877391,26.84914260643086]}"
4403,0.3893,0.084,0.8443,0.1353,STABLE CROPLAND,3.0,1.0,20.0,"{""type"":""Point"",""coordinates"":[86.34247039139275,26.848954846051935]}"
4404,0.4083,0.1436,0.7956,0.1262,STABLE CROPLAND,0.0,0.0,23.0,"{""type"":""Point"",""coordinates"":[86.36278598746021,26.847922961946765]}"
4405,,,,,DISCARDED (Insufficient Samples),,,,"{""type"":""Point"",""coordinates"":[86.29454920762751,26.84850432954725]}"
4406,0.4501,0.2327,0.8419,0.1007,STABLE CROPLAND,3.0,2.0,21.0,"{""type"":""Point"",""coordinates"":[86.60066275498463,26.84689892238295]}"
4407,0.4686,0.1522,0.7975,0.0925,STABLE CROPLAND,3.0,1.0,20.0,"{""type"":""Point"",""coordinates"":[85.90991763127325,26.842724131809813]}"
4408,,,,,DISCARDED (Insufficient Samples),,,,"{""type"":""Point"",""coordinates"":[85.40048032550148,26.842468519866866]}"
4409,0.3918,0.1059,0.7964,0.1061,DISCARDED (Failed Phenology),4.0,1.0,19.0,"{""type"":""Point"",""coordinates"":[85.8518207558287,26.841525031067686]}"
4410,0.4306,0.1389,0.8711,0.1436,DISCARDED (Failed Phenology),7.0,4.0,16.0,"{""type"":""Point"",""coordinates"":[85.85187041825743,26.87323001170928]}"
4411,,,,,DISCARDED (Insufficient Samples),,,,"{""type"":""Point"",""coordinates"":[85.78737606143879,26.919044115847377]}"
4412,0.4013,0.122,0.8211,0.1019,STABLE CROPLAND,3.0,1.0,21.0,"{""type"":""Point"",""coordinates"":[85.80747551346671,26.913914169359956]}"
4413,0.4047,0.0925,0.7781,0.1023,STABLE CROPLAND,2.0,1.0,22.0,"{""type"":""Point"",""coordinates"":[85.7691725451181,26.85333681344924]}"
4414,0.4568,0.1177,0.8272,0.1125,STABLE CROPLAND,3.0,1.0,20.0,"{""type"":""Point"",""coordinates"":[85.82564084379449,26.93079905111346]}"
4415,,,,,DISCARDED (Insufficient Samples),,,,"{""type"":""Point"",""coordinates"":[86.26186195102989,26.844210010273343]}"
4416,,,,,DISCARDED (Insufficient Samples),,,,"{""type"":""Point"",""coordinates"":[87.14483292588847,26.845398624660174]}"
4417,0.4697,0.2198,0.8475,0.1012,DISCARDED (Failed Phenology),5.0,2.0,19.0,"{""type"":""Point"",""coordinates"":[86.65656270224808,26.843151101647887]}"
4418,,,,,DISCARDED (Insufficient Samples),,,,"{""type"":""Point"",""coordinates"":[85.68152063667847,26.85192824903735]}"
4419,,,,,DISCARDED (Insufficient Samples),,,,"{""type"":""Point"",""coordinates"":[85.69263758100308,26.871806351570953]}"
4420,,,,,DISCARDED (Insufficient Samples),,,,"{""type"":""Point"",""coordinates"":[86.11054823227285,26.83992903154868]}"
4421,0.3793,0.1022,0.7199,0.1099,STABLE CROPLAND,2.0,1.0,21.0,"{""type"":""Point"",""coordinates"":[86.52166970934505,26.84021816034135]}"
4422,,,,,DISCARDED (Insufficient Samples),,,,"{""type"":""Point"",""coordinates"":[86.9490227212751,26.84615826220187]}"
4423,,,,,DISCARDED (Insufficient Samples),,,,"{""type"":""Point"",""coordinates"":[86.38448815842948,26.850040278539154]}"
4424,,,,,DISCARDED (Insufficient Samples),,,,"{""type"":""Point"",""coordinates"":[85.26013951710459,26.828351177422896]}"
4425,,,,,DISCARDED (Insufficient Samples),,,,"{""type"":""Point"",""coordinates"":[86.91874560320473,26.838256219457648]}"
4426,,,,,DISCARDED (Insufficient Samples),,,,"{""type"":""Point"",""coordinates"":[86.20276837528687,26.83723872509481]}"
4427,,,,,DISCARDED (Insufficient Samples),,,,"{""type"":""Point"",""coordinates"":[85.76841156137891,26.833635576843502]}"
4428,,,,,DISCARDED (Insufficient Samples),,,,"{""type"":""Point"",""coordinates"":[86.87130228576926,26.835151012392288]}"
4429,,,,,DISCARDED (Insufficient Samples),,,,"{""type"":""Point"",""coordinates"":[85.72088052739912,26.85656474875368]}"
4430,,,,,DISCARDED (Insufficient Samples),,,,"{""type"":""Point"",""coordinates"":[86.97196358118354,26.835193324099755]}"
4431,,,,,DISCARDED (Insufficient Samples),,,,"{""type"":""Point"",""coordinates"":[85.23441912896155,26.82290680821428]}"
4432,,,,,DISCARDED (Insufficient Samples),,,,"{""type"":""Point"",""coordinates"":[85.40717566008144,26.82519022145699]}"
4433,,,,,DISCARDED (Insufficient Samples),,,,"{""type"":""Point"",""coordinates"":[85.26200876908165,27.082989919856434]}"
4434,,,,,DISCARDED (Insufficient Samples),,,,"{""type"":""Point"",""coordinates"":[85.24491136946217,27.033417114392496]}"
4435,,,,,DISCARDED (Insufficient Samples),,,,"{""type"":""Point"",""coordinates"":[85.29697971986374,26.885196407750946]}"
4436,,,,,DISCARDED (Insufficient Samples),,,,"{""type"":""Point"",""coordinates"":[85.27393107126669,26.982277757659794]}"
4437,,,,,DISCARDED (Insufficient Samples),,,,"{""type"":""Point"",""coordinates"":[85.27013434608536,26.93751160484676]}"
4438,,,,,DISCARDED (Insufficient Samples),,,,"{""type"":""Point"",""coordinates"":[85.26506973222152,26.917954824124113]}"
4439,,,,,DISCARDED (Insufficient Samples),,,,"{""type"":""Point"",""coordinates"":[85.27417523194069,26.861804590572074]}"
4440,,,,,DISCARDED (Insufficient Samples),,,,"{""type"":""Point"",""coordinates"":[85.2838214826571,26.956331096637797]}"
4441,,,,,DISCARDED (Insufficient Samples),,,,"{""type"":""Point"",""coordinates"":[85.28578934592946,26.909533708475298]}"
4442,,,,,DISCARDED (Insufficient Samples),,,,"{""type"":""Point"",""coordinates"":[85.24682761615922,27.00344916481798]}"
4443,,,,,DISCARDED (Insufficient Samples),,,,"{""type"":""Point"",""coordinates"":[85.27690773945532,26.840049040650406]}"
4444,,,,,DISCARDED (Insufficient Samples),,,,"{""type"":""Point"",""coordinates"":[85.28195508565547,27.059712924649236]}"
4445,,,,,DISCARDED (Insufficient Samples),,,,"{""type"":""Point"",""coordinates"":[85.28398687048663,27.091584588340208]}"
4446,,,,,DISCARDED (Insufficient Samples),,,,"{""type"":""Point"",""coordinates"":[85.26725989531444,26.8979270195708]}"
4447,,,,,DISCARDED (Insufficient Samples),,,,"{""type"":""Point"",""coordinates"":[85.30419885337813,26.968486859629213]}"
4448,,,,,DISCARDED (Insufficient Samples),,,,"{""type"":""Point"",""coordinates"":[85.29668967430013,26.828513715875065]}"
4449,,,,,DISCARDED (Insufficient Samples),,,,"{""type"":""Point"",""coordinates"":[85.24736161588399,26.954144207000887]}"
4450,,,,,DISCARDED (Insufficient Samples),,,,"{""type"":""Point"",""coordinates"":[86.35163920141571,26.831294903424357]}"
4451,,,,,DISCARDED (Insufficient Samples),,,,"{""type"":""Point"",""coordinates"":[87.01557712248088,26.833442875077175]}"
4452,,,,,DISCARDED (Insufficient Samples),,,,"{""type"":""Point"",""coordinates"":[87.90044340966338,26.82925641868023]}"
4453,,,,,DISCARDED (Insufficient Samples),,,,"{""type"":""Point"",""coordinates"":[85.48332201438613,26.824212270891998]}"
4454,0.3443,0.1098,0.6654,0.0882,STABLE CROPLAND,3.0,2.0,21.0,"{""type"":""Point"",""coordinates"":[85.92603807043504,26.830071293169123]}"
4455,,,,,DISCARDED (Insufficient Samples),,,,"{""type"":""Point"",""coordinates"":[86.07238165236888,26.8349694461566]}"
4456,,,,,DISCARDED (Insufficient Samples),,,,"{""type"":""Point"",""coordinates"":[86.4557914290609,26.831155706456467]}"
4457,0.3727,0.0878,0.8217,0.1386,STABLE CROPLAND,3.0,2.0,20.0,"{""type"":""Point"",""coordinates"":[86.40740062752917,26.830988198335483]}"
4458,0.3905,0.1589,0.7116,0.0986,DISCARDED (Failed Phenology),4.0,2.0,19.0,"{""type"":""Point"",""coordinates"":[86.54897783937535,26.83009411582857]}"
4459,,,,,DISCARDED (Insufficient Samples),,,,"{""type"":""Point"",""coordinates"":[86.89128012165855,26.830484336141406]}"
4460,,,,,DISCARDED (Insufficient Samples),,,,"{""type"":""Point"",""coordinates"":[87.12310646144623,26.829141468101938]}"
4461,,,,,DISCARDED (Insufficient Samples),,,,"{""type"":""Point"",""coordinates"":[85.43776000815627,26.824872569587814]}"
4462,,,,,DISCARDED (Insufficient Samples),,,,"{""type"":""Point"",""coordinates"":[85.38148674723654,26.820167052706417]}"
4463,,,,,DISCARDED (Insufficient Samples),,,,"{""type"":""Point"",""coordinates"":[86.2984716592634,26.82573510288306]}"
4464,,,,,DISCARDED (Insufficient Samples),,,,"{""type"":""Point"",""coordinates"":[86.25075152487653,26.825889339711534]}"
4465,0.4045,0.1116,0.8344,0.098,STABLE CROPLAND,0.0,0.0,23.0,"{""type"":""Point"",""coordinates"":[86.61662079575417,26.82616590832879]}"
4466,0.3616,0.1405,0.8516,0.1314,STABLE CROPLAND,2.0,1.0,22.0,"{""type"":""Point"",""coordinates"":[86.63471160099945,26.83473349649962]}"
4467,,,,,DISCARDED (Insufficient Samples),,,,"{""type"":""Point"",""coordinates"":[85.54221708644302,26.93430798128669]}"
4468,,,,,DISCARDED (Insufficient Samples),,,,"{""type"":""Point"",""coordinates"":[85.50615340631299,26.897434591492715]}"
4469,,,,,DISCARDED (Insufficient Samples),,,,"{""type"":""Point"",""coordinates"":[85.50568470478122,26.81827111378543]}"
4470,,,,,DISCARDED (Insufficient Samples),,,,"{""type"":""Point"",""coordinates"":[85.50657594500872,26.840563828438476]}"
4471,,,,,DISCARDED (Insufficient Samples),,,,"{""type"":""Point"",""coordinates"":[85.52263037694355,26.859395247781592]}"
4472,,,,,DISCARDED (Insufficient Samples),,,,"{""type"":""Point"",""coordinates"":[85.57418641861759,26.863558683801916]}"
4473,,,,,DISCARDED (Insufficient Samples),,,,"{""type"":""Point"",""coordinates"":[85.56803940418159,26.88748730234647]}"
4474,,,,,DISCARDED (Insufficient Samples),,,,"{""type"":""Point"",""coordinates"":[85.54577834263063,26.850660050051353]}"
4475,,,,,DISCARDED (Insufficient Samples),,,,"{""type"":""Point"",""coordinates"":[86.11235306098246,26.82116759701746]}"
4476,0.4945,0.1362,0.8779,0.1095,DISCARDED (Failed Phenology),6.0,3.0,17.0,"{""type"":""Point"",""coordinates"":[85.8406488555317,26.818162929667338]}"
4477,,,,,DISCARDED (Insufficient Samples),,,,"{""type"":""Point"",""coordinates"":[86.27196097347951,26.822786776355585]}"
4478,0.414,0.0913,0.7739,0.1189,STABLE CROPLAND,2.0,1.0,22.0,"{""type"":""Point"",""coordinates"":[85.78899150233053,26.826580643036486]}"
4479,,,,,DISCARDED (Insufficient Samples),,,,"{""type"":""Point"",""coordinates"":[86.99210780829746,26.821405484601385]}"
4480,,,,,DISCARDED (Insufficient Samples),,,,"{""type"":""Point"",""coordinates"":[85.28747553766736,26.811891544259783]}"
4481,,,,,DISCARDED (Insufficient Samples),,,,"{""type"":""Point"",""coordinates"":[87.87719440390649,26.818723154905648]}"
4482,,,,,DISCARDED (Insufficient Samples),,,,"{""type"":""Point"",""coordinates"":[86.32728975819604,26.821393449326326]}"
4483,,,,,DISCARDED (Insufficient Samples),,,,"{""type"":""Point"",""coordinates"":[86.93661949096725,26.82343071803376]}"
4484,,,,,DISCARDED (Insufficient Samples),,,,"{""type"":""Point"",""coordinates"":[85.20180683054336,26.808185486840628]}"
4485,,,,,DISCARDED (Insufficient Samples),,,,"{""type"":""Point"",""coordinates"":[87.16473897173174,26.82180282169073]}"
4486,,,,,DISCARDED (Insufficient Samples),,,,"{""type"":""Point"",""coordinates"":[86.3849825523509,26.818639793749778]}"
4487,,,,,DISCARDED (Insufficient Samples),,,,"{""type"":""Point"",""coordinates"":[87.71015432436944,26.815904335615304]}"
4488,,,,,DISCARDED (Insufficient Samples),,,,"{""type"":""Point"",""coordinates"":[85.34139737766698,26.80937938284425]}"
4489,0.4008,0.145,0.7711,0.0964,STABLE CROPLAND,0.0,0.0,23.0,"{""type"":""Point"",""coordinates"":[86.58247927582882,26.817464429875734]}"
4490,,,,,DISCARDED (Insufficient Samples),,,,"{""type"":""Point"",""coordinates"":[86.91680201050995,26.81795269704088]}"
4491,0.4847,0.1557,0.8046,0.0749,STABLE CROPLAND,3.0,1.0,21.0,"{""type"":""Point"",""coordinates"":[86.70035847276948,26.816763635647526]}"
4492,,,,,DISCARDED (Insufficient Samples),,,,"{""type"":""Point"",""coordinates"":[86.22557709195698,26.814679951328138]}"
4493,,,,,DISCARDED (Insufficient Samples),,,,"{""type"":""Point"",""coordinates"":[85.74471375760862,26.841439520490407]}"
4494,,,,,DISCARDED (Insufficient Samples),,,,"{""type"":""Point"",""coordinates"":[85.73730362914328,26.81593873692285]}"
4495,0.3696,0.1135,0.7356,0.1031,STABLE CROPLAND,1.0,1.0,22.0,"{""type"":""Point"",""coordinates"":[86.53162144955323,26.813549620057927]}"
4496,,,,,DISCARDED (Insufficient Samples),,,,"{""type"":""Point"",""coordinates"":[87.24710015453869,26.81700852584876]}"
4497,,,,,DISCARDED (Insufficient Samples),,,,"{""type"":""Point"",""coordinates"":[86.35026402404381,26.813151564352122]}"
4498,,,,,DISCARDED (Insufficient Samples),,,,"{""type"":""Point"",""coordinates"":[86.97062030926462,26.81345198882178]}"
4499,,,,,DISCARDED (Insufficient Samples),,,,"{""type"":""Point"",""coordinates"":[85.36543610816179,26.80624027827273]}"
4500,,,,,DISCARDED (Insufficient Samples),,,,"{""type"":""Point"",""coordinates"":[86.14447326145877,26.81144791047453]}"
4501,,,,,DISCARDED (Insufficient Samples),,,,"{""type"":""Point"",""coordinates"":[87.02424603142799,26.815801411564383]}"
4502,,,,,DISCARDED (Insufficient Samples),,,,"{""type"":""Point"",""coordinates"":[85.26064219784725,26.801317285422073]}"
4503,,,,,DISCARDED (Insufficient Samples),,,,"{""type"":""Point"",""coordinates"":[86.64226328910905,26.811483711651178]}"
4504,,,,,DISCARDED (Insufficient Samples),,,,"{""type"":""Point"",""coordinates"":[87.10008487320245,26.815544016564722]}"
4505,,,,,DISCARDED (Insufficient Samples),,,,"{""type"":""Point"",""coordinates"":[87.2117781358983,26.810468633469327]}"
4506,,,,,DISCARDED (Insufficient Samples),,,,"{""type"":""Point"",""coordinates"":[87.77747631009434,26.808245659909062]}"
4507,0.3711,0.1141,0.7667,0.1134,STABLE CROPLAND,1.0,1.0,22.0,"{""type"":""Point"",""coordinates"":[86.40723794345463,26.808489737775307]}"
4508,0.4257,0.1406,0.8489,0.1117,STABLE CROPLAND,1.0,1.0,23.0,"{""type"":""Point"",""coordinates"":[85.97491443501048,26.805750610777242]}"
4509,,,,,DISCARDED (Insufficient Samples),,,,"{""type"":""Point"",""coordinates"":[86.87659992268355,26.81020574949694]}"
4510,,,,,DISCARDED (Insufficient Samples),,,,"{""type"":""Point"",""coordinates"":[86.2068181506585,26.806634818391956]}"
4511,0.4183,0.1672,0.8201,0.1244,DISCARDED (Failed Phenology),5.0,2.0,18.0,"{""type"":""Point"",""coordinates"":[87.32648807011103,26.807288134693994]}"
4512,0.3637,0.1601,0.6818,0.1132,DISCARDED (Static Vegetation / Low Amplitude),3.0,1.0,20.0,"{""type"":""Point"",""coordinates"":[86.81495487134352,26.810152040740824]}"
4513,,,,,DISCARDED (Insufficient Samples),,,,"{""type"":""Point"",""coordinates"":[87.12279268793229,26.806844947518176]}"
4514,,,,,DISCARDED (Insufficient Samples),,,,"{""type"":""Point"",""coordinates"":[87.73726042818767,26.803472830993556]}"
4515,,,,,DISCARDED (Insufficient Samples),,,,"{""type"":""Point"",""coordinates"":[85.39543962925362,26.87226184872533]}"
4516,,,,,DISCARDED (Insufficient Samples),,,,"{""type"":""Point"",""coordinates"":[85.35016866647463,26.833323503608796]}"
4517,,,,,DISCARDED (Insufficient Samples),,,,"{""type"":""Point"",""coordinates"":[85.47809501357374,26.79713671456875]}"
4518,0.3929,0.1274,0.8527,0.1188,STABLE CROPLAND,1.0,1.0,22.0,"{""type"":""Point"",""coordinates"":[86.62318188159821,26.804371012520857]}"
4519,,,,,DISCARDED (Insufficient Samples),,,,"{""type"":""Point"",""coordinates"":[86.44336755103828,26.804567059704187]}"
4520,0.4264,0.0823,0.7969,0.105,STABLE CROPLAND,3.0,1.0,21.0,"{""type"":""Point"",""coordinates"":[85.82622651630223,26.80005195909702]}"
4521,,,,,DISCARDED (Insufficient Samples),,,,"{""type"":""Point"",""coordinates"":[87.05297170104353,26.803813784749238]}"
4522,,,,,DISCARDED (Insufficient Samples),,,,"{""type"":""Point"",""coordinates"":[86.94848703364885,26.80436110028574]}"
4523,,,,,DISCARDED (Insufficient Samples),,,,"{""type"":""Point"",""coordinates"":[87.91031297679731,26.800373137940642]}"
4524,0.4979,0.2198,0.7884,0.0834,STABLE CROPLAND,1.0,1.0,22.0,"{""type"":""Point"",""coordinates"":[86.8347629537435,26.803987222304663]}"
4525,,,,,DISCARDED (Insufficient Samples),,,,"{""type"":""Point"",""coordinates"":[87.30600483817919,26.803398917179727]}"
4526,,,,,DISCARDED (Insufficient Samples),,,,"{""type"":""Point"",""coordinates"":[85.752657533373,26.795726003200716]}"
4527,0.4096,0.1085,0.8712,0.1421,STABLE CROPLAND,2.0,1.0,23.0,"{""type"":""Point"",""coordinates"":[85.87890299582244,26.79519542985828]}"
4528,,,,,DISCARDED (Insufficient Samples),,,,"{""type"":""Point"",""coordinates"":[87.08092499320698,26.80272045887817]}"
4529,0.3962,0.1858,0.7992,0.1028,STABLE CROPLAND,1.0,1.0,22.0,"{""type"":""Point"",""coordinates"":[86.67027123763113,26.808947830095747]}"
4530,0.3227,0.1119,0.6841,0.1166,STABLE CROPLAND,3.0,1.0,20.0,"{""type"":""Point"",""coordinates"":[86.92786227289393,26.80038571808264]}"
4531,,,,,DISCARDED (Insufficient Samples),,,,"{""type"":""Point"",""coordinates"":[87.15024624648196,26.797931117367998]}"
4532,,,,,DISCARDED (Insufficient Samples),,,,"{""type"":""Point"",""coordinates"":[86.36568722899575,26.799763221531393]}"
4533,,,,,DISCARDED (Insufficient Samples),,,,"{""type"":""Point"",""coordinates"":[87.80360159997551,26.79686012125614]}"
4534,,,,,DISCARDED (Insufficient Samples),,,,"{""type"":""Point"",""coordinates"":[86.30792303306717,26.795230691007145]}"
4535,,,,,DISCARDED (Insufficient Samples),,,,"{""type"":""Point"",""coordinates"":[85.24912973235827,26.783669896492587]}"
4536,,,,,DISCARDED (Insufficient Samples),,,,"{""type"":""Point"",""coordinates"":[87.10097045887709,26.794649340296097]}"
4537,,,,,DISCARDED (Insufficient Samples),,,,"{""type"":""Point"",""coordinates"":[86.38689179048646,26.793349287631262]}"
4538,,,,,DISCARDED (Insufficient Samples),,,,"{""type"":""Point"",""coordinates"":[85.31520922906815,26.7835304804362]}"
4539,,,,,DISCARDED (Insufficient Samples),,,,"{""type"":""Point"",""coordinates"":[85.42057319132017,26.80336677826428]}"
4540,,,,,DISCARDED (Insufficient Samples),,,,"{""type"":""Point"",""coordinates"":[85.45627915909702,26.838849805938644]}"
4541,,,,,DISCARDED (Insufficient Samples),,,,"{""type"":""Point"",""coordinates"":[85.45874170545792,26.817444999001943]}"
4542,,,,,DISCARDED (Insufficient Samples),,,,"{""type"":""Point"",""coordinates"":[85.37634473329952,26.783581405921197]}"
4543,,,,,DISCARDED (Insufficient Samples),,,,"{""type"":""Point"",""coordinates"":[85.45138048791385,26.784000548908587]}"
4544,0.3982,0.1107,0.8149,0.1191,STABLE CROPLAND,3.0,2.0,20.0,"{""type"":""Point"",""coordinates"":[85.77489996642136,26.786733771635923]}"
4545,0.432,0.104,0.7966,0.0996,DISCARDED (Failed Phenology),4.0,2.0,21.0,"{""type"":""Point"",""coordinates"":[85.85704986033859,26.78637638739734]}"
4546,0.3884,0.1136,0.8297,0.1054,DISCARDED (Failed Phenology),5.0,1.0,20.0,"{""type"":""Point"",""coordinates"":[86.58163275074754,26.789527423054686]}"
4547,0.3994,0.1053,0.7894,0.0901,DISCARDED (Failed Phenology),4.0,3.0,20.0,"{""type"":""Point"",""coordinates"":[86.69378234390194,26.789877020700278]}"
4548,,,,,DISCARDED (Insufficient Samples),,,,"{""type"":""Point"",""coordinates"":[86.41404798783451,26.79147887350991]}"
4549,,,,,DISCARDED (Insufficient Samples),,,,"{""type"":""Point"",""coordinates"":[87.8890367033893,26.784738041790675]}"
4550,0.373,0.112,0.6455,0.1075,DISCARDED (Static Vegetation / Low Amplitude),9.0,2.0,16.0,"{""type"":""Point"",""coordinates"":[85.83662800189974,26.78246380272202]}"
4551,,,,,DISCARDED (Insufficient Samples),,,,"{""type"":""Point"",""coordinates"":[86.24611927132251,26.783854686075077]}"
4552,,,,,DISCARDED (Insufficient Samples),,,,"{""type"":""Point"",""coordinates"":[86.4382223396357,26.785508649395005]}"
4553,0.3728,0.1442,0.7327,0.1078,DISCARDED (Failed Phenology),4.0,2.0,19.0,"{""type"":""Point"",""coordinates"":[86.817896880094,26.78506240858019]}"
4554,,,,,DISCARDED (Insufficient Samples),,,,"{""type"":""Point"",""coordinates"":[86.32659460166205,26.78348478328853]}"
4555,0.3903,0.1421,0.7039,0.1055,STABLE CROPLAND,1.0,1.0,22.0,"{""type"":""Point"",""coordinates"":[86.73720703659825,26.78408416778236]}"
4556,0.35,0.071,0.6706,0.067,STABLE CROPLAND,3.0,1.0,20.0,"{""type"":""Point"",""coordinates"":[86.55353416260644,26.786636091119266]}"
4557,,,,,DISCARDED (Insufficient Samples),,,,"{""type"":""Point"",""coordinates"":[85.19789736899449,26.7731030007472]}"
4558,,,,,DISCARDED (Insufficient Samples),,,,"{""type"":""Point"",""coordinates"":[86.46344751310076,26.79128024124805]}"
4559,,,,,DISCARDED (Insufficient Samples),,,,"{""type"":""Point"",""coordinates"":[86.17888863565638,26.81791686229748]}"
4560,,,,,DISCARDED (Insufficient Samples),,,,"{""type"":""Point"",""coordinates"":[86.17161409246393,26.788655072008808]}"
4561,,,,,DISCARDED (Insufficient Samples),,,,"{""type"":""Point"",""coordinates"":[86.22618811913458,26.843840078669142]}"
4562,,,,,DISCARDED (Insufficient Samples),,,,"{""type"":""Point"",""coordinates"":[86.16690994628551,26.851534148453215]}"
4563,,,,,DISCARDED (Insufficient Samples),,,,"{""type"":""Point"",""coordinates"":[85.79913726954264,26.77762491352939]}"
4564,,,,,DISCARDED (Insufficient Samples),,,,"{""type"":""Point"",""coordinates"":[87.81341341701958,26.779890836564004]}"
4565,0.3568,0.1259,0.6992,0.1065,DISCARDED (Failed Phenology),5.0,1.0,18.0,"{""type"":""Point"",""coordinates"":[86.51968542236312,26.78235289886382]}"
4566,0.3607,0.1561,0.6804,0.1055,DISCARDED (Static Vegetation / Low Amplitude),5.0,2.0,18.0,"{""type"":""Point"",""coordinates"":[86.8465322386337,26.783711452845072]}"
4567,,,,,DISCARDED (Insufficient Samples),,,,"{""type"":""Point"",""coordinates"":[85.28301479409927,26.7722022221372]}"
4568,,,,,DISCARDED (Insufficient Samples),,,,"{""type"":""Point"",""coordinates"":[86.35324916323937,26.780866226514703]}"
4569,,,,,DISCARDED (Insufficient Samples),,,,"{""type"":""Point"",""coordinates"":[87.95874045254621,26.77676807246107]}"
4570,0.3609,0.153,0.7121,0.1057,STABLE CROPLAND,2.0,1.0,22.0,"{""type"":""Point"",""coordinates"":[86.79544195911555,26.77867211864089]}"
4571,,,,,DISCARDED (Insufficient Samples),,,,"{""type"":""Point"",""coordinates"":[87.41060438361919,26.77755255710224]}"
4572,0.4168,0.119,0.855,0.0931,STABLE CROPLAND,0.0,0.0,23.0,"{""type"":""Point"",""coordinates"":[86.64823515727227,26.779700750493944]}"
4573,,,,,DISCARDED (Insufficient Samples),,,,"{""type"":""Point"",""coordinates"":[87.32262929703246,26.776225023388076]}"
4574,,,,,DISCARDED (Insufficient Samples),,,,"{""type"":""Point"",""coordinates"":[85.30449936958132,26.766488304550833]}"
4575,,,,,DISCARDED (Insufficient Samples),,,,"{""type"":""Point"",""coordinates"":[87.91817388107206,26.77374738891757]}"
4576,0.3956,0.1491,0.7394,0.1031,DISCARDED (Failed Phenology),4.0,1.0,21.0,"{""type"":""Point"",""coordinates"":[86.7139855083303,26.774676781498865]}"
4577,,,,,DISCARDED (Insufficient Samples),,,,"{""type"":""Point"",""coordinates"":[87.83379466891616,26.772964927861125]}"
4578,0.4094,0.1334,0.7843,0.1117,STABLE CROPLAND,2.0,1.0,22.0,"{""type"":""Point"",""coordinates"":[86.88448751566216,26.7748107906706]}"
4579,,,,,DISCARDED (Insufficient Samples),,,,"{""type"":""Point"",""coordinates"":[87.61589621621313,26.773151880890303]}"
4580,,,,,DISCARDED (Insufficient Samples),,,,"{""type"":""Point"",""coordinates"":[85.22865770025477,26.762383758786775]}"
4581,,,,,DISCARDED (Insufficient Samples),,,,"{""type"":""Point"",""coordinates"":[86.37697574575402,26.77108157172366]}"
4582,,,,,DISCARDED (Insufficient Samples),,,,"{""type"":""Point"",""coordinates"":[85.37225280066697,26.7631516423562]}"
4583,0.3744,0.1309,0.7672,0.1045,STABLE CROPLAND,0.0,0.0,23.0,"{""type"":""Point"",""coordinates"":[86.91629204702102,26.784567606984442]}"
4584,,,,,DISCARDED (Insufficient Samples),,,,"{""type"":""Point"",""coordinates"":[87.15472077132343,26.775624944161354]}"
4585,,,,,DISCARDED (Insufficient Samples),,,,"{""type"":""Point"",""coordinates"":[85.10277461899143,27.025318299167186]}"
4586,,,,,DISCARDED (Insufficient Samples),,,,"{""type"":""Point"",""coordinates"":[85.07494752305486,27.01315317242141]}"
4587,,,,,DISCARDED (Insufficient Samples),,,,"{""type"":""Point"",""coordinates"":[85.19498630919237,26.836531559503552]}"
4588,,,,,DISCARDED (Insufficient Samples),,,,"{""type"":""Point"",""coordinates"":[85.21463363019753,26.883986972820832]}"
4589,,,,,DISCARDED (Insufficient Samples),,,,"{""type"":""Point"",""coordinates"":[85.20927963771814,26.932289764738638]}"
4590,,,,,DISCARDED (Insufficient Samples),,,,"{""type"":""Point"",""coordinates"":[85.07194576373274,26.916035637891767]}"
4591,,,,,DISCARDED (Insufficient Samples),,,,"{""type"":""Point"",""coordinates"":[85.20349603210364,27.01543909456275]}"
4592,,,,,DISCARDED (Insufficient Samples),,,,"{""type"":""Point"",""coordinates"":[85.0385577337511,26.98954252657236]}"
4593,,,,,DISCARDED (Insufficient Samples),,,,"{""type"":""Point"",""coordinates"":[85.11273138427863,26.99109339668803]}"
4594,,,,,DISCARDED (Insufficient Samples),,,,"{""type"":""Point"",""coordinates"":[85.10403294655838,26.973584394528036]}"
4595,,,,,DISCARDED (Insufficient Samples),,,,"{""type"":""Point"",""coordinates"":[85.06700442562456,26.977176248233295]}"
4596,,,,,DISCARDED (Insufficient Samples),,,,"{""type"":""Point"",""coordinates"":[85.03463740376438,26.927603977277574]}"
4597,,,,,DISCARDED (Insufficient Samples),,,,"{""type"":""Point"",""coordinates"":[85.15376363319866,26.94003752170581]}"
4598,,,,,DISCARDED (Insufficient Samples),,,,"{""type"":""Point"",""coordinates"":[85.06919190528485,27.08173227515939]}"
4599,,,,,DISCARDED (Insufficient Samples),,,,"{""type"":""Point"",""coordinates"":[85.20988724077999,26.91343495927824]}"
4600,,,,,DISCARDED (Insufficient Samples),,,,"{""type"":""Point"",""coordinates"":[85.15706581060175,27.08028210944108]}"
4601,,,,,DISCARDED (Insufficient Samples),,,,"{""type"":""Point"",""coordinates"":[85.20683203264109,27.03752043476317]}"
4602,,,,,DISCARDED (Insufficient Samples),,,,"{""type"":""Point"",""coordinates"":[85.02185418035222,26.901409245275364]}"
4603,,,,,DISCARDED (Insufficient Samples),,,,"{""type"":""Point"",""coordinates"":[85.07833001904048,27.036890425816342]}"
4604,,,,,DISCARDED (Insufficient Samples),,,,"{""type"":""Point"",""coordinates"":[85.10826047286282,27.050503609064968]}"
4605,,,,,DISCARDED (Insufficient Samples),,,,"{""type"":""Point"",""coordinates"":[85.06451680160811,26.894200514089174]}"
4606,,,,,DISCARDED (Insufficient Samples),,,,"{""type"":""Point"",""coordinates"":[85.21899016160967,26.865528755255838]}"
4607,,,,,DISCARDED (Insufficient Samples),,,,"{""type"":""Point"",""coordinates"":[85.21173183885666,26.970104031288997]}"
4608,,,,,DISCARDED (Insufficient Samples),,,,"{""type"":""Point"",""coordinates"":[84.99763300341326,26.930331721236985]}"
4609,,,,,DISCARDED (Insufficient Samples),,,,"{""type"":""Point"",""coordinates"":[85.1262150889484,26.909468187660693]}"
4610,,,,,DISCARDED (Insufficient Samples),,,,"{""type"":""Point"",""coordinates"":[85.1210457528862,26.93491912666356]}"
4611,,,,,DISCARDED (Insufficient Samples),,,,"{""type"":""Point"",""coordinates"":[85.22631683084809,26.801236361905172]}"
4612,,,,,DISCARDED (Insufficient Samples),,,,"{""type"":""Point"",""coordinates"":[85.08600548103703,26.98371235568537]}"
4613,,,,,DISCARDED (Insufficient Samples),,,,"{""type"":""Point"",""coordinates"":[85.03975411558412,26.94791195380162]}"
4614,,,,,DISCARDED (Insufficient Samples),,,,"{""type"":""Point"",""coordinates"":[85.08838444130976,27.090690568841833]}"
4615,,,,,DISCARDED (Insufficient Samples),,,,"{""type"":""Point"",""coordinates"":[85.21699374756946,26.837048187083365]}"
4616,,,,,DISCARDED (Insufficient Samples),,,,"{""type"":""Point"",""coordinates"":[85.12376294087817,27.029394396661246]}"
4617,,,,,DISCARDED (Insufficient Samples),,,,"{""type"":""Point"",""coordinates"":[85.22549259170893,27.02173072426478]}"
4618,,,,,DISCARDED (Insufficient Samples),,,,"{""type"":""Point"",""coordinates"":[85.09530751409709,26.877482195115622]}"
4619,,,,,DISCARDED (Insufficient Samples),,,,"{""type"":""Point"",""coordinates"":[85.22715974288568,26.94508316341972]}"
4620,,,,,DISCARDED (Insufficient Samples),,,,"{""type"":""Point"",""coordinates"":[85.09164485800763,27.063110323704127]}"
4621,,,,,DISCARDED (Insufficient Samples),,,,"{""type"":""Point"",""coordinates"":[85.15228596610979,27.018589028571867]}"
4622,,,,,DISCARDED (Insufficient Samples),,,,"{""type"":""Point"",""coordinates"":[85.09867051143868,26.940663164176037]}"
4623,,,,,DISCARDED (Insufficient Samples),,,,"{""type"":""Point"",""coordinates"":[84.97521857564057,26.918157612529185]}"
4624,,,,,DISCARDED (Insufficient Samples),,,,"{""type"":""Point"",""coordinates"":[85.19078728907417,27.05524524635202]}"
4625,,,,,DISCARDED (Insufficient Samples),,,,"{""type"":""Point"",""coordinates"":[85.08586239691164,26.965274420710372]}"
4626,,,,,DISCARDED (Insufficient Samples),,,,"{""type"":""Point"",""coordinates"":[85.03804918660312,26.871927240993326]}"
4627,,,,,DISCARDED (Insufficient Samples),,,,"{""type"":""Point"",""coordinates"":[85.1329316515781,27.069981693602752]}"
4628,,,,,DISCARDED (Insufficient Samples),,,,"{""type"":""Point"",""coordinates"":[85.04124487669468,26.894036434928083]}"
4629,,,,,DISCARDED (Insufficient Samples),,,,"{""type"":""Point"",""coordinates"":[85.19479699133899,26.854760011871694]}"
4630,,,,,DISCARDED (Insufficient Samples),,,,"{""type"":""Point"",""coordinates"":[85.17870560399733,27.09467254334855]}"
4631,,,,,DISCARDED (Insufficient Samples),,,,"{""type"":""Point"",""coordinates"":[85.09382105564495,27.00628647817687]}"
4632,,,,,DISCARDED (Insufficient Samples),,,,"{""type"":""Point"",""coordinates"":[85.07158469847037,27.056564470736973]}"
4633,,,,,DISCARDED (Insufficient Samples),,,,"{""type"":""Point"",""coordinates"":[85.16551615745182,26.914088398599862]}"
4634,,,,,DISCARDED (Insufficient Samples),,,,"{""type"":""Point"",""coordinates"":[85.07875673217706,26.933198115983934]}"
4635,,,,,DISCARDED (Insufficient Samples),,,,"{""type"":""Point"",""coordinates"":[85.10554505765225,26.90948799697958]}"
4636,,,,,DISCARDED (Insufficient Samples),,,,"{""type"":""Point"",""coordinates"":[85.15003932769102,27.097599957172363]}"
4637,,,,,DISCARDED (Insufficient Samples),,,,"{""type"":""Point"",""coordinates"":[85.05962788039989,26.95798492694847]}"
4638,,,,,DISCARDED (Insufficient Samples),,,,"{""type"":""Point"",""coordinates"":[85.05155593614379,27.012701464299443]}"
4639,,,,,DISCARDED (Insufficient Samples),,,,"{""type"":""Point"",""coordinates"":[85.05589712814438,26.929793629020207]}"
4640,,,,,DISCARDED (Insufficient Samples),,,,"{""type"":""Point"",""coordinates"":[85.09042642645436,26.895010241658536]}"
4641,,,,,DISCARDED (Insufficient Samples),,,,"{""type"":""Point"",""coordinates"":[85.14220495477797,26.922116876455046]}"
4642,,,,,DISCARDED (Insufficient Samples),,,,"{""type"":""Point"",""coordinates"":[85.22446708782617,26.900908108453496]}"
4643,,,,,DISCARDED (Insufficient Samples),,,,"{""type"":""Point"",""coordinates"":[85.05076183336287,26.911013592137447]}"
4644,,,,,DISCARDED (Insufficient Samples),,,,"{""type"":""Point"",""coordinates"":[85.06429307424385,26.99593774700879]}"
4645,,,,,DISCARDED (Insufficient Samples),,,,"{""type"":""Point"",""coordinates"":[85.23012159981383,26.918685815517847]}"
4646,,,,,DISCARDED (Insufficient Samples),,,,"{""type"":""Point"",""coordinates"":[85.01408562024162,26.918723353674412]}"
4647,,,,,DISCARDED (Insufficient Samples),,,,"{""type"":""Point"",""coordinates"":[85.22059224793625,26.7809305868346]}"
4648,,,,,DISCARDED (Insufficient Samples),,,,"{""type"":""Point"",""coordinates"":[85.34180547357842,26.77135672670143]}"
4649,,,,,DISCARDED (Insufficient Samples),,,,"{""type"":""Point"",""coordinates"":[85.3936707643787,26.79546473967106]}"
4650,,,,,DISCARDED (Insufficient Samples),,,,"{""type"":""Point"",""coordinates"":[86.0548787966807,26.766144460419355]}"
4651,,,,,DISCARDED (Insufficient Samples),,,,"{""type"":""Point"",""coordinates"":[88.17975314647501,26.766406499165512]}"
4652,0.4022,0.0877,0.83,0.1169,STABLE CROPLAND,0.0,0.0,23.0,"{""type"":""Point"",""coordinates"":[86.5599025164146,26.769419325383463]}"
4653,0.4083,0.1234,0.7534,0.1142,STABLE CROPLAND,2.0,1.0,21.0,"{""type"":""Point"",""coordinates"":[86.6769671642549,26.77081910243605]}"
4654,,,,,DISCARDED (Insufficient Samples),,,,"{""type"":""Point"",""coordinates"":[87.18830410757106,26.768892984525106]}"
4655,,,,,DISCARDED (Insufficient Samples),,,,"{""type"":""Point"",""coordinates"":[87.34500200653112,26.7689880641191]}"
4656,,,,,DISCARDED (Insufficient Samples),,,,"{""type"":""Point"",""coordinates"":[86.08271161129554,26.764279315987025]}"
4657,,,,,DISCARDED (Insufficient Samples),,,,"{""type"":""Point"",""coordinates"":[87.85247892238466,26.765768487394713]}"
4658,,,,,DISCARDED (Insufficient Samples),,,,"{""type"":""Point"",""coordinates"":[87.67502272097508,26.76640661529767]}"
4659,,,,,DISCARDED (Insufficient Samples),,,,"{""type"":""Point"",""coordinates"":[87.89939662104766,26.766217947918914]}"
4660,,,,,DISCARDED (Insufficient Samples),,,,"{""type"":""Point"",""coordinates"":[86.41392755316423,26.765336861713898]}"
4661,,,,,DISCARDED (Insufficient Samples),,,,"{""type"":""Point"",""coordinates"":[85.27368569887588,26.755994567375282]}"
4662,,,,,DISCARDED (Insufficient Samples),,,,"{""type"":""Point"",""coordinates"":[86.21276349690199,26.762179736731035]}"
4663,0.4218,0.1432,0.7475,0.0992,DISCARDED (Failed Phenology),6.0,4.0,17.0,"{""type"":""Point"",""coordinates"":[86.5367195880888,26.76474271056445]}"
4664,0.372,0.1313,0.7497,0.1227,STABLE CROPLAND,3.0,1.0,20.0,"{""type"":""Point"",""coordinates"":[86.74863721201115,26.76600302076215]}"
4665,,,,,DISCARDED (Insufficient Samples),,,,"{""type"":""Point"",""coordinates"":[87.5845309309197,26.763505743898882]}"
4666,,,,,DISCARDED (Insufficient Samples),,,,"{""type"":""Point"",""coordinates"":[86.44902676888448,26.763075473825236]}"
4667,,,,,DISCARDED (Insufficient Samples),,,,"{""type"":""Point"",""coordinates"":[88.1357238067191,26.761097388291155]}"
4668,,,,,DISCARDED (Insufficient Samples),,,,"{""type"":""Point"",""coordinates"":[85.27661911488669,26.790132031281562]}"
4669,0.4386,0.1196,0.7694,0.0966,STABLE CROPLAND,2.0,1.0,21.0,"{""type"":""Point"",""coordinates"":[85.9764463269541,26.75969322946604]}"
4670,0.4775,0.1481,0.9032,0.0879,STABLE CROPLAND,0.0,0.0,23.0,"{""type"":""Point"",""coordinates"":[87.50400645171591,26.761421728820018]}"
4671,0.3445,0.1314,0.7173,0.1051,STABLE CROPLAND,3.0,2.0,20.0,"{""type"":""Point"",""coordinates"":[86.77035003474693,26.76145499824028]}"
4672,0.4471,0.1359,0.8631,0.1321,STABLE CROPLAND,2.0,1.0,21.0,"{""type"":""Point"",""coordinates"":[87.36514292412508,26.761049717039644]}"
4673,,,,,DISCARDED (Insufficient Samples),,,,"{""type"":""Point"",""coordinates"":[87.87690689894815,26.758592460559736]}"
4674,0.4253,0.0988,0.8118,0.117,STABLE CROPLAND,3.0,2.0,21.0,"{""type"":""Point"",""coordinates"":[85.801760699139,26.851972149654333]}"
4675,0.3989,0.1106,0.8039,0.1162,DISCARDED (Failed Phenology),5.0,3.0,18.0,"{""type"":""Point"",""coordinates"":[85.8287464892959,26.875966469602876]}"
4676,0.4529,0.126,0.8427,0.1116,STABLE CROPLAND,2.0,1.0,21.0,"{""type"":""Point"",""coordinates"":[85.81287775627682,26.83223219752876]}"
4677,0.3829,0.1107,0.8189,0.1317,STABLE CROPLAND,3.0,1.0,21.0,"{""type"":""Point"",""coordinates"":[85.83569825959825,26.857337348664984]}"
4678,0.366,0.0522,0.8395,0.1389,STABLE CROPLAND,2.0,1.0,24.0,"{""type"":""Point"",""coordinates"":[85.85634601188542,26.75894982676181]}"
4679,,,,,DISCARDED (Insufficient Samples),,,,"{""type"":""Point"",""coordinates"":[87.39875885368012,26.75995522539476]}"
4680,,,,,DISCARDED (Insufficient Samples),,,,"{""type"":""Point"",""coordinates"":[87.63913291783057,26.759680247697812]}"
4681,,,,,DISCARDED (Insufficient Samples),,,,"{""type"":""Point"",""coordinates"":[85.34223075134268,26.75169149081013]}"
4682,,,,,DISCARDED (Insufficient Samples),,,,"{""type"":""Point"",""coordinates"":[85.76169824144112,26.75590946033885]}"
4683,,,,,DISCARDED (Insufficient Samples),,,,"{""type"":""Point"",""coordinates"":[86.48498459985737,26.760553041702437]}"
4684,,,,,DISCARDED (Insufficient Samples),,,,"{""type"":""Point"",""coordinates"":[86.16426999105045,26.758464767978577]}"
4685,0.428,0.1466,0.7522,0.0848,STABLE CROPLAND,1.0,1.0,22.0,"{""type"":""Point"",""coordinates"":[86.89780233304243,26.76036272837875]}"
4686,,,,,DISCARDED (Insufficient Samples),,,,"{""type"":""Point"",""coordinates"":[87.55063159865398,26.760437088788876]}"
4687,0.3508,0.0665,0.788,0.1406,STABLE CROPLAND,3.0,1.0,21.0,"{""type"":""Point"",""coordinates"":[87.07807840732701,26.759271058874706]}"
4688,,,,,DISCARDED (Insufficient Samples),,,,"{""type"":""Point"",""coordinates"":[88.11459717939911,26.756456668004862]}"
4689,,,,,DISCARDED (Insufficient Samples),,,,"{""type"":""Point"",""coordinates"":[88.01048624733363,26.760396461225696]}"
4690,0.3622,0.0674,0.7206,0.1066,STABLE CROPLAND,3.0,2.0,20.0,"{""type"":""Point"",""coordinates"":[85.91687952127702,26.754616860609154]}"
4691,,,,,DISCARDED (Insufficient Samples),,,,"{""type"":""Point"",""coordinates"":[85.73077318771718,26.752467747148128]}"
4692,,,,,DISCARDED (Insufficient Samples),,,,"{""type"":""Point"",""coordinates"":[85.3184785634947,26.749682171520213]}"
4693,0.369,0.1414,0.7074,0.0973,STABLE CROPLAND,2.0,1.0,21.0,"{""type"":""Point"",""coordinates"":[86.72795917505631,26.756736855966814]}"
4694,0.3735,0.1415,0.746,0.1086,STABLE CROPLAND,1.0,1.0,22.0,"{""type"":""Point"",""coordinates"":[86.81927634553537,26.762211536271476]}"
4695,0.3937,0.0758,0.778,0.1139,STABLE CROPLAND,2.0,2.0,21.0,"{""type"":""Point"",""coordinates"":[87.0573043783025,26.759003106687633]}"
4696,0.4183,0.135,0.8291,0.1506,STABLE CROPLAND,3.0,2.0,20.0,"{""type"":""Point"",""coordinates"":[87.14209172281159,26.754623016496147]}"
4697,0.4128,0.1687,0.8365,0.107,STABLE CROPLAND,1.0,1.0,23.0,"{""type"":""Point"",""coordinates"":[86.93240016535991,26.753082580479933]}"
4698,,,,,DISCARDED (Insufficient Samples),,,,"{""type"":""Point"",""coordinates"":[88.17636975365156,26.748115290761856]}"
4699,0.4113,0.1507,0.8398,0.1177,DISCARDED (Failed Phenology),5.0,1.0,19.0,"{""type"":""Point"",""coordinates"":[85.95721464492969,26.819482109996006]}"
4700,0.3859,0.1204,0.8341,0.1081,STABLE CROPLAND,1.0,1.0,23.0,"{""type"":""Point"",""coordinates"":[85.9105633031853,26.779901365935658]}"
4701,0.4041,0.0966,0.8727,0.1214,STABLE CROPLAND,2.0,1.0,23.0,"{""type"":""Point"",""coordinates"":[85.97416921563195,26.83637967226512]}"
4702,0.4419,0.1222,0.8588,0.1071,STABLE CROPLAND,3.0,2.0,22.0,"{""type"":""Point"",""coordinates"":[85.91508452685305,26.80009748117137]}"
4703,0.315,0.1019,0.6855,0.111,STABLE CROPLAND,2.0,1.0,21.0,"{""type"":""Point"",""coordinates"":[85.93285874544056,26.776468077515904]}"
4704,0.3928,0.1265,0.8317,0.1219,STABLE CROPLAND,1.0,1.0,24.0,"{""type"":""Point"",""coordinates"":[85.9353029909989,26.807197004695634]}"
4705,0.4227,0.1765,0.7717,0.0976,STABLE CROPLAND,1.0,1.0,23.0,"{""type"":""Point"",""coordinates"":[86.70590326167904,26.7526950694857]}"
4706,,,,,DISCARDED (Insufficient Samples),,,,"{""type"":""Point"",""coordinates"":[88.03928914150826,26.748706914856427]}"
4707,,,,,DISCARDED (Insufficient Samples),,,,"{""type"":""Point"",""coordinates"":[85.83659943886967,26.747536673775397]}"
4708,0.3641,0.0895,0.7558,0.1006,STABLE CROPLAND,1.0,1.0,22.0,"{""type"":""Point"",""coordinates"":[86.56375048433793,26.751522220890056]}"
4709,0.3872,0.1131,0.7024,0.1024,DISCARDED (Failed Phenology),5.0,3.0,19.0,"{""type"":""Point"",""coordinates"":[85.93640585161488,26.746743088107973]}"
4710,,,,,DISCARDED (Insufficient Samples),,,,"{""type"":""Point"",""coordinates"":[88.15349137346473,26.74586994229833]}"
4711,,,,,DISCARDED (Insufficient Samples),,,,"{""type"":""Point"",""coordinates"":[88.09040770755188,26.745580407453666]}"
4712,,,,,DISCARDED (Insufficient Samples),,,,"{""type"":""Point"",""coordinates"":[86.3078923285182,26.748406709288258]}"
4713,,,,,DISCARDED (Insufficient Samples),,,,"{""type"":""Point"",""coordinates"":[87.59680572725829,26.74880850180844]}"
4714,,,,,DISCARDED (Insufficient Samples),,,,"{""type"":""Point"",""coordinates"":[87.52957499376595,26.748918684029086]}"
4715,0.4003,0.1419,0.8241,0.1099,STABLE CROPLAND,0.0,0.0,23.0,"{""type"":""Point"",""coordinates"":[87.48549845884213,26.748319044847683]}"
4716,0.4071,0.1269,0.7888,0.1013,STABLE CROPLAND,0.0,0.0,23.0,"{""type"":""Point"",""coordinates"":[87.02415675181906,26.748005295193217]}"
4717,,,,,DISCARDED (Insufficient Samples),,,,"{""type"":""Point"",""coordinates"":[87.62082363674631,26.7482347994607]}"
4718,,,,,DISCARDED (Insufficient Samples),,,,"{""type"":""Point"",""coordinates"":[86.34907350976243,26.745173285867747]}"
4719,0.3239,0.1331,0.7638,0.1426,DISCARDED (Failed Phenology),6.0,3.0,17.0,"{""type"":""Point"",""coordinates"":[86.87323977858667,26.750568071414705]}"
4720,,,,,DISCARDED (Insufficient Samples),,,,"{""type"":""Point"",""coordinates"":[86.52965605931242,26.742646956090645]}"
4721,0.4392,0.1968,0.766,0.0977,DISCARDED (Failed Phenology),5.0,2.0,20.0,"{""type"":""Point"",""coordinates"":[87.20668337410152,26.741456708384494]}"
4722,,,,,DISCARDED (Insufficient Samples),,,,"{""type"":""Point"",""coordinates"":[87.39545078424563,26.741764097153162]}"
4723,,,,,DISCARDED (Insufficient Samples),,,,"{""type"":""Point"",""coordinates"":[86.48999545420652,26.741891393930963]}"
4724,0.3067,0.0705,0.712,0.1229,DISCARDED (Failed Phenology),4.0,2.0,19.0,"{""type"":""Point"",""coordinates"":[87.06442398287186,26.741789881371744]}"
4725,,,,,DISCARDED (Insufficient Samples),,,,"{""type"":""Point"",""coordinates"":[87.8632554735894,26.739047231043468]}"
4726,,,,,DISCARDED (Insufficient Samples),,,,"{""type"":""Point"",""coordinates"":[87.37384638890312,26.74013306861989]}"
4727,,,,,DISCARDED (Insufficient Samples),,,,"{""type"":""Point"",""coordinates"":[87.98781717914493,26.737315627423946]}"
4728,,,,,DISCARDED (Insufficient Samples),,,,"{""type"":""Point"",""coordinates"":[87.54866061316874,26.739855831824915]}"
4729,0.3693,0.1272,0.7725,0.106,STABLE CROPLAND,1.0,1.0,22.0,"{""type"":""Point"",""coordinates"":[86.61691739992663,26.742308966581042]}"
4730,,,,,DISCARDED (Insufficient Samples),,,,"{""type"":""Point"",""coordinates"":[87.44878702852564,26.746884829894324]}"
4731,,,,,DISCARDED (Insufficient Samples),,,,"{""type"":""Point"",""coordinates"":[86.25131249365148,26.802852673687102]}"
4732,,,,,DISCARDED (Insufficient Samples),,,,"{""type"":""Point"",""coordinates"":[86.22121450135134,26.79234245084837]}"
4733,,,,,DISCARDED (Insufficient Samples),,,,"{""type"":""Point"",""coordinates"":[86.19402770305214,26.784025002604313]}"
4734,,,,,DISCARDED (Insufficient Samples),,,,"{""type"":""Point"",""coordinates"":[86.18630752221557,26.742755202882144]}"
4735,,,,,DISCARDED (Insufficient Samples),,,,"{""type"":""Point"",""coordinates"":[86.18633000652257,26.764132295717346]}"
4736,,,,,DISCARDED (Insufficient Samples),,,,"{""type"":""Point"",""coordinates"":[87.68580305733383,26.73833575302019]}"
4737,,,,,DISCARDED (Insufficient Samples),,,,"{""type"":""Point"",""coordinates"":[87.88324635405434,26.735912565753907]}"
4738,,,,,DISCARDED (Insufficient Samples),,,,"{""type"":""Point"",""coordinates"":[87.63888580833161,26.738698275263033]}"
4739,,,,,DISCARDED (Insufficient Samples),,,,"{""type"":""Point"",""coordinates"":[86.38118175480555,26.736604682317033]}"
4740,0.3942,0.1308,0.7661,0.1414,DISCARDED (Failed Phenology),4.0,1.0,19.0,"{""type"":""Point"",""coordinates"":[86.95889943140175,26.738150355182444]}"
4741,,,,,DISCARDED (Insufficient Samples),,,,"{""type"":""Point"",""coordinates"":[86.51412686631848,26.755569182634666]}"
4742,,,,,DISCARDED (Insufficient Samples),,,,"{""type"":""Point"",""coordinates"":[85.73782834405866,26.73283599937234]}"
4743,0.3307,0.117,0.7523,0.1266,DISCARDED (Failed Phenology),5.0,1.0,20.0,"{""type"":""Point"",""coordinates"":[85.90749974295093,26.73375150081852]}"
4744,0.3861,0.1089,0.6799,0.0771,STABLE CROPLAND,2.0,2.0,21.0,"{""type"":""Point"",""coordinates"":[87.00564576824314,26.73747047876319]}"
4745,,,,,DISCARDED (Insufficient Samples),,,,"{""type"":""Point"",""coordinates"":[88.04987393395047,26.73269317212533]}"
4746,,,,,DISCARDED (Insufficient Samples),,,,"{""type"":""Point"",""coordinates"":[86.77631056530217,26.736272349358508]}"
4747,,,,,DISCARDED (Insufficient Samples),,,,"{""type"":""Point"",""coordinates"":[88.16605085483312,26.730338203651236]}"
4748,,,,,DISCARDED (Insufficient Samples),,,,"{""type"":""Point"",""coordinates"":[88.02149799834596,26.72846826475235]}"
4749,,,,,DISCARDED (Insufficient Samples),,,,"{""type"":""Point"",""coordinates"":[87.23476539207083,26.731033147298067]}"
4750,,,,,DISCARDED (Insufficient Samples),,,,"{""type"":""Point"",""coordinates"":[87.43735051280333,26.729898894585926]}"
4751,0.4098,0.0943,0.8852,0.1304,DISCARDED (Failed Phenology),6.0,3.0,17.0,"{""type"":""Point"",""coordinates"":[85.9407714474574,26.726479662405243]}"
4752,,,,,DISCARDED (Insufficient Samples),,,,"{""type"":""Point"",""coordinates"":[87.65701583848924,26.73020787040562]}"
4753,0.4149,0.0992,0.7713,0.0835,STABLE CROPLAND,1.0,1.0,23.0,"{""type"":""Point"",""coordinates"":[86.98016516019274,26.729518443269605]}"
4754,,,,,DISCARDED (Insufficient Samples),,,,"{""type"":""Point"",""coordinates"":[85.76626738960509,26.723837021338532]}"
4755,,,,,DISCARDED (Insufficient Samples),,,,"{""type"":""Point"",""coordinates"":[88.07819950080977,26.72713442418055]}"
4756,0.3354,0.0897,0.7354,0.1325,DISCARDED (Failed Phenology),4.0,2.0,19.0,"{""type"":""Point"",""coordinates"":[86.55235933135643,26.728365411767765]}"
4757,,,,,DISCARDED (Insufficient Samples),,,,"{""type"":""Point"",""coordinates"":[87.47020560167996,26.72585434957749]}"
4758,0.4396,0.1267,0.8438,0.1191,DISCARDED (Failed Phenology),4.0,2.0,19.0,"{""type"":""Point"",""coordinates"":[86.94101023881132,26.727091859621396]}"
4759,,,,,DISCARDED (Insufficient Samples),,,,"{""type"":""Point"",""coordinates"":[85.84735294202717,26.720104946221387]}"
4760,,,,,DISCARDED (Insufficient Samples),,,,"{""type"":""Point"",""coordinates"":[86.44967165725241,26.720385324280375]}"
4761,,,,,DISCARDED (Insufficient Samples),,,,"{""type"":""Point"",""coordinates"":[86.48375261857275,26.783485869303238]}"
4762,,,,,DISCARDED (Insufficient Samples),,,,"{""type"":""Point"",""coordinates"":[87.96675921706031,26.740812854420874]}"
4763,0.3872,0.1577,0.8029,0.1392,DISCARDED (Failed Phenology),3.0,3.0,23.0,"{""type"":""Point"",""coordinates"":[85.8801769973366,26.716195703077002]}"
4764,0.3547,0.0744,0.7442,0.1351,DISCARDED (Failed Phenology),4.0,1.0,20.0,"{""type"":""Point"",""coordinates"":[85.99871735953164,26.71964507004005]}"
4765,,,,,DISCARDED (Insufficient Samples),,,,"{""type"":""Point"",""coordinates"":[86.35195748690259,26.719847213133416]}"
4766,,,,,DISCARDED (Insufficient Samples),,,,"{""type"":""Point"",""coordinates"":[88.13449831640762,26.722630801910277]}"
4767,0.3226,0.0617,0.6228,0.0691,DISCARDED (Failed Phenology),6.0,2.0,17.0,"{""type"":""Point"",""coordinates"":[86.49146932878665,26.71913849669905]}"
4768,,,,,DISCARDED (Insufficient Samples),,,,"{""type"":""Point"",""coordinates"":[88.05700280996483,26.71507771380825]}"
4769,0.3462,0.0692,0.7281,0.1005,STABLE CROPLAND,1.0,1.0,22.0,"{""type"":""Point"",""coordinates"":[87.04309049562728,26.718747924600173]}"
4770,,,,,DISCARDED (Insufficient Samples),,,,"{""type"":""Point"",""coordinates"":[86.44851287223496,26.74231876612907]}"
4771,,,,,DISCARDED (Insufficient Samples),,,,"{""type"":""Point"",""coordinates"":[86.42255325989518,26.736998754631777]}"
4772,,,,,DISCARDED (Insufficient Samples),,,,"{""type"":""Point"",""coordinates"":[87.71416654281705,26.71633889282467]}"
4773,0.3766,0.0866,0.7418,0.1275,DISCARDED (Failed Phenology),5.0,2.0,19.0,"{""type"":""Point"",""coordinates"":[86.53754089457767,26.71476059532699]}"
4774,,,,,DISCARDED (Insufficient Samples),,,,"{""type"":""Point"",""coordinates"":[87.63085715312525,26.714730398843322]}"
4775,,,,,DISCARDED (Insufficient Samples),,,,"{""type"":""Point"",""coordinates"":[87.48712342390354,26.71376828517106]}"
4776,,,,,DISCARDED (Insufficient Samples),,,,"{""type"":""Point"",""coordinates"":[88.08736849687435,26.71046550930218]}"
4777,,,,,DISCARDED (Insufficient Samples),,,,"{""type"":""Point"",""coordinates"":[87.94803109278745,26.712419259175007]}"
4778,,,,,DISCARDED (Insufficient Samples),,,,"{""type"":""Point"",""coordinates"":[87.25680092482189,26.712839166937254]}"
4779,,,,,DISCARDED (Insufficient Samples),,,,"{""type"":""Point"",""coordinates"":[88.17045256960967,26.707407114323615]}"
4780,,,,,DISCARDED (Insufficient Samples),,,,"{""type"":""Point"",""coordinates"":[87.6585390446945,26.71129269420459]}"
4781,,,,,DISCARDED (Insufficient Samples),,,,"{""type"":""Point"",""coordinates"":[86.1716475869246,26.710349383129795]}"
4782,,,,,DISCARDED (Insufficient Samples),,,,"{""type"":""Point"",""coordinates"":[86.51609228577227,26.70992498579048]}"
4783,0.3129,0.0699,0.6014,0.112,DISCARDED (Static Vegetation / Low Amplitude),8.0,2.0,15.0,"{""type"":""Point"",""coordinates"":[86.55838553405165,26.70845840821801]}"
4784,,,,,DISCARDED (Insufficient Samples),,,,"{""type"":""Point"",""coordinates"":[87.76289395373179,26.708269383119003]}"
4785,,,,,DISCARDED (Insufficient Samples),,,,"{""type"":""Point"",""coordinates"":[87.99677321343599,26.707182586518186]}"
4786,0.4402,0.1525,0.8041,0.1065,DISCARDED (Failed Phenology),4.0,2.0,19.0,"{""type"":""Point"",""coordinates"":[86.94209270958333,26.708555433459647]}"
4787,,,,,DISCARDED (Insufficient Samples),,,,"{""type"":""Point"",""coordinates"":[85.9326376863378,26.703913246283946]}"
4788,,,,,DISCARDED (Insufficient Samples),,,,"{""type"":""Point"",""coordinates"":[87.96912900277722,26.704747900992444]}"
4789,0.4021,0.1273,0.85,0.1312,DISCARDED (Failed Phenology),4.0,2.0,21.0,"{""type"":""Point"",""coordinates"":[87.21421245668287,26.715634783921804]}"
4790,,,,,DISCARDED (Insufficient Samples),,,,"{""type"":""Point"",""coordinates"":[87.18673458229496,26.731162767056883]}"
4791,0.3919,0.0997,0.737,0.0958,DISCARDED (Failed Phenology),5.0,2.0,20.0,"{""type"":""Point"",""coordinates"":[85.75735549220482,26.70216878022019]}"
4792,,,,,DISCARDED (Insufficient Samples),,,,"{""type"":""Point"",""coordinates"":[87.73349020612378,26.707115748044206]}"
4793,,,,,DISCARDED (Insufficient Samples),,,,"{""type"":""Point"",""coordinates"":[88.03091807250084,26.701614768950762]}"
4794,,,,,DISCARDED (Insufficient Samples),,,,"{""type"":""Point"",""coordinates"":[88.10826889595768,26.700973679122214]}"
4795,,,,,DISCARDED (Insufficient Samples),,,,"{""type"":""Point"",""coordinates"":[88.13228739800773,26.70293964138331]}"
4796,,,,,DISCARDED (Insufficient Samples),,,,"{""type"":""Point"",""coordinates"":[87.68674864764563,26.70794117307512]}"
4797,,,,,DISCARDED (Insufficient Samples),,,,"{""type"":""Point"",""coordinates"":[86.33162442233939,26.70554604005511]}"
4798,0.3593,0.1229,0.825,0.1631,DISCARDED (Failed Phenology),4.0,1.0,20.0,"{""type"":""Point"",""coordinates"":[85.91112905133625,26.70061292545677]}"
4799,,,,,DISCARDED (Insufficient Samples),,,,"{""type"":""Point"",""coordinates"":[87.0917168912289,26.7081208026208]}"
4800,,,,,DISCARDED (Insufficient Samples),,,,"{""type"":""Point"",""coordinates"":[87.11113813256839,26.701984731459653]}"
4801,,,,,DISCARDED (Insufficient Samples),,,,"{""type"":""Point"",""coordinates"":[86.47575109594699,26.700105652946167]}"
4802,0.4845,0.1454,0.8595,0.1157,DISCARDED (Failed Phenology),4.0,1.0,20.0,"{""type"":""Point"",""coordinates"":[87.27846833125263,26.69798143371975]}"
4803,,,,,DISCARDED (Insufficient Samples),,,,"{""type"":""Point"",""coordinates"":[86.12905786537952,26.695856577701182]}"
4804,,,,,DISCARDED (Insufficient Samples),,,,"{""type"":""Point"",""coordinates"":[87.61266533437498,26.696677181230285]}"
4805,,,,,DISCARDED (Insufficient Samples),,,,"{""type"":""Point"",""coordinates"":[88.04941174328272,26.693721954226977]}"
4806,,,,,DISCARDED (Insufficient Samples),,,,"{""type"":""Point"",""coordinates"":[85.8178586761441,26.691325525686807]}"
4807,0.3913,0.1013,0.8009,0.1185,STABLE CROPLAND,3.0,1.0,24.0,"{""type"":""Point"",""coordinates"":[87.2361834060812,26.697412688581366]}"
4808,,,,,DISCARDED (Insufficient Samples),,,,"{""type"":""Point"",""coordinates"":[86.05211217698455,26.691567895645882]}"
4809,0.4922,0.1554,0.8887,0.1271,DISCARDED (Failed Phenology),5.0,2.0,18.0,"{""type"":""Point"",""coordinates"":[87.43040806241432,26.692802148794442]}"
4810,,,,,DISCARDED (Insufficient Samples),,,,"{""type"":""Point"",""coordinates"":[86.18797896956606,26.69151357956104]}"
4811,0.4358,0.1211,0.8255,0.1078,DISCARDED (Failed Phenology),4.0,2.0,20.0,"{""type"":""Point"",""coordinates"":[87.2576634216948,26.694717610892702]}"
4812,0.4988,0.1188,0.8435,0.108,STABLE CROPLAND,2.0,1.0,21.0,"{""type"":""Point"",""coordinates"":[87.29979158503811,26.692940787645657]}"
4813,,,,,DISCARDED (Insufficient Samples),,,,"{""type"":""Point"",""coordinates"":[86.49805659405942,26.698743146361675]}"
4814,,,,,DISCARDED (Insufficient Samples),,,,"{""type"":""Point"",""coordinates"":[87.72557374639172,26.690211381300923]}"
4815,0.4247,0.1376,0.7837,0.1056,DISCARDED (Failed Phenology),4.0,1.0,21.0,"{""type"":""Point"",""coordinates"":[87.20307020983972,26.699749644695753]}"
4816,0.3936,0.1869,0.7393,0.1201,DISCARDED (Failed Phenology),4.0,1.0,21.0,"{""type"":""Point"",""coordinates"":[85.85878256450277,26.687362767206814]}"
4817,,,,,DISCARDED (Insufficient Samples),,,,"{""type"":""Point"",""coordinates"":[88.16270505173503,26.68592024295328]}"
4818,,,,,DISCARDED (Insufficient Samples),,,,"{""type"":""Point"",""coordinates"":[87.68105913411212,26.687662188118733]}"
4819,,,,,DISCARDED (Insufficient Samples),,,,"{""type"":""Point"",""coordinates"":[87.78233337032812,26.686831154566107]}"
4820,,,,,DISCARDED (Insufficient Samples),,,,"{""type"":""Point"",""coordinates"":[87.65363077607034,26.68455978768807]}"
4821,0.4255,0.1148,0.7095,0.0842,STABLE CROPLAND,2.0,1.0,21.0,"{""type"":""Point"",""coordinates"":[85.77116914441892,26.6809449211413]}"
4822,,,,,DISCARDED (Insufficient Samples),,,,"{""type"":""Point"",""coordinates"":[85.92714425000443,26.68259423599498]}"
4823,,,,,DISCARDED (Insufficient Samples),,,,"{""type"":""Point"",""coordinates"":[87.76000239916996,26.683102705782876]}"
4824,,,,,DISCARDED (Insufficient Samples),,,,"{""type"":""Point"",""coordinates"":[87.9543373229429,26.68413024832165]}"
4825,0.4263,0.2124,0.7315,0.0902,DISCARDED (Static Vegetation / Low Amplitude),2.0,1.0,21.0,"{""type"":""Point"",""coordinates"":[86.92082019228245,26.685194734696747]}"
4826,,,,,DISCARDED (Insufficient Samples),,,,"{""type"":""Point"",""coordinates"":[88.0965174918091,26.680508937276656]}"
4827,,,,,DISCARDED (Insufficient Samples),,,,"{""type"":""Point"",""coordinates"":[87.98311446235559,26.679085011753617]}"
4828,,,,,DISCARDED (Insufficient Samples),,,,"{""type"":""Point"",""coordinates"":[88.01763809446496,26.678828412914974]}"
4829,,,,,DISCARDED (Insufficient Samples),,,,"{""type"":""Point"",""coordinates"":[87.08202746873282,26.68265190643961]}"
4830,,,,,DISCARDED (Insufficient Samples),,,,"{""type"":""Point"",""coordinates"":[86.17223004346148,26.67947027898445]}"
4831,0.4781,0.1471,0.8517,0.0993,DISCARDED (Failed Phenology),5.0,2.0,20.0,"{""type"":""Point"",""coordinates"":[87.31997606531212,26.682790248315122]}"
4832,0.4198,0.0914,0.7562,0.1019,STABLE CROPLAND,0.0,0.0,24.0,"{""type"":""Point"",""coordinates"":[87.2042454682455,26.67883122132802]}"
4833,,,,,DISCARDED (Insufficient Samples),,,,"{""type"":""Point"",""coordinates"":[88.06757277990606,26.67396254861098]}"
4834,,,,,DISCARDED (Insufficient Samples),,,,"{""type"":""Point"",""coordinates"":[87.10460487628816,26.678679594566987]}"
4835,0.4152,0.1415,0.6937,0.0744,STABLE CROPLAND,2.0,1.0,23.0,"{""type"":""Point"",""coordinates"":[85.75102519245753,26.67094187489275]}"
4836,,,,,DISCARDED (Insufficient Samples),,,,"{""type"":""Point"",""coordinates"":[86.2038673524026,26.677504443833936]}"
4837,,,,,DISCARDED (Insufficient Samples),,,,"{""type"":""Point"",""coordinates"":[86.55968591555784,26.677838492722106]}"
4838,,,,,DISCARDED (Insufficient Samples),,,,"{""type"":""Point"",""coordinates"":[87.62625194491311,26.67474274256855]}"
4839,0.385,0.1613,0.7971,0.1336,STABLE CROPLAND,2.0,1.0,22.0,"{""type"":""Point"",""coordinates"":[85.81943536979166,26.67096670730601]}"
4840,0.4498,0.1441,0.7873,0.0953,STABLE CROPLAND,0.0,0.0,24.0,"{""type"":""Point"",""coordinates"":[87.28618810219196,26.67421690046295]}"
4841,0.5009,0.1825,0.8142,0.0776,DISCARDED (Failed Phenology),7.0,4.0,17.0,"{""type"":""Point"",""coordinates"":[87.22802697752964,26.673291334597096]}"
4842,,,,,DISCARDED (Insufficient Samples),,,,"{""type"":""Point"",""coordinates"":[86.29681381947968,26.67149656574771]}"
4843,,,,,DISCARDED (Insufficient Samples),,,,"{""type"":""Point"",""coordinates"":[87.58323084469139,26.673021147616513]}"
4844,,,,,DISCARDED (Insufficient Samples),,,,"{""type"":""Point"",""coordinates"":[88.1323061031294,26.668482535098185]}"
4845,0.4056,0.1982,0.7595,0.1179,STABLE CROPLAND,3.0,1.0,23.0,"{""type"":""Point"",""coordinates"":[85.97019343610512,26.669056339505385]}"
4846,,,,,DISCARDED (Insufficient Samples),,,,"{""type"":""Point"",""coordinates"":[87.87358141944381,26.669582984241472]}"
4847,,,,,DISCARDED (Insufficient Samples),,,,"{""type"":""Point"",""coordinates"":[87.6777803908277,26.669800480178203]}"
4848,,,,,DISCARDED (Insufficient Samples),,,,"{""type"":""Point"",""coordinates"":[86.12361283288845,26.667356299016216]}"
4849,,,,,DISCARDED (Insufficient Samples),,,,"{""type"":""Point"",""coordinates"":[86.10282992786367,26.666366130670237]}"
4850,,,,,DISCARDED (Insufficient Samples),,,,"{""type"":""Point"",""coordinates"":[86.94818822236327,26.68131262108686]}"
4851,0.3557,0.0369,0.7993,0.1429,DISCARDED (Failed Phenology),4.0,1.0,20.0,"{""type"":""Point"",""coordinates"":[86.96487599257505,26.70037905093651]}"
4852,,,,,DISCARDED (Insufficient Samples),,,,"{""type"":""Point"",""coordinates"":[87.77413320681512,26.667165940891536]}"
4853,,,,,DISCARDED (Insufficient Samples),,,,"{""type"":""Point"",""coordinates"":[88.15728977816326,26.6644228009004]}"
4854,,,,,DISCARDED (Insufficient Samples),,,,"{""type"":""Point"",""coordinates"":[86.04390607287255,26.66332880276365]}"
4855,,,,,DISCARDED (Insufficient Samples),,,,"{""type"":""Point"",""coordinates"":[88.04871897389557,26.663266925394442]}"
4856,,,,,DISCARDED (Insufficient Samples),,,,"{""type"":""Point"",""coordinates"":[86.40254972938389,26.66488151719225]}"
4857,,,,,DISCARDED (Insufficient Samples),,,,"{""type"":""Point"",""coordinates"":[87.60776678008449,26.663040597188566]}"
4858,0.42,0.1836,0.8416,0.1358,STABLE CROPLAND,2.0,1.0,22.0,"{""type"":""Point"",""coordinates"":[85.93409405086487,26.659993089361745]}"
4859,,,,,DISCARDED (Insufficient Samples),,,,"{""type"":""Point"",""coordinates"":[87.93745667170043,26.661750008584487]}"
4860,,,,,DISCARDED (Insufficient Samples),,,,"{""type"":""Point"",""coordinates"":[87.99773501465056,26.659479751925442]}"
4861,,,,,DISCARDED (Insufficient Samples),,,,"{""type"":""Point"",""coordinates"":[86.06847094580216,26.66034594187752]}"
4862,,,,,DISCARDED (Insufficient Samples),,,,"{""type"":""Point"",""coordinates"":[87.71997530330337,26.66233263925069]}"
4863,0.4628,0.0711,0.8262,0.1116,DISCARDED (Failed Phenology),5.0,2.0,19.0,"{""type"":""Point"",""coordinates"":[87.40240641030317,26.661444463518265]}"
4864,,,,,DISCARDED (Insufficient Samples),,,,"{""type"":""Point"",""coordinates"":[86.168798071309,26.65878565230748]}"
4865,0.4437,0.1113,0.797,0.0933,STABLE CROPLAND,2.0,1.0,21.0,"{""type"":""Point"",""coordinates"":[87.34082409727439,26.660435741114664]}"
4866,0.4445,0.1867,0.8335,0.1113,STABLE CROPLAND,2.0,1.0,22.0,"{""type"":""Point"",""coordinates"":[87.31247922916624,26.661500339747576]}"
4867,,,,,DISCARDED (Insufficient Samples),,,,"{""type"":""Point"",""coordinates"":[87.12224795864827,26.661795782304587]}"
4868,,,,,DISCARDED (Insufficient Samples),,,,"{""type"":""Point"",""coordinates"":[86.90894060488023,26.660169860851326]}"
4869,,,,,DISCARDED (Insufficient Samples),,,,"{""type"":""Point"",""coordinates"":[87.65593329184453,26.659716132129507]}"
4870,,,,,DISCARDED (Insufficient Samples),,,,"{""type"":""Point"",""coordinates"":[86.34773153999643,26.660934095179023]}"
4871,0.4049,0.1501,0.7493,0.1064,DISCARDED (Failed Phenology),5.0,2.0,18.0,"{""type"":""Point"",""coordinates"":[86.6174392183216,26.663834296737217]}"
4872,,,,,DISCARDED (Insufficient Samples),,,,"{""type"":""Point"",""coordinates"":[87.86215950904506,26.654482651916688]}"
4873,,,,,DISCARDED (Insufficient Samples),,,,"{""type"":""Point"",""coordinates"":[87.07272080591189,26.656151224310026]}"
4874,,,,,DISCARDED (Insufficient Samples),,,,"{""type"":""Point"",""coordinates"":[87.97060871166714,26.652049084827137]}"
4875,,,,,DISCARDED (Insufficient Samples),,,,"{""type"":""Point"",""coordinates"":[88.07953587236507,26.650770554394]}"
4876,0.4323,0.1457,0.8685,0.132,STABLE CROPLAND,1.0,1.0,24.0,"{""type"":""Point"",""coordinates"":[87.2520957801225,26.66106901573056]}"
4877,,,,,DISCARDED (Insufficient Samples),,,,"{""type"":""Point"",""coordinates"":[87.89194556643537,26.655132416434064]}"
4878,0.4109,0.1958,0.6521,0.0675,DISCARDED (Static Vegetation / Low Amplitude),4.0,2.0,19.0,"{""type"":""Point"",""coordinates"":[85.81145546132521,26.64873120830699]}"
4879,0.3545,0.1066,0.6871,0.1186,DISCARDED (Failed Phenology),5.0,2.0,18.0,"{""type"":""Point"",""coordinates"":[86.63585230032511,26.652436105289528]}"
4880,,,,,DISCARDED (Insufficient Samples),,,,"{""type"":""Point"",""coordinates"":[87.58860139932811,26.652181364317034]}"
4881,,,,,DISCARDED (Insufficient Samples),,,,"{""type"":""Point"",""coordinates"":[88.13397977662139,26.64857200831601]}"
4882,,,,,DISCARDED (Insufficient Samples),,,,"{""type"":""Point"",""coordinates"":[86.51043343034843,26.651494774309597]}"
4883,,,,,DISCARDED (Insufficient Samples),,,,"{""type"":""Point"",""coordinates"":[87.63609226098775,26.65183784343447]}"
4884,0.3546,0.0694,0.6723,0.12,DISCARDED (Failed Phenology),8.0,3.0,18.0,"{""type"":""Point"",""coordinates"":[86.599472586557,26.652055898656254]}"
4885,0.4481,0.1081,0.8297,0.1277,STABLE CROPLAND,3.0,1.0,23.0,"{""type"":""Point"",""coordinates"":[87.23186601743008,26.65487816776411]}"
4886,,,,,DISCARDED (Insufficient Samples),,,,"{""type"":""Point"",""coordinates"":[86.13336764158437,26.647818243238063]}"
4887,0.454,0.1484,0.8284,0.1028,DISCARDED (Failed Phenology),5.0,2.0,21.0,"{""type"":""Point"",""coordinates"":[87.38250503947928,26.65142430135173]}"
4888,,,,,DISCARDED (Insufficient Samples),,,,"{""type"":""Point"",""coordinates"":[87.91101768308694,26.648154692576455]}"
4889,,,,,DISCARDED (Insufficient Samples),,,,"{""type"":""Point"",""coordinates"":[88.10028131579287,26.646448272930854]}"
4890,0.3865,0.1386,0.7093,0.0843,STABLE CROPLAND,3.0,2.0,21.0,"{""type"":""Point"",""coordinates"":[87.27970429093705,26.650323679729187]}"
4891,,,,,DISCARDED (Insufficient Samples),,,,"{""type"":""Point"",""coordinates"":[87.68389432342478,26.64856834488535]}"
4892,,,,,DISCARDED (Insufficient Samples),,,,"{""type"":""Point"",""coordinates"":[87.7545002071264,26.648314210818103]}"
4893,,,,,DISCARDED (Insufficient Samples),,,,"{""type"":""Point"",""coordinates"":[86.82626312621493,26.64902263325707]}"
4894,,,,,DISCARDED (Insufficient Samples),,,,"{""type"":""Point"",""coordinates"":[86.8809315609481,26.650835827805036]}"
4895,,,,,DISCARDED (Insufficient Samples),,,,"{""type"":""Point"",""coordinates"":[87.82881840820986,26.644982811433966]}"
4896,,,,,DISCARDED (Insufficient Samples),,,,"{""type"":""Point"",""coordinates"":[87.54126964481854,26.647242346391145]}"
4897,0.4723,0.1357,0.8322,0.1168,STABLE CROPLAND,2.0,1.0,21.0,"{""type"":""Point"",""coordinates"":[87.43860597093061,26.64717486815497]}"
4898,,,,,DISCARDED (Insufficient Samples),,,,"{""type"":""Point"",""coordinates"":[87.94440201793608,26.644445718873]}"
4899,,,,,DISCARDED (Insufficient Samples),,,,"{""type"":""Point"",""coordinates"":[86.69795072494246,26.646723855701868]}"
4900,,,,,DISCARDED (Insufficient Samples),,,,"{""type"":""Point"",""coordinates"":[88.15506693848971,26.64180121078461]}"
4901,,,,,DISCARDED (Insufficient Samples),,,,"{""type"":""Point"",""coordinates"":[86.10687101730461,26.641922329669224]}"
4902,,,,,DISCARDED (Insufficient Samples),,,,"{""type"":""Point"",""coordinates"":[86.80243380292852,26.64499817145554]}"
4903,,,,,DISCARDED (Insufficient Samples),,,,"{""type"":""Point"",""coordinates"":[87.10311455621611,26.64693113585022]}"
4904,,,,,DISCARDED (Insufficient Samples),,,,"{""type"":""Point"",""coordinates"":[87.5619449231421,26.641550968546515]}"
4905,,,,,DISCARDED (Insufficient Samples),,,,"{""type"":""Point"",""coordinates"":[88.0607810245483,26.63860577959525]}"
4906,,,,,DISCARDED (Insufficient Samples),,,,"{""type"":""Point"",""coordinates"":[86.6190831170245,26.64196743921333]}"
4907,,,,,DISCARDED (Insufficient Samples),,,,"{""type"":""Point"",""coordinates"":[87.77526968734607,26.637509271006312]}"
4908,,,,,DISCARDED (Insufficient Samples),,,,"{""type"":""Point"",""coordinates"":[87.79670284384154,26.63812578477301]}"
4909,0.4235,0.1383,0.8032,0.1026,STABLE CROPLAND,2.0,1.0,23.0,"{""type"":""Point"",""coordinates"":[87.24725730745291,26.637960108248357]}"
4910,,,,,DISCARDED (Insufficient Samples),,,,"{""type"":""Point"",""coordinates"":[86.41300108507309,26.638361819473598]}"
4911,,,,,DISCARDED (Insufficient Samples),,,,"{""type"":""Point"",""coordinates"":[88.02676028047644,26.632917599732203]}"
4912,0.3845,0.0677,0.7577,0.1194,STABLE CROPLAND,0.0,0.0,23.0,"{""type"":""Point"",""coordinates"":[86.74008098182259,26.63565626150812]}"
4913,,,,,DISCARDED (Insufficient Samples),,,,"{""type"":""Point"",""coordinates"":[88.08184800165243,26.631509824688884]}"
4914,,,,,DISCARDED (Insufficient Samples),,,,"{""type"":""Point"",""coordinates"":[86.892183180332,26.635803620213615]}"
4915,,,,,DISCARDED (Insufficient Samples),,,,"{""type"":""Point"",""coordinates"":[87.61717080544643,26.643813817312132]}"
4916,,,,,DISCARDED (Insufficient Samples),,,,"{""type"":""Point"",""coordinates"":[86.2841749431631,26.633608171333762]}"
4917,,,,,DISCARDED (Insufficient Samples),,,,"{""type"":""Point"",""coordinates"":[86.66327988450664,26.633868242466527]}"
4918,0.4124,0.0825,0.8096,0.136,STABLE CROPLAND,2.0,2.0,21.0,"{""type"":""Point"",""coordinates"":[87.40737199722706,26.636807240138154]}"
4919,0.4293,0.0871,0.7269,0.074,DISCARDED (Failed Phenology),4.0,2.0,19.0,"{""type"":""Point"",""coordinates"":[87.29953335521783,26.634188965440877]}"
4920,0.3407,0.1218,0.6557,0.1099,DISCARDED (Static Vegetation / Low Amplitude),5.0,2.0,18.0,"{""type"":""Point"",""coordinates"":[86.71416803701591,26.633625558486614]}"
4921,,,,,DISCARDED (Insufficient Samples),,,,"{""type"":""Point"",""coordinates"":[86.14801094464151,26.630948431681567]}"
4922,0.4006,0.1523,0.7387,0.0789,STABLE CROPLAND,2.0,1.0,21.0,"{""type"":""Point"",""coordinates"":[86.7605959767827,26.634217743767913]}"
4923,0.3993,0.1072,0.8004,0.1249,DISCARDED (Failed Phenology),5.0,1.0,20.0,"{""type"":""Point"",""coordinates"":[87.34093782776158,26.64162970380682]}"
4924,0.5248,0.1193,0.8249,0.1041,DISCARDED (Failed Phenology),4.0,3.0,22.0,"{""type"":""Point"",""coordinates"":[87.48651498916881,26.632735525437273]}"
4925,,,,,DISCARDED (Insufficient Samples),,,,"{""type"":""Point"",""coordinates"":[88.13272903899701,26.62845619486957]}"
4926,,,,,DISCARDED (Insufficient Samples),,,,"{""type"":""Point"",""coordinates"":[87.99747770768676,26.631593347169254]}"
4927,,,,,DISCARDED (Insufficient Samples),,,,"{""type"":""Point"",""coordinates"":[86.3380475553756,26.629311238989224]}"
4928,,,,,DISCARDED (Insufficient Samples),,,,"{""type"":""Point"",""coordinates"":[87.63710887876962,26.630110400191892]}"
4929,0.4235,0.0533,0.827,0.1332,DISCARDED (Failed Phenology),4.0,1.0,20.0,"{""type"":""Point"",""coordinates"":[87.38441691621645,26.631035805669992]}"
4930,,,,,DISCARDED (Insufficient Samples),,,,"{""type"":""Point"",""coordinates"":[86.1796401848019,26.630372523856852]}"
4931,0.4092,0.1094,0.7813,0.1086,DISCARDED (Failed Phenology),5.0,2.0,18.0,"{""type"":""Point"",""coordinates"":[87.26656324139897,26.629553112612648]}"
4932,,,,,DISCARDED (Insufficient Samples),,,,"{""type"":""Point"",""coordinates"":[87.73229585595078,26.627155854951827]}"
4933,0.472,0.1537,0.8524,0.1245,STABLE CROPLAND,3.0,1.0,23.0,"{""type"":""Point"",""coordinates"":[87.36612538695103,26.640527292784636]}"
4934,,,,,DISCARDED (Insufficient Samples),,,,"{""type"":""Point"",""coordinates"":[87.82713137782977,26.625408010477795]}"
4935,,,,,DISCARDED (Insufficient Samples),,,,"{""type"":""Point"",""coordinates"":[87.92245189719836,26.62435568775593]}"
4936,0.507,0.163,0.8183,0.1079,STABLE CROPLAND,3.0,1.0,22.0,"{""type"":""Point"",""coordinates"":[87.35098919261563,26.625918809247498]}"
4937,,,,,DISCARDED (Insufficient Samples),,,,"{""type"":""Point"",""coordinates"":[86.63086399579154,26.62466277753977]}"
4938,0.4481,0.0171,0.8401,0.1392,DISCARDED (Failed Phenology),7.0,2.0,17.0,"{""type"":""Point"",""coordinates"":[87.44515702544702,26.624633424633092]}"
4939,,,,,DISCARDED (Insufficient Samples),,,,"{""type"":""Point"",""coordinates"":[87.67417096358409,26.624315005032727]}"
4940,0.4785,0.1151,0.8664,0.1381,STABLE CROPLAND,3.0,2.0,21.0,"{""type"":""Point"",""coordinates"":[87.46721030032388,26.626516767626413]}"
4941,0.4817,0.1576,0.8988,0.1077,STABLE CROPLAND,1.0,1.0,23.0,"{""type"":""Point"",""coordinates"":[87.50896269207986,26.62523064151161]}"
4942,,,,,DISCARDED (Insufficient Samples),,,,"{""type"":""Point"",""coordinates"":[87.75244207766886,26.6242138120599]}"
4943,,,,,DISCARDED (Insufficient Samples),,,,"{""type"":""Point"",""coordinates"":[87.05314323368144,26.624786700048755]}"
4944,,,,,DISCARDED (Insufficient Samples),,,,"{""type"":""Point"",""coordinates"":[87.90205670588276,26.62545450999362]}"
4945,,,,,DISCARDED (Insufficient Samples),,,,"{""type"":""Point"",""coordinates"":[87.95353143458605,26.62078062917383]}"
4946,,,,,DISCARDED (Insufficient Samples),,,,"{""type"":""Point"",""coordinates"":[87.59434581209726,26.62299924519064]}"
4947,0.4316,0.1889,0.8042,0.0938,STABLE CROPLAND,3.0,1.0,22.0,"{""type"":""Point"",""coordinates"":[87.3235781375113,26.622608970071422]}"
4948,,,,,DISCARDED (Insufficient Samples),,,,"{""type"":""Point"",""coordinates"":[87.9818881036959,26.61913571734956]}"
4949,,,,,DISCARDED (Insufficient Samples),,,,"{""type"":""Point"",""coordinates"":[87.61723546626817,26.620580225699406]}"
4950,,,,,DISCARDED (Insufficient Samples),,,,"{""type"":""Point"",""coordinates"":[86.30333955166515,26.622055423572952]}"
4951,,,,,DISCARDED (Insufficient Samples),,,,"{""type"":""Point"",""coordinates"":[87.55534627509427,26.618751263420915]}"
4952,,,,,DISCARDED (Insufficient Samples),,,,"{""type"":""Point"",""coordinates"":[87.80785657160477,26.617263628897973]}"
4953,0.415,0.039,0.8332,0.1568,DISCARDED (Failed Phenology),4.0,2.0,20.0,"{""type"":""Point"",""coordinates"":[87.42103041856845,26.61740598851107]}"
4954,,,,,DISCARDED (Insufficient Samples),,,,"{""type"":""Point"",""coordinates"":[88.1212571712028,26.61327903809806]}"
4955,,,,,DISCARDED (Insufficient Samples),,,,"{""type"":""Point"",""coordinates"":[87.11966741106511,26.617176376034067]}"
4956,,,,,DISCARDED (Insufficient Samples),,,,"{""type"":""Point"",""coordinates"":[87.53226463105916,26.617633891193996]}"
4957,,,,,DISCARDED (Insufficient Samples),,,,"{""type"":""Point"",""coordinates"":[87.0291753149249,26.616959277670624]}"
4958,,,,,DISCARDED (Insufficient Samples),,,,"{""type"":""Point"",""coordinates"":[87.09263534495204,26.615753373288484]}"
4959,0.3947,0.0491,0.7917,0.1113,DISCARDED (Failed Phenology),6.0,3.0,21.0,"{""type"":""Point"",""coordinates"":[85.87285838241723,26.61145343316741]}"
4960,,,,,DISCARDED (Insufficient Samples),,,,"{""type"":""Point"",""coordinates"":[86.1414928451301,26.612341987919365]}"
4961,0.4606,0.1187,0.8216,0.1062,DISCARDED (Failed Phenology),4.0,2.0,19.0,"{""type"":""Point"",""coordinates"":[87.49290156814779,26.61375105204599]}"
4962,0.4009,0.0341,0.7941,0.1252,DISCARDED (Failed Phenology),5.0,1.0,21.0,"{""type"":""Point"",""coordinates"":[87.38157467720697,26.613098182147596]}"
4963,,,,,DISCARDED (Insufficient Samples),,,,"{""type"":""Point"",""coordinates"":[86.60153131460015,26.613594177778122]}"
4964,,,,,DISCARDED (Insufficient Samples),,,,"{""type"":""Point"",""coordinates"":[88.00583089810256,26.61003684260907]}"
4965,,,,,DISCARDED (Insufficient Samples),,,,"{""type"":""Point"",""coordinates"":[87.63837707041739,26.61154138572309]}"
4966,,,,,DISCARDED (Insufficient Samples),,,,"{""type"":""Point"",""coordinates"":[86.80893803589505,26.611715668006074]}"
4967,,,,,DISCARDED (Insufficient Samples),,,,"{""type"":""Point"",""coordinates"":[88.08968621408759,26.6093790355789]}"
4968,,,,,DISCARDED (Insufficient Samples),,,,"{""type"":""Point"",""coordinates"":[86.72721910332565,26.616803860414212]}"
4969,,,,,DISCARDED (Insufficient Samples),,,,"{""type"":""Point"",""coordinates"":[87.86638603173276,26.607808153339516]}"
4970,,,,,DISCARDED (Insufficient Samples),,,,"{""type"":""Point"",""coordinates"":[86.41376907116462,26.610022371075864]}"
4971,,,,,DISCARDED (Insufficient Samples),,,,"{""type"":""Point"",""coordinates"":[86.8506549820535,26.6398535447671]}"
4972,,,,,DISCARDED (Insufficient Samples),,,,"{""type"":""Point"",""coordinates"":[86.87109032564466,26.624460339588982]}"
4973,0.4285,0.1681,0.7923,0.1076,STABLE CROPLAND,3.0,1.0,20.0,"{""type"":""Point"",""coordinates"":[87.30279305984406,26.608895408204045]}"
4974,,,,,DISCARDED (Insufficient Samples),,,,"{""type"":""Point"",""coordinates"":[87.71037189492613,26.6080898796082]}"
4975,,,,,DISCARDED (Insufficient Samples),,,,"{""type"":""Point"",""coordinates"":[86.6497747730862,26.61760238400718]}"
4976,,,,,DISCARDED (Insufficient Samples),,,,"{""type"":""Point"",""coordinates"":[87.92860920350104,26.604516146822746]}"
4977,0.4344,0.1124,0.8097,0.1252,STABLE CROPLAND,1.0,1.0,23.0,"{""type"":""Point"",""coordinates"":[87.2821435702551,26.605760198172952]}"
4978,,,,,DISCARDED (Insufficient Samples),,,,"{""type"":""Point"",""coordinates"":[87.9658900223334,26.6027532451776]}"
4979,,,,,DISCARDED (Insufficient Samples),,,,"{""type"":""Point"",""coordinates"":[86.78936038821402,26.604794890974784]}"
4980,,,,,DISCARDED (Insufficient Samples),,,,"{""type"":""Point"",""coordinates"":[87.06449695910868,26.60537537786554]}"
4981,,,,,DISCARDED (Insufficient Samples),,,,"{""type"":""Point"",""coordinates"":[88.04168858879537,26.60581275823109]}"
4982,,,,,DISCARDED (Insufficient Samples),,,,"{""type"":""Point"",""coordinates"":[87.65756272873892,26.60542161268682]}"
4983,,,,,DISCARDED (Insufficient Samples),,,,"{""type"":""Point"",""coordinates"":[86.45464666752632,26.601960827488938]}"
4984,,,,,DISCARDED (Insufficient Samples),,,,"{""type"":""Point"",""coordinates"":[87.75137998636598,26.59980328075925]}"
4985,,,,,DISCARDED (Insufficient Samples),,,,"{""type"":""Point"",""coordinates"":[87.6228514451088,26.598747574552036]}"
4986,,,,,DISCARDED (Insufficient Samples),,,,"{""type"":""Point"",""coordinates"":[86.87020660172173,26.603340843832154]}"
4987,,,,,DISCARDED (Insufficient Samples),,,,"{""type"":""Point"",""coordinates"":[86.53826426645401,26.600786617403887]}"
4988,,,,,DISCARDED (Insufficient Samples),,,,"{""type"":""Point"",""coordinates"":[86.3931706846366,26.606579186964385]}"
4989,0.4113,0.1114,0.8586,0.1509,STABLE CROPLAND,1.0,1.0,25.0,"{""type"":""Point"",""coordinates"":[87.26168955727752,26.598211451871634]}"
4990,,,,,DISCARDED (Insufficient Samples),,,,"{""type"":""Point"",""coordinates"":[86.77511968975888,26.618209788166336]}"
4991,0.461,0.1221,0.84,0.1274,STABLE CROPLAND,3.0,2.0,21.0,"{""type"":""Point"",""coordinates"":[87.42652000487324,26.597163130332184]}"
4992,,,,,DISCARDED (Insufficient Samples),,,,"{""type"":""Point"",""coordinates"":[87.8358126111876,26.593851490618775]}"
4993,,,,,DISCARDED (Insufficient Samples),,,,"{""type"":""Point"",""coordinates"":[87.89427542779691,26.594352212144603]}"
4994,0.4059,0.1175,0.8505,0.1641,DISCARDED (Failed Phenology),4.0,2.0,20.0,"{""type"":""Point"",""coordinates"":[87.4012315665508,26.60072801326998]}"
4995,,,,,DISCARDED (Insufficient Samples),,,,"{""type"":""Point"",""coordinates"":[87.57821270906699,26.59583451594081]}"
4996,,,,,DISCARDED (Insufficient Samples),,,,"{""type"":""Point"",""coordinates"":[87.94605725605253,26.59290158528855]}"
4997,,,,,DISCARDED (Insufficient Samples),,,,"{""type"":""Point"",""coordinates"":[87.55726478424756,26.595868762241714]}"
4998,,,,,DISCARDED (Insufficient Samples),,,,"{""type"":""Point"",""coordinates"":[86.23342861885607,26.592578490201046]}"
4999,0.4392,0.1389,0.8004,0.0997,STABLE CROPLAND,3.0,1.0,21.0,"{""type"":""Point"",""coordinates"":[87.34484373006362,26.59370033091727]}"
5000,,,,,DISCARDED (Insufficient Samples),,,,"{""type"":""Point"",""coordinates"":[86.75970784024788,26.593874855740946]}"
5001,0.5087,0.1614,0.8623,0.1255,STABLE CROPLAND,3.0,1.0,21.0,"{""type"":""Point"",""coordinates"":[87.47695509502759,26.59307700259924]}"
5002,0.3974,0.143,0.8123,0.1174,STABLE CROPLAND,2.0,1.0,25.0,"{""type"":""Point"",""coordinates"":[87.3195405172489,26.596224403561685]}"
5003,,,,,DISCARDED (Insufficient Samples),,,,"{""type"":""Point"",""coordinates"":[87.60075383791802,26.594459387650208]}"
5004,,,,,DISCARDED (Insufficient Samples),,,,"{""type"":""Point"",""coordinates"":[87.99043945780593,26.589081725098865]}"
5005,,,,,DISCARDED (Insufficient Samples),,,,"{""type"":""Point"",""coordinates"":[86.313731763651,26.657820545889013]}"
5006,,,,,DISCARDED (Insufficient Samples),,,,"{""type"":""Point"",""coordinates"":[86.26543247312246,26.679893231083316]}"
5007,,,,,DISCARDED (Insufficient Samples),,,,"{""type"":""Point"",""coordinates"":[86.25681459881864,26.703305237636197]}"
5008,,,,,DISCARDED (Insufficient Samples),,,,"{""type"":""Point"",""coordinates"":[86.24569720121511,26.758558453680795]}"
5009,,,,,DISCARDED (Insufficient Samples),,,,"{""type"":""Point"",""coordinates"":[86.25180666542256,26.65716294702925]}"
5010,,,,,DISCARDED (Insufficient Samples),,,,"{""type"":""Point"",""coordinates"":[86.2746979339755,26.774157854823034]}"
5011,,,,,DISCARDED (Insufficient Samples),,,,"{""type"":""Point"",""coordinates"":[86.22494934651712,26.68416867620112]}"
5012,,,,,DISCARDED (Insufficient Samples),,,,"{""type"":""Point"",""coordinates"":[86.27642068057733,26.729982555952404]}"
5013,,,,,DISCARDED (Insufficient Samples),,,,"{""type"":""Point"",""coordinates"":[86.23887485584952,26.636613168230962]}"
5014,,,,,DISCARDED (Insufficient Samples),,,,"{""type"":""Point"",""coordinates"":[86.32952232009622,26.68360732804848]}"
5015,,,,,DISCARDED (Insufficient Samples),,,,"{""type"":""Point"",""coordinates"":[86.29644121112429,26.769458728005016]}"
5016,,,,,DISCARDED (Insufficient Samples),,,,"{""type"":""Point"",""coordinates"":[86.29076629861623,26.696729576485605]}"
5017,,,,,DISCARDED (Insufficient Samples),,,,"{""type"":""Point"",""coordinates"":[86.2198937764855,26.647754724910815]}"
5018,,,,,DISCARDED (Insufficient Samples),,,,"{""type"":""Point"",""coordinates"":[86.23530451187295,26.701653802002916]}"
5019,,,,,DISCARDED (Insufficient Samples),,,,"{""type"":""Point"",""coordinates"":[86.21089698928152,26.71146039077568]}"
5020,,,,,DISCARDED (Insufficient Samples),,,,"{""type"":""Point"",""coordinates"":[86.23123108920035,26.738318126244444]}"
5021,,,,,DISCARDED (Insufficient Samples),,,,"{""type"":""Point"",""coordinates"":[86.26958315945595,26.617978077660627]}"
5022,,,,,DISCARDED (Insufficient Samples),,,,"{""type"":""Point"",""coordinates"":[86.28360810536752,26.75063445444263]}"
5023,,,,,DISCARDED (Insufficient Samples),,,,"{""type"":""Point"",""coordinates"":[86.22553210609583,26.61926885642865]}"
5024,,,,,DISCARDED (Insufficient Samples),,,,"{""type"":""Point"",""coordinates"":[86.19343323121927,26.649529667742]}"
5025,,,,,DISCARDED (Insufficient Samples),,,,"{""type"":""Point"",""coordinates"":[86.32890373641239,26.73892597577826]}"
5026,,,,,DISCARDED (Insufficient Samples),,,,"{""type"":""Point"",""coordinates"":[86.26553246495838,26.640903378325316]}"
5027,,,,,DISCARDED (Insufficient Samples),,,,"{""type"":""Point"",""coordinates"":[86.31070461420587,26.714140390300802]}"
5028,,,,,DISCARDED (Insufficient Samples),,,,"{""type"":""Point"",""coordinates"":[86.20579769522396,26.607610859348036]}"
5029,,,,,DISCARDED (Insufficient Samples),,,,"{""type"":""Point"",""coordinates"":[86.2519101075682,26.73452524054048]}"
5030,,,,,DISCARDED (Insufficient Samples),,,,"{""type"":""Point"",""coordinates"":[86.2785530500353,26.803285395953036]}"
5031,,,,,DISCARDED (Insufficient Samples),,,,"{""type"":""Point"",""coordinates"":[86.24949968942134,26.618644396117084]}"
5032,,,,,DISCARDED (Insufficient Samples),,,,"{""type"":""Point"",""coordinates"":[86.23285134028482,26.664120463440703]}"
5033,,,,,DISCARDED (Insufficient Samples),,,,"{""type"":""Point"",""coordinates"":[86.23592075377677,26.71996894691642]}"
5034,,,,,DISCARDED (Insufficient Samples),,,,"{""type"":""Point"",""coordinates"":[86.27607380978698,26.711444803597445]}"
5035,,,,,DISCARDED (Insufficient Samples),,,,"{""type"":""Point"",""coordinates"":[87.12573861970199,26.592413114663927]}"
5036,,,,,DISCARDED (Insufficient Samples),,,,"{""type"":""Point"",""coordinates"":[87.16816810403692,26.592391728603953]}"
5037,0.4891,0.1278,0.8195,0.1223,STABLE CROPLAND,3.0,2.0,20.0,"{""type"":""Point"",""coordinates"":[87.4460784728321,26.59222694990936]}"
5038,,,,,DISCARDED (Insufficient Samples),,,,"{""type"":""Point"",""coordinates"":[87.0456910751786,26.594469205730565]}"
5039,,,,,DISCARDED (Insufficient Samples),,,,"{""type"":""Point"",""coordinates"":[87.81642939088434,26.58872493716277]}"
5040,,,,,DISCARDED (Insufficient Samples),,,,"{""type"":""Point"",""coordinates"":[87.71199025535691,26.59004741832976]}"
5041,,,,,DISCARDED (Insufficient Samples),,,,"{""type"":""Point"",""coordinates"":[87.78606668497589,26.58796362572394]}"
5042,,,,,DISCARDED (Insufficient Samples),,,,"{""type"":""Point"",""coordinates"":[87.87211520087251,26.58686201235248]}"
5043,0.3696,0.0838,0.756,0.1303,STABLE CROPLAND,2.0,1.0,21.0,"{""type"":""Point"",""coordinates"":[87.22824144591584,26.592953488102737]}"
5044,0.4004,0.0876,0.7909,0.1442,STABLE CROPLAND,3.0,1.0,22.0,"{""type"":""Point"",""coordinates"":[86.90991740092642,26.59770638606233]}"
5045,,,,,DISCARDED (Insufficient Samples),,,,"{""type"":""Point"",""coordinates"":[86.93289496874833,26.666973222363655]}"
5046,0.3755,0.1285,0.7748,0.1278,STABLE CROPLAND,2.0,1.0,21.0,"{""type"":""Point"",""coordinates"":[86.93211754086876,26.640359475808488]}"
5047,,,,,DISCARDED (Insufficient Samples),,,,"{""type"":""Point"",""coordinates"":[87.73280186306336,26.586844966598026]}"
5048,,,,,DISCARDED (Insufficient Samples),,,,"{""type"":""Point"",""coordinates"":[88.07897486921402,26.58518921850597]}"
5049,0.4251,0.0917,0.8696,0.1276,STABLE CROPLAND,3.0,1.0,23.0,"{""type"":""Point"",""coordinates"":[87.36532129894648,26.5883920316411]}"
5050,0.401,0.027,0.7393,0.1143,STABLE CROPLAND,3.0,2.0,21.0,"{""type"":""Point"",""coordinates"":[87.06952690393705,26.587629121800667]}"
5051,,,,,DISCARDED (Insufficient Samples),,,,"{""type"":""Point"",""coordinates"":[88.11059899608821,26.587056798568835]}"
5052,,,,,DISCARDED (Insufficient Samples),,,,"{""type"":""Point"",""coordinates"":[87.84821403801966,26.635573594460467]}"
5053,,,,,DISCARDED (Insufficient Samples),,,,"{""type"":""Point"",""coordinates"":[86.81494798718464,26.585854095519995]}"
5054,0.4037,0.0098,0.7861,0.1146,STABLE CROPLAND,3.0,1.0,24.0,"{""type"":""Point"",""coordinates"":[87.3023373489337,26.58347517609459]}"
5055,,,,,DISCARDED (Insufficient Samples),,,,"{""type"":""Point"",""coordinates"":[87.90743523454924,26.58037603347427]}"
5056,,,,,DISCARDED (Insufficient Samples),,,,"{""type"":""Point"",""coordinates"":[88.1282467944096,26.57768187853546]}"
5057,,,,,DISCARDED (Insufficient Samples),,,,"{""type"":""Point"",""coordinates"":[88.0137601690076,26.579174798696137]}"
5058,,,,,DISCARDED (Insufficient Samples),,,,"{""type"":""Point"",""coordinates"":[88.05996232098526,26.577942102049178]}"
5059,,,,,DISCARDED (Insufficient Samples),,,,"{""type"":""Point"",""coordinates"":[87.96110199646357,26.579817787116234]}"
5060,,,,,DISCARDED (Insufficient Samples),,,,"{""type"":""Point"",""coordinates"":[86.42390416668167,26.57939495742503]}"
5061,0.4575,0.1498,0.9144,0.1166,STABLE CROPLAND,1.0,1.0,22.0,"{""type"":""Point"",""coordinates"":[87.52165818214803,26.58009328391797]}"
5062,0.4171,0.1022,0.7706,0.1197,DISCARDED (Failed Phenology),5.0,3.0,18.0,"{""type"":""Point"",""coordinates"":[87.25108852256214,26.579065973697304]}"
5063,0.4328,0.0979,0.864,0.1435,STABLE CROPLAND,1.0,1.0,24.0,"{""type"":""Point"",""coordinates"":[87.41810810105682,26.578897669465366]}"
5064,,,,,DISCARDED (Insufficient Samples),,,,"{""type"":""Point"",""coordinates"":[87.68152722614977,26.576567561254674]}"
5065,,,,,DISCARDED (Insufficient Samples),,,,"{""type"":""Point"",""coordinates"":[87.54411472514828,26.578176197042442]}"
5066,,,,,DISCARDED (Insufficient Samples),,,,"{""type"":""Point"",""coordinates"":[86.91175613928922,26.579385467976937]}"
5067,0.4615,-0.0008,0.8488,0.1316,STABLE CROPLAND,3.0,2.0,22.0,"{""type"":""Point"",""coordinates"":[87.39082727151853,26.575936444696683]}"
5068,0.3973,0.1084,0.7937,0.1008,STABLE CROPLAND,1.0,1.0,25.0,"{""type"":""Point"",""coordinates"":[86.0568428948754,26.729602323555266]}"
5069,0.4326,0.1029,0.8333,0.1084,STABLE CROPLAND,3.0,2.0,21.0,"{""type"":""Point"",""coordinates"":[85.9877489766141,26.742158027595288]}"
5070,0.3714,0.143,0.783,0.1137,STABLE CROPLAND,2.0,1.0,21.0,"{""type"":""Point"",""coordinates"":[85.87263203386581,26.659913135038515]}"
5071,0.4263,0.1184,0.7851,0.0953,STABLE CROPLAND,2.0,1.0,21.0,"{""type"":""Point"",""coordinates"":[85.88463853915545,26.82194014189428]}"
5072,0.3879,0.1047,0.7726,0.1103,DISCARDED (Failed Phenology),5.0,1.0,18.0,"{""type"":""Point"",""coordinates"":[86.04099549190744,26.794593368657797]}"
5073,0.3867,0.1767,0.7774,0.1431,DISCARDED (Failed Phenology),4.0,1.0,19.0,"{""type"":""Point"",""coordinates"":[85.9088612599838,26.666304066394297]}"
5074,0.4506,0.1131,0.8062,0.1091,DISCARDED (Failed Phenology),4.0,1.0,19.0,"{""type"":""Point"",""coordinates"":[85.96683366212535,26.72743818623963]}"
5075,0.4172,0.1852,0.7834,0.1069,STABLE CROPLAND,2.0,1.0,21.0,"{""type"":""Point"",""coordinates"":[85.92694319604998,26.617679541930794]}"
5076,0.3543,0.0473,0.7251,0.1045,DISCARDED (Failed Phenology),7.0,2.0,17.0,"{""type"":""Point"",""coordinates"":[85.7823929025383,26.6654647424859]}"
5077,0.38,0.0957,0.8067,0.1077,STABLE CROPLAND,0.0,0.0,23.0,"{""type"":""Point"",""coordinates"":[86.01624767244401,26.796252023816756]}"
5078,0.3959,0.0694,0.7336,0.0933,STABLE CROPLAND,0.0,0.0,23.0,"{""type"":""Point"",""coordinates"":[86.08325592868313,26.8573981039503]}"
5079,,,,,DISCARDED (Insufficient Samples),,,,"{""type"":""Point"",""coordinates"":[85.99300036474621,26.691627048216144]}"
5080,,,,,DISCARDED (Insufficient Samples),,,,"{""type"":""Point"",""coordinates"":[86.14021747587103,26.716019828708422]}"
5081,0.3965,0.1522,0.8373,0.1184,STABLE CROPLAND,1.0,1.0,24.0,"{""type"":""Point"",""coordinates"":[86.03113395420104,26.711480846789584]}"
5082,,,,,DISCARDED (Insufficient Samples),,,,"{""type"":""Point"",""coordinates"":[86.10375671602739,26.71815150518375]}"
5083,0.3841,0.1077,0.7677,0.0982,STABLE CROPLAND,1.0,1.0,22.0,"{""type"":""Point"",""coordinates"":[85.85815463284153,26.58097038226669]}"
5084,,,,,DISCARDED (Insufficient Samples),,,,"{""type"":""Point"",""coordinates"":[85.73265277902745,26.710787268265374]}"
5085,0.4027,0.116,0.6579,0.0719,DISCARDED (Static Vegetation / Low Amplitude),4.0,2.0,22.0,"{""type"":""Point"",""coordinates"":[85.73792009924453,26.692389614829295]}"
5086,,,,,DISCARDED (Insufficient Samples),,,,"{""type"":""Point"",""coordinates"":[86.06585859876911,26.708540771836994]}"
5087,,,,,DISCARDED (Insufficient Samples),,,,"{""type"":""Point"",""coordinates"":[85.79354474744441,26.72805991941232]}"
5088,,,,,DISCARDED (Insufficient Samples),,,,"{""type"":""Point"",""coordinates"":[86.12409227780702,26.77809760820473]}"
5089,,,,,DISCARDED (Insufficient Samples),,,,"{""type"":""Point"",""coordinates"":[86.08302483858064,26.72399735145597]}"
5090,0.3729,0.0935,0.8365,0.1108,STABLE CROPLAND,2.0,1.0,22.0,"{""type"":""Point"",""coordinates"":[85.78782329327538,26.74805117129632]}"
5091,0.3627,0.1115,0.7447,0.1075,STABLE CROPLAND,1.0,1.0,22.0,"{""type"":""Point"",""coordinates"":[86.05062633115331,26.817612060779574]}"
5092,,,,,DISCARDED (Insufficient Samples),,,,"{""type"":""Point"",""coordinates"":[86.09542979214243,26.804259507095203]}"
5093,0.3339,0.12,0.7513,0.1279,STABLE CROPLAND,3.0,1.0,21.0,"{""type"":""Point"",""coordinates"":[85.88793000330838,26.69015735651091]}"
5094,0.389,0.1373,0.7294,0.0839,STABLE CROPLAND,3.0,1.0,23.0,"{""type"":""Point"",""coordinates"":[85.78212572668997,26.63095218067151]}"
5095,0.4703,0.1462,0.8042,0.0886,DISCARDED (Failed Phenology),6.0,5.0,17.0,"{""type"":""Point"",""coordinates"":[85.86677849667025,26.80978849094293]}"
5096,0.3887,0.1483,0.8,0.1129,STABLE CROPLAND,1.0,1.0,22.0,"{""type"":""Point"",""coordinates"":[85.90061579082932,26.64032019471611]}"
5097,0.3464,0.1268,0.7851,0.1256,STABLE CROPLAND,2.0,1.0,22.0,"{""type"":""Point"",""coordinates"":[85.95876398476152,26.68572009099062]}"
5098,0.3935,0.1338,0.8181,0.1129,STABLE CROPLAND,1.0,1.0,24.0,"{""type"":""Point"",""coordinates"":[86.00004456027762,26.65678871098106]}"
5099,0.4342,0.172,0.7865,0.1003,STABLE CROPLAND,1.0,1.0,24.0,"{""type"":""Point"",""coordinates"":[85.99771586861891,26.82012877045776]}"
5100,0.4141,0.1105,0.8368,0.1141,STABLE CROPLAND,1.0,1.0,23.0,"{""type"":""Point"",""coordinates"":[85.7667167639339,26.81485823713682]}"
5101,0.3785,0.1507,0.8038,0.1243,STABLE CROPLAND,2.0,1.0,22.0,"{""type"":""Point"",""coordinates"":[85.94586778261777,26.631449085662254]}"
5102,,,,,DISCARDED (Insufficient Samples),,,,"{""type"":""Point"",""coordinates"":[86.12524352103917,26.797263049969395]}"
5103,,,,,DISCARDED (Insufficient Samples),,,,"{""type"":""Point"",""coordinates"":[86.08678907808158,26.687546679449117]}"
5104,0.3943,0.0984,0.7689,0.0881,STABLE CROPLAND,0.0,0.0,23.0,"{""type"":""Point"",""coordinates"":[86.01741866763163,26.831878182001653]}"
5105,,,,,DISCARDED (Insufficient Samples),,,,"{""type"":""Point"",""coordinates"":[86.08345563220394,26.787887963829167]}"
5106,0.4292,0.169,0.7889,0.1232,DISCARDED (Failed Phenology),7.0,4.0,16.0,"{""type"":""Point"",""coordinates"":[85.84904707139385,26.625948207210662]}"
5107,0.3291,-0.0267,0.8125,0.1497,STABLE CROPLAND,3.0,1.0,20.0,"{""type"":""Point"",""coordinates"":[86.04767020977015,26.8539542233454]}"
5108,0.4037,0.132,0.7868,0.1321,DISCARDED (Failed Phenology),5.0,1.0,19.0,"{""type"":""Point"",""coordinates"":[85.83591461423623,26.658805974274802]}"
5109,,,,,DISCARDED (Insufficient Samples),,,,"{""type"":""Point"",""coordinates"":[86.12397127166075,26.747008728720107]}"
5110,,,,,DISCARDED (Insufficient Samples),,,,"{""type"":""Point"",""coordinates"":[86.14932165939747,26.67613060714682]}"
5111,0.373,0.0976,0.8646,0.1317,DISCARDED (Failed Phenology),4.0,1.0,20.0,"{""type"":""Point"",""coordinates"":[86.02009589740574,26.754019022588054]}"
5112,0.3944,0.1022,0.7809,0.1178,DISCARDED (Failed Phenology),5.0,2.0,19.0,"{""type"":""Point"",""coordinates"":[85.82185184058955,26.606594734648223]}"
5113,0.3359,0.0884,0.7115,0.111,DISCARDED (Failed Phenology),5.0,1.0,18.0,"{""type"":""Point"",""coordinates"":[85.9591158378243,26.708488212468644]}"
5114,0.3533,0.0721,0.8151,0.1185,STABLE CROPLAND,2.0,1.0,22.0,"{""type"":""Point"",""coordinates"":[85.94825608878789,26.789507413189753]}"
5115,,,,,DISCARDED (Insufficient Samples),,,,"{""type"":""Point"",""coordinates"":[86.01822312957485,26.692471427398075]}"
5116,,,,,DISCARDED (Insufficient Samples),,,,"{""type"":""Point"",""coordinates"":[86.13935655439845,26.76476458100515]}"
5117,0.3551,0.1138,0.7682,0.1134,STABLE CROPLAND,1.0,1.0,24.0,"{""type"":""Point"",""coordinates"":[86.00457904115623,26.676816829086007]}"
5118,0.385,0.1698,0.7727,0.0934,STABLE CROPLAND,3.0,1.0,22.0,"{""type"":""Point"",""coordinates"":[86.06645300757465,26.804985617990166]}"
5119,0.4121,0.1806,0.769,0.0978,DISCARDED (Failed Phenology),4.0,2.0,19.0,"{""type"":""Point"",""coordinates"":[85.9368389181714,26.891380688303645]}"
5120,0.3922,0.1545,0.7715,0.1069,STABLE CROPLAND,1.0,1.0,24.0,"{""type"":""Point"",""coordinates"":[85.81956710070232,26.713374172019297]}"
5121,0.4002,0.1305,0.7967,0.1118,STABLE CROPLAND,1.0,1.0,24.0,"{""type"":""Point"",""coordinates"":[85.89338248513893,26.60640715535451]}"
5122,0.3898,0.0647,0.8109,0.1008,STABLE CROPLAND,1.0,1.0,22.0,"{""type"":""Point"",""coordinates"":[85.86150270602478,26.640505316799462]}"
5123,0.3879,0.1235,0.725,0.0941,DISCARDED (Failed Phenology),4.0,1.0,19.0,"{""type"":""Point"",""coordinates"":[85.73939712469408,26.655616463320026]}"
5124,0.359,0.0702,0.7871,0.1068,STABLE CROPLAND,3.0,1.0,23.0,"{""type"":""Point"",""coordinates"":[85.82705383086446,26.765239624825767]}"
5125,0.3956,0.153,0.8295,0.1483,STABLE CROPLAND,3.0,1.0,21.0,"{""type"":""Point"",""coordinates"":[86.04409477568701,26.744117557466467]}"
5126,0.3721,0.0929,0.8004,0.1339,STABLE CROPLAND,2.0,1.0,21.0,"{""type"":""Point"",""coordinates"":[85.89044746398734,26.75210904219677]}"
5127,,,,,DISCARDED (Insufficient Samples),,,,"{""type"":""Point"",""coordinates"":[86.10578204514927,26.736762522966323]}"
5128,0.4004,0.0832,0.7477,0.1302,DISCARDED (Failed Phenology),4.0,2.0,20.0,"{""type"":""Point"",""coordinates"":[86.09764773268778,26.870365786748835]}"
5129,0.4528,0.1715,0.8033,0.1107,STABLE CROPLAND,3.0,1.0,20.0,"{""type"":""Point"",""coordinates"":[85.75827506913014,26.640308917224026]}"
5130,0.3536,0.1012,0.7843,0.1131,STABLE CROPLAND,1.0,1.0,22.0,"{""type"":""Point"",""coordinates"":[86.00681387299312,26.78027275746686]}"
5131,0.3529,0.1082,0.7368,0.1198,DISCARDED (Failed Phenology),4.0,2.0,20.0,"{""type"":""Point"",""coordinates"":[86.03467375524906,26.766823891813118]}"
5132,0.3968,0.0979,0.8349,0.1336,STABLE CROPLAND,3.0,1.0,21.0,"{""type"":""Point"",""coordinates"":[86.02693693835565,26.81465478600024]}"
5133,0.4147,0.1214,0.8082,0.0963,STABLE CROPLAND,2.0,2.0,21.0,"{""type"":""Point"",""coordinates"":[86.03828112702135,26.83694209776055]}"
5134,,,,,DISCARDED (Insufficient Samples),,,,"{""type"":""Point"",""coordinates"":[86.13549802654371,26.841741854018064]}"
5135,0.4049,0.1169,0.8222,0.123,STABLE CROPLAND,3.0,1.0,22.0,"{""type"":""Point"",""coordinates"":[85.9236961742596,26.638036498715486]}"
5136,0.4281,0.1167,0.828,0.1037,STABLE CROPLAND,3.0,1.0,22.0,"{""type"":""Point"",""coordinates"":[85.80458012455314,26.75990290467965]}"
5137,,,,,DISCARDED (Insufficient Samples),,,,"{""type"":""Point"",""coordinates"":[85.73037259265436,26.67386875021794]}"
5138,0.3529,0.1224,0.8399,0.1405,STABLE CROPLAND,3.0,1.0,21.0,"{""type"":""Point"",""coordinates"":[86.02504330249587,26.734653017815518]}"
5139,0.4067,0.0951,0.7733,0.1095,DISCARDED (Failed Phenology),4.0,3.0,19.0,"{""type"":""Point"",""coordinates"":[85.88517839278688,26.773371808194767]}"
5140,0.359,-0.044,0.7249,0.1293,DISCARDED (Failed Phenology),4.0,1.0,21.0,"{""type"":""Point"",""coordinates"":[85.81061760361885,26.626107047526464]}"
5141,0.4331,0.1923,0.7372,0.092,DISCARDED (Static Vegetation / Low Amplitude),4.0,3.0,19.0,"{""type"":""Point"",""coordinates"":[85.79781292081246,26.70988886088211]}"
5142,,,,,DISCARDED (Insufficient Samples),,,,"{""type"":""Point"",""coordinates"":[86.08105916234288,26.817584375556343]}"
5143,0.4145,0.1291,0.7715,0.118,DISCARDED (Failed Phenology),4.0,1.0,20.0,"{""type"":""Point"",""coordinates"":[85.88637564291233,26.588126630043448]}"
5144,,,,,DISCARDED (Insufficient Samples),,,,"{""type"":""Point"",""coordinates"":[86.10680350377551,26.693504443700462]}"
5145,,,,,DISCARDED (Insufficient Samples),,,,"{""type"":""Point"",""coordinates"":[86.14518220785607,26.745484509989453]}"
5146,0.4248,0.1223,0.8583,0.11,STABLE CROPLAND,3.0,1.0,23.0,"{""type"":""Point"",""coordinates"":[85.99495013883661,26.79901984246659]}"
5147,,,,,DISCARDED (Insufficient Samples),,,,"{""type"":""Point"",""coordinates"":[87.13049332553138,26.573737178295655]}"
5148,,,,,DISCARDED (Insufficient Samples),,,,"{""type"":""Point"",""coordinates"":[86.90212357970658,26.617040650836838]}"
5149,,,,,DISCARDED (Insufficient Samples),,,,"{""type"":""Point"",""coordinates"":[88.0308615666268,26.568659454057237]}"
5150,,,,,DISCARDED (Insufficient Samples),,,,"{""type"":""Point"",""coordinates"":[87.8009548709168,26.569855412254544]}"
5151,,,,,DISCARDED (Insufficient Samples),,,,"{""type"":""Point"",""coordinates"":[87.97830042676642,26.569567927993784]}"
5152,,,,,DISCARDED (Insufficient Samples),,,,"{""type"":""Point"",""coordinates"":[87.57082973564437,26.575772466555364]}"
5153,0.4265,0.1275,0.8298,0.1225,STABLE CROPLAND,1.0,1.0,24.0,"{""type"":""Point"",""coordinates"":[87.33667327737825,26.569974908440763]}"
5154,0.4423,0.1619,0.8706,0.1358,STABLE CROPLAND,3.0,1.0,23.0,"{""type"":""Point"",""coordinates"":[87.43486724749886,26.568584045732685]}"
5155,,,,,DISCARDED (Insufficient Samples),,,,"{""type"":""Point"",""coordinates"":[87.71005036086825,26.567294466318565]}"
5156,,,,,DISCARDED (Insufficient Samples),,,,"{""type"":""Point"",""coordinates"":[87.82834160789265,26.56566081996881]}"
5157,,,,,DISCARDED (Insufficient Samples),,,,"{""type"":""Point"",""coordinates"":[87.85401580633531,26.566029090595627]}"
5158,,,,,DISCARDED (Insufficient Samples),,,,"{""type"":""Point"",""coordinates"":[87.78077159100673,26.61054895988552]}"
5159,,,,,DISCARDED (Insufficient Samples),,,,"{""type"":""Point"",""coordinates"":[87.59676529197898,26.566496431124744]}"
5160,,,,,DISCARDED (Insufficient Samples),,,,"{""type"":""Point"",""coordinates"":[87.93775803575296,26.56543970799008]}"
5161,,,,,DISCARDED (Insufficient Samples),,,,"{""type"":""Point"",""coordinates"":[86.78428487058338,26.567551656461422]}"
5162,0.4169,0.04,0.7902,0.1215,STABLE CROPLAND,3.0,1.0,24.0,"{""type"":""Point"",""coordinates"":[87.23422537347362,26.56679187446481]}"
5163,,,,,DISCARDED (Insufficient Samples),,,,"{""type"":""Point"",""coordinates"":[86.80523149398557,26.5656949470179]}"
5164,,,,,DISCARDED (Insufficient Samples),,,,"{""type"":""Point"",""coordinates"":[88.00575683500267,26.562206282464643]}"
5165,,,,,DISCARDED (Insufficient Samples),,,,"{""type"":""Point"",""coordinates"":[88.09033528749367,26.56160201383291]}"
5166,0.404,0.146,0.7662,0.1244,STABLE CROPLAND,1.0,1.0,22.0,"{""type"":""Point"",""coordinates"":[87.3700176406053,26.56526242179753]}"
5167,,,,,DISCARDED (Insufficient Samples),,,,"{""type"":""Point"",""coordinates"":[87.11372032675612,26.56331315192634]}"
5168,0.4812,0.1369,0.8203,0.0944,STABLE CROPLAND,2.0,1.0,23.0,"{""type"":""Point"",""coordinates"":[87.315746082983,26.563304476268407]}"
5169,,,,,DISCARDED (Insufficient Samples),,,,"{""type"":""Point"",""coordinates"":[88.0602197921247,26.557724283461884]}"
5170,,,,,DISCARDED (Insufficient Samples),,,,"{""type"":""Point"",""coordinates"":[87.67546867747853,26.595670675677614]}"
5171,,,,,DISCARDED (Insufficient Samples),,,,"{""type"":""Point"",""coordinates"":[87.64941562791783,26.5770537354]}"
5172,,,,,DISCARDED (Insufficient Samples),,,,"{""type"":""Point"",""coordinates"":[86.44643289683434,26.69867225380803]}"
5173,,,,,DISCARDED (Insufficient Samples),,,,"{""type"":""Point"",""coordinates"":[86.35748835322197,26.641299356464074]}"
5174,,,,,DISCARDED (Insufficient Samples),,,,"{""type"":""Point"",""coordinates"":[86.37222434858582,26.602266523590743]}"
5175,,,,,DISCARDED (Insufficient Samples),,,,"{""type"":""Point"",""coordinates"":[86.4619377334786,26.639832719317493]}"
5176,,,,,DISCARDED (Insufficient Samples),,,,"{""type"":""Point"",""coordinates"":[86.38467287159222,26.674920452557174]}"
5177,,,,,DISCARDED (Insufficient Samples),,,,"{""type"":""Point"",""coordinates"":[86.41631464009957,26.714376524195423]}"
5178,,,,,DISCARDED (Insufficient Samples),,,,"{""type"":""Point"",""coordinates"":[86.35182069402039,26.68759198263885]}"
5179,,,,,DISCARDED (Insufficient Samples),,,,"{""type"":""Point"",""coordinates"":[86.37288086861497,26.711157141658667]}"
5180,,,,,DISCARDED (Insufficient Samples),,,,"{""type"":""Point"",""coordinates"":[86.43849551111381,26.680082257412273]}"
5181,,,,,DISCARDED (Insufficient Samples),,,,"{""type"":""Point"",""coordinates"":[86.39747594213084,26.692548114965476]}"
5182,,,,,DISCARDED (Insufficient Samples),,,,"{""type"":""Point"",""coordinates"":[86.48273986000713,26.618670746287773]}"
5183,,,,,DISCARDED (Insufficient Samples),,,,"{""type"":""Point"",""coordinates"":[86.49800607031186,26.595097365570542]}"
5184,,,,,DISCARDED (Insufficient Samples),,,,"{""type"":""Point"",""coordinates"":[86.49027457826246,26.637678308101407]}"
5185,,,,,DISCARDED (Insufficient Samples),,,,"{""type"":""Point"",""coordinates"":[86.44852108821846,26.66186291992568]}"
5186,,,,,DISCARDED (Insufficient Samples),,,,"{""type"":""Point"",""coordinates"":[86.34652972897462,26.607412424745533]}"
5187,,,,,DISCARDED (Insufficient Samples),,,,"{""type"":""Point"",""coordinates"":[86.42995591765774,26.627575985243936]}"
5188,,,,,DISCARDED (Insufficient Samples),,,,"{""type"":""Point"",""coordinates"":[86.47594698260698,26.668182902277067]}"
5189,,,,,DISCARDED (Insufficient Samples),,,,"{""type"":""Point"",""coordinates"":[86.47651230074645,26.56271505058492]}"
5190,,,,,DISCARDED (Insufficient Samples),,,,"{""type"":""Point"",""coordinates"":[86.48581267879037,26.579349581791064]}"
5191,,,,,DISCARDED (Insufficient Samples),,,,"{""type"":""Point"",""coordinates"":[86.36228191724577,26.62138174585984]}"
5192,,,,,DISCARDED (Insufficient Samples),,,,"{""type"":""Point"",""coordinates"":[86.50305369865244,26.618738671256317]}"
5193,,,,,DISCARDED (Insufficient Samples),,,,"{""type"":""Point"",""coordinates"":[86.41820693633275,26.691603774555194]}"
5194,,,,,DISCARDED (Insufficient Samples),,,,"{""type"":""Point"",""coordinates"":[86.45857763745184,26.577088415764795]}"
5195,,,,,DISCARDED (Insufficient Samples),,,,"{""type"":""Point"",""coordinates"":[86.39268020332702,26.71435353855129]}"
5196,,,,,DISCARDED (Insufficient Samples),,,,"{""type"":""Point"",""coordinates"":[86.37775116555154,26.64133569766853]}"
5197,,,,,DISCARDED (Insufficient Samples),,,,"{""type"":""Point"",""coordinates"":[86.3717680661472,26.690231709843037]}"
5198,,,,,DISCARDED (Insufficient Samples),,,,"{""type"":""Point"",""coordinates"":[86.67458131257473,26.55777446634679]}"
5199,,,,,DISCARDED (Insufficient Samples),,,,"{""type"":""Point"",""coordinates"":[87.0322759550398,26.560576080217206]}"
5200,,,,,DISCARDED (Insufficient Samples),,,,"{""type"":""Point"",""coordinates"":[87.89441125176275,26.556652165629224]}"
5201,0.4515,0.0986,0.939,0.1394,STABLE CROPLAND,2.0,2.0,21.0,"{""type"":""Point"",""coordinates"":[87.51915696864499,26.555999194644038]}"
5202,,,,,DISCARDED (Insufficient Samples),,,,"{""type"":""Point"",""coordinates"":[87.79080025196374,26.55355850834313]}"
5203,,,,,DISCARDED (Insufficient Samples),,,,"{""type"":""Point"",""coordinates"":[87.54000798023542,26.55489088676729]}"
5204,0.3814,0.1412,0.7378,0.094,DISCARDED (Failed Phenology),5.0,1.0,19.0,"{""type"":""Point"",""coordinates"":[87.27086782353007,26.555826924257214]}"
5205,,,,,DISCARDED (Insufficient Samples),,,,"{""type"":""Point"",""coordinates"":[87.07864156708273,26.554027853688712]}"
5206,,,,,DISCARDED (Insufficient Samples),,,,"{""type"":""Point"",""coordinates"":[87.65232531803078,26.551315145189662]}"
5207,0.5093,0.1706,0.8654,0.1061,STABLE CROPLAND,2.0,1.0,22.0,"{""type"":""Point"",""coordinates"":[87.44422456913559,26.552317413811764]}"
5208,,,,,DISCARDED (Insufficient Samples),,,,"{""type"":""Point"",""coordinates"":[87.86326010713728,26.547984105644012]}"
5209,,,,,DISCARDED (Insufficient Samples),,,,"{""type"":""Point"",""coordinates"":[87.71547217358088,26.54951970281979]}"
5210,,,,,DISCARDED (Insufficient Samples),,,,"{""type"":""Point"",""coordinates"":[88.02578160418547,26.547216280654247]}"
5211,,,,,DISCARDED (Insufficient Samples),,,,"{""type"":""Point"",""coordinates"":[87.95910290951495,26.548644128461177]}"
5212,,,,,DISCARDED (Insufficient Samples),,,,"{""type"":""Point"",""coordinates"":[86.98842886836243,26.549029307293686]}"
5213,,,,,DISCARDED (Insufficient Samples),,,,"{""type"":""Point"",""coordinates"":[86.5020289225477,26.54673913204243]}"
5214,0.4269,0.0881,0.8766,0.121,STABLE CROPLAND,0.0,0.0,24.0,"{""type"":""Point"",""coordinates"":[87.40712404187661,26.549846668566865]}"
5215,,,,,DISCARDED (Insufficient Samples),,,,"{""type"":""Point"",""coordinates"":[86.7900352154873,26.546427993896117]}"
5216,,,,,DISCARDED (Insufficient Samples),,,,"{""type"":""Point"",""coordinates"":[86.75964020356037,26.547460123535515]}"
5217,0.3901,0.0912,0.827,0.1265,STABLE CROPLAND,3.0,1.0,24.0,"{""type"":""Point"",""coordinates"":[87.35390038958865,26.549392672697017]}"
5218,0.4979,0.0638,0.8511,0.0855,STABLE CROPLAND,3.0,2.0,20.0,"{""type"":""Point"",""coordinates"":[87.22049584418372,26.54426524998273]}"
5219,0.3948,0.0874,0.759,0.1125,DISCARDED (Failed Phenology),4.0,3.0,19.0,"{""type"":""Point"",""coordinates"":[87.30834148696071,26.543398641563666]}"
5220,,,,,DISCARDED (Insufficient Samples),,,,"{""type"":""Point"",""coordinates"":[87.92101744380632,26.539829072801677]}"
5221,,,,,DISCARDED (Insufficient Samples),,,,"{""type"":""Point"",""coordinates"":[87.68688722509614,26.540082833135465]}"
5222,,,,,DISCARDED (Insufficient Samples),,,,"{""type"":""Point"",""coordinates"":[87.19864456473883,26.54130792717162]}"
5223,,,,,DISCARDED (Insufficient Samples),,,,"{""type"":""Point"",""coordinates"":[87.88646953750747,26.536789954833083]}"
5224,,,,,DISCARDED (Insufficient Samples),,,,"{""type"":""Point"",""coordinates"":[87.09838825637158,26.538454289255522]}"
5225,0.3927,0.0179,0.7686,0.1087,STABLE CROPLAND,3.0,1.0,23.0,"{""type"":""Point"",""coordinates"":[87.24747010064394,26.549106265882283]}"
5226,,,,,DISCARDED (Insufficient Samples),,,,"{""type"":""Point"",""coordinates"":[87.84617530034691,26.536703167653968]}"
5227,,,,,DISCARDED (Insufficient Samples),,,,"{""type"":""Point"",""coordinates"":[88.00081692346046,26.533935723933656]}"
5228,,,,,DISCARDED (Insufficient Samples),,,,"{""type"":""Point"",""coordinates"":[87.5379804818213,26.536904024518087]}"
5229,,,,,DISCARDED (Insufficient Samples),,,,"{""type"":""Point"",""coordinates"":[86.60052598692496,26.53546354844815]}"
5230,,,,,DISCARDED (Insufficient Samples),,,,"{""type"":""Point"",""coordinates"":[86.92167885507837,26.538063350118733]}"
5231,,,,,DISCARDED (Insufficient Samples),,,,"{""type"":""Point"",""coordinates"":[87.58053567286062,26.5463595394726]}"
5232,,,,,DISCARDED (Insufficient Samples),,,,"{""type"":""Point"",""coordinates"":[86.54838517537817,26.53460875648468]}"
5233,,,,,DISCARDED (Insufficient Samples),,,,"{""type"":""Point"",""coordinates"":[87.79096326025693,26.533735095670973]}"
5234,,,,,DISCARDED (Insufficient Samples),,,,"{""type"":""Point"",""coordinates"":[88.06622761236758,26.53110877549885]}"
5235,,,,,DISCARDED (Insufficient Samples),,,,"{""type"":""Point"",""coordinates"":[88.08798604315992,26.528645412360177]}"
5236,,,,,DISCARDED (Insufficient Samples),,,,"{""type"":""Point"",""coordinates"":[87.00999551316653,26.53216385371202]}"
5237,0.4613,0.0353,0.8092,0.1214,STABLE CROPLAND,0.0,0.0,23.0,"{""type"":""Point"",""coordinates"":[87.38718848550106,26.532880016163777]}"
5238,0.4425,0.1053,0.8606,0.1314,DISCARDED (Failed Phenology),4.0,1.0,19.0,"{""type"":""Point"",""coordinates"":[87.42651702214494,26.53173696681697]}"
5239,0.4529,0.108,0.808,0.1027,STABLE CROPLAND,2.0,1.0,23.0,"{""type"":""Point"",""coordinates"":[87.27793452471693,26.530970061829848]}"
5240,,,,,DISCARDED (Insufficient Samples),,,,"{""type"":""Point"",""coordinates"":[86.86648815224152,26.52944838691461]}"
5241,0.4492,0.1007,0.8383,0.106,STABLE CROPLAND,1.0,1.0,22.0,"{""type"":""Point"",""coordinates"":[87.40660229707396,26.527658362319194]}"
5242,,,,,DISCARDED (Insufficient Samples),,,,"{""type"":""Point"",""coordinates"":[86.95120599686449,26.530067265245567]}"
5243,,,,,DISCARDED (Insufficient Samples),,,,"{""type"":""Point"",""coordinates"":[87.12679040952533,26.547041667843427]}"
5244,,,,,DISCARDED (Insufficient Samples),,,,"{""type"":""Point"",""coordinates"":[87.72160933745516,26.530867157132764]}"
5245,0.4483,0.0677,0.8195,0.1048,STABLE CROPLAND,0.0,0.0,24.0,"{""type"":""Point"",""coordinates"":[87.47773326655653,26.525873644773366]}"
5246,,,,,DISCARDED (Insufficient Samples),,,,"{""type"":""Point"",""coordinates"":[87.85952481196581,26.52283775289193]}"
5247,,,,,DISCARDED (Insufficient Samples),,,,"{""type"":""Point"",""coordinates"":[87.63624331227244,26.52314813004448]}"
5248,,,,,DISCARDED (Insufficient Samples),,,,"{""type"":""Point"",""coordinates"":[87.18141510791763,26.523497253639498]}"
5249,,,,,DISCARDED (Insufficient Samples),,,,"{""type"":""Point"",""coordinates"":[88.032992097139,26.519992792753033]}"
5250,,,,,DISCARDED (Insufficient Samples),,,,"{""type"":""Point"",""coordinates"":[87.13943982585918,26.523808903213418]}"
5251,,,,,DISCARDED (Insufficient Samples),,,,"{""type"":""Point"",""coordinates"":[86.71683115764499,26.52212589062228]}"
5252,,,,,DISCARDED (Insufficient Samples),,,,"{""type"":""Point"",""coordinates"":[86.97026593464051,26.523811219415595]}"
5253,,,,,DISCARDED (Insufficient Samples),,,,"{""type"":""Point"",""coordinates"":[87.98688301993577,26.518387745524734]}"
5254,,,,,DISCARDED (Insufficient Samples),,,,"{""type"":""Point"",""coordinates"":[86.74225832430406,26.52969030304129]}"
5255,0.4457,0.1284,0.7787,0.1093,DISCARDED (Failed Phenology),4.0,2.0,19.0,"{""type"":""Point"",""coordinates"":[87.46515050591192,26.55490838870387]}"
5256,,,,,DISCARDED (Insufficient Samples),,,,"{""type"":""Point"",""coordinates"":[87.91401688440138,26.519074976402422]}"
5257,0.4083,0.082,0.8061,0.1134,STABLE CROPLAND,2.0,1.0,21.0,"{""type"":""Point"",""coordinates"":[87.52486240496603,26.518604255865235]}"
5258,,,,,DISCARDED (Insufficient Samples),,,,"{""type"":""Point"",""coordinates"":[87.59286936670104,26.51930587635938]}"
5259,,,,,DISCARDED (Insufficient Samples),,,,"{""type"":""Point"",""coordinates"":[87.74200535244877,26.517420365628187]}"
5260,,,,,DISCARDED (Insufficient Samples),,,,"{""type"":""Point"",""coordinates"":[87.57253471065187,26.51863600105054]}"
5261,,,,,DISCARDED (Insufficient Samples),,,,"{""type"":""Point"",""coordinates"":[87.73321788785033,26.5660701245464]}"
5262,0.4059,0.1169,0.8375,0.1427,DISCARDED (Failed Phenology),4.0,1.0,24.0,"{""type"":""Point"",""coordinates"":[87.43609795148392,26.51577490102992]}"
5263,,,,,DISCARDED (Insufficient Samples),,,,"{""type"":""Point"",""coordinates"":[88.0598247342678,26.51256726644438]}"
5264,,,,,DISCARDED (Insufficient Samples),,,,"{""type"":""Point"",""coordinates"":[87.12002528551706,26.515620101659017]}"
5265,,,,,DISCARDED (Insufficient Samples),,,,"{""type"":""Point"",""coordinates"":[86.82797537898689,26.558037726635707]}"
5266,,,,,DISCARDED (Insufficient Samples),,,,"{""type"":""Point"",""coordinates"":[86.86069381853089,26.56627539528005]}"
5267,,,,,DISCARDED (Insufficient Samples),,,,"{""type"":""Point"",""coordinates"":[86.8916671212774,26.5801156023272]}"
5268,,,,,DISCARDED (Insufficient Samples),,,,"{""type"":""Point"",""coordinates"":[86.75257078117977,26.616168961769976]}"
5269,,,,,DISCARDED (Insufficient Samples),,,,"{""type"":""Point"",""coordinates"":[86.82925419538812,26.61987612522772]}"
5270,,,,,DISCARDED (Insufficient Samples),,,,"{""type"":""Point"",""coordinates"":[86.83449753119882,26.53832046557872]}"
5271,,,,,DISCARDED (Insufficient Samples),,,,"{""type"":""Point"",""coordinates"":[86.87765588427523,26.54647634735386]}"
5272,,,,,DISCARDED (Insufficient Samples),,,,"{""type"":""Point"",""coordinates"":[86.84410783371028,26.587493529046586]}"
5273,,,,,DISCARDED (Insufficient Samples),,,,"{""type"":""Point"",""coordinates"":[86.90088294599575,26.563830517446455]}"
5274,,,,,DISCARDED (Insufficient Samples),,,,"{""type"":""Point"",""coordinates"":[86.87063131430878,26.5847816488277]}"
5275,,,,,DISCARDED (Insufficient Samples),,,,"{""type"":""Point"",""coordinates"":[86.81324873859647,26.527031102102278]}"
5276,,,,,DISCARDED (Insufficient Samples),,,,"{""type"":""Point"",""coordinates"":[88.08052711725145,26.508324841076977]}"
5277,,,,,DISCARDED (Insufficient Samples),,,,"{""type"":""Point"",""coordinates"":[86.57069278576941,26.509113000936818]}"
5278,,,,,DISCARDED (Insufficient Samples),,,,"{""type"":""Point"",""coordinates"":[87.87681873965732,26.505352648710122]}"
5279,,,,,DISCARDED (Insufficient Samples),,,,"{""type"":""Point"",""coordinates"":[86.74672560839637,26.507911617036125]}"
5280,,,,,DISCARDED (Insufficient Samples),,,,"{""type"":""Point"",""coordinates"":[87.96752480573905,26.513084220843364]}"
5281,,,,,DISCARDED (Insufficient Samples),,,,"{""type"":""Point"",""coordinates"":[87.2728407104818,26.50709568633037]}"
5282,,,,,DISCARDED (Insufficient Samples),,,,"{""type"":""Point"",""coordinates"":[87.76327066136626,26.507345284107167]}"
5283,,,,,DISCARDED (Insufficient Samples),,,,"{""type"":""Point"",""coordinates"":[87.7848348690342,26.502961700568786]}"
5284,,,,,DISCARDED (Insufficient Samples),,,,"{""type"":""Point"",""coordinates"":[87.82117831279551,26.51995789774101]}"
5285,,,,,DISCARDED (Insufficient Samples),,,,"{""type"":""Point"",""coordinates"":[87.2430568904324,26.50276618581935]}"
5286,,,,,DISCARDED (Insufficient Samples),,,,"{""type"":""Point"",""coordinates"":[87.51273034859047,26.50042514062428]}"
5287,,,,,DISCARDED (Insufficient Samples),,,,"{""type"":""Point"",""coordinates"":[86.77573818199376,26.508009468477375]}"
5288,,,,,DISCARDED (Insufficient Samples),,,,"{""type"":""Point"",""coordinates"":[86.85772087246448,26.499540775705384]}"
5289,,,,,DISCARDED (Insufficient Samples),,,,"{""type"":""Point"",""coordinates"":[87.74353875685424,26.497150429826284]}"
5290,,,,,DISCARDED (Insufficient Samples),,,,"{""type"":""Point"",""coordinates"":[87.63547487581471,26.495772232182357]}"
5291,,,,,DISCARDED (Insufficient Samples),,,,"{""type"":""Point"",""coordinates"":[88.09717072447317,26.49278153713502]}"
5292,,,,,DISCARDED (Insufficient Samples),,,,"{""type"":""Point"",""coordinates"":[87.91343054581559,26.492811926413435]}"
5293,,,,,DISCARDED (Insufficient Samples),,,,"{""type"":""Point"",""coordinates"":[86.5614458763186,26.631143602425894]}"
5294,,,,,DISCARDED (Insufficient Samples),,,,"{""type"":""Point"",""coordinates"":[86.66248591482903,26.579859946346023]}"
5295,,,,,DISCARDED (Insufficient Samples),,,,"{""type"":""Point"",""coordinates"":[86.62062460392431,26.542048557876424]}"
5296,,,,,DISCARDED (Insufficient Samples),,,,"{""type"":""Point"",""coordinates"":[86.63267368813376,26.526357619863976]}"
5297,,,,,DISCARDED (Insufficient Samples),,,,"{""type"":""Point"",""coordinates"":[86.69412606406803,26.57332063285228]}"
5298,,,,,DISCARDED (Insufficient Samples),,,,"{""type"":""Point"",""coordinates"":[86.68704748501783,26.59925982111394]}"
5299,,,,,DISCARDED (Insufficient Samples),,,,"{""type"":""Point"",""coordinates"":[86.54102357328514,26.640163776087515]}"
5300,,,,,DISCARDED (Insufficient Samples),,,,"{""type"":""Point"",""coordinates"":[86.67146575933569,26.507287574290796]}"
5301,,,,,DISCARDED (Insufficient Samples),,,,"{""type"":""Point"",""coordinates"":[86.61082970684608,26.514947034599693]}"
5302,,,,,DISCARDED (Insufficient Samples),,,,"{""type"":""Point"",""coordinates"":[86.6611174529557,26.526522165461664]}"
5303,,,,,DISCARDED (Insufficient Samples),,,,"{""type"":""Point"",""coordinates"":[86.71197804484113,26.502337406083086]}"
5304,,,,,DISCARDED (Insufficient Samples),,,,"{""type"":""Point"",""coordinates"":[86.59065693794547,26.50687694245642]}"
5305,,,,,DISCARDED (Insufficient Samples),,,,"{""type"":""Point"",""coordinates"":[86.689699585969,26.529011936282348]}"
5306,,,,,DISCARDED (Insufficient Samples),,,,"{""type"":""Point"",""coordinates"":[86.71600726648515,26.57748928191422]}"
5307,,,,,DISCARDED (Insufficient Samples),,,,"{""type"":""Point"",""coordinates"":[86.56318160883511,26.56410070426136]}"
5308,,,,,DISCARDED (Insufficient Samples),,,,"{""type"":""Point"",""coordinates"":[86.5754401932006,26.530797131025107]}"
5309,,,,,DISCARDED (Insufficient Samples),,,,"{""type"":""Point"",""coordinates"":[86.57521545152903,26.602577897031257]}"
5310,,,,,DISCARDED (Insufficient Samples),,,,"{""type"":""Point"",""coordinates"":[86.55750210041495,26.658102875680495]}"
5311,,,,,DISCARDED (Insufficient Samples),,,,"{""type"":""Point"",""coordinates"":[86.59345314870875,26.588392334354477]}"
5312,,,,,DISCARDED (Insufficient Samples),,,,"{""type"":""Point"",""coordinates"":[86.59084113256634,26.553278437918124]}"
5313,,,,,DISCARDED (Insufficient Samples),,,,"{""type"":""Point"",""coordinates"":[86.63800599447873,26.575174535109504]}"
5314,,,,,DISCARDED (Insufficient Samples),,,,"{""type"":""Point"",""coordinates"":[86.64907416399042,26.544841941617175]}"
5315,,,,,DISCARDED (Insufficient Samples),,,,"{""type"":""Point"",""coordinates"":[86.71839868301777,26.547384611070797]}"
5316,,,,,DISCARDED (Insufficient Samples),,,,"{""type"":""Point"",""coordinates"":[86.51136114431391,26.68076841665637]}"
5317,,,,,DISCARDED (Insufficient Samples),,,,"{""type"":""Point"",""coordinates"":[86.52245845013694,26.573561158280977]}"
5318,,,,,DISCARDED (Insufficient Samples),,,,"{""type"":""Point"",""coordinates"":[86.73668450321657,26.59440781493259]}"
5319,,,,,DISCARDED (Insufficient Samples),,,,"{""type"":""Point"",""coordinates"":[86.77661367688835,26.526687096990685]}"
5320,,,,,DISCARDED (Insufficient Samples),,,,"{""type"":""Point"",""coordinates"":[86.53894367372766,26.681178832320068]}"
5321,,,,,DISCARDED (Insufficient Samples),,,,"{""type"":""Point"",""coordinates"":[86.7159596831825,26.59879158896621]}"
5322,,,,,DISCARDED (Insufficient Samples),,,,"{""type"":""Point"",""coordinates"":[86.7388990173042,26.57637227677134]}"
5323,,,,,DISCARDED (Insufficient Samples),,,,"{""type"":""Point"",""coordinates"":[86.61190938443404,26.58049750058709]}"
5324,,,,,DISCARDED (Insufficient Samples),,,,"{""type"":""Point"",""coordinates"":[86.70237102803785,26.61542293723158]}"
5325,0.3433,0.0506,0.7405,0.1095,DISCARDED (Failed Phenology),4.0,1.0,19.0,"{""type"":""Point"",""coordinates"":[86.57491918202005,26.647632760649834]}"
5326,,,,,DISCARDED (Insufficient Samples),,,,"{""type"":""Point"",""coordinates"":[86.54426455668045,26.573668452422915]}"
5327,,,,,DISCARDED (Insufficient Samples),,,,"{""type"":""Point"",""coordinates"":[86.6249069089199,26.595040111553878]}"
5328,,,,,DISCARDED (Insufficient Samples),,,,"{""type"":""Point"",""coordinates"":[86.61732470191889,26.561907916671256]}"
5329,,,,,DISCARDED (Insufficient Samples),,,,"{""type"":""Point"",""coordinates"":[86.58011493864582,26.574262687057285]}"
5330,,,,,DISCARDED (Insufficient Samples),,,,"{""type"":""Point"",""coordinates"":[87.5813418672116,26.494707741451315]}"
5331,,,,,DISCARDED (Insufficient Samples),,,,"{""type"":""Point"",""coordinates"":[87.718412729174,26.489561523346335]}"
5332,,,,,DISCARDED (Insufficient Samples),,,,"{""type"":""Point"",""coordinates"":[88.06009482157161,26.48826203627488]}"
5333,,,,,DISCARDED (Insufficient Samples),,,,"{""type"":""Point"",""coordinates"":[87.6899653720419,26.496536576155023]}"
5334,,,,,DISCARDED (Insufficient Samples),,,,"{""type"":""Point"",""coordinates"":[87.6039356211813,26.48907886952005]}"
5335,0.4606,0.1717,0.7986,0.0893,STABLE CROPLAND,0.0,0.0,23.0,"{""type"":""Point"",""coordinates"":[87.45108739945375,26.495116093039147]}"
5336,,,,,DISCARDED (Insufficient Samples),,,,"{""type"":""Point"",""coordinates"":[87.80960196474211,26.495289585022185]}"
5337,,,,,DISCARDED (Insufficient Samples),,,,"{""type"":""Point"",""coordinates"":[87.66993733846873,26.4862611236159]}"
5338,0.4194,0.1091,0.8337,0.1331,STABLE CROPLAND,3.0,1.0,21.0,"{""type"":""Point"",""coordinates"":[87.50216721826762,26.59126032356223]}"
5339,,,,,DISCARDED (Insufficient Samples),,,,"{""type"":""Point"",""coordinates"":[87.4892125601444,26.50238560408245]}"
5340,0.4164,0.0704,0.895,0.1355,STABLE CROPLAND,1.0,1.0,24.0,"{""type"":""Point"",""coordinates"":[87.50820904429428,26.539263141118155]}"
5341,0.4413,0.1017,0.8416,0.1263,STABLE CROPLAND,3.0,1.0,23.0,"{""type"":""Point"",""coordinates"":[87.48688799013121,26.56417593035761]}"
5342,0.4306,0.0053,0.888,0.1527,STABLE CROPLAND,2.0,1.0,23.0,"{""type"":""Point"",""coordinates"":[87.5201558642735,26.60171900905516]}"
5343,,,,,DISCARDED (Insufficient Samples),,,,"{""type"":""Point"",""coordinates"":[87.3864559200128,26.495632903539367]}"
5344,,,,,DISCARDED (Insufficient Samples),,,,"{""type"":""Point"",""coordinates"":[87.84403343667854,26.48499287859928]}"
5345,,,,,DISCARDED (Insufficient Samples),,,,"{""type"":""Point"",""coordinates"":[87.29365499537242,26.4860878491911]}"
5346,,,,,DISCARDED (Insufficient Samples),,,,"{""type"":""Point"",""coordinates"":[86.78340930850524,26.484374513227557]}"
5347,,,,,DISCARDED (Insufficient Samples),,,,"{""type"":""Point"",""coordinates"":[87.75515468074592,26.480453201098545]}"
5348,,,,,DISCARDED (Insufficient Samples),,,,"{""type"":""Point"",""coordinates"":[87.46537371178839,26.48173211685804]}"
5349,,,,,DISCARDED (Insufficient Samples),,,,"{""type"":""Point"",""coordinates"":[87.14511580561778,26.481103570425827]}"
5350,,,,,DISCARDED (Insufficient Samples),,,,"{""type"":""Point"",""coordinates"":[87.25059653740225,26.481105310440245]}"
5351,,,,,DISCARDED (Insufficient Samples),,,,"{""type"":""Point"",""coordinates"":[87.12199474994837,26.49354923450531]}"
5352,,,,,DISCARDED (Insufficient Samples),,,,"{""type"":""Point"",""coordinates"":[88.09003937328414,26.47435898680048]}"
5353,,,,,DISCARDED (Insufficient Samples),,,,"{""type"":""Point"",""coordinates"":[87.7001471987191,26.477766597554943]}"
5354,,,,,DISCARDED (Insufficient Samples),,,,"{""type"":""Point"",""coordinates"":[87.72763152649297,26.47290091966624]}"
5355,,,,,DISCARDED (Insufficient Samples),,,,"{""type"":""Point"",""coordinates"":[87.44682353574832,26.473168187723903]}"
5356,,,,,DISCARDED (Insufficient Samples),,,,"{""type"":""Point"",""coordinates"":[86.75504357950882,26.475611247394543]}"
5357,,,,,DISCARDED (Insufficient Samples),,,,"{""type"":""Point"",""coordinates"":[87.38787909725608,26.469978999332913]}"
5358,0.3728,0.1014,0.8581,0.124,STABLE CROPLAND,1.0,1.0,22.0,"{""type"":""Point"",""coordinates"":[87.3412836747703,26.505971337356005]}"
5359,,,,,DISCARDED (Insufficient Samples),,,,"{""type"":""Point"",""coordinates"":[87.36180925986793,26.479535678152246]}"
5360,0.3928,0.1509,0.7873,0.1036,STABLE CROPLAND,0.0,0.0,27.0,"{""type"":""Point"",""coordinates"":[87.34219012490011,26.532802383302695]}"
5361,0.4046,0.1075,0.8127,0.12,STABLE CROPLAND,1.0,1.0,22.0,"{""type"":""Point"",""coordinates"":[87.31123806358389,26.52544676884361]}"
5362,0.3958,0.0841,0.8889,0.15,STABLE CROPLAND,3.0,2.0,21.0,"{""type"":""Point"",""coordinates"":[87.36411363233788,26.513829965254043]}"
5363,,,,,DISCARDED (Insufficient Samples),,,,"{""type"":""Point"",""coordinates"":[87.29999390046979,26.510474340627358]}"
5364,,,,,DISCARDED (Insufficient Samples),,,,"{""type"":""Point"",""coordinates"":[87.21120927782617,26.47183306109277]}"
5365,,,,,DISCARDED (Insufficient Samples),,,,"{""type"":""Point"",""coordinates"":[87.569518503901,26.469688415975227]}"
5366,,,,,DISCARDED (Insufficient Samples),,,,"{""type"":""Point"",""coordinates"":[87.81177614549203,26.470829496369593]}"
5367,,,,,DISCARDED (Insufficient Samples),,,,"{""type"":""Point"",""coordinates"":[87.5898969300353,26.46793845320769]}"
5368,,,,,DISCARDED (Insufficient Samples),,,,"{""type"":""Point"",""coordinates"":[87.32859813527456,26.46997978650357]}"
5369,,,,,DISCARDED (Insufficient Samples),,,,"{""type"":""Point"",""coordinates"":[87.78813433061805,26.465991677695555]}"
5370,,,,,DISCARDED (Insufficient Samples),,,,"{""type"":""Point"",""coordinates"":[87.134245108872,26.465337622694214]}"
5371,,,,,DISCARDED (Insufficient Samples),,,,"{""type"":""Point"",""coordinates"":[86.8757907922648,26.464342736204845]}"
5372,,,,,DISCARDED (Insufficient Samples),,,,"{""type"":""Point"",""coordinates"":[87.91370251889855,26.463571952286536]}"
5373,,,,,DISCARDED (Insufficient Samples),,,,"{""type"":""Point"",""coordinates"":[87.29543947104644,26.467143435235123]}"
5374,,,,,DISCARDED (Insufficient Samples),,,,"{""type"":""Point"",""coordinates"":[87.47262187227444,26.462646791211075]}"
5375,,,,,DISCARDED (Insufficient Samples),,,,"{""type"":""Point"",""coordinates"":[88.0678001250393,26.45707149059415]}"
5376,,,,,DISCARDED (Insufficient Samples),,,,"{""type"":""Point"",""coordinates"":[87.35996626142591,26.460241105023734]}"
5377,,,,,DISCARDED (Insufficient Samples),,,,"{""type"":""Point"",""coordinates"":[87.67479049387237,26.4618796730893]}"
5378,,,,,DISCARDED (Insufficient Samples),,,,"{""type"":""Point"",""coordinates"":[86.6791953347432,26.459460431221377]}"
5379,,,,,DISCARDED (Insufficient Samples),,,,"{""type"":""Point"",""coordinates"":[86.82491942984255,26.499522232835314]}"
5380,,,,,DISCARDED (Insufficient Samples),,,,"{""type"":""Point"",""coordinates"":[87.8348008507421,26.458896428060925]}"
5381,,,,,DISCARDED (Insufficient Samples),,,,"{""type"":""Point"",""coordinates"":[87.15873190361121,26.45900187261291]}"
5382,,,,,DISCARDED (Insufficient Samples),,,,"{""type"":""Point"",""coordinates"":[88.04401694114144,26.453325922960754]}"
5383,,,,,DISCARDED (Insufficient Samples),,,,"{""type"":""Point"",""coordinates"":[87.7049329237116,26.454859034454543]}"
5384,,,,,DISCARDED (Insufficient Samples),,,,"{""type"":""Point"",""coordinates"":[86.80821226911519,26.457536050657396]}"
5385,,,,,DISCARDED (Insufficient Samples),,,,"{""type"":""Point"",""coordinates"":[87.94115788907627,26.452485392157485]}"
5386,,,,,DISCARDED (Insufficient Samples),,,,"{""type"":""Point"",""coordinates"":[86.73662695065009,26.453679575227806]}"
5387,,,,,DISCARDED (Insufficient Samples),,,,"{""type"":""Point"",""coordinates"":[87.71386843877947,26.50778028417438]}"
5388,,,,,DISCARDED (Insufficient Samples),,,,"{""type"":""Point"",""coordinates"":[87.60415320317583,26.449682555904378]}"
5389,,,,,DISCARDED (Insufficient Samples),,,,"{""type"":""Point"",""coordinates"":[87.33668515920407,26.449308114257057]}"
5390,,,,,DISCARDED (Insufficient Samples),,,,"{""type"":""Point"",""coordinates"":[87.61566540186129,26.529333694312072]}"
5391,,,,,DISCARDED (Insufficient Samples),,,,"{""type"":""Point"",""coordinates"":[87.61099616273145,26.50848199732555]}"
5392,,,,,DISCARDED (Insufficient Samples),,,,"{""type"":""Point"",""coordinates"":[87.61943483445158,26.572508320766218]}"
5393,,,,,DISCARDED (Insufficient Samples),,,,"{""type"":""Point"",""coordinates"":[87.61703060838407,26.468715696583107]}"
5394,,,,,DISCARDED (Insufficient Samples),,,,"{""type"":""Point"",""coordinates"":[87.39687798438553,26.4482527495417]}"
5395,,,,,DISCARDED (Insufficient Samples),,,,"{""type"":""Point"",""coordinates"":[88.08895171639462,26.44344487718334]}"
5396,,,,,DISCARDED (Insufficient Samples),,,,"{""type"":""Point"",""coordinates"":[86.69708511924411,26.44861278999525]}"
5397,,,,,DISCARDED (Insufficient Samples),,,,"{""type"":""Point"",""coordinates"":[87.13975276861987,26.44474205838554]}"
5398,,,,,DISCARDED (Insufficient Samples),,,,"{""type"":""Point"",""coordinates"":[87.57462624630429,26.445304544293535]}"
5399,,,,,DISCARDED (Insufficient Samples),,,,"{""type"":""Point"",""coordinates"":[87.30190869007136,26.448220506013058]}"
5400,,,,,DISCARDED (Insufficient Samples),,,,"{""type"":""Point"",""coordinates"":[87.94535209957752,26.50268767909995]}"
5401,,,,,DISCARDED (Insufficient Samples),,,,"{""type"":""Point"",""coordinates"":[87.95017267065644,26.48196857014014]}"
5402,,,,,DISCARDED (Insufficient Samples),,,,"{""type"":""Point"",""coordinates"":[87.83641443040707,26.44033268682279]}"
5403,,,,,DISCARDED (Insufficient Samples),,,,"{""type"":""Point"",""coordinates"":[87.17709295415462,26.44380875081883]}"
5404,,,,,DISCARDED (Insufficient Samples),,,,"{""type"":""Point"",""coordinates"":[87.7442276651282,26.440882771689267]}"
5405,,,,,DISCARDED (Insufficient Samples),,,,"{""type"":""Point"",""coordinates"":[87.10491220695462,26.441105599550124]}"
5406,,,,,DISCARDED (Insufficient Samples),,,,"{""type"":""Point"",""coordinates"":[87.85494107106794,26.458149879650485]}"
5407,,,,,DISCARDED (Insufficient Samples),,,,"{""type"":""Point"",""coordinates"":[87.88326439658586,26.571721653540013]}"
5408,0.4595,0.1392,0.8473,0.0968,STABLE CROPLAND,0.0,0.0,23.0,"{""type"":""Point"",""coordinates"":[87.4581763094484,26.512949342097382]}"
5409,,,,,DISCARDED (Insufficient Samples),,,,"{""type"":""Point"",""coordinates"":[87.91815620898875,26.433081570814142]}"
5410,,,,,DISCARDED (Insufficient Samples),,,,"{""type"":""Point"",""coordinates"":[87.66759633682051,26.427524439680788]}"
5411,,,,,DISCARDED (Insufficient Samples),,,,"{""type"":""Point"",""coordinates"":[87.08654039918753,26.50728996409167]}"
5412,,,,,DISCARDED (Insufficient Samples),,,,"{""type"":""Point"",""coordinates"":[87.128429042589,26.429697621780125]}"
5413,,,,,DISCARDED (Insufficient Samples),,,,"{""type"":""Point"",""coordinates"":[87.10707349280355,26.463200254358817]}"
5414,,,,,DISCARDED (Insufficient Samples),,,,"{""type"":""Point"",""coordinates"":[87.08810477868936,26.487904475610748]}"
5415,,,,,DISCARDED (Insufficient Samples),,,,"{""type"":""Point"",""coordinates"":[86.67923092116708,26.480749775285044]}"
5416,,,,,DISCARDED (Insufficient Samples),,,,"{""type"":""Point"",""coordinates"":[86.7019552761434,26.469621027124145]}"
5417,,,,,DISCARDED (Insufficient Samples),,,,"{""type"":""Point"",""coordinates"":[86.65331199023287,26.48107464176211]}"
5418,,,,,DISCARDED (Insufficient Samples),,,,"{""type"":""Point"",""coordinates"":[86.62752041173209,26.480485302707347]}"
5419,,,,,DISCARDED (Insufficient Samples),,,,"{""type"":""Point"",""coordinates"":[86.76310062010985,26.459032582206998]}"
5420,,,,,DISCARDED (Insufficient Samples),,,,"{""type"":""Point"",""coordinates"":[86.64278418484736,26.49694609097869]}"
5421,,,,,DISCARDED (Insufficient Samples),,,,"{""type"":""Point"",""coordinates"":[86.60802418542131,26.494613902250407]}"
5422,,,,,DISCARDED (Insufficient Samples),,,,"{""type"":""Point"",""coordinates"":[86.69270570365366,26.49655584760056]}"
5423,,,,,DISCARDED (Insufficient Samples),,,,"{""type"":""Point"",""coordinates"":[86.65615478100763,26.462987912943856]}"
5424,,,,,DISCARDED (Insufficient Samples),,,,"{""type"":""Point"",""coordinates"":[86.73673763103031,26.426890967191515]}"
5425,,,,,DISCARDED (Insufficient Samples),,,,"{""type"":""Point"",""coordinates"":[87.29050196828064,26.424462767638243]}"
5426,,,,,DISCARDED (Insufficient Samples),,,,"{""type"":""Point"",""coordinates"":[88.05496218532306,26.420194076555397]}"
5427,,,,,DISCARDED (Insufficient Samples),,,,"{""type"":""Point"",""coordinates"":[87.37867701517325,26.421495562080022]}"
5428,,,,,DISCARDED (Insufficient Samples),,,,"{""type"":""Point"",""coordinates"":[87.94654089116199,26.417864992583674]}"
5429,,,,,DISCARDED (Insufficient Samples),,,,"{""type"":""Point"",""coordinates"":[87.33709973864245,26.42067184427935]}"
5430,,,,,DISCARDED (Insufficient Samples),,,,"{""type"":""Point"",""coordinates"":[87.75291557995354,26.574675317480907]}"
5431,,,,,DISCARDED (Insufficient Samples),,,,"{""type"":""Point"",""coordinates"":[87.76397478831514,26.55802072101981]}"
5432,,,,,DISCARDED (Insufficient Samples),,,,"{""type"":""Point"",""coordinates"":[87.75291690445313,26.457240544635866]}"
5433,,,,,DISCARDED (Insufficient Samples),,,,"{""type"":""Point"",""coordinates"":[87.76580669645422,26.425423189971557]}"
5434,,,,,DISCARDED (Insufficient Samples),,,,"{""type"":""Point"",""coordinates"":[87.67127439051914,26.505517577612764]}"
5435,,,,,DISCARDED (Insufficient Samples),,,,"{""type"":""Point"",""coordinates"":[87.72536002639349,26.42510524266222]}"
5436,,,,,DISCARDED (Insufficient Samples),,,,"{""type"":""Point"",""coordinates"":[87.704544410023,26.641565714056135]}"
5437,,,,,DISCARDED (Insufficient Samples),,,,"{""type"":""Point"",""coordinates"":[87.70431559611461,26.433586958013134]}"
5438,,,,,DISCARDED (Insufficient Samples),,,,"{""type"":""Point"",""coordinates"":[87.67927453884185,26.52248356930543]}"
5439,,,,,DISCARDED (Insufficient Samples),,,,"{""type"":""Point"",""coordinates"":[87.60081920961272,26.41164107259458]}"
5440,,,,,DISCARDED (Insufficient Samples),,,,"{""type"":""Point"",""coordinates"":[87.97204705143552,26.402711783469798]}"
5441,,,,,DISCARDED (Insufficient Samples),,,,"{""type"":""Point"",""coordinates"":[87.16080577890882,26.514441545088296]}"
5442,0.4104,0.1076,0.8345,0.1259,STABLE CROPLAND,2.0,1.0,21.0,"{""type"":""Point"",""coordinates"":[87.19791277852784,26.622915497165195]}"
5443,,,,,DISCARDED (Insufficient Samples),,,,"{""type"":""Point"",""coordinates"":[87.20507266473801,26.56370844444864]}"
5444,,,,,DISCARDED (Insufficient Samples),,,,"{""type"":""Point"",""coordinates"":[87.22442961374732,26.435015821247067]}"
5445,,,,,DISCARDED (Insufficient Samples),,,,"{""type"":""Point"",""coordinates"":[87.15186786926921,26.578448896761568]}"
5446,,,,,DISCARDED (Insufficient Samples),,,,"{""type"":""Point"",""coordinates"":[87.15621176888133,26.536000338744614]}"
5447,,,,,DISCARDED (Insufficient Samples),,,,"{""type"":""Point"",""coordinates"":[87.14693976739223,26.720058792846938]}"
5448,,,,,DISCARDED (Insufficient Samples),,,,"{""type"":""Point"",""coordinates"":[87.21162825852232,26.518431365795518]}"
5449,0.3534,0.0696,0.8639,0.132,STABLE CROPLAND,2.0,1.0,21.0,"{""type"":""Point"",""coordinates"":[87.15879025057689,26.559429040364307]}"
5450,,,,,DISCARDED (Insufficient Samples),,,,"{""type"":""Point"",""coordinates"":[87.2563907877182,26.43480520268459]}"
5451,,,,,DISCARDED (Insufficient Samples),,,,"{""type"":""Point"",""coordinates"":[87.17065126397783,26.49170656912817]}"
5452,,,,,DISCARDED (Insufficient Samples),,,,"{""type"":""Point"",""coordinates"":[87.16690437049455,26.64220492950515]}"
5453,,,,,DISCARDED (Insufficient Samples),,,,"{""type"":""Point"",""coordinates"":[87.18569410338644,26.4734237613918]}"
5454,0.3684,0.0678,0.8084,0.1227,STABLE CROPLAND,2.0,1.0,22.0,"{""type"":""Point"",""coordinates"":[87.17923676049335,26.66361323189649]}"
5455,,,,,DISCARDED (Insufficient Samples),,,,"{""type"":""Point"",""coordinates"":[87.16276051789465,26.41307473339072]}"
5456,0.4118,0.0295,0.8029,0.1345,DISCARDED (Failed Phenology),4.0,2.0,20.0,"{""type"":""Point"",""coordinates"":[87.14425985800433,26.660735350141834]}"
5457,0.4178,0.1082,0.7723,0.1131,DISCARDED (Failed Phenology),4.0,2.0,19.0,"{""type"":""Point"",""coordinates"":[87.19797942436351,26.597910947834634]}"
5458,,,,,DISCARDED (Insufficient Samples),,,,"{""type"":""Point"",""coordinates"":[87.15431908463572,26.43210575226444]}"
5459,0.3417,0.0606,0.7964,0.1467,STABLE CROPLAND,3.0,1.0,20.0,"{""type"":""Point"",""coordinates"":[87.17305180631966,26.703657231216084]}"
5460,0.4087,0.0985,0.7906,0.1261,DISCARDED (Failed Phenology),4.0,2.0,20.0,"{""type"":""Point"",""coordinates"":[87.23713015282921,26.61470747940656]}"
5461,,,,,DISCARDED (Insufficient Samples),,,,"{""type"":""Point"",""coordinates"":[87.17663477988962,26.625968779729988]}"
5462,,,,,DISCARDED (Insufficient Samples),,,,"{""type"":""Point"",""coordinates"":[87.25146491746179,26.454431590696533]}"
5463,0.3716,0.1144,0.8243,0.1561,DISCARDED (Failed Phenology),4.0,2.0,19.0,"{""type"":""Point"",""coordinates"":[87.16747132341027,26.74009666297176]}"
5464,,,,,DISCARDED (Insufficient Samples),,,,"{""type"":""Point"",""coordinates"":[87.20501115675896,26.41672255825618]}"
5465,0.3994,0.1001,0.8109,0.1447,STABLE CROPLAND,2.0,1.0,21.0,"{""type"":""Point"",""coordinates"":[87.14617581595614,26.70023643414591]}"
5466,0.4322,0.0556,0.8575,0.125,DISCARDED (Failed Phenology),4.0,2.0,21.0,"{""type"":""Point"",""coordinates"":[87.19145146365234,26.647619465498853]}"
5467,,,,,DISCARDED (Insufficient Samples),,,,"{""type"":""Point"",""coordinates"":[87.1408683727972,26.624561046979448]}"
5468,,,,,DISCARDED (Insufficient Samples),,,,"{""type"":""Point"",""coordinates"":[87.17892635198322,26.57640509446568]}"
5469,,,,,DISCARDED (Insufficient Samples),,,,"{""type"":""Point"",""coordinates"":[87.12726052771706,26.643222988120247]}"
5470,0.4253,0.0939,0.7983,0.0998,DISCARDED (Failed Phenology),4.0,1.0,19.0,"{""type"":""Point"",""coordinates"":[87.21225387230677,26.64705210571603]}"
5471,,,,,DISCARDED (Insufficient Samples),,,,"{""type"":""Point"",""coordinates"":[87.1830332063238,26.425214407135673]}"
5472,0.427,0.0957,0.8393,0.1217,STABLE CROPLAND,1.0,1.0,22.0,"{""type"":""Point"",""coordinates"":[87.18159492958691,26.68483180242441]}"
5473,0.4274,0.0928,0.8403,0.12,STABLE CROPLAND,2.0,2.0,22.0,"{""type"":""Point"",""coordinates"":[87.15990124163463,26.677422494239753]}"
5474,,,,,DISCARDED (Insufficient Samples),,,,"{""type"":""Point"",""coordinates"":[87.19331273413381,26.490736465984668]}"
5475,,,,,DISCARDED (Insufficient Samples),,,,"{""type"":""Point"",""coordinates"":[87.23184343648752,26.418048591521377]}"
5476,,,,,DISCARDED (Insufficient Samples),,,,"{""type"":""Point"",""coordinates"":[87.2161808427087,26.49926420553131]}"
5477,,,,,DISCARDED (Insufficient Samples),,,,"{""type"":""Point"",""coordinates"":[87.12539151660745,26.726484001339944]}"
5478,,,,,DISCARDED (Insufficient Samples),,,,"{""type"":""Point"",""coordinates"":[87.229614633098,26.453831933557613]}"
5479,,,,,DISCARDED (Insufficient Samples),,,,"{""type"":""Point"",""coordinates"":[87.18043315265435,26.55824694191945]}"
5480,,,,,DISCARDED (Insufficient Samples),,,,"{""type"":""Point"",""coordinates"":[87.25887334631271,26.413990831372274]}"
5481,,,,,DISCARDED (Insufficient Samples),,,,"{""type"":""Point"",""coordinates"":[87.62857771313398,26.40247737354259]}"
5482,,,,,DISCARDED (Insufficient Samples),,,,"{""type"":""Point"",""coordinates"":[87.64896010565216,26.399280444649698]}"
5483,,,,,DISCARDED (Insufficient Samples),,,,"{""type"":""Point"",""coordinates"":[87.56026588871967,26.408932763875864]}"
5484,,,,,DISCARDED (Insufficient Samples),,,,"{""type"":""Point"",""coordinates"":[87.5471530654217,26.506294026279626]}"
5485,,,,,DISCARDED (Insufficient Samples),,,,"{""type"":""Point"",""coordinates"":[87.55105684980077,26.425439517610442]}"
5486,,,,,DISCARDED (Insufficient Samples),,,,"{""type"":""Point"",""coordinates"":[87.54874980846813,26.47643874013913]}"
5487,,,,,DISCARDED (Insufficient Samples),,,,"{""type"":""Point"",""coordinates"":[87.53674098416232,26.449221118638352]}"
5488,,,,,DISCARDED (Insufficient Samples),,,,"{""type"":""Point"",""coordinates"":[87.50515864993926,26.45246461937193]}"
5489,,,,,DISCARDED (Insufficient Samples),,,,"{""type"":""Point"",""coordinates"":[87.49907451741954,26.475634979469753]}"
5490,,,,,DISCARDED (Insufficient Samples),,,,"{""type"":""Point"",""coordinates"":[87.57790351643766,26.399620929664014]}"
5491,,,,,DISCARDED (Insufficient Samples),,,,"{""type"":""Point"",""coordinates"":[87.52061359535831,26.431375596670357]}"
5492,,,,,DISCARDED (Insufficient Samples),,,,"{""type"":""Point"",""coordinates"":[87.48417882350361,26.43988033404045]}"
5493,,,,,DISCARDED (Insufficient Samples),,,,"{""type"":""Point"",""coordinates"":[88.0236995945104,26.38974924044122]}"
5494,,,,,DISCARDED (Insufficient Samples),,,,"{""type"":""Point"",""coordinates"":[87.64915008196026,26.44477034164825]}"
5495,,,,,DISCARDED (Insufficient Samples),,,,"{""type"":""Point"",""coordinates"":[87.63881702990201,26.467822148973003]}"
5496,,,,,DISCARDED (Insufficient Samples),,,,"{""type"":""Point"",""coordinates"":[87.99981539836077,26.397940201953226]}"
5497,,,,,DISCARDED (Insufficient Samples),,,,"{""type"":""Point"",""coordinates"":[87.26877656398861,26.387304626456302]}"
5498,,,,,DISCARDED (Insufficient Samples),,,,"{""type"":""Point"",""coordinates"":[87.59185396238175,26.38605099007519]}"
5499,,,,,DISCARDED (Insufficient Samples),,,,"{""type"":""Point"",""coordinates"":[87.3389518803969,26.37479877465195]}"
5500,,,,,DISCARDED (Insufficient Samples),,,,"{""type"":""Point"",""coordinates"":[87.99836215776844,26.366673029938028]}"
5501,,,,,DISCARDED (Insufficient Samples),,,,"{""type"":""Point"",""coordinates"":[88.02388679371677,26.36695889248032]}"
5502,,,,,DISCARDED (Insufficient Samples),,,,"{""type"":""Point"",""coordinates"":[88.00602581736946,26.423168468845056]}"
5503,,,,,DISCARDED (Insufficient Samples),,,,"{""type"":""Point"",""coordinates"":[88.00783669473282,26.45281489016004]}"
5504,,,,,DISCARDED (Insufficient Samples),,,,"{""type"":""Point"",""coordinates"":[87.99136039908176,26.4375179372095]}"
5505,,,,,DISCARDED (Insufficient Samples),,,,"{""type"":""Point"",""coordinates"":[88.02508612829773,26.413204969545514]}"
5506,,,,,DISCARDED (Insufficient Samples),,,,"{""type"":""Point"",""coordinates"":[87.98597502620936,26.419494277098092]}"
5507,,,,,DISCARDED (Insufficient Samples),,,,"{""type"":""Point"",""coordinates"":[87.9539233277409,26.437346934967817]}"
5508,,,,,DISCARDED (Insufficient Samples),,,,"{""type"":""Point"",""coordinates"":[88.02724884118854,26.43484894687344]}"
5509,,,,,DISCARDED (Insufficient Samples),,,,"{""type"":""Point"",""coordinates"":[87.35200451026492,26.360348668518075]}"
5510,,,,,DISCARDED (Insufficient Samples),,,,"{""type"":""Point"",""coordinates"":[87.31472585146466,26.380806183173355]}"
5511,,,,,DISCARDED (Insufficient Samples),,,,"{""type"":""Point"",""coordinates"":[87.42272249980834,26.4369827606285]}"
5512,,,,,DISCARDED (Insufficient Samples),,,,"{""type"":""Point"",""coordinates"":[87.42566014212092,26.479050359468843]}"
5513,,,,,DISCARDED (Insufficient Samples),,,,"{""type"":""Point"",""coordinates"":[87.41779477962143,26.45519390657477]}"
5514,,,,,DISCARDED (Insufficient Samples),,,,"{""type"":""Point"",""coordinates"":[87.29531643132482,26.393477837776324]}"
5515,,,,,DISCARDED (Insufficient Samples),,,,"{""type"":""Point"",""coordinates"":[87.34663365178025,26.404491518550213]}"
5516,,,,,DISCARDED (Insufficient Samples),,,,"{""type"":""Point"",""coordinates"":[87.44387489094701,26.452273726912694]}"
5517,,,,,DISCARDED (Insufficient Samples),,,,"{""type"":""Point"",""coordinates"":[87.40764925281854,26.505268307083195]}"
5518,,,,,DISCARDED (Insufficient Samples),,,,"{""type"":""Point"",""coordinates"":[87.30682632509762,26.41188359221147]}"
5519,,,,,DISCARDED (Insufficient Samples),,,,"{""type"":""Point"",""coordinates"":[87.36025761632438,26.43385062769625]}"
5520,,,,,DISCARDED (Insufficient Samples),,,,"{""type"":""Point"",""coordinates"":[87.29479136847715,26.372884078239874]}"
5521,,,,,DISCARDED (Insufficient Samples),,,,"{""type"":""Point"",""coordinates"":[87.31920067724857,26.430125070662402]}"
5522,,,,,DISCARDED (Insufficient Samples),,,,"{""type"":""Point"",""coordinates"":[87.32630749869527,26.358576368005487]}"
